ds_name,ds_name_2,left_column,right_column
CAN_CSV0000000000001787__12.csv,CAN_CSV0000000000001797__0.csv,RentLocation,RentLocation
CAN_CSV0000000000001787__39.csv,CAN_CSV0000000000001797__21.csv,Province/Canada,Province/Canada
UK_CSV0000000000002010__6.csv,UK_CSV0000000000006676__5.csv,Kidney Disease,Kidney Disease
UK_CSV0000000000002010__6.csv,UK_CSV0000000000006676__5.csv,Post-Op Q Activity,Post-Op Q Activity
UK_CSV0000000000002010__6.csv,UK_CSV0000000000006676__5.csv,Pre-Op Q Disability,Pre-Op Q Disability
UK_CSV0000000000002010__6.csv,UK_CSV0000000000006676__5.csv,Pre-Op Q Mobility,Pre-Op Q Mobility
UK_CSV0000000000002010__6.csv,UK_CSV0000000000006676__5.csv,Depression,Depression
CAN_CSV0000000000001787__40.csv,CAN_CSV0000000000001787__5.csv,Province/Canada,Province/Canada
CAN_CSV0000000000001487__20.csv,CAN_CSV0000000000001487__26.csv,ALTMETR_SETNG,ALTMETR_SETNG
CAN_CSV0000000000001487__20.csv,CAN_CSV0000000000001487__26.csv,PCPN_AMT_PST6HRS_QA,PCPN_AMT_PST6HRS_QA
CAN_CSV0000000000001487__20.csv,CAN_CSV0000000000001487__26.csv,AVG_AIR_TEMP_PST1MT,AVG_AIR_TEMP_PST1MT
CAN_CSV0000000000001487__20.csv,CAN_CSV0000000000001487__26.csv,AVG_VIS_PST10MTS,AVG_VIS_PST10MTS
CAN_CSV0000000000001787__41.csv,CAN_CSV0000000000001787__5.csv,Province/Canada,Province/Canada
UK_CSV0000000000006676__34.csv,UK_CSV0000000000006676__5.csv,Pre-Op Q Disability,Pre-Op Q Disability
UK_CSV0000000000002010__6.csv,UK_CSV0000000000003896__3.csv,Provider Code,Provider Code
UK_CSV0000000000002010__6.csv,UK_CSV0000000000003896__3.csv,Pre-Op Q Activity,Pre-Op Q Activity
UK_CSV0000000000002010__6.csv,UK_CSV0000000000003896__3.csv,Post-Op Q Wound,Post-Op Q Wound
CAN_CSV0000000000001724__46.csv,CAN_CSV0000000000001787__10.csv,RentLocation,RentLocation
UK_CSV0000000000006676__2.csv,UK_CSV0000000000006676__5.csv,Pre-Op Q Disability,Pre-Op Q Disability
CAN_CSV0000000000027349__20.csv,CAN_CSV0000000000027355__22.csv,DNSTY_ALTD,DNSTY_ALTD
CAN_CSV0000000000001487__26.csv,CAN_CSV0000000000027346__30.csv,DATA_ATTRIB_NOT,DATA_ATTRIB_NOT
CAN_CSV0000000000001487__26.csv,CAN_CSV0000000000027346__30.csv,AVG_VIS_PST10MTS_QA,AVG_VIS_PST10MTS_QA
CAN_CSV0000000000001487__26.csv,CAN_CSV0000000000027346__30.csv,AVG_REL_HUM_PST1MT,AVG_REL_HUM_PST1MT
CAN_CSV0000000000001487__26.csv,CAN_CSV0000000000027346__30.csv,PCPN_AMT_PST1MT_QA,PCPN_AMT_PST1MT_QA
CAN_CSV0000000000001487__26.csv,CAN_CSV0000000000027346__30.csv,AVG_VIS_PST1MT,AVG_VIS_PST1MT
CAN_CSV0000000000001487__23.csv,CAN_CSV0000000000001487__26.csv,ALTMETR_SETNG,ALTMETR_SETNG
CAN_CSV0000000000001487__23.csv,CAN_CSV0000000000001487__26.csv,PCPN_AMT_PST6HRS_QA,PCPN_AMT_PST6HRS_QA
CAN_CSV0000000000001487__23.csv,CAN_CSV0000000000001487__26.csv,AVG_AIR_TEMP_PST1MT,AVG_AIR_TEMP_PST1MT
CAN_CSV0000000000001487__23.csv,CAN_CSV0000000000001487__26.csv,AVG_VIS_PST10MTS,AVG_VIS_PST10MTS
UK_CSV0000000000003896__3.csv,UK_CSV0000000000003896__8.csv,Post-Op Q Self-Care,Post-Op Q Self-Care
UK_CSV0000000000003896__3.csv,UK_CSV0000000000003896__8.csv,Pre-Op Q EQ5D Index,Pre-Op Q EQ5D Index
CAN_CSV0000000000001487__20.csv,CAN_CSV0000000000001487__8.csv,AVG_MSLP_PST1MT_QA,AVG_MSLP_PST1MT_QA
CAN_CSV0000000000001487__20.csv,CAN_CSV0000000000001487__8.csv,PRSNT_WX_1_QA,PRSNT_WX_1_QA
CAN_CSV0000000000001487__20.csv,CAN_CSV0000000000001487__8.csv,AVG_MSLP_PST1MT,AVG_MSLP_PST1MT
CAN_CSV0000000000001487__20.csv,CAN_CSV0000000000001487__8.csv,AVG_AIR_TEMP_PST1MT,AVG_AIR_TEMP_PST1MT
CAN_CSV0000000000001487__20.csv,CAN_CSV0000000000001487__8.csv,AVG_VIS_PST10MTS,AVG_VIS_PST10MTS
UK_CSV0000000000002010__10.csv,UK_CSV0000000000007396__13.csv,Post-Op Q Activity,Post-Op Q Activity
USA_CSV0000000000033847__14.csv,USA_CSV0000000000033847__5.csv,SHOULDER_WIDTH_L,SHOULDER_WIDTH_L
USA_CSV0000000000033847__14.csv,USA_CSV0000000000033847__5.csv,AT_GRADE_SIGNS,AT_GRADE_SIGNS
UK_CSV0000000000003896__4.csv,UK_CSV0000000000007396__13.csv,Revision Flag,Revision Flag
UK_CSV0000000000003896__4.csv,UK_CSV0000000000007396__13.csv,Post-Op Q Self-Care,Post-Op Q Self-Care
UK_CSV0000000000003896__4.csv,UK_CSV0000000000007396__13.csv,Pre-Op Q EQ5D Index,Pre-Op Q EQ5D Index
UK_CSV0000000000003896__4.csv,UK_CSV0000000000007396__13.csv,Pre-Op Q Anxiety,Pre-Op Q Anxiety
CAN_CSV0000000000027349__19.csv,CAN_CSV0000000000027349__21.csv,AVG_REL_HUM_PST1MT,AVG_REL_HUM_PST1MT
CAN_CSV0000000000001724__13.csv,CAN_CSV0000000000001797__36.csv,Province/Canada,Province/Canada
UK_CSV0000000000003896__16.csv,UK_CSV0000000000007396__10.csv,Post-Op Q Sucess,Post-Op Q Sucess
UK_CSV0000000000003896__16.csv,UK_CSV0000000000007396__10.csv,Post-Op Q Bleeding,Post-Op Q Bleeding
UK_CSV0000000000003896__16.csv,UK_CSV0000000000007396__10.csv,Post-Op Q Self-Care,Post-Op Q Self-Care
UK_CSV0000000000002010__31.csv,UK_CSV0000000000003896__0.csv,Pre-Op Q Activity,Pre-Op Q Activity
UK_CSV0000000000002010__31.csv,UK_CSV0000000000003896__0.csv,Pre-Op Q Self-Care,Pre-Op Q Self-Care
CAN_CSV0000000000027346__14.csv,CAN_CSV0000000000027346__30.csv,AVG_VIS_PST10MTS_QA,AVG_VIS_PST10MTS_QA
USA_CSV0000000000033847__3.csv,USA_CSV0000000000034882__22.csv,SHOULDER_WIDTH_L,SHOULDER_WIDTH_L
USA_CSV0000000000033847__3.csv,USA_CSV0000000000034882__22.csv,VERT_ALIGN,VERT_ALIGN
USA_CSV0000000000033847__3.csv,USA_CSV0000000000034882__22.csv,STD_EXP_FACTOR,STD_EXP_FACTOR
USA_CSV0000000000033847__3.csv,USA_CSV0000000000034882__22.csv,ROUTE_SIGNING,ROUTE_SIGNING
USA_CSV0000000000033847__3.csv,USA_CSV0000000000034882__22.csv,PERC_COMBINATION,PERC_COMBINATION
USA_CSV0000000000033847__3.csv,USA_CSV0000000000034882__22.csv,SPECIAL_SYSTEMS,SPECIAL_SYSTEMS
USA_CSV0000000000033847__3.csv,USA_CSV0000000000034882__22.csv,DONUT_EXP_FACTOR,DONUT_EXP_FACTOR
USA_CSV0000000000033847__12.csv,USA_CSV0000000000034882__26.csv,LANE_WIDTH,LANE_WIDTH
USA_CSV0000000000033847__12.csv,USA_CSV0000000000034882__26.csv,INTER_ROUTE_NUMBER,INTER_ROUTE_NUMBER
USA_CSV0000000000033847__12.csv,USA_CSV0000000000034882__26.csv,TYPE_FACILITY,TYPE_FACILITY
USA_CSV0000000000033847__12.csv,USA_CSV0000000000034882__26.csv,THROUGH_LANES,THROUGH_LANES
USA_CSV0000000000033847__12.csv,USA_CSV0000000000034882__26.csv,UNBUILT_FACILITY,UNBUILT_FACILITY
USA_CSV0000000000033847__12.csv,USA_CSV0000000000034882__26.csv,YEAR_RECORD,YEAR_RECORD
UK_CSV0000000000006676__5.csv,UK_CSV0000000000007396__12.csv,Post-Op Q Activity,Post-Op Q Activity
UK_CSV0000000000006676__5.csv,UK_CSV0000000000007396__12.csv,Post-Op Q Bleeding,Post-Op Q Bleeding
UK_CSV0000000000006676__5.csv,UK_CSV0000000000007396__12.csv,Post-Op Q Self-Care,Post-Op Q Self-Care
UK_CSV0000000000006676__5.csv,UK_CSV0000000000007396__12.csv,Pre-Op Q EQ5D Index,Pre-Op Q EQ5D Index
CAN_CSV0000000000001787__0.csv,CAN_CSV0000000000001787__36.csv,Province/Canada,Province/Canada
CAN_CSV0000000000001487__6.csv,CAN_CSV0000000000027346__30.csv,AVG_MSLP_PST1MT_QA,AVG_MSLP_PST1MT_QA
CAN_CSV0000000000001487__6.csv,CAN_CSV0000000000027346__30.csv,ICAO_STN_ID,ICAO_STN_ID
CAN_CSV0000000000001487__6.csv,CAN_CSV0000000000027346__30.csv,AVG_REL_HUM_PST1MT,AVG_REL_HUM_PST1MT
CAN_CSV0000000000001487__6.csv,CAN_CSV0000000000027346__30.csv,AVG_VIS_PST10MTS,AVG_VIS_PST10MTS
CAN_CSV0000000000001487__10.csv,CAN_CSV0000000000027346__30.csv,AVG_MSLP_PST1MT_QA,AVG_MSLP_PST1MT_QA
CAN_CSV0000000000001487__10.csv,CAN_CSV0000000000027346__30.csv,ICAO_STN_ID,ICAO_STN_ID
CAN_CSV0000000000001487__10.csv,CAN_CSV0000000000027346__30.csv,AVG_REL_HUM_PST1MT,AVG_REL_HUM_PST1MT
CAN_CSV0000000000001487__10.csv,CAN_CSV0000000000027346__30.csv,AVG_VIS_PST10MTS,AVG_VIS_PST10MTS
UK_CSV0000000000007396__10.csv,UK_CSV0000000000007396__13.csv,Post-Op Q Activity,Post-Op Q Activity
UK_CSV0000000000003896__16.csv,UK_CSV0000000000007396__13.csv,Post-Op Q Sucess,Post-Op Q Sucess
UK_CSV0000000000003896__16.csv,UK_CSV0000000000007396__13.csv,Post-Op Q Bleeding,Post-Op Q Bleeding
UK_CSV0000000000002010__30.csv,UK_CSV0000000000002010__6.csv,Liver Disease,Liver Disease
UK_CSV0000000000002010__30.csv,UK_CSV0000000000002010__6.csv,Pre-Op Q Activity,Pre-Op Q Activity
UK_CSV0000000000002010__31.csv,UK_CSV0000000000002010__9.csv,Liver Disease,Liver Disease
SG_CSV0000000000000925__0.csv,SG_CSV0000000000000925__44.csv,ban_children4,ban_children4
SG_CSV0000000000000925__0.csv,SG_CSV0000000000000925__44.csv,md_segment,md_segment
SG_CSV0000000000000925__0.csv,SG_CSV0000000000000925__44.csv,highestlevel,highestlevel
SG_CSV0000000000000925__6.csv,SG_CSV0000000000001714__6.csv,ban_q18_q191,ban_q18_q191
SG_CSV0000000000000925__6.csv,SG_CSV0000000000001714__6.csv,occupation2,occupation2
SG_CSV0000000000000925__44.csv,SG_CSV0000000000000925__6.csv,ban_children4,ban_children4
SG_CSV0000000000000925__44.csv,SG_CSV0000000000000925__6.csv,md_segment,md_segment
UK_CSV0000000000003896__4.csv,UK_CSV0000000000003896__8.csv,Post-Op Q Self-Care,Post-Op Q Self-Care
UK_CSV0000000000003896__4.csv,UK_CSV0000000000003896__8.csv,Pre-Op Q EQ5D Index,Pre-Op Q EQ5D Index
UK_CSV0000000000003896__4.csv,UK_CSV0000000000003896__8.csv,Post-Op Q Wound,Post-Op Q Wound
CAN_CSV0000000000001724__45.csv,CAN_CSV0000000000001787__10.csv,RentLocation,RentLocation
CAN_CSV0000000000001487__23.csv,CAN_CSV0000000000027353__2.csv,AVG_STN_PRES_PST1MT,AVG_STN_PRES_PST1MT
CAN_CSV0000000000001487__23.csv,CAN_CSV0000000000027353__2.csv,MIN_AIR_TEMP_PST1HR,MIN_AIR_TEMP_PST1HR
CAN_CSV0000000000001487__24.csv,CAN_CSV0000000000027346__35.csv,AVG_VIS_PST10MTS_QA,AVG_VIS_PST10MTS_QA
CAN_CSV0000000000001487__24.csv,CAN_CSV0000000000027346__35.csv,PCPN_AMT_PST1MT_QA,PCPN_AMT_PST1MT_QA
CAN_CSV0000000000001487__24.csv,CAN_CSV0000000000027346__30.csv,PCPN_AMT_PST1MT_QA,PCPN_AMT_PST1MT_QA
USA_CSV0000000000034882__25.csv,USA_CSV0000000000037101__17.csv,STD_VOLUME_GROUP,STD_VOLUME_GROUP
USA_CSV0000000000034882__25.csv,USA_CSV0000000000037101__17.csv,DIR_FACTOR,DIR_FACTOR
USA_CSV0000000000034882__25.csv,USA_CSV0000000000037101__17.csv,TYPE_FACILITY,TYPE_FACILITY
USA_CSV0000000000033847__10.csv,USA_CSV0000000000034882__12.csv,STD_VOLUME_GROUP,STD_VOLUME_GROUP
USA_CSV0000000000033847__10.csv,USA_CSV0000000000034882__12.csv,PEAK_CAPACITY,PEAK_CAPACITY
USA_CSV0000000000033847__10.csv,USA_CSV0000000000034882__12.csv,ACCESS_CONTROL,ACCESS_CONTROL
USA_CSV0000000000033847__10.csv,USA_CSV0000000000034882__12.csv,URBAN_CODE,URBAN_CODE
USA_CSV0000000000033847__10.csv,USA_CSV0000000000034882__12.csv,IS_GROUPED,IS_GROUPED
USA_CSV0000000000033847__10.csv,USA_CSV0000000000034882__12.csv,PEAK_PARKING,PEAK_PARKING
USA_CSV0000000000033847__10.csv,USA_CSV0000000000034882__12.csv,SECTION_ID,SECTION_ID
USA_CSV0000000000033847__10.csv,USA_CSV0000000000034882__12.csv,TYPE_SIGNAL,TYPE_SIGNAL
USA_CSV0000000000033847__10.csv,USA_CSV0000000000034882__12.csv,TRUCK_ROUTE,TRUCK_ROUTE
USA_CSV0000000000033847__10.csv,USA_CSV0000000000034882__12.csv,PEAK_LANES,PEAK_LANES
USA_CSV0000000000033847__10.csv,USA_CSV0000000000034882__12.csv,PAVEMENT_TYPE,PAVEMENT_TYPE
USA_CSV0000000000033847__4.csv,USA_CSV0000000000034882__14.csv,PERC_COMBINATION,PERC_COMBINATION
USA_CSV0000000000033847__4.csv,USA_CSV0000000000034882__14.csv,SHOULDER_TYPE,SHOULDER_TYPE
USA_CSV0000000000034882__9.csv,USA_CSV0000000000037101__17.csv,SAMPLING_TECH,SAMPLING_TECH
UK_CSV0000000000002010__17.csv,UK_CSV0000000000002010__6.csv,Post-Op Q Anxiety,Post-Op Q Anxiety
USA_CSV0000000000037101__17.csv,USA_CSV0000000000037101__35.csv,TYPE_TERRAIN,TYPE_TERRAIN
CAN_CSV0000000000001787__41.csv,CAN_CSV0000000000001797__26.csv,Province/Canada,Province/Canada
CAN_CSV0000000000001787__41.csv,CAN_CSV0000000000001797__21.csv,Province/Canada,Province/Canada
CAN_CSV0000000000001787__8.csv,CAN_CSV0000000000001797__2.csv,RentLocation,RentLocation
CAN_CSV0000000000001797__3.csv,CAN_CSV0000000000001797__6.csv,RentLocation,RentLocation
CAN_CSV0000000000001487__24.csv,CAN_CSV0000000000001487__28.csv,CEILOMTR_ELEV,CEILOMTR_ELEV
CAN_CSV0000000000001487__24.csv,CAN_CSV0000000000001487__28.csv,DATA_PAYLOAD_URI,DATA_PAYLOAD_URI
CAN_CSV0000000000001487__24.csv,CAN_CSV0000000000001487__28.csv,PCPN_AMT_PST1MT_QA,PCPN_AMT_PST1MT_QA
CAN_CSV0000000000001487__24.csv,CAN_CSV0000000000001487__28.csv,PCPN_AMT_PST6HRS_QA,PCPN_AMT_PST6HRS_QA
CAN_CSV0000000000001487__24.csv,CAN_CSV0000000000001487__28.csv,AVG_AIR_TEMP_PST1MT,AVG_AIR_TEMP_PST1MT
CAN_CSV0000000000001487__24.csv,CAN_CSV0000000000001487__28.csv,CLD_BAS_HGT_1,CLD_BAS_HGT_1
CAN_CSV0000000000001487__24.csv,CAN_CSV0000000000001487__28.csv,ALTMETR_SETNG,ALTMETR_SETNG
CAN_CSV0000000000001487__24.csv,CAN_CSV0000000000001487__28.csv,DNSTY_ALTD,DNSTY_ALTD
CAN_CSV0000000000001487__24.csv,CAN_CSV0000000000001487__28.csv,AVG_VIS_PST10MTS,AVG_VIS_PST10MTS
CAN_CSV0000000000001487__24.csv,CAN_CSV0000000000001487__28.csv,DATA_ATTRIB_NOT,DATA_ATTRIB_NOT
CAN_CSV0000000000001487__24.csv,CAN_CSV0000000000001487__28.csv,MAX_AIR_TEMP_PST1HR,MAX_AIR_TEMP_PST1HR
CAN_CSV0000000000001487__24.csv,CAN_CSV0000000000001487__28.csv,PCPN_AMT_PST1HR_QA,PCPN_AMT_PST1HR_QA
CAN_CSV0000000000001487__24.csv,CAN_CSV0000000000001487__28.csv,AVG_REL_HUM_PST1MT,AVG_REL_HUM_PST1MT
CAN_CSV0000000000001487__24.csv,CAN_CSV0000000000001487__28.csv,AVG_VIS_PST1MT,AVG_VIS_PST1MT
CAN_CSV0000000000001487__24.csv,CAN_CSV0000000000001487__28.csv,AVG_VIS_PST1MT_QA,AVG_VIS_PST1MT_QA
CAN_CSV0000000000001487__24.csv,CAN_CSV0000000000001487__28.csv,AVG_VIS_PST10MTS_QA,AVG_VIS_PST10MTS_QA
CAN_CSV0000000000001487__24.csv,CAN_CSV0000000000001487__28.csv,PCPN_AMT_PST1HR,PCPN_AMT_PST1HR
USA_CSV0000000000033847__4.csv,USA_CSV0000000000034882__25.csv,HORZ_ALIGN,HORZ_ALIGN
USA_CSV0000000000033847__4.csv,USA_CSV0000000000034882__25.csv,VERT_ALIGN,VERT_ALIGN
USA_CSV0000000000033847__4.csv,USA_CSV0000000000034882__25.csv,SPECIAL_SYSTEMS,SPECIAL_SYSTEMS
USA_CSV0000000000033847__4.csv,USA_CSV0000000000034882__25.csv,TURN_LANES_L,TURN_LANES_L
USA_CSV0000000000033847__4.csv,USA_CSV0000000000034882__25.csv,YEAR_RECORD,YEAR_RECORD
CAN_CSV0000000000027353__17.csv,CAN_CSV0000000000027353__18.csv,LTNG_DIS_RMK,LTNG_DIS_RMK
CAN_CSV0000000000027353__17.csv,CAN_CSV0000000000027353__18.csv,OBS_DATETIME_UTC,OBS_DATETIME_UTC
CAN_CSV0000000000027353__17.csv,CAN_CSV0000000000027353__18.csv,AVG_MSLP_PST1MT,AVG_MSLP_PST1MT
USA_CSV0000000000033169__10.csv,USA_CSV0000000000034070__20.csv,High Blood Pressure,High Blood Pressure
USA_CSV0000000000033169__10.csv,USA_CSV0000000000034070__20.csv,Hyperlipidemia,Hyperlipidemia
CAN_CSV0000000000001337__3.csv,CAN_CSV0000000000001337__4.csv,SUBDIVISION_ENM,SUBDIVISION_ENM
CAN_CSV0000000000001337__3.csv,CAN_CSV0000000000001337__4.csv,COUNTRY_FNM,COUNTRY_FNM
CAN_CSV0000000000001337__3.csv,CAN_CSV0000000000001337__4.csv,WORLDAREANAMEE,WORLDAREANAMEE
CAN_CSV0000000000001337__3.csv,CAN_CSV0000000000001337__4.csv,OCCURRENCETIME,OCCURRENCETIME
CAN_CSV0000000000001337__3.csv,CAN_CSV0000000000001337__4.csv,SUBDIVISION_FNM,SUBDIVISION_FNM
CAN_CSV0000000000001337__3.csv,CAN_CSV0000000000001337__4.csv,DAYORNIGHT,DAYORNIGHT
CAN_CSV0000000000001337__3.csv,CAN_CSV0000000000001337__4.csv,OCCURRENCELOCATION,OCCURRENCELOCATION
CAN_CSV0000000000001735__1.csv,CAN_CSV0000000000001735__4.csv,Province/Canada,Province/Canada
CAN_CSV0000000000001780__12.csv,CAN_CSV0000000000001780__17.csv,4A02P Pine Pass,4A02P Pine Pass
CAN_CSV0000000000001780__12.csv,CAN_CSV0000000000001780__17.csv,2F18P Brenda Mine,2F18P Brenda Mine
CAN_CSV0000000000001780__12.csv,CAN_CSV0000000000001780__17.csv,4B16P Shedin Creek,4B16P Shedin Creek
USA_CSV0000000000034882__12.csv,USA_CSV0000000000034882__14.csv,STD_VOLUME_GROUP,STD_VOLUME_GROUP
USA_CSV0000000000034882__12.csv,USA_CSV0000000000034882__14.csv,VERT_ALIGN,VERT_ALIGN
USA_CSV0000000000034882__12.csv,USA_CSV0000000000034882__14.csv,ROUTE_QUALIFIER,ROUTE_QUALIFIER
USA_CSV0000000000034882__12.csv,USA_CSV0000000000034882__14.csv,SECTION_ID,SECTION_ID
USA_CSV0000000000034882__12.csv,USA_CSV0000000000034882__14.csv,SHOULDER_TYPE,SHOULDER_TYPE
USA_CSV0000000000034882__12.csv,USA_CSV0000000000034882__14.csv,PEAK_LANES,PEAK_LANES
USA_CSV0000000000034882__12.csv,USA_CSV0000000000034882__14.csv,PEAK_CAPACITY,PEAK_CAPACITY
USA_CSV0000000000034882__12.csv,USA_CSV0000000000034882__14.csv,ACCESS_CONTROL,ACCESS_CONTROL
USA_CSV0000000000034882__12.csv,USA_CSV0000000000034882__14.csv,AVG_SINGLE_UNIT,AVG_SINGLE_UNIT
USA_CSV0000000000034882__12.csv,USA_CSV0000000000034882__14.csv,PERC_SINGLE_UNIT,PERC_SINGLE_UNIT
USA_CSV0000000000034882__12.csv,USA_CSV0000000000034882__14.csv,IS_GROUPED,IS_GROUPED
USA_CSV0000000000034882__12.csv,USA_CSV0000000000034882__14.csv,SHOULDER_WIDTH_R,SHOULDER_WIDTH_R
USA_CSV0000000000034882__12.csv,USA_CSV0000000000034882__14.csv,TRUCK_ROUTE,TRUCK_ROUTE
USA_CSV0000000000034882__12.csv,USA_CSV0000000000034882__14.csv,TYPE_SIGNAL,TYPE_SIGNAL
USA_CSV0000000000034882__12.csv,USA_CSV0000000000034882__14.csv,URBAN_CODE,URBAN_CODE
USA_CSV0000000000034882__12.csv,USA_CSV0000000000034882__14.csv,SHOULDER_WIDTH_L,SHOULDER_WIDTH_L
USA_CSV0000000000034882__12.csv,USA_CSV0000000000034882__14.csv,PAVEMENT_TYPE,PAVEMENT_TYPE
USA_CSV0000000000034882__12.csv,USA_CSV0000000000034882__14.csv,MEDIAN_TYPE,MEDIAN_TYPE
USA_CSV0000000000034882__12.csv,USA_CSV0000000000034882__14.csv,PERC_COMBINATION,PERC_COMBINATION
USA_CSV0000000000034882__12.csv,USA_CSV0000000000034882__14.csv,PEAK_PARKING,PEAK_PARKING
USA_CSV0000000000034882__12.csv,USA_CSV0000000000034882__14.csv,UNBUILT_FACILITY,UNBUILT_FACILITY
CAN_CSV0000000000001724__46.csv,CAN_CSV0000000000001787__7.csv,RentLocation,RentLocation
UK_CSV0000000000005621__10.csv,UK_CSV0000000000005621__8.csv,Variable Type,Variable Type
UK_CSV0000000000005621__10.csv,UK_CSV0000000000005621__8.csv,Use of advocacy,Use of advocacy
USA_CSV0000000000037101__18.csv,USA_CSV0000000000037101__20.csv,DONUT_EXP_FACTOR,DONUT_EXP_FACTOR
USA_CSV0000000000037101__18.csv,USA_CSV0000000000037101__20.csv,ROUTE_NUMBER,ROUTE_NUMBER
USA_CSV0000000000037101__18.csv,USA_CSV0000000000037101__20.csv,AVG_COMBINATION,AVG_COMBINATION
USA_CSV0000000000037101__18.csv,USA_CSV0000000000037101__20.csv,TURN_LANES_L,TURN_LANES_L
USA_CSV0000000000037101__18.csv,USA_CSV0000000000037101__20.csv,PEAK_LANES,PEAK_LANES
USA_CSV0000000000037101__18.csv,USA_CSV0000000000037101__20.csv,YEAR_SURF_IMPROV,YEAR_SURF_IMPROV
USA_CSV0000000000037101__18.csv,USA_CSV0000000000037101__20.csv,COUNTY_CODE,COUNTY_CODE
USA_CSV0000000000037101__18.csv,USA_CSV0000000000037101__20.csv,TRUCK_ROUTE,TRUCK_ROUTE
USA_CSV0000000000037101__18.csv,USA_CSV0000000000037101__20.csv,PERC_SIGHT,PERC_SIGHT
USA_CSV0000000000037101__18.csv,USA_CSV0000000000037101__20.csv,FUT_AADT_YEAR,FUT_AADT_YEAR
CAN_CSV0000000000001487__24.csv,CAN_CSV0000000000001487__5.csv,DATA_ATTRIB_NOT,DATA_ATTRIB_NOT
CAN_CSV0000000000001487__24.csv,CAN_CSV0000000000001487__5.csv,CEILOMTR_ELEV,CEILOMTR_ELEV
CAN_CSV0000000000001487__24.csv,CAN_CSV0000000000001487__5.csv,PCPN_AMT_PST1MT_QA,PCPN_AMT_PST1MT_QA
CAN_CSV0000000000001487__24.csv,CAN_CSV0000000000001487__5.csv,PCPN_AMT_PST1HR,PCPN_AMT_PST1HR
SG_CSV0000000000000925__3.csv,SG_CSV0000000000001714__17.csv,respondent_id,respondent_id
SG_CSV0000000000000925__3.csv,SG_CSV0000000000001714__17.csv,yearbornin_1_slice,yearbornin_1_slice
SG_CSV0000000000000925__3.csv,SG_CSV0000000000001714__17.csv,highestlevel,highestlevel
UK_CSV0000000000002010__13.csv,UK_CSV0000000000002010__17.csv,Circulation,Circulation
UK_CSV0000000000002010__13.csv,UK_CSV0000000000002010__17.csv,Revision Flag,Revision Flag
UK_CSV0000000000002010__13.csv,UK_CSV0000000000002010__17.csv,Kidney Disease,Kidney Disease
UK_CSV0000000000002010__13.csv,UK_CSV0000000000002010__17.csv,Post-Op Q EQ VAS,Post-Op Q EQ VAS
UK_CSV0000000000002010__13.csv,UK_CSV0000000000002010__17.csv,Post-Op Q Anxiety,Post-Op Q Anxiety
UK_CSV0000000000002010__13.csv,UK_CSV0000000000002010__17.csv,Pre-Op Q Activity,Pre-Op Q Activity
CAN_CSV0000000000020982.csv,CAN_CSV0000000000024893.csv,Function / Fonction,Function / Fonction
CAN_CSV0000000000001286.csv,CAN_CSV0000000000002323.csv,REF_DATE,REF_DATE
CAN_CSV0000000000001286.csv,CAN_CSV0000000000002323.csv,Coordinate,Coordinate
CAN_CSV0000000000003410.csv,CAN_CSV0000000000010564.csv,Field Unit,Field Unit
CAN_CSV0000000000003410.csv,CAN_CSV0000000000010564.csv,Local Time,Local Time
CAN_CSV0000000000003410.csv,CAN_CSV0000000000010564.csv,Incident Number,Incident Number
CAN_CSV0000000000003410.csv,CAN_CSV0000000000010564.csv,Incident Date,Incident Date
CAN_CSV0000000000003410.csv,CAN_CSV0000000000003463.csv,Incident Date,Incident Date
CAN_CSV0000000000003410.csv,CAN_CSV0000000000003463.csv,Incident Number,Incident Number
CAN_CSV0000000000003410.csv,CAN_CSV0000000000003463.csv,Field Unit,Field Unit
USA_CSV0000000000033774.csv,USA_CSV0000000000035271.csv,year_of_enactment,year_of_enactment
USA_CSV0000000000033774.csv,USA_CSV0000000000035271.csv,program_code,program_code
USA_CSV0000000000033774.csv,USA_CSV0000000000035271.csv,vendor_name,vendor_name
USA_CSV0000000000033774.csv,USA_CSV0000000000035271.csv,program_description,program_description
USA_CSV0000000000033774.csv,USA_CSV0000000000035271.csv,budget_reference,budget_reference
USA_CSV0000000000033774.csv,USA_CSV0000000000035271.csv,agency_name,agency_name
USA_CSV0000000000033774.csv,USA_CSV0000000000035271.csv,account_description,account_description
USA_CSV0000000000033774.csv,USA_CSV0000000000035271.csv,accounting_period,accounting_period
USA_CSV0000000000033774.csv,USA_CSV0000000000035271.csv,accounting_date,accounting_date
USA_CSV0000000000033774.csv,USA_CSV0000000000035271.csv,account_type,account_type
USA_CSV0000000000033774.csv,USA_CSV0000000000035271.csv,fund_description,fund_description
USA_CSV0000000000033774.csv,USA_CSV0000000000035271.csv,department_name,department_name
USA_CSV0000000000033774.csv,USA_CSV0000000000035271.csv,fiscal_year_begin,fiscal_year_begin
USA_CSV0000000000033774.csv,USA_CSV0000000000035271.csv,fund_group,fund_group
USA_CSV0000000000033774.csv,USA_CSV0000000000035271.csv,account_category,account_category
USA_CSV0000000000033774.csv,USA_CSV0000000000035271.csv,document_id,document_id
USA_CSV0000000000033774.csv,USA_CSV0000000000035271.csv,business_unit,business_unit
USA_CSV0000000000033774.csv,USA_CSV0000000000035271.csv,monetary_amount,monetary_amount
CAN_CSV0000000000001024.csv,CAN_CSV0000000000007184.csv,REF_DATE,REF_DATE
CAN_CSV0000000000001024.csv,CAN_CSV0000000000007184.csv,COORDINATE,COORDINATE
CAN_CSV0000000000001024.csv,CAN_CSV0000000000007184.csv,SCALAR_FACTOR,SCALAR_FACTOR
CAN_CSV0000000000007832.csv,CAN_CSV0000000000018581.csv,Inspection Date,Inspection Date
CAN_CSV0000000000007832.csv,CAN_CSV0000000000018581.csv,Program City,Program City
CAN_CSV0000000000007832.csv,CAN_CSV0000000000018581.csv,Inspection Reason,Inspection Reason
CAN_CSV0000000000007832.csv,CAN_CSV0000000000018581.csv,Program ID,Program ID
CAN_CSV0000000000007832.csv,CAN_CSV0000000000018581.csv,Postal Code,Postal Code
CAN_CSV0000000000007832.csv,CAN_CSV0000000000018581.csv,Program Address,Program Address
CAN_CSV0000000000007832.csv,CAN_CSV0000000000018581.csv,Type of Program,Type of Program
CAN_CSV0000000000007832.csv,CAN_CSV0000000000018581.csv,Program Name,Program Name
USA_CSV0000000000036104.csv,USA_CSV0000000000037302.csv,ACCOUNT_DESCR,ACCOUNT_DESCR
USA_CSV0000000000036104.csv,USA_CSV0000000000037302.csv,VOUCHER_ID,VOUCHER_ID
USA_CSV0000000000036104.csv,USA_CSV0000000000037302.csv,VOUCHER_STYLE,VOUCHER_STYLE
USA_CSV0000000000036104.csv,USA_CSV0000000000037302.csv,FUND_DESCR,FUND_DESCR
USA_CSV0000000000036104.csv,USA_CSV0000000000037302.csv,BUSINESS_UNIT,BUSINESS_UNIT
USA_CSV0000000000036104.csv,USA_CSV0000000000037302.csv,DEPTID_DESCR,DEPTID_DESCR
USA_CSV0000000000036104.csv,USA_CSV0000000000037302.csv,TRANSACTION_TYPE,TRANSACTION_TYPE
USA_CSV0000000000036104.csv,USA_CSV0000000000037302.csv,CLASS_DESCR,CLASS_DESCR
USA_CSV0000000000036104.csv,USA_CSV0000000000037302.csv,OCP_AGNCY_NAME,OCP_AGNCY_NAME
USA_CSV0000000000036104.csv,USA_CSV0000000000037302.csv,FISCAL_YR_TAS,FISCAL_YR_TAS
USA_CSV0000000000033432.csv,USA_CSV0000000000036961.csv,year_of_enactment,year_of_enactment
USA_CSV0000000000033432.csv,USA_CSV0000000000036961.csv,program_code,program_code
USA_CSV0000000000033432.csv,USA_CSV0000000000036961.csv,vendor_name,vendor_name
USA_CSV0000000000033432.csv,USA_CSV0000000000036961.csv,program_description,program_description
USA_CSV0000000000033432.csv,USA_CSV0000000000036961.csv,budget_reference,budget_reference
USA_CSV0000000000033432.csv,USA_CSV0000000000036961.csv,agency_name,agency_name
USA_CSV0000000000033432.csv,USA_CSV0000000000036961.csv,account_description,account_description
USA_CSV0000000000033432.csv,USA_CSV0000000000036961.csv,accounting_period,accounting_period
USA_CSV0000000000033432.csv,USA_CSV0000000000036961.csv,accounting_date,accounting_date
USA_CSV0000000000033432.csv,USA_CSV0000000000036961.csv,account_type,account_type
USA_CSV0000000000033432.csv,USA_CSV0000000000036961.csv,fund_description,fund_description
USA_CSV0000000000033432.csv,USA_CSV0000000000036961.csv,department_name,department_name
USA_CSV0000000000033432.csv,USA_CSV0000000000036961.csv,fiscal_year_begin,fiscal_year_begin
USA_CSV0000000000033432.csv,USA_CSV0000000000036961.csv,fund_group,fund_group
USA_CSV0000000000033432.csv,USA_CSV0000000000036961.csv,account_category,account_category
USA_CSV0000000000033432.csv,USA_CSV0000000000036961.csv,document_id,document_id
USA_CSV0000000000033432.csv,USA_CSV0000000000036961.csv,business_unit,business_unit
USA_CSV0000000000033432.csv,USA_CSV0000000000036961.csv,monetary_amount,monetary_amount
USA_CSV0000000000033543.csv,USA_CSV0000000000034329.csv,First Name,First Name
USA_CSV0000000000033543.csv,USA_CSV0000000000034329.csv,Entity Type,Entity Type
USA_CSV0000000000033543.csv,USA_CSV0000000000034329.csv,Business Name,Business Name
USA_CSV0000000000033543.csv,USA_CSV0000000000034329.csv,Registry Date,Registry Date
USA_CSV0000000000033543.csv,USA_CSV0000000000034329.csv,Registry Number,Registry Number
USA_CSV0000000000034329.csv,USA_CSV0000000000035827.csv,First Name,First Name
USA_CSV0000000000034329.csv,USA_CSV0000000000035827.csv,Entity Type,Entity Type
USA_CSV0000000000034329.csv,USA_CSV0000000000035827.csv,Business Name,Business Name
USA_CSV0000000000034329.csv,USA_CSV0000000000035827.csv,Registry Date,Registry Date
USA_CSV0000000000034329.csv,USA_CSV0000000000035827.csv,Registry Number,Registry Number
CAN_CSV0000000000005070.csv,CAN_CSV0000000000014315.csv,REF_DATE,REF_DATE
CAN_CSV0000000000005070.csv,CAN_CSV0000000000014315.csv,COORDINATE,COORDINATE
CAN_CSV0000000000005070.csv,CAN_CSV0000000000014315.csv,SCALAR_FACTOR,SCALAR_FACTOR
USA_CSV0000000000033600.csv,USA_CSV0000000000035712.csv,program_code,program_code
USA_CSV0000000000033600.csv,USA_CSV0000000000035712.csv,accounting_period,accounting_period
USA_CSV0000000000033600.csv,USA_CSV0000000000035712.csv,accounting_date,accounting_date
USA_CSV0000000000033600.csv,USA_CSV0000000000035712.csv,document_id,document_id
USA_CSV0000000000033600.csv,USA_CSV0000000000035712.csv,department_name,department_name
USA_CSV0000000000033600.csv,USA_CSV0000000000035712.csv,budget_reference,budget_reference
USA_CSV0000000000033600.csv,USA_CSV0000000000035712.csv,program_description,program_description
USA_CSV0000000000033600.csv,USA_CSV0000000000035712.csv,business_unit,business_unit
USA_CSV0000000000033600.csv,USA_CSV0000000000035712.csv,monetary_amount,monetary_amount
USA_CSV0000000000033600.csv,USA_CSV0000000000035712.csv,agency_name,agency_name
USA_CSV0000000000033600.csv,USA_CSV0000000000035712.csv,fiscal_year_begin,fiscal_year_begin
USA_CSV0000000000035888.csv,USA_CSV0000000000036536.csv,year_of_enactment,year_of_enactment
USA_CSV0000000000035888.csv,USA_CSV0000000000036536.csv,program_code,program_code
USA_CSV0000000000035888.csv,USA_CSV0000000000036536.csv,vendor_name,vendor_name
USA_CSV0000000000035888.csv,USA_CSV0000000000036536.csv,program_description,program_description
USA_CSV0000000000035888.csv,USA_CSV0000000000036536.csv,budget_reference,budget_reference
USA_CSV0000000000035888.csv,USA_CSV0000000000036536.csv,agency_name,agency_name
USA_CSV0000000000035888.csv,USA_CSV0000000000036536.csv,account_description,account_description
USA_CSV0000000000035888.csv,USA_CSV0000000000036536.csv,accounting_period,accounting_period
USA_CSV0000000000035888.csv,USA_CSV0000000000036536.csv,accounting_date,accounting_date
USA_CSV0000000000035888.csv,USA_CSV0000000000036536.csv,account_type,account_type
USA_CSV0000000000035888.csv,USA_CSV0000000000036536.csv,fund_description,fund_description
USA_CSV0000000000035888.csv,USA_CSV0000000000036536.csv,department_name,department_name
USA_CSV0000000000035888.csv,USA_CSV0000000000036536.csv,fiscal_year_begin,fiscal_year_begin
USA_CSV0000000000035888.csv,USA_CSV0000000000036536.csv,fund_group,fund_group
USA_CSV0000000000035888.csv,USA_CSV0000000000036536.csv,account_category,account_category
USA_CSV0000000000035888.csv,USA_CSV0000000000036536.csv,document_id,document_id
USA_CSV0000000000035888.csv,USA_CSV0000000000036536.csv,business_unit,business_unit
USA_CSV0000000000035888.csv,USA_CSV0000000000036536.csv,monetary_amount,monetary_amount
USA_CSV0000000000032324.csv,USA_CSV0000000000036536.csv,year_of_enactment,year_of_enactment
USA_CSV0000000000032324.csv,USA_CSV0000000000036536.csv,program_code,program_code
USA_CSV0000000000032324.csv,USA_CSV0000000000036536.csv,vendor_name,vendor_name
USA_CSV0000000000032324.csv,USA_CSV0000000000036536.csv,program_description,program_description
USA_CSV0000000000032324.csv,USA_CSV0000000000036536.csv,budget_reference,budget_reference
USA_CSV0000000000032324.csv,USA_CSV0000000000036536.csv,agency_name,agency_name
USA_CSV0000000000032324.csv,USA_CSV0000000000036536.csv,account_description,account_description
USA_CSV0000000000032324.csv,USA_CSV0000000000036536.csv,accounting_period,accounting_period
USA_CSV0000000000032324.csv,USA_CSV0000000000036536.csv,accounting_date,accounting_date
USA_CSV0000000000032324.csv,USA_CSV0000000000036536.csv,account_type,account_type
USA_CSV0000000000032324.csv,USA_CSV0000000000036536.csv,fund_description,fund_description
USA_CSV0000000000032324.csv,USA_CSV0000000000036536.csv,department_name,department_name
USA_CSV0000000000032324.csv,USA_CSV0000000000036536.csv,fiscal_year_begin,fiscal_year_begin
USA_CSV0000000000032324.csv,USA_CSV0000000000036536.csv,fund_group,fund_group
USA_CSV0000000000032324.csv,USA_CSV0000000000036536.csv,account_category,account_category
USA_CSV0000000000032324.csv,USA_CSV0000000000036536.csv,document_id,document_id
USA_CSV0000000000032324.csv,USA_CSV0000000000036536.csv,business_unit,business_unit
USA_CSV0000000000032324.csv,USA_CSV0000000000036536.csv,monetary_amount,monetary_amount
USA_CSV0000000000033288.csv,USA_CSV0000000000036844.csv,year_of_enactment,year_of_enactment
USA_CSV0000000000033288.csv,USA_CSV0000000000036844.csv,program_code,program_code
USA_CSV0000000000033288.csv,USA_CSV0000000000036844.csv,vendor_name,vendor_name
USA_CSV0000000000033288.csv,USA_CSV0000000000036844.csv,program_description,program_description
USA_CSV0000000000033288.csv,USA_CSV0000000000036844.csv,budget_reference,budget_reference
USA_CSV0000000000033288.csv,USA_CSV0000000000036844.csv,agency_name,agency_name
USA_CSV0000000000033288.csv,USA_CSV0000000000036844.csv,account_description,account_description
USA_CSV0000000000033288.csv,USA_CSV0000000000036844.csv,accounting_period,accounting_period
USA_CSV0000000000033288.csv,USA_CSV0000000000036844.csv,accounting_date,accounting_date
USA_CSV0000000000033288.csv,USA_CSV0000000000036844.csv,account_type,account_type
USA_CSV0000000000033288.csv,USA_CSV0000000000036844.csv,fund_description,fund_description
USA_CSV0000000000033288.csv,USA_CSV0000000000036844.csv,department_name,department_name
USA_CSV0000000000033288.csv,USA_CSV0000000000036844.csv,fiscal_year_begin,fiscal_year_begin
USA_CSV0000000000033288.csv,USA_CSV0000000000036844.csv,fund_group,fund_group
USA_CSV0000000000033288.csv,USA_CSV0000000000036844.csv,account_category,account_category
USA_CSV0000000000033288.csv,USA_CSV0000000000036844.csv,document_id,document_id
USA_CSV0000000000033288.csv,USA_CSV0000000000036844.csv,business_unit,business_unit
USA_CSV0000000000033288.csv,USA_CSV0000000000036844.csv,monetary_amount,monetary_amount
CAN_CSV0000000000000558.csv,CAN_CSV0000000000005070.csv,Characteristics,Characteristics
USA_CSV0000000000033288.csv,USA_CSV0000000000033534.csv,year_of_enactment,year_of_enactment
USA_CSV0000000000033288.csv,USA_CSV0000000000033534.csv,program_code,program_code
USA_CSV0000000000033288.csv,USA_CSV0000000000033534.csv,vendor_name,vendor_name
USA_CSV0000000000033288.csv,USA_CSV0000000000033534.csv,program_description,program_description
USA_CSV0000000000033288.csv,USA_CSV0000000000033534.csv,budget_reference,budget_reference
USA_CSV0000000000033288.csv,USA_CSV0000000000033534.csv,agency_name,agency_name
USA_CSV0000000000033288.csv,USA_CSV0000000000033534.csv,account_description,account_description
USA_CSV0000000000033288.csv,USA_CSV0000000000033534.csv,accounting_period,accounting_period
USA_CSV0000000000033288.csv,USA_CSV0000000000033534.csv,accounting_date,accounting_date
USA_CSV0000000000033288.csv,USA_CSV0000000000033534.csv,account_type,account_type
USA_CSV0000000000033288.csv,USA_CSV0000000000033534.csv,fund_description,fund_description
USA_CSV0000000000033288.csv,USA_CSV0000000000033534.csv,department_name,department_name
USA_CSV0000000000033288.csv,USA_CSV0000000000033534.csv,fiscal_year_begin,fiscal_year_begin
USA_CSV0000000000033288.csv,USA_CSV0000000000033534.csv,fund_group,fund_group
USA_CSV0000000000033288.csv,USA_CSV0000000000033534.csv,account_category,account_category
USA_CSV0000000000033288.csv,USA_CSV0000000000033534.csv,document_id,document_id
USA_CSV0000000000033288.csv,USA_CSV0000000000033534.csv,business_unit,business_unit
USA_CSV0000000000033288.csv,USA_CSV0000000000033534.csv,monetary_amount,monetary_amount
CAN_CSV0000000000007832.csv,CAN_CSV0000000000018581.csv,Type of Program,Type of Program
CAN_CSV0000000000001198.csv,CAN_CSV0000000000014315.csv,Statistics,Statistics
CAN_CSV0000000000007676.csv,CAN_CSV0000000000007677.csv,Deph/Profondeur(m),Deph/Profondeur(m)
CAN_CSV0000000000007676.csv,CAN_CSV0000000000007677.csv,Salinity/Salinité,Salinity/Salinité
CAN_CSV0000000000007676.csv,CAN_CSV0000000000007677.csv,Ship/Navire,Ship/Navire
USA_CSV0000000000032324.csv,USA_CSV0000000000033774.csv,year_of_enactment,year_of_enactment
USA_CSV0000000000032324.csv,USA_CSV0000000000033774.csv,program_code,program_code
USA_CSV0000000000032324.csv,USA_CSV0000000000033774.csv,vendor_name,vendor_name
USA_CSV0000000000032324.csv,USA_CSV0000000000033774.csv,program_description,program_description
USA_CSV0000000000032324.csv,USA_CSV0000000000033774.csv,budget_reference,budget_reference
USA_CSV0000000000032324.csv,USA_CSV0000000000033774.csv,agency_name,agency_name
USA_CSV0000000000032324.csv,USA_CSV0000000000033774.csv,account_description,account_description
USA_CSV0000000000032324.csv,USA_CSV0000000000033774.csv,accounting_period,accounting_period
USA_CSV0000000000032324.csv,USA_CSV0000000000033774.csv,accounting_date,accounting_date
USA_CSV0000000000032324.csv,USA_CSV0000000000033774.csv,account_type,account_type
USA_CSV0000000000032324.csv,USA_CSV0000000000033774.csv,fund_description,fund_description
USA_CSV0000000000032324.csv,USA_CSV0000000000033774.csv,department_name,department_name
USA_CSV0000000000032324.csv,USA_CSV0000000000033774.csv,fiscal_year_begin,fiscal_year_begin
USA_CSV0000000000032324.csv,USA_CSV0000000000033774.csv,fund_group,fund_group
USA_CSV0000000000032324.csv,USA_CSV0000000000033774.csv,account_category,account_category
USA_CSV0000000000032324.csv,USA_CSV0000000000033774.csv,document_id,document_id
USA_CSV0000000000032324.csv,USA_CSV0000000000033774.csv,business_unit,business_unit
USA_CSV0000000000032324.csv,USA_CSV0000000000033774.csv,monetary_amount,monetary_amount
USA_CSV0000000000033600.csv,USA_CSV0000000000035269.csv,year_of_enactment,year_of_enactment
USA_CSV0000000000033600.csv,USA_CSV0000000000035269.csv,program_code,program_code
USA_CSV0000000000033600.csv,USA_CSV0000000000035269.csv,vendor_name,vendor_name
USA_CSV0000000000033600.csv,USA_CSV0000000000035269.csv,program_description,program_description
USA_CSV0000000000033600.csv,USA_CSV0000000000035269.csv,budget_reference,budget_reference
USA_CSV0000000000033600.csv,USA_CSV0000000000035269.csv,agency_name,agency_name
USA_CSV0000000000033600.csv,USA_CSV0000000000035269.csv,account_description,account_description
USA_CSV0000000000033600.csv,USA_CSV0000000000035269.csv,accounting_period,accounting_period
USA_CSV0000000000033600.csv,USA_CSV0000000000035269.csv,accounting_date,accounting_date
USA_CSV0000000000033600.csv,USA_CSV0000000000035269.csv,account_type,account_type
USA_CSV0000000000033600.csv,USA_CSV0000000000035269.csv,fund_description,fund_description
USA_CSV0000000000033600.csv,USA_CSV0000000000035269.csv,department_name,department_name
USA_CSV0000000000033600.csv,USA_CSV0000000000035269.csv,fiscal_year_begin,fiscal_year_begin
USA_CSV0000000000033600.csv,USA_CSV0000000000035269.csv,fund_group,fund_group
USA_CSV0000000000033600.csv,USA_CSV0000000000035269.csv,account_category,account_category
USA_CSV0000000000033600.csv,USA_CSV0000000000035269.csv,document_id,document_id
USA_CSV0000000000033600.csv,USA_CSV0000000000035269.csv,business_unit,business_unit
USA_CSV0000000000033600.csv,USA_CSV0000000000035269.csv,monetary_amount,monetary_amount
USA_CSV0000000000036104.csv,USA_CSV0000000000037302.csv,ACCOUNT_DESCR,ACCOUNT_DESCR
USA_CSV0000000000036104.csv,USA_CSV0000000000037302.csv,VOUCHER_ID,VOUCHER_ID
USA_CSV0000000000036104.csv,USA_CSV0000000000037302.csv,VOUCHER_STYLE,VOUCHER_STYLE
USA_CSV0000000000036104.csv,USA_CSV0000000000037302.csv,FUND_DESCR,FUND_DESCR
USA_CSV0000000000036104.csv,USA_CSV0000000000037302.csv,BUSINESS_UNIT,BUSINESS_UNIT
USA_CSV0000000000036104.csv,USA_CSV0000000000037302.csv,DEPTID_DESCR,DEPTID_DESCR
USA_CSV0000000000036104.csv,USA_CSV0000000000037302.csv,TRANSACTION_TYPE,TRANSACTION_TYPE
USA_CSV0000000000036104.csv,USA_CSV0000000000037302.csv,CLASS_DESCR,CLASS_DESCR
USA_CSV0000000000036104.csv,USA_CSV0000000000037302.csv,OCP_AGNCY_NAME,OCP_AGNCY_NAME
USA_CSV0000000000036104.csv,USA_CSV0000000000037302.csv,FISCAL_YR_TAS,FISCAL_YR_TAS
CAN_CSV0000000000003356.csv,CAN_CSV0000000000015899.csv,Commercial Flow,Commercial Flow
CAN_CSV0000000000001058.csv,CAN_CSV0000000000013124.csv,REF_DATE,REF_DATE
CAN_CSV0000000000001058.csv,CAN_CSV0000000000013124.csv,COORDINATE,COORDINATE
CAN_CSV0000000000001058.csv,CAN_CSV0000000000013124.csv,SCALAR_FACTOR,SCALAR_FACTOR
USA_CSV0000000000033543.csv,USA_CSV0000000000033630.csv,First Name,First Name
USA_CSV0000000000033543.csv,USA_CSV0000000000033630.csv,Entity Type,Entity Type
USA_CSV0000000000033543.csv,USA_CSV0000000000033630.csv,Business Name,Business Name
USA_CSV0000000000033543.csv,USA_CSV0000000000033630.csv,Registry Date,Registry Date
USA_CSV0000000000033543.csv,USA_CSV0000000000033630.csv,Registry Number,Registry Number
CAN_CSV0000000000001242.csv,CAN_CSV0000000000002295.csv,REF_DATE,REF_DATE
CAN_CSV0000000000001242.csv,CAN_CSV0000000000002295.csv,COORDINATE,COORDINATE
CAN_CSV0000000000001242.csv,CAN_CSV0000000000002295.csv,SCALAR_FACTOR,SCALAR_FACTOR
CAN_CSV0000000000001724__13.csv,CAN_CSV0000000000001797__5.csv,RentLocation,RentLocation
CAN_CSV0000000000001724__13.csv,CAN_CSV0000000000001724__45.csv,RentLocation,RentLocation
CAN_CSV0000000000001724__13.csv,CAN_CSV0000000000001797__43.csv,RentLocation,RentLocation
CAN_CSV0000000000001724__13.csv,CAN_CSV0000000000001797__13.csv,RentLocation,RentLocation
CAN_CSV0000000000001724__13.csv,CAN_CSV0000000000001787__8.csv,RentLocation,RentLocation
CAN_CSV0000000000001724__11.csv,CAN_CSV0000000000001724__13.csv,RentLocation,RentLocation
CAN_CSV0000000000001724__13.csv,CAN_CSV0000000000001787__7.csv,RentLocation,RentLocation
UK_CSV0000000000003896__7.csv,UK_CSV0000000000003896__8.csv,Post-Op Q Anxiety,Post-Op Q Anxiety
UK_CSV0000000000003896__13.csv,UK_CSV0000000000003896__7.csv,Post-Op Q Anxiety,Post-Op Q Anxiety
UK_CSV0000000000002010__6.csv,UK_CSV0000000000003896__7.csv,Post-Op Q Anxiety,Post-Op Q Anxiety
UK_CSV0000000000002010__9.csv,UK_CSV0000000000003896__7.csv,Post-Op Q Anxiety,Post-Op Q Anxiety
UK_CSV0000000000002010__8.csv,UK_CSV0000000000003896__7.csv,Post-Op Q Anxiety,Post-Op Q Anxiety
UK_CSV0000000000003896__7.csv,UK_CSV0000000000003896__8.csv,Post-Op Q Wound,Post-Op Q Wound
UK_CSV0000000000002010__6.csv,UK_CSV0000000000003896__7.csv,Post-Op Q Wound,Post-Op Q Wound
USA_CSV0000000000034882__26.csv,USA_CSV0000000000037101__16.csv,STD_VOLUME_GROUP,STD_VOLUME_GROUP
USA_CSV0000000000037101__16.csv,USA_CSV0000000000037101__3.csv,STD_VOLUME_GROUP,STD_VOLUME_GROUP
USA_CSV0000000000034882__14.csv,USA_CSV0000000000037101__16.csv,STD_VOLUME_GROUP,STD_VOLUME_GROUP
USA_CSV0000000000033847__5.csv,USA_CSV0000000000037101__16.csv,ROUTE_SIGNING,ROUTE_SIGNING
USA_CSV0000000000034882__22.csv,USA_CSV0000000000037101__16.csv,ROUTE_SIGNING,ROUTE_SIGNING
USA_CSV0000000000033847__4.csv,USA_CSV0000000000037101__16.csv,ROUTE_SIGNING,ROUTE_SIGNING
USA_CSV0000000000037101__16.csv,USA_CSV0000000000037101__3.csv,TYPE_TERRAIN,TYPE_TERRAIN
USA_CSV0000000000034882__14.csv,USA_CSV0000000000037101__16.csv,SHOULDER_WIDTH_R,SHOULDER_WIDTH_R
USA_CSV0000000000034882__12.csv,USA_CSV0000000000037101__16.csv,SHOULDER_WIDTH_R,SHOULDER_WIDTH_R
USA_CSV0000000000033847__17.csv,USA_CSV0000000000037101__16.csv,SHOULDER_WIDTH_R,SHOULDER_WIDTH_R
USA_CSV0000000000034882__22.csv,USA_CSV0000000000037101__16.csv,RURAL_URBAN,RURAL_URBAN
USA_CSV0000000000033847__17.csv,USA_CSV0000000000037101__16.csv,RURAL_URBAN,RURAL_URBAN
USA_CSV0000000000037101__16.csv,USA_CSV0000000000037101__20.csv,COUNTY_CODE,COUNTY_CODE
USA_CSV0000000000037101__16.csv,USA_CSV0000000000037101__3.csv,COUNTY_CODE,COUNTY_CODE
USA_CSV0000000000037101__16.csv,USA_CSV0000000000037101__20.csv,FUT_AADT_YEAR,FUT_AADT_YEAR
USA_CSV0000000000037101__16.csv,USA_CSV0000000000037101__3.csv,FUT_AADT_YEAR,FUT_AADT_YEAR
USA_CSV0000000000033847__5.csv,USA_CSV0000000000034882__26.csv,HORZ_ALIGN,HORZ_ALIGN
USA_CSV0000000000033847__5.csv,USA_CSV0000000000037101__3.csv,VERT_ALIGN,VERT_ALIGN
USA_CSV0000000000033847__5.csv,USA_CSV0000000000034882__26.csv,VERT_ALIGN,VERT_ALIGN
USA_CSV0000000000033847__5.csv,USA_CSV0000000000034882__26.csv,SPECIAL_SYSTEMS,SPECIAL_SYSTEMS
USA_CSV0000000000033847__5.csv,USA_CSV0000000000034882__22.csv,SPECIAL_SYSTEMS,SPECIAL_SYSTEMS
USA_CSV0000000000033847__4.csv,USA_CSV0000000000033847__5.csv,SPECIAL_SYSTEMS,SPECIAL_SYSTEMS
USA_CSV0000000000033847__5.csv,USA_CSV0000000000034882__9.csv,SPECIAL_SYSTEMS,SPECIAL_SYSTEMS
USA_CSV0000000000033847__5.csv,USA_CSV0000000000034882__26.csv,TURN_LANES_L,TURN_LANES_L
USA_CSV0000000000033847__5.csv,USA_CSV0000000000037101__20.csv,TURN_LANES_L,TURN_LANES_L
USA_CSV0000000000033847__5.csv,USA_CSV0000000000037101__3.csv,TURN_LANES_L,TURN_LANES_L
USA_CSV0000000000033847__5.csv,USA_CSV0000000000034882__26.csv,YEAR_RECORD,YEAR_RECORD
UK_CSV0000000000003896__0.csv,UK_CSV0000000000003896__13.csv,Pre-Op Q Anxiety,Pre-Op Q Anxiety
UK_CSV0000000000003896__0.csv,UK_CSV0000000000003896__3.csv,Pre-Op Q Anxiety,Pre-Op Q Anxiety
UK_CSV0000000000003896__0.csv,UK_CSV0000000000006676__34.csv,Pre-Op Q Anxiety,Pre-Op Q Anxiety
UK_CSV0000000000003896__0.csv,UK_CSV0000000000003896__13.csv,Revision Flag,Revision Flag
UK_CSV0000000000003896__0.csv,UK_CSV0000000000003896__3.csv,Revision Flag,Revision Flag
UK_CSV0000000000003896__0.csv,UK_CSV0000000000003896__13.csv,Provider Code,Provider Code
UK_CSV0000000000002010__6.csv,UK_CSV0000000000003896__0.csv,Provider Code,Provider Code
UK_CSV0000000000003896__0.csv,UK_CSV0000000000003896__3.csv,Pre-Op Q Discomfort,Pre-Op Q Discomfort
UK_CSV0000000000003896__0.csv,UK_CSV0000000000003896__1.csv,Pre-Op Q Discomfort,Pre-Op Q Discomfort
UK_CSV0000000000003896__0.csv,UK_CSV0000000000003896__4.csv,Pre-Op Q Discomfort,Pre-Op Q Discomfort
UK_CSV0000000000003896__0.csv,UK_CSV0000000000003896__8.csv,Post-Op Q Self-Care,Post-Op Q Self-Care
UK_CSV0000000000003896__0.csv,UK_CSV0000000000006676__2.csv,Post-Op Q Self-Care,Post-Op Q Self-Care
UK_CSV0000000000003896__0.csv,UK_CSV0000000000003896__3.csv,Post-Op Q Self-Care,Post-Op Q Self-Care
UK_CSV0000000000003896__0.csv,UK_CSV0000000000006676__9.csv,Post-Op Q Self-Care,Post-Op Q Self-Care
UK_CSV0000000000002010__6.csv,UK_CSV0000000000003896__0.csv,Pre-Op Q Activity,Pre-Op Q Activity
UK_CSV0000000000003896__0.csv,UK_CSV0000000000003896__3.csv,Pre-Op Q Activity,Pre-Op Q Activity
UK_CSV0000000000002010__9.csv,UK_CSV0000000000003896__0.csv,Pre-Op Q Activity,Pre-Op Q Activity
UK_CSV0000000000002010__21.csv,UK_CSV0000000000003896__0.csv,Pre-Op Q Activity,Pre-Op Q Activity
UK_CSV0000000000002010__8.csv,UK_CSV0000000000003896__0.csv,Pre-Op Q Activity,Pre-Op Q Activity
UK_CSV0000000000002010__10.csv,UK_CSV0000000000003896__0.csv,Pre-Op Q Activity,Pre-Op Q Activity
UK_CSV0000000000003896__0.csv,UK_CSV0000000000003896__8.csv,Pre-Op Q EQ5D Index,Pre-Op Q EQ5D Index
UK_CSV0000000000003896__0.csv,UK_CSV0000000000006676__2.csv,Pre-Op Q EQ5D Index,Pre-Op Q EQ5D Index
UK_CSV0000000000003896__0.csv,UK_CSV0000000000003896__3.csv,Pre-Op Q EQ5D Index,Pre-Op Q EQ5D Index
UK_CSV0000000000003896__0.csv,UK_CSV0000000000003896__8.csv,Post-Op Q Wound,Post-Op Q Wound
UK_CSV0000000000002010__6.csv,UK_CSV0000000000003896__0.csv,Post-Op Q Wound,Post-Op Q Wound
UK_CSV0000000000003896__0.csv,UK_CSV0000000000003896__3.csv,Post-Op Q Wound,Post-Op Q Wound
UK_CSV0000000000003896__0.csv,UK_CSV0000000000003896__13.csv,Pre-Op Q Self-Care,Pre-Op Q Self-Care
UK_CSV0000000000003896__0.csv,UK_CSV0000000000003896__3.csv,Pre-Op Q Self-Care,Pre-Op Q Self-Care
UK_CSV0000000000002010__30.csv,UK_CSV0000000000003896__0.csv,Pre-Op Q Self-Care,Pre-Op Q Self-Care
CAN_CSV0000000000001787__12.csv,CAN_CSV0000000000001797__5.csv,RentLocation,RentLocation
CAN_CSV0000000000001724__45.csv,CAN_CSV0000000000001787__12.csv,RentLocation,RentLocation
CAN_CSV0000000000001787__12.csv,CAN_CSV0000000000001797__43.csv,RentLocation,RentLocation
CAN_CSV0000000000001787__12.csv,CAN_CSV0000000000001797__13.csv,RentLocation,RentLocation
CAN_CSV0000000000001787__12.csv,CAN_CSV0000000000001787__8.csv,RentLocation,RentLocation
CAN_CSV0000000000001724__11.csv,CAN_CSV0000000000001787__12.csv,RentLocation,RentLocation
CAN_CSV0000000000001724__8.csv,CAN_CSV0000000000001787__35.csv,Province/Canada,Province/Canada
CAN_CSV0000000000001787__35.csv,CAN_CSV0000000000001797__36.csv,Province/Canada,Province/Canada
CAN_CSV0000000000001787__35.csv,CAN_CSV0000000000001787__6.csv,Province/Canada,Province/Canada
CAN_CSV0000000000001787__35.csv,CAN_CSV0000000000001787__5.csv,Province/Canada,Province/Canada
SG_CSV0000000000000925__10.csv,SG_CSV0000000000000925__3.csv,ban_q18_q191,ban_q18_q191
SG_CSV0000000000000925__3.csv,SG_CSV0000000000000925__6.csv,ban_q18_q191,ban_q18_q191
SG_CSV0000000000000925__0.csv,SG_CSV0000000000000925__3.csv,ban_q18_q191,ban_q18_q191
SG_CSV0000000000000925__3.csv,SG_CSV0000000000000925__6.csv,occupation2,occupation2
SG_CSV0000000000000925__0.csv,SG_CSV0000000000000925__3.csv,occupation2,occupation2
SG_CSV0000000000000925__3.csv,SG_CSV0000000000000925__4.csv,occupation2,occupation2
SG_CSV0000000000000925__3.csv,SG_CSV0000000000001714__6.csv,occupation2,occupation2
SG_CSV0000000000000925__2.csv,SG_CSV0000000000000925__3.csv,occupation2,occupation2
SG_CSV0000000000000925__10.csv,SG_CSV0000000000000925__3.csv,livinginsg_2_slice,livinginsg_2_slice
SG_CSV0000000000000925__3.csv,SG_CSV0000000000000925__6.csv,livinginsg_2_slice,livinginsg_2_slice
SG_CSV0000000000000925__0.csv,SG_CSV0000000000000925__3.csv,livinginsg_2_slice,livinginsg_2_slice
SG_CSV0000000000000925__3.csv,SG_CSV0000000000000925__4.csv,livinginsg_2_slice,livinginsg_2_slice
SG_CSV0000000000000925__3.csv,SG_CSV0000000000001714__6.csv,livinginsg_2_slice,livinginsg_2_slice
SG_CSV0000000000000925__10.csv,SG_CSV0000000000000925__3.csv,yearbornin_1_slice,yearbornin_1_slice
SG_CSV0000000000000925__3.csv,SG_CSV0000000000000925__6.csv,yearbornin_1_slice,yearbornin_1_slice
SG_CSV0000000000000925__3.csv,SG_CSV0000000000000925__35.csv,ban_education4,ban_education4
SG_CSV0000000000000925__3.csv,SG_CSV0000000000000925__6.csv,ban_education4,ban_education4
SG_CSV0000000000000925__0.csv,SG_CSV0000000000000925__3.csv,ban_education4,ban_education4
SG_CSV0000000000000925__3.csv,SG_CSV0000000000000925__4.csv,ban_education4,ban_education4
SG_CSV0000000000000925__3.csv,SG_CSV0000000000001714__6.csv,ban_education4,ban_education4
USA_CSV0000000000033847__4.csv,USA_CSV0000000000033847__5.csv,URBAN_CODE,URBAN_CODE
USA_CSV0000000000033847__4.csv,USA_CSV0000000000037101__3.csv,URBAN_CODE,URBAN_CODE
USA_CSV0000000000033847__4.csv,USA_CSV0000000000034882__14.csv,URBAN_CODE,URBAN_CODE
USA_CSV0000000000033847__4.csv,USA_CSV0000000000034882__12.csv,URBAN_CODE,URBAN_CODE
USA_CSV0000000000033847__4.csv,USA_CSV0000000000033847__5.csv,SHOULDER_WIDTH_L,SHOULDER_WIDTH_L
USA_CSV0000000000033847__4.csv,USA_CSV0000000000037101__3.csv,SHOULDER_WIDTH_L,SHOULDER_WIDTH_L
USA_CSV0000000000033847__4.csv,USA_CSV0000000000034882__14.csv,SHOULDER_WIDTH_L,SHOULDER_WIDTH_L
USA_CSV0000000000033847__4.csv,USA_CSV0000000000034882__22.csv,SHOULDER_WIDTH_L,SHOULDER_WIDTH_L
USA_CSV0000000000033847__4.csv,USA_CSV0000000000033847__5.csv,VERT_ALIGN,VERT_ALIGN
USA_CSV0000000000033847__4.csv,USA_CSV0000000000037101__3.csv,VERT_ALIGN,VERT_ALIGN
USA_CSV0000000000033847__4.csv,USA_CSV0000000000034882__26.csv,VERT_ALIGN,VERT_ALIGN
USA_CSV0000000000033847__4.csv,USA_CSV0000000000034882__14.csv,VERT_ALIGN,VERT_ALIGN
USA_CSV0000000000033847__4.csv,USA_CSV0000000000033847__5.csv,ROUTE_NUMBER,ROUTE_NUMBER
USA_CSV0000000000033847__4.csv,USA_CSV0000000000037101__20.csv,ROUTE_NUMBER,ROUTE_NUMBER
USA_CSV0000000000033847__4.csv,USA_CSV0000000000037101__3.csv,ROUTE_NUMBER,ROUTE_NUMBER
USA_CSV0000000000033847__4.csv,USA_CSV0000000000033847__5.csv,TURN_LANES_L,TURN_LANES_L
USA_CSV0000000000033847__4.csv,USA_CSV0000000000034882__26.csv,TURN_LANES_L,TURN_LANES_L
USA_CSV0000000000033847__4.csv,USA_CSV0000000000037101__20.csv,TURN_LANES_L,TURN_LANES_L
USA_CSV0000000000033847__4.csv,USA_CSV0000000000037101__3.csv,TURN_LANES_L,TURN_LANES_L
USA_CSV0000000000033847__4.csv,USA_CSV0000000000033847__5.csv,DONUT_EXP_FACTOR,DONUT_EXP_FACTOR
USA_CSV0000000000033847__4.csv,USA_CSV0000000000037101__20.csv,DONUT_EXP_FACTOR,DONUT_EXP_FACTOR
USA_CSV0000000000033847__4.csv,USA_CSV0000000000037101__3.csv,DONUT_EXP_FACTOR,DONUT_EXP_FACTOR
USA_CSV0000000000033847__4.csv,USA_CSV0000000000033847__5.csv,AT_GRADE_SIGNS,AT_GRADE_SIGNS
USA_CSV0000000000033847__4.csv,USA_CSV0000000000037101__3.csv,AT_GRADE_SIGNS,AT_GRADE_SIGNS
SG_CSV0000000000000925__4.csv,SG_CSV0000000000000925__6.csv,respondent_id,respondent_id
SG_CSV0000000000000925__0.csv,SG_CSV0000000000000925__4.csv,respondent_id,respondent_id
SG_CSV0000000000000925__3.csv,SG_CSV0000000000000925__4.csv,respondent_id,respondent_id
SG_CSV0000000000000925__4.csv,SG_CSV0000000000001714__14.csv,respondent_id,respondent_id
SG_CSV0000000000000925__10.csv,SG_CSV0000000000000925__4.csv,yearbornin_1_slice,yearbornin_1_slice
SG_CSV0000000000000925__4.csv,SG_CSV0000000000000925__6.csv,highestlevel,highestlevel
SG_CSV0000000000000925__0.csv,SG_CSV0000000000000925__4.csv,highestlevel,highestlevel
UK_CSV0000000000002010__6.csv,UK_CSV0000000000006676__2.csv,Kidney Disease,Kidney Disease
UK_CSV0000000000002010__6.csv,UK_CSV0000000000006676__2.csv,Post-Op Q Activity,Post-Op Q Activity
UK_CSV0000000000002010__3.csv,UK_CSV0000000000006676__2.csv,Heart Disease,Heart Disease
UK_CSV0000000000003896__8.csv,UK_CSV0000000000006676__2.csv,Post-Op Q Bleeding,Post-Op Q Bleeding
UK_CSV0000000000002010__21.csv,UK_CSV0000000000006676__2.csv,Post-Op Q Bleeding,Post-Op Q Bleeding
UK_CSV0000000000003896__8.csv,UK_CSV0000000000006676__2.csv,Post-Op Q Self-Care,Post-Op Q Self-Care
UK_CSV0000000000003896__3.csv,UK_CSV0000000000006676__2.csv,Post-Op Q Self-Care,Post-Op Q Self-Care
UK_CSV0000000000002010__6.csv,UK_CSV0000000000006676__2.csv,Depression,Depression
UK_CSV0000000000002010__9.csv,UK_CSV0000000000006676__2.csv,Depression,Depression
UK_CSV0000000000006676__2.csv,UK_CSV0000000000006676__9.csv,Depression,Depression
UK_CSV0000000000002010__8.csv,UK_CSV0000000000006676__2.csv,Depression,Depression
UK_CSV0000000000002010__10.csv,UK_CSV0000000000006676__2.csv,Depression,Depression
UK_CSV0000000000006676__2.csv,UK_CSV0000000000006676__5.csv,Depression,Depression
UK_CSV0000000000006676__2.csv,UK_CSV0000000000006676__9.csv,Post-Op Q Urine,Post-Op Q Urine
USA_CSV0000000000033847__5.csv,USA_CSV0000000000034882__14.csv,PEAK_CAPACITY,PEAK_CAPACITY
USA_CSV0000000000033847__4.csv,USA_CSV0000000000033847__5.csv,PEAK_CAPACITY,PEAK_CAPACITY
USA_CSV0000000000033847__5.csv,USA_CSV0000000000037101__3.csv,URBAN_CODE,URBAN_CODE
USA_CSV0000000000033847__5.csv,USA_CSV0000000000034882__14.csv,URBAN_CODE,URBAN_CODE
USA_CSV0000000000033847__4.csv,USA_CSV0000000000033847__5.csv,URBAN_CODE,URBAN_CODE
USA_CSV0000000000033847__5.csv,USA_CSV0000000000034882__12.csv,URBAN_CODE,URBAN_CODE
USA_CSV0000000000033847__5.csv,USA_CSV0000000000037101__20.csv,ROUTE_NUMBER,ROUTE_NUMBER
USA_CSV0000000000033847__5.csv,USA_CSV0000000000037101__3.csv,ROUTE_NUMBER,ROUTE_NUMBER
USA_CSV0000000000033847__4.csv,USA_CSV0000000000033847__5.csv,ROUTE_NUMBER,ROUTE_NUMBER
USA_CSV0000000000033847__5.csv,USA_CSV0000000000037101__16.csv,SAMPLING_TECH,SAMPLING_TECH
USA_CSV0000000000033847__4.csv,USA_CSV0000000000033847__5.csv,SAMPLING_TECH,SAMPLING_TECH
USA_CSV0000000000033847__5.csv,USA_CSV0000000000034882__9.csv,SAMPLING_TECH,SAMPLING_TECH
CAN_CSV0000000000001724__8.csv,CAN_CSV0000000000001787__39.csv,Province/Canada,Province/Canada
CAN_CSV0000000000001787__39.csv,CAN_CSV0000000000001797__36.csv,Province/Canada,Province/Canada
CAN_CSV0000000000001787__39.csv,CAN_CSV0000000000001787__6.csv,Province/Canada,Province/Canada
CAN_CSV0000000000001787__39.csv,CAN_CSV0000000000001787__5.csv,Province/Canada,Province/Canada
UK_CSV0000000000002010__6.csv,UK_CSV0000000000006676__2.csv,Kidney Disease,Kidney Disease
UK_CSV0000000000002010__6.csv,UK_CSV0000000000006676__2.csv,Post-Op Q Activity,Post-Op Q Activity
UK_CSV0000000000002010__6.csv,UK_CSV0000000000006676__2.csv,Pre-Op Q Disability,Pre-Op Q Disability
UK_CSV0000000000002010__6.csv,UK_CSV0000000000002010__9.csv,Pre-Op Q Disability,Pre-Op Q Disability
UK_CSV0000000000002010__6.csv,UK_CSV0000000000006676__34.csv,Pre-Op Q Disability,Pre-Op Q Disability
UK_CSV0000000000002010__6.csv,UK_CSV0000000000002010__8.csv,Pre-Op Q Disability,Pre-Op Q Disability
UK_CSV0000000000002010__6.csv,UK_CSV0000000000006676__2.csv,Pre-Op Q Mobility,Pre-Op Q Mobility
UK_CSV0000000000002010__6.csv,UK_CSV0000000000002010__9.csv,Pre-Op Q Mobility,Pre-Op Q Mobility
UK_CSV0000000000002010__6.csv,UK_CSV0000000000006676__34.csv,Pre-Op Q Mobility,Pre-Op Q Mobility
UK_CSV0000000000002010__6.csv,UK_CSV0000000000006676__2.csv,Depression,Depression
UK_CSV0000000000002010__6.csv,UK_CSV0000000000002010__9.csv,Depression,Depression
UK_CSV0000000000003896__13.csv,UK_CSV0000000000006676__34.csv,Revision Flag,Revision Flag
UK_CSV0000000000003896__3.csv,UK_CSV0000000000006676__34.csv,Revision Flag,Revision Flag
UK_CSV0000000000003896__13.csv,UK_CSV0000000000006676__34.csv,Provider Code,Provider Code
UK_CSV0000000000002010__6.csv,UK_CSV0000000000006676__34.csv,Provider Code,Provider Code
UK_CSV0000000000003896__3.csv,UK_CSV0000000000006676__34.csv,Provider Code,Provider Code
UK_CSV0000000000002010__6.csv,UK_CSV0000000000006676__34.csv,Kidney Disease,Kidney Disease
UK_CSV0000000000006676__2.csv,UK_CSV0000000000006676__34.csv,Kidney Disease,Kidney Disease
UK_CSV0000000000002010__6.csv,UK_CSV0000000000006676__34.csv,Pre-Op Q Mobility,Pre-Op Q Mobility
UK_CSV0000000000006676__2.csv,UK_CSV0000000000006676__34.csv,Pre-Op Q Mobility,Pre-Op Q Mobility
UK_CSV0000000000002010__9.csv,UK_CSV0000000000006676__34.csv,Pre-Op Q Mobility,Pre-Op Q Mobility
UK_CSV0000000000002010__8.csv,UK_CSV0000000000006676__34.csv,Pre-Op Q Mobility,Pre-Op Q Mobility
UK_CSV0000000000002010__6.csv,UK_CSV0000000000006676__34.csv,Pre-Op Q Assisted,Pre-Op Q Assisted
UK_CSV0000000000002010__9.csv,UK_CSV0000000000006676__34.csv,Pre-Op Q Assisted,Pre-Op Q Assisted
UK_CSV0000000000002010__8.csv,UK_CSV0000000000006676__34.csv,Pre-Op Q Assisted,Pre-Op Q Assisted
UK_CSV0000000000003896__8.csv,UK_CSV0000000000006676__34.csv,Pre-Op Q EQ VAS,Pre-Op Q EQ VAS
UK_CSV0000000000003896__13.csv,UK_CSV0000000000006676__34.csv,Pre-Op Q EQ VAS,Pre-Op Q EQ VAS
UK_CSV0000000000003896__13.csv,UK_CSV0000000000006676__34.csv,Pre-Op Q Anxiety,Pre-Op Q Anxiety
UK_CSV0000000000003896__3.csv,UK_CSV0000000000006676__34.csv,Pre-Op Q Anxiety,Pre-Op Q Anxiety
CAN_CSV0000000000001724__8.csv,CAN_CSV0000000000001787__40.csv,Province/Canada,Province/Canada
CAN_CSV0000000000001787__40.csv,CAN_CSV0000000000001797__36.csv,Province/Canada,Province/Canada
CAN_CSV0000000000001787__40.csv,CAN_CSV0000000000001787__6.csv,Province/Canada,Province/Canada
CAN_CSV0000000000001787__0.csv,CAN_CSV0000000000001787__40.csv,Province/Canada,Province/Canada
CAN_CSV0000000000001787__40.csv,CAN_CSV0000000000001797__21.csv,Province/Canada,Province/Canada
SG_CSV0000000000000925__10.csv,SG_CSV0000000000000925__4.csv,ban_q18_q191,ban_q18_q191
SG_CSV0000000000000925__4.csv,SG_CSV0000000000000925__6.csv,ban_q18_q191,ban_q18_q191
SG_CSV0000000000000925__0.csv,SG_CSV0000000000000925__4.csv,ban_q18_q191,ban_q18_q191
SG_CSV0000000000000925__3.csv,SG_CSV0000000000000925__4.csv,ban_q18_q191,ban_q18_q191
SG_CSV0000000000000925__4.csv,SG_CSV0000000000001714__6.csv,ban_q18_q191,ban_q18_q191
SG_CSV0000000000000925__4.csv,SG_CSV0000000000000925__6.csv,occupation2,occupation2
SG_CSV0000000000000925__0.csv,SG_CSV0000000000000925__4.csv,occupation2,occupation2
SG_CSV0000000000000925__3.csv,SG_CSV0000000000000925__4.csv,occupation2,occupation2
SG_CSV0000000000000925__4.csv,SG_CSV0000000000001714__6.csv,occupation2,occupation2
SG_CSV0000000000000925__2.csv,SG_CSV0000000000000925__4.csv,occupation2,occupation2
SG_CSV0000000000000925__10.csv,SG_CSV0000000000000925__4.csv,livinginsg_2_slice,livinginsg_2_slice
SG_CSV0000000000000925__4.csv,SG_CSV0000000000000925__6.csv,livinginsg_2_slice,livinginsg_2_slice
SG_CSV0000000000000925__0.csv,SG_CSV0000000000000925__4.csv,livinginsg_2_slice,livinginsg_2_slice
SG_CSV0000000000000925__3.csv,SG_CSV0000000000000925__4.csv,livinginsg_2_slice,livinginsg_2_slice
SG_CSV0000000000000925__4.csv,SG_CSV0000000000001714__6.csv,livinginsg_2_slice,livinginsg_2_slice
SG_CSV0000000000000925__35.csv,SG_CSV0000000000000925__4.csv,ban_education4,ban_education4
SG_CSV0000000000000925__4.csv,SG_CSV0000000000000925__6.csv,ban_education4,ban_education4
SG_CSV0000000000000925__0.csv,SG_CSV0000000000000925__4.csv,ban_education4,ban_education4
SG_CSV0000000000000925__3.csv,SG_CSV0000000000000925__4.csv,ban_education4,ban_education4
CAN_CSV0000000000001797__5.csv,CAN_CSV0000000000001797__6.csv,RentLocation,RentLocation
CAN_CSV0000000000001724__45.csv,CAN_CSV0000000000001797__6.csv,RentLocation,RentLocation
CAN_CSV0000000000001797__43.csv,CAN_CSV0000000000001797__6.csv,RentLocation,RentLocation
CAN_CSV0000000000001797__13.csv,CAN_CSV0000000000001797__6.csv,RentLocation,RentLocation
CAN_CSV0000000000001787__8.csv,CAN_CSV0000000000001797__6.csv,RentLocation,RentLocation
UK_CSV0000000000003896__13.csv,UK_CSV0000000000007396__12.csv,Revision Flag,Revision Flag
UK_CSV0000000000003896__3.csv,UK_CSV0000000000007396__12.csv,Revision Flag,Revision Flag
CAN_CSV0000000000001487__25.csv,CAN_CSV0000000000001487__26.csv,ALTMETR_SETNG,ALTMETR_SETNG
CAN_CSV0000000000001487__26.csv,CAN_CSV0000000000001487__28.csv,ALTMETR_SETNG,ALTMETR_SETNG
CAN_CSV0000000000001487__25.csv,CAN_CSV0000000000001487__26.csv,PCPN_AMT_PST6HRS_QA,PCPN_AMT_PST6HRS_QA
CAN_CSV0000000000001487__24.csv,CAN_CSV0000000000001487__26.csv,PCPN_AMT_PST6HRS_QA,PCPN_AMT_PST6HRS_QA
CAN_CSV0000000000001487__23.csv,CAN_CSV0000000000001487__26.csv,PCPN_AMT_PST6HRS_QA,PCPN_AMT_PST6HRS_QA
CAN_CSV0000000000001487__26.csv,CAN_CSV0000000000001487__28.csv,PCPN_AMT_PST6HRS_QA,PCPN_AMT_PST6HRS_QA
CAN_CSV0000000000001487__26.csv,CAN_CSV0000000000001487__29.csv,PCPN_AMT_PST6HRS_QA,PCPN_AMT_PST6HRS_QA
CAN_CSV0000000000001487__26.csv,CAN_CSV0000000000001487__9.csv,AVG_VIS_PST10MTS,AVG_VIS_PST10MTS
CAN_CSV0000000000001487__25.csv,CAN_CSV0000000000001487__26.csv,AVG_VIS_PST10MTS,AVG_VIS_PST10MTS
CAN_CSV0000000000001487__26.csv,CAN_CSV0000000000027353__2.csv,AVG_VIS_PST10MTS,AVG_VIS_PST10MTS
CAN_CSV0000000000001487__26.csv,CAN_CSV0000000000001487__28.csv,AVG_VIS_PST10MTS,AVG_VIS_PST10MTS
SG_CSV0000000000000925__10.csv,SG_CSV0000000000001714__6.csv,yearbornin_1_slice,yearbornin_1_slice
SG_CSV0000000000000925__6.csv,SG_CSV0000000000001714__6.csv,yearbornin_1_slice,yearbornin_1_slice
SG_CSV0000000000000925__0.csv,SG_CSV0000000000001714__6.csv,yearbornin_1_slice,yearbornin_1_slice
SG_CSV0000000000000925__3.csv,SG_CSV0000000000001714__6.csv,yearbornin_1_slice,yearbornin_1_slice
SG_CSV0000000000000925__10.csv,SG_CSV0000000000001714__6.csv,respondent_serial,respondent_serial
SG_CSV0000000000000925__21.csv,SG_CSV0000000000001714__6.csv,respondent_serial,respondent_serial
SG_CSV0000000000000925__10.csv,SG_CSV0000000000001714__6.csv,ban_children4,ban_children4
SG_CSV0000000000000925__6.csv,SG_CSV0000000000001714__6.csv,ban_children4,ban_children4
SG_CSV0000000000000925__0.csv,SG_CSV0000000000001714__6.csv,ban_children4,ban_children4
SG_CSV0000000000001714__40.csv,SG_CSV0000000000001714__6.csv,ban_children4,ban_children4
SG_CSV0000000000000925__3.csv,SG_CSV0000000000001714__6.csv,ban_children4,ban_children4
SG_CSV0000000000000925__10.csv,SG_CSV0000000000001714__6.csv,ban_marital,ban_marital
SG_CSV0000000000000925__10.csv,SG_CSV0000000000001714__6.csv,livinginsg_2_slice,livinginsg_2_slice
SG_CSV0000000000000925__6.csv,SG_CSV0000000000001714__6.csv,livinginsg_2_slice,livinginsg_2_slice
SG_CSV0000000000000925__0.csv,SG_CSV0000000000001714__6.csv,livinginsg_2_slice,livinginsg_2_slice
SG_CSV0000000000000925__3.csv,SG_CSV0000000000001714__6.csv,livinginsg_2_slice,livinginsg_2_slice
SG_CSV0000000000000925__4.csv,SG_CSV0000000000001714__6.csv,livinginsg_2_slice,livinginsg_2_slice
SG_CSV0000000000000925__35.csv,SG_CSV0000000000001714__6.csv,ban_education4,ban_education4
SG_CSV0000000000000925__6.csv,SG_CSV0000000000001714__6.csv,ban_education4,ban_education4
SG_CSV0000000000000925__0.csv,SG_CSV0000000000001714__6.csv,ban_education4,ban_education4
SG_CSV0000000000000925__3.csv,SG_CSV0000000000001714__6.csv,ban_education4,ban_education4
USA_CSV0000000000037101__16.csv,USA_CSV0000000000037101__3.csv,DONUT_VOLUME_GROUP,DONUT_VOLUME_GROUP
USA_CSV0000000000034882__22.csv,USA_CSV0000000000037101__16.csv,DONUT_VOLUME_GROUP,DONUT_VOLUME_GROUP
USA_CSV0000000000037101__16.csv,USA_CSV0000000000037101__20.csv,YEAR_SURF_IMPROV,YEAR_SURF_IMPROV
USA_CSV0000000000037101__16.csv,USA_CSV0000000000037101__3.csv,YEAR_SURF_IMPROV,YEAR_SURF_IMPROV
CAN_CSV0000000000027346__30.csv,CAN_CSV0000000000027354__2.csv,AVG_STN_PRES_PST1MT,AVG_STN_PRES_PST1MT
CAN_CSV0000000000027346__30.csv,CAN_CSV0000000000027349__23.csv,PCPN_AMT_PST6HRS,PCPN_AMT_PST6HRS
CAN_CSV0000000000027346__30.csv,CAN_CSV0000000000027349__20.csv,PCPN_AMT_PST6HRS,PCPN_AMT_PST6HRS
CAN_CSV0000000000027346__30.csv,CAN_CSV0000000000027349__21.csv,PCPN_AMT_PST6HRS,PCPN_AMT_PST6HRS
CAN_CSV0000000000027346__30.csv,CAN_CSV0000000000027355__20.csv,PCPN_AMT_PST6HRS,PCPN_AMT_PST6HRS
CAN_CSV0000000000001487__25.csv,CAN_CSV0000000000027346__30.csv,ALTMETR_SETNG,ALTMETR_SETNG
CAN_CSV0000000000001487__28.csv,CAN_CSV0000000000027346__30.csv,ALTMETR_SETNG,ALTMETR_SETNG
CAN_CSV0000000000001487__9.csv,CAN_CSV0000000000027346__30.csv,AVG_VIS_PST10MTS,AVG_VIS_PST10MTS
CAN_CSV0000000000001487__25.csv,CAN_CSV0000000000027346__30.csv,AVG_VIS_PST10MTS,AVG_VIS_PST10MTS
CAN_CSV0000000000027346__30.csv,CAN_CSV0000000000027353__2.csv,AVG_VIS_PST10MTS,AVG_VIS_PST10MTS
CAN_CSV0000000000001487__28.csv,CAN_CSV0000000000027346__30.csv,AVG_VIS_PST10MTS,AVG_VIS_PST10MTS
CAN_CSV0000000000001487__8.csv,CAN_CSV0000000000027346__30.csv,AVG_VIS_PST10MTS,AVG_VIS_PST10MTS
CAN_CSV0000000000001487__26.csv,CAN_CSV0000000000027346__30.csv,AVG_VIS_PST10MTS,AVG_VIS_PST10MTS
CAN_CSV0000000000001487__35.csv,CAN_CSV0000000000027346__30.csv,ICAO_STN_ID,ICAO_STN_ID
CAN_CSV0000000000001487__9.csv,CAN_CSV0000000000027346__30.csv,ICAO_STN_ID,ICAO_STN_ID
CAN_CSV0000000000027346__30.csv,CAN_CSV0000000000027353__2.csv,ICAO_STN_ID,ICAO_STN_ID
CAN_CSV0000000000001487__34.csv,CAN_CSV0000000000027346__30.csv,ICAO_STN_ID,ICAO_STN_ID
CAN_CSV0000000000027346__30.csv,CAN_CSV0000000000027349__23.csv,DATA_ATTRIB_NOT,DATA_ATTRIB_NOT
CAN_CSV0000000000027346__30.csv,CAN_CSV0000000000027349__20.csv,DATA_ATTRIB_NOT,DATA_ATTRIB_NOT
CAN_CSV0000000000001487__25.csv,CAN_CSV0000000000027346__30.csv,DATA_ATTRIB_NOT,DATA_ATTRIB_NOT
CAN_CSV0000000000027346__30.csv,CAN_CSV0000000000027354__6.csv,DATA_ATTRIB_NOT,DATA_ATTRIB_NOT
CAN_CSV0000000000027346__30.csv,CAN_CSV0000000000027349__21.csv,DATA_ATTRIB_NOT,DATA_ATTRIB_NOT
CAN_CSV0000000000027346__30.csv,CAN_CSV0000000000027353__2.csv,DATA_ATTRIB_NOT,DATA_ATTRIB_NOT
CAN_CSV0000000000027346__30.csv,CAN_CSV0000000000027349__23.csv,AVG_REL_HUM_PST1MT,AVG_REL_HUM_PST1MT
CAN_CSV0000000000001487__35.csv,CAN_CSV0000000000027346__30.csv,AVG_REL_HUM_PST1MT,AVG_REL_HUM_PST1MT
CAN_CSV0000000000001487__9.csv,CAN_CSV0000000000027346__30.csv,AVG_REL_HUM_PST1MT,AVG_REL_HUM_PST1MT
CAN_CSV0000000000027346__30.csv,CAN_CSV0000000000027349__20.csv,AVG_REL_HUM_PST1MT,AVG_REL_HUM_PST1MT
CAN_CSV0000000000001487__25.csv,CAN_CSV0000000000027346__30.csv,AVG_REL_HUM_PST1MT,AVG_REL_HUM_PST1MT
CAN_CSV0000000000027346__30.csv,CAN_CSV0000000000027349__21.csv,AVG_REL_HUM_PST1MT,AVG_REL_HUM_PST1MT
CAN_CSV0000000000001487__28.csv,CAN_CSV0000000000027346__30.csv,AVG_REL_HUM_PST1MT,AVG_REL_HUM_PST1MT
CAN_CSV0000000000027346__30.csv,CAN_CSV0000000000027354__6.csv,MIN_AIR_TEMP_PST1HR,MIN_AIR_TEMP_PST1HR
CAN_CSV0000000000027346__14.csv,CAN_CSV0000000000027346__30.csv,MIN_AIR_TEMP_PST1HR,MIN_AIR_TEMP_PST1HR
CAN_CSV0000000000027346__30.csv,CAN_CSV0000000000027353__2.csv,MIN_AIR_TEMP_PST1HR,MIN_AIR_TEMP_PST1HR
CAN_CSV0000000000027346__30.csv,CAN_CSV0000000000027355__11.csv,MIN_AIR_TEMP_PST1HR,MIN_AIR_TEMP_PST1HR
CAN_CSV0000000000027346__30.csv,CAN_CSV0000000000027349__23.csv,OBS_DATETIME_UTC,OBS_DATETIME_UTC
CAN_CSV0000000000027346__30.csv,CAN_CSV0000000000027349__20.csv,OBS_DATETIME_UTC,OBS_DATETIME_UTC
CAN_CSV0000000000027346__12.csv,CAN_CSV0000000000027346__30.csv,OBS_DATETIME_UTC,OBS_DATETIME_UTC
CAN_CSV0000000000027346__30.csv,CAN_CSV0000000000027354__6.csv,OBS_DATETIME_UTC,OBS_DATETIME_UTC
CAN_CSV0000000000027346__30.csv,CAN_CSV0000000000027349__21.csv,OBS_DATETIME_UTC,OBS_DATETIME_UTC
CAN_CSV0000000000027346__14.csv,CAN_CSV0000000000027346__30.csv,OBS_DATETIME_UTC,OBS_DATETIME_UTC
CAN_CSV0000000000027346__30.csv,CAN_CSV0000000000027349__23.csv,AVG_VIS_PST1MT,AVG_VIS_PST1MT
CAN_CSV0000000000027346__30.csv,CAN_CSV0000000000027349__20.csv,AVG_VIS_PST1MT,AVG_VIS_PST1MT
CAN_CSV0000000000001487__25.csv,CAN_CSV0000000000027346__30.csv,AVG_VIS_PST1MT,AVG_VIS_PST1MT
CAN_CSV0000000000027346__30.csv,CAN_CSV0000000000027349__21.csv,AVG_VIS_PST1MT,AVG_VIS_PST1MT
CAN_CSV0000000000001487__28.csv,CAN_CSV0000000000027346__30.csv,AVG_VIS_PST1MT,AVG_VIS_PST1MT
CAN_CSV0000000000027346__30.csv,CAN_CSV0000000000027349__23.csv,LTNG_DIS_RMK,LTNG_DIS_RMK
CAN_CSV0000000000027346__30.csv,CAN_CSV0000000000027349__20.csv,LTNG_DIS_RMK,LTNG_DIS_RMK
CAN_CSV0000000000027346__30.csv,CAN_CSV0000000000027354__6.csv,LTNG_DIS_RMK,LTNG_DIS_RMK
CAN_CSV0000000000027346__30.csv,CAN_CSV0000000000027349__21.csv,LTNG_DIS_RMK,LTNG_DIS_RMK
CAN_CSV0000000000001724__8.csv,CAN_CSV0000000000001787__5.csv,Province/Canada,Province/Canada
CAN_CSV0000000000001787__5.csv,CAN_CSV0000000000001797__36.csv,Province/Canada,Province/Canada
CAN_CSV0000000000001787__5.csv,CAN_CSV0000000000001787__6.csv,Province/Canada,Province/Canada
CAN_CSV0000000000001787__0.csv,CAN_CSV0000000000001787__5.csv,Province/Canada,Province/Canada
CAN_CSV0000000000001787__5.csv,CAN_CSV0000000000001797__21.csv,Province/Canada,Province/Canada
UK_CSV0000000000002010__6.csv,UK_CSV0000000000006676__34.csv,Pre-Op Q Disability,Pre-Op Q Disability
UK_CSV0000000000006676__2.csv,UK_CSV0000000000006676__34.csv,Pre-Op Q Disability,Pre-Op Q Disability
UK_CSV0000000000002010__9.csv,UK_CSV0000000000006676__34.csv,Pre-Op Q Disability,Pre-Op Q Disability
UK_CSV0000000000002010__8.csv,UK_CSV0000000000006676__34.csv,Pre-Op Q Disability,Pre-Op Q Disability
UK_CSV0000000000002010__10.csv,UK_CSV0000000000006676__34.csv,Pre-Op Q Disability,Pre-Op Q Disability
UK_CSV0000000000002010__30.csv,UK_CSV0000000000006676__34.csv,Pre-Op Q Disability,Pre-Op Q Disability
UK_CSV0000000000002010__31.csv,UK_CSV0000000000006676__34.csv,Pre-Op Q Disability,Pre-Op Q Disability
UK_CSV0000000000003896__13.csv,UK_CSV0000000000007396__10.csv,Revision Flag,Revision Flag
UK_CSV0000000000003896__3.csv,UK_CSV0000000000007396__10.csv,Revision Flag,Revision Flag
UK_CSV0000000000003896__8.csv,UK_CSV0000000000007396__10.csv,Pre-Op Q EQ5D Index,Pre-Op Q EQ5D Index
UK_CSV0000000000006676__2.csv,UK_CSV0000000000007396__10.csv,Pre-Op Q EQ5D Index,Pre-Op Q EQ5D Index
UK_CSV0000000000003896__3.csv,UK_CSV0000000000007396__10.csv,Pre-Op Q EQ5D Index,Pre-Op Q EQ5D Index
UK_CSV0000000000003896__13.csv,UK_CSV0000000000007396__10.csv,Pre-Op Q Anxiety,Pre-Op Q Anxiety
UK_CSV0000000000003896__3.csv,UK_CSV0000000000007396__10.csv,Pre-Op Q Anxiety,Pre-Op Q Anxiety
UK_CSV0000000000006676__34.csv,UK_CSV0000000000007396__10.csv,Pre-Op Q Anxiety,Pre-Op Q Anxiety
UK_CSV0000000000007396__10.csv,UK_CSV0000000000007396__13.csv,Pre-Op Q Anxiety,Pre-Op Q Anxiety
USA_CSV0000000000034882__26.csv,USA_CSV0000000000037101__16.csv,DIR_FACTOR,DIR_FACTOR
USA_CSV0000000000034882__22.csv,USA_CSV0000000000034882__26.csv,DIR_FACTOR,DIR_FACTOR
USA_CSV0000000000034882__26.csv,USA_CSV0000000000034882__9.csv,DIR_FACTOR,DIR_FACTOR
USA_CSV0000000000034882__22.csv,USA_CSV0000000000034882__26.csv,DESIGN_SPEED,DESIGN_SPEED
USA_CSV0000000000033847__5.csv,USA_CSV0000000000034882__26.csv,VERT_ALIGN,VERT_ALIGN
USA_CSV0000000000034882__26.csv,USA_CSV0000000000037101__3.csv,VERT_ALIGN,VERT_ALIGN
USA_CSV0000000000034882__26.csv,USA_CSV0000000000037101__20.csv,AVG_COMBINATION,AVG_COMBINATION
USA_CSV0000000000034882__26.csv,USA_CSV0000000000037101__3.csv,AVG_COMBINATION,AVG_COMBINATION
USA_CSV0000000000033847__5.csv,USA_CSV0000000000034882__26.csv,SPECIAL_SYSTEMS,SPECIAL_SYSTEMS
USA_CSV0000000000034882__22.csv,USA_CSV0000000000034882__26.csv,SPECIAL_SYSTEMS,SPECIAL_SYSTEMS
UK_CSV0000000000003896__13.csv,UK_CSV0000000000003896__3.csv,Provider Code,Provider Code
UK_CSV0000000000002010__9.csv,UK_CSV0000000000003896__3.csv,Pre-Op Q Activity,Pre-Op Q Activity
UK_CSV0000000000002010__21.csv,UK_CSV0000000000003896__3.csv,Pre-Op Q Activity,Pre-Op Q Activity
UK_CSV0000000000002010__8.csv,UK_CSV0000000000003896__3.csv,Pre-Op Q Activity,Pre-Op Q Activity
UK_CSV0000000000003896__3.csv,UK_CSV0000000000003896__8.csv,Post-Op Q Wound,Post-Op Q Wound
CAN_CSV0000000000001724__45.csv,CAN_CSV0000000000001797__5.csv,RentLocation,RentLocation
CAN_CSV0000000000001797__43.csv,CAN_CSV0000000000001797__5.csv,RentLocation,RentLocation
CAN_CSV0000000000001797__13.csv,CAN_CSV0000000000001797__5.csv,RentLocation,RentLocation
CAN_CSV0000000000001724__46.csv,CAN_CSV0000000000001797__5.csv,RentLocation,RentLocation
CAN_CSV0000000000001724__45.csv,CAN_CSV0000000000001724__46.csv,RentLocation,RentLocation
SG_CSV0000000000000925__10.csv,SG_CSV0000000000000925__4.csv,ban_no_ofchildren,ban_no_ofchildren
SG_CSV0000000000000925__4.csv,SG_CSV0000000000000925__6.csv,ban_no_ofchildren,ban_no_ofchildren
SG_CSV0000000000000925__0.csv,SG_CSV0000000000000925__4.csv,ban_no_ofchildren,ban_no_ofchildren
SG_CSV0000000000000925__3.csv,SG_CSV0000000000000925__4.csv,ban_no_ofchildren,ban_no_ofchildren
SG_CSV0000000000000925__4.csv,SG_CSV0000000000000925__6.csv,livinginsg_3_slice,livinginsg_3_slice
SG_CSV0000000000000925__0.csv,SG_CSV0000000000000925__4.csv,livinginsg_3_slice,livinginsg_3_slice
SG_CSV0000000000000925__3.csv,SG_CSV0000000000000925__4.csv,livinginsg_3_slice,livinginsg_3_slice
SG_CSV0000000000000925__10.csv,SG_CSV0000000000000925__4.csv,rankmostimptchild_2,rankmostimptchild_2
SG_CSV0000000000000925__4.csv,SG_CSV0000000000000925__6.csv,rankmostimptchild_2,rankmostimptchild_2
SG_CSV0000000000000925__0.csv,SG_CSV0000000000000925__4.csv,rankmostimptchild_2,rankmostimptchild_2
SG_CSV0000000000000925__3.csv,SG_CSV0000000000000925__4.csv,rankmostimptchild_2,rankmostimptchild_2
SG_CSV0000000000000925__4.csv,SG_CSV0000000000000925__6.csv,ban_education3,ban_education3
SG_CSV0000000000000925__0.csv,SG_CSV0000000000000925__4.csv,ban_education3,ban_education3
SG_CSV0000000000000925__3.csv,SG_CSV0000000000000925__4.csv,ban_education3,ban_education3
SG_CSV0000000000000925__4.csv,SG_CSV0000000000000925__6.csv,md_segment,md_segment
SG_CSV0000000000000925__0.csv,SG_CSV0000000000000925__4.csv,md_segment,md_segment
SG_CSV0000000000000925__3.csv,SG_CSV0000000000000925__4.csv,md_segment,md_segment
SG_CSV0000000000000925__4.csv,SG_CSV0000000000000925__44.csv,md_segment,md_segment
SG_CSV0000000000000925__2.csv,SG_CSV0000000000000925__4.csv,md_segment,md_segment
CAN_CSV0000000000027346__35.csv,CAN_CSV0000000000027354__2.csv,AVG_STN_PRES_PST1MT,AVG_STN_PRES_PST1MT
CAN_CSV0000000000027346__14.csv,CAN_CSV0000000000027346__35.csv,AVG_STN_PRES_PST1MT,AVG_STN_PRES_PST1MT
CAN_CSV0000000000027346__35.csv,CAN_CSV0000000000027353__2.csv,AVG_STN_PRES_PST1MT,AVG_STN_PRES_PST1MT
CAN_CSV0000000000027346__35.csv,CAN_CSV0000000000027349__23.csv,PCPN_AMT_PST6HRS,PCPN_AMT_PST6HRS
CAN_CSV0000000000027346__35.csv,CAN_CSV0000000000027349__20.csv,PCPN_AMT_PST6HRS,PCPN_AMT_PST6HRS
CAN_CSV0000000000027346__35.csv,CAN_CSV0000000000027349__21.csv,PCPN_AMT_PST6HRS,PCPN_AMT_PST6HRS
CAN_CSV0000000000027346__35.csv,CAN_CSV0000000000027355__20.csv,PCPN_AMT_PST6HRS,PCPN_AMT_PST6HRS
CAN_CSV0000000000001487__25.csv,CAN_CSV0000000000027346__35.csv,ALTMETR_SETNG,ALTMETR_SETNG
CAN_CSV0000000000001487__28.csv,CAN_CSV0000000000027346__35.csv,ALTMETR_SETNG,ALTMETR_SETNG
CAN_CSV0000000000001487__26.csv,CAN_CSV0000000000027346__35.csv,ALTMETR_SETNG,ALTMETR_SETNG
CAN_CSV0000000000001487__9.csv,CAN_CSV0000000000027346__35.csv,AVG_VIS_PST10MTS,AVG_VIS_PST10MTS
CAN_CSV0000000000001487__25.csv,CAN_CSV0000000000027346__35.csv,AVG_VIS_PST10MTS,AVG_VIS_PST10MTS
CAN_CSV0000000000027346__35.csv,CAN_CSV0000000000027353__2.csv,AVG_VIS_PST10MTS,AVG_VIS_PST10MTS
CAN_CSV0000000000001487__28.csv,CAN_CSV0000000000027346__35.csv,AVG_VIS_PST10MTS,AVG_VIS_PST10MTS
CAN_CSV0000000000001487__8.csv,CAN_CSV0000000000027346__35.csv,AVG_VIS_PST10MTS,AVG_VIS_PST10MTS
CAN_CSV0000000000001487__26.csv,CAN_CSV0000000000027346__35.csv,AVG_VIS_PST10MTS,AVG_VIS_PST10MTS
CAN_CSV0000000000001487__35.csv,CAN_CSV0000000000027346__35.csv,ICAO_STN_ID,ICAO_STN_ID
CAN_CSV0000000000001487__9.csv,CAN_CSV0000000000027346__35.csv,ICAO_STN_ID,ICAO_STN_ID
CAN_CSV0000000000027346__35.csv,CAN_CSV0000000000027353__2.csv,ICAO_STN_ID,ICAO_STN_ID
CAN_CSV0000000000027346__35.csv,CAN_CSV0000000000027349__23.csv,DATA_ATTRIB_NOT,DATA_ATTRIB_NOT
CAN_CSV0000000000027346__35.csv,CAN_CSV0000000000027349__20.csv,DATA_ATTRIB_NOT,DATA_ATTRIB_NOT
CAN_CSV0000000000001487__25.csv,CAN_CSV0000000000027346__35.csv,DATA_ATTRIB_NOT,DATA_ATTRIB_NOT
CAN_CSV0000000000027346__35.csv,CAN_CSV0000000000027354__6.csv,DATA_ATTRIB_NOT,DATA_ATTRIB_NOT
CAN_CSV0000000000027346__35.csv,CAN_CSV0000000000027349__21.csv,DATA_ATTRIB_NOT,DATA_ATTRIB_NOT
CAN_CSV0000000000027346__35.csv,CAN_CSV0000000000027353__2.csv,DATA_ATTRIB_NOT,DATA_ATTRIB_NOT
CAN_CSV0000000000027346__35.csv,CAN_CSV0000000000027349__23.csv,AVG_REL_HUM_PST1MT,AVG_REL_HUM_PST1MT
CAN_CSV0000000000001487__35.csv,CAN_CSV0000000000027346__35.csv,AVG_REL_HUM_PST1MT,AVG_REL_HUM_PST1MT
CAN_CSV0000000000001487__9.csv,CAN_CSV0000000000027346__35.csv,AVG_REL_HUM_PST1MT,AVG_REL_HUM_PST1MT
CAN_CSV0000000000027346__35.csv,CAN_CSV0000000000027349__20.csv,AVG_REL_HUM_PST1MT,AVG_REL_HUM_PST1MT
CAN_CSV0000000000001487__25.csv,CAN_CSV0000000000027346__35.csv,AVG_REL_HUM_PST1MT,AVG_REL_HUM_PST1MT
CAN_CSV0000000000027346__35.csv,CAN_CSV0000000000027349__21.csv,AVG_REL_HUM_PST1MT,AVG_REL_HUM_PST1MT
CAN_CSV0000000000027346__35.csv,CAN_CSV0000000000027354__6.csv,MIN_AIR_TEMP_PST1HR,MIN_AIR_TEMP_PST1HR
CAN_CSV0000000000027346__14.csv,CAN_CSV0000000000027346__35.csv,MIN_AIR_TEMP_PST1HR,MIN_AIR_TEMP_PST1HR
CAN_CSV0000000000027346__35.csv,CAN_CSV0000000000027353__2.csv,MIN_AIR_TEMP_PST1HR,MIN_AIR_TEMP_PST1HR
CAN_CSV0000000000027346__35.csv,CAN_CSV0000000000027349__23.csv,OBS_DATETIME_UTC,OBS_DATETIME_UTC
CAN_CSV0000000000027346__35.csv,CAN_CSV0000000000027349__20.csv,OBS_DATETIME_UTC,OBS_DATETIME_UTC
CAN_CSV0000000000027346__12.csv,CAN_CSV0000000000027346__35.csv,OBS_DATETIME_UTC,OBS_DATETIME_UTC
CAN_CSV0000000000027346__35.csv,CAN_CSV0000000000027354__6.csv,OBS_DATETIME_UTC,OBS_DATETIME_UTC
CAN_CSV0000000000027346__35.csv,CAN_CSV0000000000027349__21.csv,OBS_DATETIME_UTC,OBS_DATETIME_UTC
CAN_CSV0000000000027346__35.csv,CAN_CSV0000000000027349__23.csv,AVG_VIS_PST1MT,AVG_VIS_PST1MT
CAN_CSV0000000000027346__35.csv,CAN_CSV0000000000027349__20.csv,AVG_VIS_PST1MT,AVG_VIS_PST1MT
CAN_CSV0000000000001487__25.csv,CAN_CSV0000000000027346__35.csv,AVG_VIS_PST1MT,AVG_VIS_PST1MT
CAN_CSV0000000000027346__35.csv,CAN_CSV0000000000027349__21.csv,AVG_VIS_PST1MT,AVG_VIS_PST1MT
CAN_CSV0000000000001487__28.csv,CAN_CSV0000000000027346__35.csv,AVG_VIS_PST1MT,AVG_VIS_PST1MT
CAN_CSV0000000000001487__26.csv,CAN_CSV0000000000027346__35.csv,AVG_VIS_PST1MT,AVG_VIS_PST1MT
CAN_CSV0000000000027346__35.csv,CAN_CSV0000000000027349__23.csv,LTNG_DIS_RMK,LTNG_DIS_RMK
CAN_CSV0000000000027346__35.csv,CAN_CSV0000000000027349__20.csv,LTNG_DIS_RMK,LTNG_DIS_RMK
CAN_CSV0000000000027346__35.csv,CAN_CSV0000000000027354__6.csv,LTNG_DIS_RMK,LTNG_DIS_RMK
CAN_CSV0000000000027346__35.csv,CAN_CSV0000000000027349__21.csv,LTNG_DIS_RMK,LTNG_DIS_RMK
UK_CSV0000000000002010__6.csv,UK_CSV0000000000006676__2.csv,Pre-Op Q Mobility,Pre-Op Q Mobility
UK_CSV0000000000002010__9.csv,UK_CSV0000000000006676__2.csv,Pre-Op Q Mobility,Pre-Op Q Mobility
UK_CSV0000000000003896__8.csv,UK_CSV0000000000006676__2.csv,Pre-Op Q EQ5D Index,Pre-Op Q EQ5D Index
UK_CSV0000000000003896__3.csv,UK_CSV0000000000006676__2.csv,Pre-Op Q EQ5D Index,Pre-Op Q EQ5D Index
CAN_CSV0000000000027349__20.csv,CAN_CSV0000000000027349__23.csv,DATA_ATTRIB_NOT,DATA_ATTRIB_NOT
CAN_CSV0000000000001487__25.csv,CAN_CSV0000000000027349__20.csv,DATA_ATTRIB_NOT,DATA_ATTRIB_NOT
CAN_CSV0000000000027349__20.csv,CAN_CSV0000000000027354__6.csv,DATA_ATTRIB_NOT,DATA_ATTRIB_NOT
CAN_CSV0000000000027349__20.csv,CAN_CSV0000000000027349__21.csv,DATA_ATTRIB_NOT,DATA_ATTRIB_NOT
CAN_CSV0000000000027349__20.csv,CAN_CSV0000000000027349__23.csv,DATA_PAYLOAD_URI,DATA_PAYLOAD_URI
CAN_CSV0000000000001487__9.csv,CAN_CSV0000000000027349__20.csv,DATA_PAYLOAD_URI,DATA_PAYLOAD_URI
CAN_CSV0000000000001487__25.csv,CAN_CSV0000000000027349__20.csv,DATA_PAYLOAD_URI,DATA_PAYLOAD_URI
CAN_CSV0000000000027349__20.csv,CAN_CSV0000000000027349__21.csv,DATA_PAYLOAD_URI,DATA_PAYLOAD_URI
CAN_CSV0000000000027349__20.csv,CAN_CSV0000000000027353__2.csv,DATA_PAYLOAD_URI,DATA_PAYLOAD_URI
USA_CSV0000000000033847__12.csv,USA_CSV0000000000037101__3.csv,TURN_LANES_R,TURN_LANES_R
USA_CSV0000000000033847__12.csv,USA_CSV0000000000034882__22.csv,TURN_LANES_R,TURN_LANES_R
USA_CSV0000000000033847__12.csv,USA_CSV0000000000034882__26.csv,UNBUILT_FACILITY,UNBUILT_FACILITY
USA_CSV0000000000033847__12.csv,USA_CSV0000000000034882__26.csv,LANE_WIDTH,LANE_WIDTH
USA_CSV0000000000033847__12.csv,USA_CSV0000000000033847__17.csv,LANE_WIDTH,LANE_WIDTH
USA_CSV0000000000033847__12.csv,USA_CSV0000000000033847__17.csv,AT_GRADE_SIGNAL,AT_GRADE_SIGNAL
USA_CSV0000000000033847__12.csv,USA_CSV0000000000034882__14.csv,SHOULDER_WIDTH_R,SHOULDER_WIDTH_R
USA_CSV0000000000033847__12.csv,USA_CSV0000000000037101__16.csv,SHOULDER_WIDTH_R,SHOULDER_WIDTH_R
USA_CSV0000000000033847__12.csv,USA_CSV0000000000034882__12.csv,SHOULDER_WIDTH_R,SHOULDER_WIDTH_R
USA_CSV0000000000033847__12.csv,USA_CSV0000000000033847__17.csv,SHOULDER_WIDTH_R,SHOULDER_WIDTH_R
USA_CSV0000000000033847__12.csv,USA_CSV0000000000034882__26.csv,THROUGH_LANES,THROUGH_LANES
USA_CSV0000000000033847__12.csv,USA_CSV0000000000034882__14.csv,PEAK_PARKING,PEAK_PARKING
USA_CSV0000000000033847__12.csv,USA_CSV0000000000033847__5.csv,YEAR_RECORD,YEAR_RECORD
USA_CSV0000000000033847__12.csv,USA_CSV0000000000034882__26.csv,YEAR_RECORD,YEAR_RECORD
USA_CSV0000000000033847__12.csv,USA_CSV0000000000033847__5.csv,AT_GRADE_SIGNS,AT_GRADE_SIGNS
USA_CSV0000000000033847__12.csv,USA_CSV0000000000037101__3.csv,AT_GRADE_SIGNS,AT_GRADE_SIGNS
USA_CSV0000000000033847__12.csv,USA_CSV0000000000033847__4.csv,AT_GRADE_SIGNS,AT_GRADE_SIGNS
USA_CSV0000000000034882__26.csv,USA_CSV0000000000034882__29.csv,STD_VOLUME_GROUP,STD_VOLUME_GROUP
USA_CSV0000000000034882__29.csv,USA_CSV0000000000037101__3.csv,STD_VOLUME_GROUP,STD_VOLUME_GROUP
USA_CSV0000000000034882__14.csv,USA_CSV0000000000034882__29.csv,STD_VOLUME_GROUP,STD_VOLUME_GROUP
USA_CSV0000000000034882__29.csv,USA_CSV0000000000037101__16.csv,STD_VOLUME_GROUP,STD_VOLUME_GROUP
USA_CSV0000000000034882__26.csv,USA_CSV0000000000034882__29.csv,PAVEMENT_TYPE,PAVEMENT_TYPE
USA_CSV0000000000034882__14.csv,USA_CSV0000000000034882__29.csv,PAVEMENT_TYPE,PAVEMENT_TYPE
USA_CSV0000000000034882__29.csv,USA_CSV0000000000037101__3.csv,ACCESS_CONTROL,ACCESS_CONTROL
USA_CSV0000000000034882__26.csv,USA_CSV0000000000034882__29.csv,ACCESS_CONTROL,ACCESS_CONTROL
USA_CSV0000000000034882__14.csv,USA_CSV0000000000034882__29.csv,ACCESS_CONTROL,ACCESS_CONTROL
USA_CSV0000000000033847__5.csv,USA_CSV0000000000034882__29.csv,VERT_ALIGN,VERT_ALIGN
USA_CSV0000000000034882__29.csv,USA_CSV0000000000037101__3.csv,VERT_ALIGN,VERT_ALIGN
USA_CSV0000000000034882__26.csv,USA_CSV0000000000034882__29.csv,VERT_ALIGN,VERT_ALIGN
USA_CSV0000000000034882__29.csv,USA_CSV0000000000037101__3.csv,IS_GROUPED,IS_GROUPED
USA_CSV0000000000034882__26.csv,USA_CSV0000000000034882__29.csv,IS_GROUPED,IS_GROUPED
USA_CSV0000000000034882__14.csv,USA_CSV0000000000034882__29.csv,IS_GROUPED,IS_GROUPED
USA_CSV0000000000034882__26.csv,USA_CSV0000000000034882__29.csv,UNBUILT_FACILITY,UNBUILT_FACILITY
UK_CSV0000000000003896__13.csv,UK_CSV0000000000006676__9.csv,Revision Flag,Revision Flag
UK_CSV0000000000003896__3.csv,UK_CSV0000000000006676__9.csv,Revision Flag,Revision Flag
UK_CSV0000000000003896__8.csv,UK_CSV0000000000006676__9.csv,Post-Op Q Wound,Post-Op Q Wound
UK_CSV0000000000002010__6.csv,UK_CSV0000000000006676__9.csv,Post-Op Q Wound,Post-Op Q Wound
UK_CSV0000000000003896__3.csv,UK_CSV0000000000006676__9.csv,Post-Op Q Wound,Post-Op Q Wound
UK_CSV0000000000003896__8.csv,UK_CSV0000000000006676__9.csv,Post-Op Q Self-Care,Post-Op Q Self-Care
UK_CSV0000000000006676__2.csv,UK_CSV0000000000006676__9.csv,Post-Op Q Self-Care,Post-Op Q Self-Care
UK_CSV0000000000003896__3.csv,UK_CSV0000000000006676__9.csv,Post-Op Q Self-Care,Post-Op Q Self-Care
UK_CSV0000000000003896__13.csv,UK_CSV0000000000006676__9.csv,Provider Code,Provider Code
UK_CSV0000000000002010__6.csv,UK_CSV0000000000006676__9.csv,Provider Code,Provider Code
USA_CSV0000000000034882__13.csv,USA_CSV0000000000034882__26.csv,UNBUILT_FACILITY,UNBUILT_FACILITY
USA_CSV0000000000034882__13.csv,USA_CSV0000000000034882__14.csv,UNBUILT_FACILITY,UNBUILT_FACILITY
USA_CSV0000000000034882__13.csv,USA_CSV0000000000037101__3.csv,PERC_SINGLE_UNIT,PERC_SINGLE_UNIT
USA_CSV0000000000034882__13.csv,USA_CSV0000000000034882__14.csv,PERC_SINGLE_UNIT,PERC_SINGLE_UNIT
USA_CSV0000000000034882__12.csv,USA_CSV0000000000034882__13.csv,PERC_SINGLE_UNIT,PERC_SINGLE_UNIT
USA_CSV0000000000033847__17.csv,USA_CSV0000000000034882__13.csv,PERC_SINGLE_UNIT,PERC_SINGLE_UNIT
USA_CSV0000000000033847__14.csv,USA_CSV0000000000034882__13.csv,PERC_SINGLE_UNIT,PERC_SINGLE_UNIT
USA_CSV0000000000033847__5.csv,USA_CSV0000000000034882__13.csv,SHOULDER_WIDTH_L,SHOULDER_WIDTH_L
USA_CSV0000000000034882__13.csv,USA_CSV0000000000037101__3.csv,SHOULDER_WIDTH_L,SHOULDER_WIDTH_L
USA_CSV0000000000034882__13.csv,USA_CSV0000000000034882__14.csv,SHOULDER_WIDTH_L,SHOULDER_WIDTH_L
USA_CSV0000000000034882__13.csv,USA_CSV0000000000037101__3.csv,SECTION_ID,SECTION_ID
USA_CSV0000000000034882__13.csv,USA_CSV0000000000034882__14.csv,SECTION_ID,SECTION_ID
USA_CSV0000000000034882__13.csv,USA_CSV0000000000034882__14.csv,SHOULDER_WIDTH_R,SHOULDER_WIDTH_R
USA_CSV0000000000034882__13.csv,USA_CSV0000000000037101__16.csv,SHOULDER_WIDTH_R,SHOULDER_WIDTH_R
USA_CSV0000000000034882__13.csv,USA_CSV0000000000034882__14.csv,PEAK_PARKING,PEAK_PARKING
USA_CSV0000000000034882__13.csv,USA_CSV0000000000034882__26.csv,STD_VOLUME_GROUP,STD_VOLUME_GROUP
USA_CSV0000000000034882__13.csv,USA_CSV0000000000037101__3.csv,STD_VOLUME_GROUP,STD_VOLUME_GROUP
USA_CSV0000000000034882__13.csv,USA_CSV0000000000034882__14.csv,STD_VOLUME_GROUP,STD_VOLUME_GROUP
USA_CSV0000000000034882__13.csv,USA_CSV0000000000037101__16.csv,STD_VOLUME_GROUP,STD_VOLUME_GROUP
USA_CSV0000000000034882__13.csv,USA_CSV0000000000034882__26.csv,PAVEMENT_TYPE,PAVEMENT_TYPE
USA_CSV0000000000034882__13.csv,USA_CSV0000000000034882__14.csv,PAVEMENT_TYPE,PAVEMENT_TYPE
USA_CSV0000000000034882__12.csv,USA_CSV0000000000034882__13.csv,PAVEMENT_TYPE,PAVEMENT_TYPE
USA_CSV0000000000034882__13.csv,USA_CSV0000000000037101__3.csv,ACCESS_CONTROL,ACCESS_CONTROL
USA_CSV0000000000034882__13.csv,USA_CSV0000000000034882__26.csv,ACCESS_CONTROL,ACCESS_CONTROL
USA_CSV0000000000034882__13.csv,USA_CSV0000000000034882__14.csv,ACCESS_CONTROL,ACCESS_CONTROL
USA_CSV0000000000033847__5.csv,USA_CSV0000000000034882__13.csv,URBAN_CODE,URBAN_CODE
USA_CSV0000000000034882__13.csv,USA_CSV0000000000037101__3.csv,URBAN_CODE,URBAN_CODE
USA_CSV0000000000034882__13.csv,USA_CSV0000000000034882__14.csv,URBAN_CODE,URBAN_CODE
USA_CSV0000000000033847__4.csv,USA_CSV0000000000034882__13.csv,URBAN_CODE,URBAN_CODE
USA_CSV0000000000034882__12.csv,USA_CSV0000000000034882__13.csv,URBAN_CODE,URBAN_CODE
USA_CSV0000000000033847__5.csv,USA_CSV0000000000034882__13.csv,VERT_ALIGN,VERT_ALIGN
USA_CSV0000000000034882__13.csv,USA_CSV0000000000037101__3.csv,VERT_ALIGN,VERT_ALIGN
USA_CSV0000000000034882__13.csv,USA_CSV0000000000034882__26.csv,VERT_ALIGN,VERT_ALIGN
USA_CSV0000000000034882__13.csv,USA_CSV0000000000037101__3.csv,ROUTE_QUALIFIER,ROUTE_QUALIFIER
USA_CSV0000000000034882__13.csv,USA_CSV0000000000034882__14.csv,ROUTE_QUALIFIER,ROUTE_QUALIFIER
USA_CSV0000000000034882__12.csv,USA_CSV0000000000034882__13.csv,ROUTE_QUALIFIER,ROUTE_QUALIFIER
USA_CSV0000000000034882__13.csv,USA_CSV0000000000037101__20.csv,TRUCK_ROUTE,TRUCK_ROUTE
USA_CSV0000000000034882__13.csv,USA_CSV0000000000037101__3.csv,TRUCK_ROUTE,TRUCK_ROUTE
USA_CSV0000000000034882__26.csv,USA_CSV0000000000034882__29.csv,DIR_FACTOR,DIR_FACTOR
USA_CSV0000000000034882__29.csv,USA_CSV0000000000037101__16.csv,DIR_FACTOR,DIR_FACTOR
USA_CSV0000000000034882__22.csv,USA_CSV0000000000034882__29.csv,DIR_FACTOR,DIR_FACTOR
USA_CSV0000000000034882__26.csv,USA_CSV0000000000034882__29.csv,AVG_COMBINATION,AVG_COMBINATION
USA_CSV0000000000034882__29.csv,USA_CSV0000000000037101__20.csv,AVG_COMBINATION,AVG_COMBINATION
USA_CSV0000000000034882__29.csv,USA_CSV0000000000037101__3.csv,AVG_COMBINATION,AVG_COMBINATION
USA_CSV0000000000033847__5.csv,USA_CSV0000000000034882__29.csv,SPECIAL_SYSTEMS,SPECIAL_SYSTEMS
USA_CSV0000000000034882__26.csv,USA_CSV0000000000034882__29.csv,SPECIAL_SYSTEMS,SPECIAL_SYSTEMS
USA_CSV0000000000033847__4.csv,USA_CSV0000000000033847__5.csv,SAMPLING_TECH,SAMPLING_TECH
USA_CSV0000000000033847__4.csv,USA_CSV0000000000037101__16.csv,SAMPLING_TECH,SAMPLING_TECH
USA_CSV0000000000033847__4.csv,USA_CSV0000000000034882__9.csv,SAMPLING_TECH,SAMPLING_TECH
USA_CSV0000000000033847__4.csv,USA_CSV0000000000033847__5.csv,YEAR_RECORD,YEAR_RECORD
USA_CSV0000000000033847__4.csv,USA_CSV0000000000034882__26.csv,YEAR_RECORD,YEAR_RECORD
USA_CSV0000000000034882__26.csv,USA_CSV0000000000034882__29.csv,LANE_WIDTH,LANE_WIDTH
USA_CSV0000000000034882__26.csv,USA_CSV0000000000034882__29.csv,INTER_ROUTE_NUMBER,INTER_ROUTE_NUMBER
USA_CSV0000000000033847__17.csv,USA_CSV0000000000034882__29.csv,INTER_ROUTE_NUMBER,INTER_ROUTE_NUMBER
USA_CSV0000000000034882__26.csv,USA_CSV0000000000034882__29.csv,PERC_GREEN,PERC_GREEN
USA_CSV0000000000034882__29.csv,USA_CSV0000000000037101__3.csv,PERC_GREEN,PERC_GREEN
USA_CSV0000000000034882__26.csv,USA_CSV0000000000034882__29.csv,MEDIAN_WIDTH,MEDIAN_WIDTH
USA_CSV0000000000034882__29.csv,USA_CSV0000000000037101__27.csv,MEDIAN_WIDTH,MEDIAN_WIDTH
USA_CSV0000000000034882__25.csv,USA_CSV0000000000034882__29.csv,MEDIAN_WIDTH,MEDIAN_WIDTH
CAN_CSV0000000000027349__20.csv,CAN_CSV0000000000027349__23.csv,PCPN_AMT_PST6HRS,PCPN_AMT_PST6HRS
CAN_CSV0000000000027349__20.csv,CAN_CSV0000000000027349__21.csv,PCPN_AMT_PST6HRS,PCPN_AMT_PST6HRS
CAN_CSV0000000000027349__20.csv,CAN_CSV0000000000027349__23.csv,AVG_REL_HUM_PST1MT,AVG_REL_HUM_PST1MT
CAN_CSV0000000000001487__35.csv,CAN_CSV0000000000027349__20.csv,AVG_REL_HUM_PST1MT,AVG_REL_HUM_PST1MT
CAN_CSV0000000000001487__9.csv,CAN_CSV0000000000027349__20.csv,AVG_REL_HUM_PST1MT,AVG_REL_HUM_PST1MT
CAN_CSV0000000000001487__25.csv,CAN_CSV0000000000027349__20.csv,AVG_REL_HUM_PST1MT,AVG_REL_HUM_PST1MT
CAN_CSV0000000000027349__20.csv,CAN_CSV0000000000027349__21.csv,AVG_REL_HUM_PST1MT,AVG_REL_HUM_PST1MT
CAN_CSV0000000000001487__28.csv,CAN_CSV0000000000027349__20.csv,AVG_REL_HUM_PST1MT,AVG_REL_HUM_PST1MT
CAN_CSV0000000000027349__20.csv,CAN_CSV0000000000027349__23.csv,LTNG_DIS_RMK,LTNG_DIS_RMK
CAN_CSV0000000000027349__20.csv,CAN_CSV0000000000027354__6.csv,LTNG_DIS_RMK,LTNG_DIS_RMK
CAN_CSV0000000000027349__20.csv,CAN_CSV0000000000027349__21.csv,LTNG_DIS_RMK,LTNG_DIS_RMK
CAN_CSV0000000000027349__20.csv,CAN_CSV0000000000027349__23.csv,OBS_DATETIME_UTC,OBS_DATETIME_UTC
CAN_CSV0000000000027346__12.csv,CAN_CSV0000000000027349__20.csv,OBS_DATETIME_UTC,OBS_DATETIME_UTC
CAN_CSV0000000000027349__20.csv,CAN_CSV0000000000027354__6.csv,OBS_DATETIME_UTC,OBS_DATETIME_UTC
CAN_CSV0000000000027349__20.csv,CAN_CSV0000000000027349__21.csv,OBS_DATETIME_UTC,OBS_DATETIME_UTC
CAN_CSV0000000000027346__14.csv,CAN_CSV0000000000027349__20.csv,OBS_DATETIME_UTC,OBS_DATETIME_UTC
CAN_CSV0000000000027349__20.csv,CAN_CSV0000000000027349__23.csv,AVG_VIS_PST1MT,AVG_VIS_PST1MT
CAN_CSV0000000000001487__25.csv,CAN_CSV0000000000027349__20.csv,AVG_VIS_PST1MT,AVG_VIS_PST1MT
CAN_CSV0000000000027349__20.csv,CAN_CSV0000000000027349__21.csv,AVG_VIS_PST1MT,AVG_VIS_PST1MT
CAN_CSV0000000000001487__28.csv,CAN_CSV0000000000027349__20.csv,AVG_VIS_PST1MT,AVG_VIS_PST1MT
USA_CSV0000000000033847__12.csv,USA_CSV0000000000033847__5.csv,SHOULDER_WIDTH_L,SHOULDER_WIDTH_L
USA_CSV0000000000033847__12.csv,USA_CSV0000000000037101__3.csv,SHOULDER_WIDTH_L,SHOULDER_WIDTH_L
USA_CSV0000000000033847__12.csv,USA_CSV0000000000034882__14.csv,SHOULDER_WIDTH_L,SHOULDER_WIDTH_L
USA_CSV0000000000033847__12.csv,USA_CSV0000000000034882__26.csv,TYPE_FACILITY,TYPE_FACILITY
USA_CSV0000000000033847__12.csv,USA_CSV0000000000037101__16.csv,TYPE_FACILITY,TYPE_FACILITY
USA_CSV0000000000033847__12.csv,USA_CSV0000000000033847__17.csv,TYPE_FACILITY,TYPE_FACILITY
USA_CSV0000000000033847__12.csv,USA_CSV0000000000037101__3.csv,SECTION_ID,SECTION_ID
USA_CSV0000000000033847__12.csv,USA_CSV0000000000034882__14.csv,SECTION_ID,SECTION_ID
USA_CSV0000000000033847__12.csv,USA_CSV0000000000034882__12.csv,SECTION_ID,SECTION_ID
USA_CSV0000000000033847__12.csv,USA_CSV0000000000037101__16.csv,RURAL_URBAN,RURAL_URBAN
USA_CSV0000000000033847__12.csv,USA_CSV0000000000034882__22.csv,RURAL_URBAN,RURAL_URBAN
USA_CSV0000000000033847__12.csv,USA_CSV0000000000037101__20.csv,COUNTY_CODE,COUNTY_CODE
USA_CSV0000000000033847__12.csv,USA_CSV0000000000037101__3.csv,COUNTY_CODE,COUNTY_CODE
USA_CSV0000000000033847__12.csv,USA_CSV0000000000037101__16.csv,COUNTY_CODE,COUNTY_CODE
UK_CSV0000000000002010__6.csv,UK_CSV0000000000006676__2.csv,Pre-Op Q Disability,Pre-Op Q Disability
UK_CSV0000000000002010__9.csv,UK_CSV0000000000006676__2.csv,Pre-Op Q Disability,Pre-Op Q Disability
UK_CSV0000000000006676__2.csv,UK_CSV0000000000006676__34.csv,Pre-Op Q Disability,Pre-Op Q Disability
UK_CSV0000000000002010__8.csv,UK_CSV0000000000006676__2.csv,Pre-Op Q Disability,Pre-Op Q Disability
UK_CSV0000000000002010__10.csv,UK_CSV0000000000006676__2.csv,Pre-Op Q Disability,Pre-Op Q Disability
UK_CSV0000000000002010__30.csv,UK_CSV0000000000006676__2.csv,Pre-Op Q Disability,Pre-Op Q Disability
CAN_CSV0000000000027349__20.csv,CAN_CSV0000000000027349__23.csv,DNSTY_ALTD,DNSTY_ALTD
CAN_CSV0000000000001487__35.csv,CAN_CSV0000000000027349__20.csv,DNSTY_ALTD,DNSTY_ALTD
CAN_CSV0000000000001487__25.csv,CAN_CSV0000000000027349__20.csv,DNSTY_ALTD,DNSTY_ALTD
CAN_CSV0000000000027349__20.csv,CAN_CSV0000000000027349__21.csv,DNSTY_ALTD,DNSTY_ALTD
CAN_CSV0000000000001487__26.csv,CAN_CSV0000000000027349__23.csv,DATA_ATTRIB_NOT,DATA_ATTRIB_NOT
CAN_CSV0000000000001487__26.csv,CAN_CSV0000000000027349__20.csv,DATA_ATTRIB_NOT,DATA_ATTRIB_NOT
CAN_CSV0000000000001487__25.csv,CAN_CSV0000000000001487__26.csv,DATA_ATTRIB_NOT,DATA_ATTRIB_NOT
CAN_CSV0000000000001487__26.csv,CAN_CSV0000000000027354__6.csv,DATA_ATTRIB_NOT,DATA_ATTRIB_NOT
CAN_CSV0000000000001487__26.csv,CAN_CSV0000000000027349__21.csv,DATA_ATTRIB_NOT,DATA_ATTRIB_NOT
CAN_CSV0000000000001487__26.csv,CAN_CSV0000000000027353__2.csv,DATA_ATTRIB_NOT,DATA_ATTRIB_NOT
CAN_CSV0000000000001487__26.csv,CAN_CSV0000000000001487__28.csv,DATA_ATTRIB_NOT,DATA_ATTRIB_NOT
CAN_CSV0000000000001487__25.csv,CAN_CSV0000000000001487__26.csv,AVG_VIS_PST10MTS_QA,AVG_VIS_PST10MTS_QA
CAN_CSV0000000000001487__26.csv,CAN_CSV0000000000027346__14.csv,AVG_VIS_PST10MTS_QA,AVG_VIS_PST10MTS_QA
CAN_CSV0000000000001487__26.csv,CAN_CSV0000000000001487__28.csv,AVG_VIS_PST10MTS_QA,AVG_VIS_PST10MTS_QA
CAN_CSV0000000000001487__26.csv,CAN_CSV0000000000001487__29.csv,AVG_VIS_PST10MTS_QA,AVG_VIS_PST10MTS_QA
CAN_CSV0000000000001487__26.csv,CAN_CSV0000000000027346__35.csv,AVG_VIS_PST10MTS_QA,AVG_VIS_PST10MTS_QA
CAN_CSV0000000000001487__24.csv,CAN_CSV0000000000001487__26.csv,AVG_VIS_PST10MTS_QA,AVG_VIS_PST10MTS_QA
CAN_CSV0000000000001487__26.csv,CAN_CSV0000000000027346__12.csv,AVG_VIS_PST10MTS_QA,AVG_VIS_PST10MTS_QA
CAN_CSV0000000000001487__26.csv,CAN_CSV0000000000027349__23.csv,AVG_REL_HUM_PST1MT,AVG_REL_HUM_PST1MT
CAN_CSV0000000000001487__26.csv,CAN_CSV0000000000001487__35.csv,AVG_REL_HUM_PST1MT,AVG_REL_HUM_PST1MT
CAN_CSV0000000000001487__26.csv,CAN_CSV0000000000001487__9.csv,AVG_REL_HUM_PST1MT,AVG_REL_HUM_PST1MT
CAN_CSV0000000000001487__26.csv,CAN_CSV0000000000027349__20.csv,AVG_REL_HUM_PST1MT,AVG_REL_HUM_PST1MT
CAN_CSV0000000000001487__25.csv,CAN_CSV0000000000001487__26.csv,AVG_REL_HUM_PST1MT,AVG_REL_HUM_PST1MT
CAN_CSV0000000000001487__26.csv,CAN_CSV0000000000027349__21.csv,AVG_REL_HUM_PST1MT,AVG_REL_HUM_PST1MT
CAN_CSV0000000000001487__26.csv,CAN_CSV0000000000001487__28.csv,AVG_REL_HUM_PST1MT,AVG_REL_HUM_PST1MT
CAN_CSV0000000000001487__26.csv,CAN_CSV0000000000001487__34.csv,AVG_REL_HUM_PST1MT,AVG_REL_HUM_PST1MT
CAN_CSV0000000000001487__26.csv,CAN_CSV0000000000001487__35.csv,PCPN_AMT_PST1MT_QA,PCPN_AMT_PST1MT_QA
CAN_CSV0000000000001487__25.csv,CAN_CSV0000000000001487__26.csv,PCPN_AMT_PST1MT_QA,PCPN_AMT_PST1MT_QA
CAN_CSV0000000000001487__26.csv,CAN_CSV0000000000001487__28.csv,PCPN_AMT_PST1MT_QA,PCPN_AMT_PST1MT_QA
CAN_CSV0000000000001487__26.csv,CAN_CSV0000000000001487__34.csv,PCPN_AMT_PST1MT_QA,PCPN_AMT_PST1MT_QA
CAN_CSV0000000000001487__26.csv,CAN_CSV0000000000001487__31.csv,PCPN_AMT_PST1MT_QA,PCPN_AMT_PST1MT_QA
CAN_CSV0000000000001487__26.csv,CAN_CSV0000000000001487__29.csv,PCPN_AMT_PST1MT_QA,PCPN_AMT_PST1MT_QA
CAN_CSV0000000000001487__26.csv,CAN_CSV0000000000027346__35.csv,PCPN_AMT_PST1MT_QA,PCPN_AMT_PST1MT_QA
CAN_CSV0000000000001487__24.csv,CAN_CSV0000000000001487__26.csv,PCPN_AMT_PST1MT_QA,PCPN_AMT_PST1MT_QA
CAN_CSV0000000000001487__26.csv,CAN_CSV0000000000027349__23.csv,AVG_VIS_PST1MT,AVG_VIS_PST1MT
CAN_CSV0000000000001487__26.csv,CAN_CSV0000000000027349__20.csv,AVG_VIS_PST1MT,AVG_VIS_PST1MT
CAN_CSV0000000000001487__25.csv,CAN_CSV0000000000001487__26.csv,AVG_VIS_PST1MT,AVG_VIS_PST1MT
CAN_CSV0000000000001487__26.csv,CAN_CSV0000000000027349__21.csv,AVG_VIS_PST1MT,AVG_VIS_PST1MT
CAN_CSV0000000000001487__26.csv,CAN_CSV0000000000001487__28.csv,AVG_VIS_PST1MT,AVG_VIS_PST1MT
CAN_CSV0000000000001487__9.csv,CAN_CSV0000000000027346__32.csv,AVG_MSLP_PST1MT_QA,AVG_MSLP_PST1MT_QA
CAN_CSV0000000000001487__8.csv,CAN_CSV0000000000027346__32.csv,AVG_MSLP_PST1MT_QA,AVG_MSLP_PST1MT_QA
CAN_CSV0000000000001487__10.csv,CAN_CSV0000000000027346__32.csv,AVG_MSLP_PST1MT_QA,AVG_MSLP_PST1MT_QA
CAN_CSV0000000000001487__20.csv,CAN_CSV0000000000027346__32.csv,AVG_MSLP_PST1MT_QA,AVG_MSLP_PST1MT_QA
CAN_CSV0000000000027346__32.csv,CAN_CSV0000000000027354__2.csv,AVG_STN_PRES_PST1MT,AVG_STN_PRES_PST1MT
CAN_CSV0000000000027346__14.csv,CAN_CSV0000000000027346__32.csv,AVG_STN_PRES_PST1MT,AVG_STN_PRES_PST1MT
CAN_CSV0000000000027346__32.csv,CAN_CSV0000000000027353__2.csv,AVG_STN_PRES_PST1MT,AVG_STN_PRES_PST1MT
CAN_CSV0000000000027346__32.csv,CAN_CSV0000000000027349__23.csv,LTNG_DIS_RMK,LTNG_DIS_RMK
CAN_CSV0000000000027346__32.csv,CAN_CSV0000000000027349__20.csv,LTNG_DIS_RMK,LTNG_DIS_RMK
CAN_CSV0000000000027346__32.csv,CAN_CSV0000000000027354__6.csv,LTNG_DIS_RMK,LTNG_DIS_RMK
CAN_CSV0000000000027346__32.csv,CAN_CSV0000000000027349__21.csv,LTNG_DIS_RMK,LTNG_DIS_RMK
CAN_CSV0000000000027346__32.csv,CAN_CSV0000000000027354__6.csv,MIN_AIR_TEMP_PST1HR,MIN_AIR_TEMP_PST1HR
CAN_CSV0000000000027346__14.csv,CAN_CSV0000000000027346__32.csv,MIN_AIR_TEMP_PST1HR,MIN_AIR_TEMP_PST1HR
CAN_CSV0000000000027346__32.csv,CAN_CSV0000000000027353__2.csv,MIN_AIR_TEMP_PST1HR,MIN_AIR_TEMP_PST1HR
CAN_CSV0000000000027346__32.csv,CAN_CSV0000000000027355__11.csv,MIN_AIR_TEMP_PST1HR,MIN_AIR_TEMP_PST1HR
CAN_CSV0000000000001487__25.csv,CAN_CSV0000000000027346__32.csv,ALTMETR_SETNG,ALTMETR_SETNG
CAN_CSV0000000000001487__28.csv,CAN_CSV0000000000027346__32.csv,ALTMETR_SETNG,ALTMETR_SETNG
CAN_CSV0000000000001487__9.csv,CAN_CSV0000000000027346__32.csv,AVG_VIS_PST10MTS,AVG_VIS_PST10MTS
CAN_CSV0000000000001487__25.csv,CAN_CSV0000000000027346__32.csv,AVG_VIS_PST10MTS,AVG_VIS_PST10MTS
CAN_CSV0000000000027346__32.csv,CAN_CSV0000000000027353__2.csv,AVG_VIS_PST10MTS,AVG_VIS_PST10MTS
CAN_CSV0000000000001487__28.csv,CAN_CSV0000000000027346__32.csv,AVG_VIS_PST10MTS,AVG_VIS_PST10MTS
CAN_CSV0000000000001724__8.csv,CAN_CSV0000000000001787__6.csv,Province/Canada,Province/Canada
CAN_CSV0000000000001787__6.csv,CAN_CSV0000000000001797__36.csv,Province/Canada,Province/Canada
CAN_CSV0000000000001787__5.csv,CAN_CSV0000000000001787__6.csv,Province/Canada,Province/Canada
USA_CSV0000000000033847__14.csv,USA_CSV0000000000037101__3.csv,TURN_LANES_R,TURN_LANES_R
USA_CSV0000000000033847__14.csv,USA_CSV0000000000034882__22.csv,TURN_LANES_R,TURN_LANES_R
USA_CSV0000000000033847__14.csv,USA_CSV0000000000037101__3.csv,PERC_SINGLE_UNIT,PERC_SINGLE_UNIT
USA_CSV0000000000033847__14.csv,USA_CSV0000000000034882__14.csv,PERC_SINGLE_UNIT,PERC_SINGLE_UNIT
USA_CSV0000000000033847__14.csv,USA_CSV0000000000034882__12.csv,PERC_SINGLE_UNIT,PERC_SINGLE_UNIT
USA_CSV0000000000033847__14.csv,USA_CSV0000000000033847__17.csv,PERC_SINGLE_UNIT,PERC_SINGLE_UNIT
USA_CSV0000000000033847__14.csv,USA_CSV0000000000033847__5.csv,SHOULDER_WIDTH_L,SHOULDER_WIDTH_L
USA_CSV0000000000033847__14.csv,USA_CSV0000000000037101__3.csv,SHOULDER_WIDTH_L,SHOULDER_WIDTH_L
USA_CSV0000000000033847__14.csv,USA_CSV0000000000034882__14.csv,SHOULDER_WIDTH_L,SHOULDER_WIDTH_L
USA_CSV0000000000033847__14.csv,USA_CSV0000000000037101__3.csv,SECTION_ID,SECTION_ID
USA_CSV0000000000033847__14.csv,USA_CSV0000000000034882__14.csv,SECTION_ID,SECTION_ID
USA_CSV0000000000033847__14.csv,USA_CSV0000000000034882__12.csv,SECTION_ID,SECTION_ID
USA_CSV0000000000033847__14.csv,USA_CSV0000000000037101__20.csv,COUNTY_CODE,COUNTY_CODE
USA_CSV0000000000033847__14.csv,USA_CSV0000000000037101__3.csv,COUNTY_CODE,COUNTY_CODE
USA_CSV0000000000033847__14.csv,USA_CSV0000000000037101__16.csv,COUNTY_CODE,COUNTY_CODE
USA_CSV0000000000033847__14.csv,USA_CSV0000000000033847__5.csv,AT_GRADE_SIGNS,AT_GRADE_SIGNS
USA_CSV0000000000033847__14.csv,USA_CSV0000000000037101__3.csv,AT_GRADE_SIGNS,AT_GRADE_SIGNS
USA_CSV0000000000033847__14.csv,USA_CSV0000000000033847__4.csv,AT_GRADE_SIGNS,AT_GRADE_SIGNS
UK_CSV0000000000005907__42.csv,UK_CSV0000000000005907__48.csv,qd12_8_other,qd12_8_other
UK_CSV0000000000005907__42.csv,UK_CSV0000000000005907__43.csv,qd12_8_other,qd12_8_other
UK_CSV0000000000005907__42.csv,UK_CSV0000000000005907__46.csv,qd12_8_other,qd12_8_other
CAN_CSV0000000000001487__23.csv,CAN_CSV0000000000001487__25.csv,ALTMETR_SETNG,ALTMETR_SETNG
CAN_CSV0000000000001487__23.csv,CAN_CSV0000000000001487__28.csv,ALTMETR_SETNG,ALTMETR_SETNG
CAN_CSV0000000000001487__23.csv,CAN_CSV0000000000001487__25.csv,PCPN_AMT_PST6HRS_QA,PCPN_AMT_PST6HRS_QA
CAN_CSV0000000000001487__23.csv,CAN_CSV0000000000001487__24.csv,PCPN_AMT_PST6HRS_QA,PCPN_AMT_PST6HRS_QA
CAN_CSV0000000000001487__20.csv,CAN_CSV0000000000001487__23.csv,PCPN_AMT_PST6HRS_QA,PCPN_AMT_PST6HRS_QA
CAN_CSV0000000000001487__23.csv,CAN_CSV0000000000001487__28.csv,PCPN_AMT_PST6HRS_QA,PCPN_AMT_PST6HRS_QA
CAN_CSV0000000000001487__23.csv,CAN_CSV0000000000001487__9.csv,AVG_AIR_TEMP_PST1MT,AVG_AIR_TEMP_PST1MT
CAN_CSV0000000000001487__23.csv,CAN_CSV0000000000001487__25.csv,AVG_AIR_TEMP_PST1MT,AVG_AIR_TEMP_PST1MT
CAN_CSV0000000000001487__23.csv,CAN_CSV0000000000001487__28.csv,AVG_AIR_TEMP_PST1MT,AVG_AIR_TEMP_PST1MT
CAN_CSV0000000000001487__23.csv,CAN_CSV0000000000001487__9.csv,AVG_VIS_PST10MTS,AVG_VIS_PST10MTS
CAN_CSV0000000000001487__23.csv,CAN_CSV0000000000001487__25.csv,AVG_VIS_PST10MTS,AVG_VIS_PST10MTS
CAN_CSV0000000000001487__23.csv,CAN_CSV0000000000027353__2.csv,AVG_VIS_PST10MTS,AVG_VIS_PST10MTS
CAN_CSV0000000000001487__23.csv,CAN_CSV0000000000001487__28.csv,AVG_VIS_PST10MTS,AVG_VIS_PST10MTS
CAN_CSV0000000000001487__23.csv,CAN_CSV0000000000001487__8.csv,AVG_VIS_PST10MTS,AVG_VIS_PST10MTS
CAN_CSV0000000000001724__11.csv,CAN_CSV0000000000001724__8.csv,Province/Canada,Province/Canada
CAN_CSV0000000000001724__11.csv,CAN_CSV0000000000001797__36.csv,Province/Canada,Province/Canada
CAN_CSV0000000000001724__11.csv,CAN_CSV0000000000001787__6.csv,Province/Canada,Province/Canada
CAN_CSV0000000000001724__11.csv,CAN_CSV0000000000001787__5.csv,Province/Canada,Province/Canada
CAN_CSV0000000000001724__11.csv,CAN_CSV0000000000001797__5.csv,RentLocation,RentLocation
CAN_CSV0000000000001724__11.csv,CAN_CSV0000000000001724__45.csv,RentLocation,RentLocation
CAN_CSV0000000000001724__11.csv,CAN_CSV0000000000001797__43.csv,RentLocation,RentLocation
UK_CSV0000000000002010__6.csv,UK_CSV0000000000002010__9.csv,Pre-Op Q Assisted,Pre-Op Q Assisted
UK_CSV0000000000002010__6.csv,UK_CSV0000000000006676__34.csv,Pre-Op Q Assisted,Pre-Op Q Assisted
UK_CSV0000000000002010__6.csv,UK_CSV0000000000002010__8.csv,Pre-Op Q Assisted,Pre-Op Q Assisted
UK_CSV0000000000002010__6.csv,UK_CSV0000000000003896__13.csv,Provider Code,Provider Code
UK_CSV0000000000002010__6.csv,UK_CSV0000000000003896__3.csv,Provider Code,Provider Code
CAN_CSV0000000000001724__8.csv,CAN_CSV0000000000001787__2.csv,Province/Canada,Province/Canada
CAN_CSV0000000000001787__2.csv,CAN_CSV0000000000001797__36.csv,Province/Canada,Province/Canada
CAN_CSV0000000000001787__2.csv,CAN_CSV0000000000001787__6.csv,Province/Canada,Province/Canada
CAN_CSV0000000000001787__2.csv,CAN_CSV0000000000001787__5.csv,Province/Canada,Province/Canada
CAN_CSV0000000000001787__0.csv,CAN_CSV0000000000001787__2.csv,Province/Canada,Province/Canada
CAN_CSV0000000000001787__2.csv,CAN_CSV0000000000001797__21.csv,Province/Canada,Province/Canada
CAN_CSV0000000000001797__0.csv,CAN_CSV0000000000001797__5.csv,RentLocation,RentLocation
CAN_CSV0000000000001724__45.csv,CAN_CSV0000000000001797__0.csv,RentLocation,RentLocation
CAN_CSV0000000000001797__0.csv,CAN_CSV0000000000001797__43.csv,RentLocation,RentLocation
USA_CSV0000000000035902__16.csv,USA_CSV0000000000035902__34.csv,TYPE OF IMPROVEMENT,TYPE OF IMPROVEMENT
USA_CSV0000000000035902__16.csv,USA_CSV0000000000035902__20.csv,TYPE OF IMPROVEMENT,TYPE OF IMPROVEMENT
USA_CSV0000000000035902__15.csv,USA_CSV0000000000035902__16.csv,PEAK CAPACITY,PEAK CAPACITY
USA_CSV0000000000035902__16.csv,USA_CSV0000000000035902__18.csv,PEAK CAPACITY,PEAK CAPACITY
USA_CSV0000000000035902__16.csv,USA_CSV0000000000035902__20.csv,PEAK CAPACITY,PEAK CAPACITY
USA_CSV0000000000035902__16.csv,USA_CSV0000000000035902__17.csv,PEAK CAPACITY,PEAK CAPACITY
USA_CSV0000000000035902__15.csv,USA_CSV0000000000035902__16.csv,RIGHT OF WAY WIDTH,RIGHT OF WAY WIDTH
USA_CSV0000000000035902__16.csv,USA_CSV0000000000035902__20.csv,RIGHT OF WAY WIDTH,RIGHT OF WAY WIDTH
USA_CSV0000000000035902__16.csv,USA_CSV0000000000035902__18.csv,RIGHT OF WAY WIDTH,RIGHT OF WAY WIDTH
USA_CSV0000000000035902__16.csv,USA_CSV0000000000035902__17.csv,RIGHT OF WAY WIDTH,RIGHT OF WAY WIDTH
UK_CSV0000000000003896__3.csv,UK_CSV0000000000006676__2.csv,Post-Op Q Self-Care,Post-Op Q Self-Care
UK_CSV0000000000003896__3.csv,UK_CSV0000000000006676__2.csv,Pre-Op Q EQ5D Index,Pre-Op Q EQ5D Index
UK_CSV0000000000005907__43.csv,UK_CSV0000000000005907__48.csv,qd12_8_other,qd12_8_other
UK_CSV0000000000005907__42.csv,UK_CSV0000000000005907__48.csv,qd12_8_other,qd12_8_other
UK_CSV0000000000005907__46.csv,UK_CSV0000000000005907__48.csv,qd12_8_other,qd12_8_other
CAN_CSV0000000000001487__9.csv,CAN_CSV0000000000027349__23.csv,DATA_PAYLOAD_URI,DATA_PAYLOAD_URI
CAN_CSV0000000000001487__9.csv,CAN_CSV0000000000027349__20.csv,DATA_PAYLOAD_URI,DATA_PAYLOAD_URI
CAN_CSV0000000000001487__25.csv,CAN_CSV0000000000001487__9.csv,DATA_PAYLOAD_URI,DATA_PAYLOAD_URI
CAN_CSV0000000000001487__9.csv,CAN_CSV0000000000027349__21.csv,DATA_PAYLOAD_URI,DATA_PAYLOAD_URI
CAN_CSV0000000000001487__9.csv,CAN_CSV0000000000027353__2.csv,DATA_PAYLOAD_URI,DATA_PAYLOAD_URI
CAN_CSV0000000000001487__9.csv,CAN_CSV0000000000027355__11.csv,DATA_PAYLOAD_URI,DATA_PAYLOAD_URI
CAN_CSV0000000000001487__28.csv,CAN_CSV0000000000001487__9.csv,DATA_PAYLOAD_URI,DATA_PAYLOAD_URI
CAN_CSV0000000000001487__9.csv,CAN_CSV0000000000027349__23.csv,PCPN_AMT_PST1MT,PCPN_AMT_PST1MT
CAN_CSV0000000000001487__9.csv,CAN_CSV0000000000027349__20.csv,PCPN_AMT_PST1MT,PCPN_AMT_PST1MT
CAN_CSV0000000000001487__9.csv,CAN_CSV0000000000027349__21.csv,PCPN_AMT_PST1MT,PCPN_AMT_PST1MT
CAN_CSV0000000000001487__9.csv,CAN_CSV0000000000027355__11.csv,PCPN_AMT_PST1MT,PCPN_AMT_PST1MT
CAN_CSV0000000000001487__8.csv,CAN_CSV0000000000001487__9.csv,PCPN_AMT_PST1MT,PCPN_AMT_PST1MT
CAN_CSV0000000000001487__25.csv,CAN_CSV0000000000001487__9.csv,AVG_AIR_TEMP_PST1MT,AVG_AIR_TEMP_PST1MT
CAN_CSV0000000000001487__28.csv,CAN_CSV0000000000001487__9.csv,AVG_AIR_TEMP_PST1MT,AVG_AIR_TEMP_PST1MT
CAN_CSV0000000000001487__25.csv,CAN_CSV0000000000001487__9.csv,CLD_BAS_HGT_1,CLD_BAS_HGT_1
CAN_CSV0000000000001487__28.csv,CAN_CSV0000000000001487__9.csv,CLD_BAS_HGT_1,CLD_BAS_HGT_1
CAN_CSV0000000000001487__8.csv,CAN_CSV0000000000001487__9.csv,CLD_BAS_HGT_1,CLD_BAS_HGT_1
CAN_CSV0000000000001487__26.csv,CAN_CSV0000000000001487__9.csv,CLD_BAS_HGT_1,CLD_BAS_HGT_1
CAN_CSV0000000000001487__9.csv,CAN_CSV0000000000027355__20.csv,CLD_BAS_HGT_1,CLD_BAS_HGT_1
CAN_CSV0000000000001487__10.csv,CAN_CSV0000000000001487__9.csv,CLD_BAS_HGT_1,CLD_BAS_HGT_1
CAN_CSV0000000000001487__35.csv,CAN_CSV0000000000001487__9.csv,CLD_AMT_CODE_1,CLD_AMT_CODE_1
CAN_CSV0000000000001487__9.csv,CAN_CSV0000000000027353__2.csv,CLD_AMT_CODE_1,CLD_AMT_CODE_1
CAN_CSV0000000000001487__9.csv,CAN_CSV0000000000027355__11.csv,CLD_AMT_CODE_1,CLD_AMT_CODE_1
CAN_CSV0000000000001487__34.csv,CAN_CSV0000000000001487__9.csv,CLD_AMT_CODE_1,CLD_AMT_CODE_1
CAN_CSV0000000000001487__8.csv,CAN_CSV0000000000001487__9.csv,CLD_AMT_CODE_1,CLD_AMT_CODE_1
CAN_CSV0000000000001487__9.csv,CAN_CSV0000000000027355__20.csv,CLD_AMT_CODE_1,CLD_AMT_CODE_1
CAN_CSV0000000000001487__25.csv,CAN_CSV0000000000001487__9.csv,AVG_VIS_PST10MTS,AVG_VIS_PST10MTS
CAN_CSV0000000000001487__9.csv,CAN_CSV0000000000027353__2.csv,AVG_VIS_PST10MTS,AVG_VIS_PST10MTS
CAN_CSV0000000000001487__28.csv,CAN_CSV0000000000001487__9.csv,AVG_VIS_PST10MTS,AVG_VIS_PST10MTS
CAN_CSV0000000000001487__35.csv,CAN_CSV0000000000001487__9.csv,ICAO_STN_ID,ICAO_STN_ID
CAN_CSV0000000000001487__9.csv,CAN_CSV0000000000027353__2.csv,ICAO_STN_ID,ICAO_STN_ID
CAN_CSV0000000000001487__9.csv,CAN_CSV0000000000027349__23.csv,AVG_REL_HUM_PST1MT,AVG_REL_HUM_PST1MT
CAN_CSV0000000000001487__35.csv,CAN_CSV0000000000001487__9.csv,AVG_REL_HUM_PST1MT,AVG_REL_HUM_PST1MT
CAN_CSV0000000000001487__9.csv,CAN_CSV0000000000027349__20.csv,AVG_REL_HUM_PST1MT,AVG_REL_HUM_PST1MT
CAN_CSV0000000000001487__25.csv,CAN_CSV0000000000001487__9.csv,AVG_REL_HUM_PST1MT,AVG_REL_HUM_PST1MT
CAN_CSV0000000000001487__9.csv,CAN_CSV0000000000027349__21.csv,AVG_REL_HUM_PST1MT,AVG_REL_HUM_PST1MT
CAN_CSV0000000000001487__28.csv,CAN_CSV0000000000001487__9.csv,AVG_REL_HUM_PST1MT,AVG_REL_HUM_PST1MT
CAN_CSV0000000000001487__9.csv,CAN_CSV0000000000027349__23.csv,AVG_MSLP_PST1MT,AVG_MSLP_PST1MT
CAN_CSV0000000000001487__35.csv,CAN_CSV0000000000001487__9.csv,AVG_MSLP_PST1MT,AVG_MSLP_PST1MT
CAN_CSV0000000000001487__9.csv,CAN_CSV0000000000027349__20.csv,AVG_MSLP_PST1MT,AVG_MSLP_PST1MT
CAN_CSV0000000000001487__9.csv,CAN_CSV0000000000027349__21.csv,AVG_MSLP_PST1MT,AVG_MSLP_PST1MT
CAN_CSV0000000000001487__25.csv,CAN_CSV0000000000001487__9.csv,PCPN_AMT_PST1HR,PCPN_AMT_PST1HR
CAN_CSV0000000000001487__9.csv,CAN_CSV0000000000027346__23.csv,PCPN_AMT_PST1HR,PCPN_AMT_PST1HR
CAN_CSV0000000000001487__28.csv,CAN_CSV0000000000001487__9.csv,PCPN_AMT_PST1HR,PCPN_AMT_PST1HR
UK_CSV0000000000005907__43.csv,UK_CSV0000000000005907__48.csv,qd12_8_other,qd12_8_other
UK_CSV0000000000005907__42.csv,UK_CSV0000000000005907__43.csv,qd12_8_other,qd12_8_other
UK_CSV0000000000005907__43.csv,UK_CSV0000000000005907__46.csv,qd12_8_other,qd12_8_other
CAN_CSV0000000000027349__21.csv,CAN_CSV0000000000027349__23.csv,DATA_PAYLOAD_URI,DATA_PAYLOAD_URI
CAN_CSV0000000000001487__9.csv,CAN_CSV0000000000027349__21.csv,DATA_PAYLOAD_URI,DATA_PAYLOAD_URI
CAN_CSV0000000000027349__20.csv,CAN_CSV0000000000027349__21.csv,DATA_PAYLOAD_URI,DATA_PAYLOAD_URI
CAN_CSV0000000000001487__25.csv,CAN_CSV0000000000027349__21.csv,DATA_PAYLOAD_URI,DATA_PAYLOAD_URI
CAN_CSV0000000000027349__21.csv,CAN_CSV0000000000027353__2.csv,DATA_PAYLOAD_URI,DATA_PAYLOAD_URI
CAN_CSV0000000000027349__21.csv,CAN_CSV0000000000027355__11.csv,DATA_PAYLOAD_URI,DATA_PAYLOAD_URI
CAN_CSV0000000000027349__21.csv,CAN_CSV0000000000027349__23.csv,PCPN_AMT_PST6HRS,PCPN_AMT_PST6HRS
CAN_CSV0000000000027349__20.csv,CAN_CSV0000000000027349__21.csv,PCPN_AMT_PST6HRS,PCPN_AMT_PST6HRS
CAN_CSV0000000000027349__21.csv,CAN_CSV0000000000027349__23.csv,LTNG_DIS_RMK,LTNG_DIS_RMK
CAN_CSV0000000000027349__20.csv,CAN_CSV0000000000027349__21.csv,LTNG_DIS_RMK,LTNG_DIS_RMK
CAN_CSV0000000000027349__21.csv,CAN_CSV0000000000027354__6.csv,LTNG_DIS_RMK,LTNG_DIS_RMK
CAN_CSV0000000000027349__21.csv,CAN_CSV0000000000027349__23.csv,AVG_VIS_PST1MT,AVG_VIS_PST1MT
CAN_CSV0000000000027349__20.csv,CAN_CSV0000000000027349__21.csv,AVG_VIS_PST1MT,AVG_VIS_PST1MT
CAN_CSV0000000000001487__25.csv,CAN_CSV0000000000027349__21.csv,AVG_VIS_PST1MT,AVG_VIS_PST1MT
CAN_CSV0000000000001487__28.csv,CAN_CSV0000000000027349__21.csv,AVG_VIS_PST1MT,AVG_VIS_PST1MT
CAN_CSV0000000000027349__21.csv,CAN_CSV0000000000027349__23.csv,DNSTY_ALTD,DNSTY_ALTD
CAN_CSV0000000000001487__35.csv,CAN_CSV0000000000027349__21.csv,DNSTY_ALTD,DNSTY_ALTD
CAN_CSV0000000000027349__20.csv,CAN_CSV0000000000027349__21.csv,DNSTY_ALTD,DNSTY_ALTD
CAN_CSV0000000000001487__25.csv,CAN_CSV0000000000027349__21.csv,DNSTY_ALTD,DNSTY_ALTD
CAN_CSV0000000000001487__28.csv,CAN_CSV0000000000027349__21.csv,DNSTY_ALTD,DNSTY_ALTD
USA_CSV0000000000035902__20.csv,USA_CSV0000000000035902__34.csv,TYPE OF IMPROVEMENT,TYPE OF IMPROVEMENT
USA_CSV0000000000035902__16.csv,USA_CSV0000000000035902__20.csv,TYPE OF IMPROVEMENT,TYPE OF IMPROVEMENT
USA_CSV0000000000035902__15.csv,USA_CSV0000000000035902__20.csv,MEDIAN TYPE,MEDIAN TYPE
USA_CSV0000000000035902__18.csv,USA_CSV0000000000035902__20.csv,MEDIAN TYPE,MEDIAN TYPE
USA_CSV0000000000035902__16.csv,USA_CSV0000000000035902__20.csv,MEDIAN TYPE,MEDIAN TYPE
USA_CSV0000000000035902__17.csv,USA_CSV0000000000035902__20.csv,MEDIAN TYPE,MEDIAN TYPE
USA_CSV0000000000035902__15.csv,USA_CSV0000000000035902__20.csv,RURAL/URBAN,RURAL/URBAN
USA_CSV0000000000035902__18.csv,USA_CSV0000000000035902__20.csv,RURAL/URBAN,RURAL/URBAN
USA_CSV0000000000035902__16.csv,USA_CSV0000000000035902__20.csv,RURAL/URBAN,RURAL/URBAN
USA_CSV0000000000035902__17.csv,USA_CSV0000000000035902__20.csv,RURAL/URBAN,RURAL/URBAN
USA_CSV0000000000035902__15.csv,USA_CSV0000000000035902__20.csv,SPEED LIMIT,SPEED LIMIT
USA_CSV0000000000035902__18.csv,USA_CSV0000000000035902__20.csv,SPEED LIMIT,SPEED LIMIT
USA_CSV0000000000035902__16.csv,USA_CSV0000000000035902__20.csv,SPEED LIMIT,SPEED LIMIT
USA_CSV0000000000035902__17.csv,USA_CSV0000000000035902__20.csv,SPEED LIMIT,SPEED LIMIT
USA_CSV0000000000035902__20.csv,USA_CSV0000000000035902__34.csv,FUNCTIONAL SYSTEM,FUNCTIONAL SYSTEM
USA_CSV0000000000035902__16.csv,USA_CSV0000000000035902__20.csv,FUNCTIONAL SYSTEM,FUNCTIONAL SYSTEM
USA_CSV0000000000035902__15.csv,USA_CSV0000000000035902__20.csv,FUNCTIONAL SYSTEM,FUNCTIONAL SYSTEM
USA_CSV0000000000035902__17.csv,USA_CSV0000000000035902__20.csv,FUNCTIONAL SYSTEM,FUNCTIONAL SYSTEM
USA_CSV0000000000035902__18.csv,USA_CSV0000000000035902__20.csv,FUNCTIONAL SYSTEM,FUNCTIONAL SYSTEM
USA_CSV0000000000035902__15.csv,USA_CSV0000000000035902__20.csv,PEAK CAPACITY,PEAK CAPACITY
USA_CSV0000000000035902__18.csv,USA_CSV0000000000035902__20.csv,PEAK CAPACITY,PEAK CAPACITY
USA_CSV0000000000035902__15.csv,USA_CSV0000000000035902__20.csv,FEDERAL-AID SYSTEM,FEDERAL-AID SYSTEM
USA_CSV0000000000035902__18.csv,USA_CSV0000000000035902__20.csv,FEDERAL-AID SYSTEM,FEDERAL-AID SYSTEM
USA_CSV0000000000035902__16.csv,USA_CSV0000000000035902__20.csv,FEDERAL-AID SYSTEM,FEDERAL-AID SYSTEM
USA_CSV0000000000035902__17.csv,USA_CSV0000000000035902__20.csv,FEDERAL-AID SYSTEM,FEDERAL-AID SYSTEM
USA_CSV0000000000035902__15.csv,USA_CSV0000000000035902__20.csv,RIGHT OF WAY WIDTH,RIGHT OF WAY WIDTH
USA_CSV0000000000035902__18.csv,USA_CSV0000000000035902__20.csv,RIGHT OF WAY WIDTH,RIGHT OF WAY WIDTH
USA_CSV0000000000035902__16.csv,USA_CSV0000000000035902__20.csv,RIGHT OF WAY WIDTH,RIGHT OF WAY WIDTH
USA_CSV0000000000035902__16.csv,USA_CSV0000000000035902__20.csv,TURNING LANES-LEFT,TURNING LANES-LEFT
USA_CSV0000000000035902__15.csv,USA_CSV0000000000035902__20.csv,DIRECTIONAL FACTOR,DIRECTIONAL FACTOR
USA_CSV0000000000035902__18.csv,USA_CSV0000000000035902__20.csv,DIRECTIONAL FACTOR,DIRECTIONAL FACTOR
USA_CSV0000000000035902__16.csv,USA_CSV0000000000035902__20.csv,DIRECTIONAL FACTOR,DIRECTIONAL FACTOR
USA_CSV0000000000035902__17.csv,USA_CSV0000000000035902__20.csv,DIRECTIONAL FACTOR,DIRECTIONAL FACTOR
UK_CSV0000000000002010__9.csv,UK_CSV0000000000003896__8.csv,Post-Op Q Anxiety,Post-Op Q Anxiety
UK_CSV0000000000002010__9.csv,UK_CSV0000000000003896__13.csv,Post-Op Q Anxiety,Post-Op Q Anxiety
UK_CSV0000000000002010__6.csv,UK_CSV0000000000002010__9.csv,Post-Op Q Anxiety,Post-Op Q Anxiety
UK_CSV0000000000002010__9.csv,UK_CSV0000000000003896__8.csv,Post-Op Q Wound,Post-Op Q Wound
UK_CSV0000000000002010__6.csv,UK_CSV0000000000002010__9.csv,Post-Op Q Wound,Post-Op Q Wound
UK_CSV0000000000002010__9.csv,UK_CSV0000000000003896__3.csv,Post-Op Q Wound,Post-Op Q Wound
USA_CSV0000000000033847__17.csv,USA_CSV0000000000037101__3.csv,TURN_LANES_R,TURN_LANES_R
USA_CSV0000000000033847__17.csv,USA_CSV0000000000034882__22.csv,TURN_LANES_R,TURN_LANES_R
USA_CSV0000000000033847__17.csv,USA_CSV0000000000034882__26.csv,UNBUILT_FACILITY,UNBUILT_FACILITY
USA_CSV0000000000033847__17.csv,USA_CSV0000000000034882__26.csv,LANE_WIDTH,LANE_WIDTH
USA_CSV0000000000033847__17.csv,USA_CSV0000000000034882__26.csv,INTER_ROUTE_NUMBER,INTER_ROUTE_NUMBER
USA_CSV0000000000033847__17.csv,USA_CSV0000000000034882__14.csv,PEAK_PARKING,PEAK_PARKING
USA_CSV0000000000033847__17.csv,USA_CSV0000000000034882__14.csv,SHOULDER_WIDTH_R,SHOULDER_WIDTH_R
USA_CSV0000000000033847__17.csv,USA_CSV0000000000037101__16.csv,SHOULDER_WIDTH_R,SHOULDER_WIDTH_R
USA_CSV0000000000033847__17.csv,USA_CSV0000000000034882__12.csv,SHOULDER_WIDTH_R,SHOULDER_WIDTH_R
USA_CSV0000000000033847__17.csv,USA_CSV0000000000037101__16.csv,RURAL_URBAN,RURAL_URBAN
USA_CSV0000000000033847__17.csv,USA_CSV0000000000037101__20.csv,COUNTY_CODE,COUNTY_CODE
USA_CSV0000000000033847__17.csv,USA_CSV0000000000037101__3.csv,COUNTY_CODE,COUNTY_CODE
USA_CSV0000000000033847__17.csv,USA_CSV0000000000037101__16.csv,COUNTY_CODE,COUNTY_CODE
CAN_CSV0000000000001487__20.csv,CAN_CSV0000000000001487__9.csv,AVG_MSLP_PST1MT_QA,AVG_MSLP_PST1MT_QA
CAN_CSV0000000000001487__10.csv,CAN_CSV0000000000001487__20.csv,AVG_MSLP_PST1MT_QA,AVG_MSLP_PST1MT_QA
CAN_CSV0000000000001487__20.csv,CAN_CSV0000000000001487__9.csv,PRSNT_WX_1_QA,PRSNT_WX_1_QA
CAN_CSV0000000000001487__10.csv,CAN_CSV0000000000001487__20.csv,PRSNT_WX_1_QA,PRSNT_WX_1_QA
CAN_CSV0000000000001487__20.csv,CAN_CSV0000000000027349__23.csv,AVG_MSLP_PST1MT,AVG_MSLP_PST1MT
CAN_CSV0000000000001487__20.csv,CAN_CSV0000000000001487__35.csv,AVG_MSLP_PST1MT,AVG_MSLP_PST1MT
CAN_CSV0000000000001487__20.csv,CAN_CSV0000000000001487__9.csv,AVG_MSLP_PST1MT,AVG_MSLP_PST1MT
CAN_CSV0000000000001487__20.csv,CAN_CSV0000000000027349__20.csv,AVG_MSLP_PST1MT,AVG_MSLP_PST1MT
CAN_CSV0000000000001487__20.csv,CAN_CSV0000000000027349__21.csv,AVG_MSLP_PST1MT,AVG_MSLP_PST1MT
CAN_CSV0000000000001487__20.csv,CAN_CSV0000000000001487__9.csv,AVG_AIR_TEMP_PST1MT,AVG_AIR_TEMP_PST1MT
CAN_CSV0000000000001487__20.csv,CAN_CSV0000000000001487__25.csv,AVG_AIR_TEMP_PST1MT,AVG_AIR_TEMP_PST1MT
CAN_CSV0000000000001487__20.csv,CAN_CSV0000000000001487__28.csv,AVG_AIR_TEMP_PST1MT,AVG_AIR_TEMP_PST1MT
CAN_CSV0000000000001487__20.csv,CAN_CSV0000000000001487__9.csv,AVG_VIS_PST10MTS,AVG_VIS_PST10MTS
CAN_CSV0000000000001487__20.csv,CAN_CSV0000000000001487__25.csv,AVG_VIS_PST10MTS,AVG_VIS_PST10MTS
CAN_CSV0000000000001487__20.csv,CAN_CSV0000000000027353__2.csv,AVG_VIS_PST10MTS,AVG_VIS_PST10MTS
CAN_CSV0000000000001487__20.csv,CAN_CSV0000000000001487__28.csv,AVG_VIS_PST10MTS,AVG_VIS_PST10MTS
CAN_CSV0000000000001487__20.csv,CAN_CSV0000000000001487__26.csv,AVG_VIS_PST10MTS,AVG_VIS_PST10MTS
UK_CSV0000000000002010__6.csv,UK_CSV0000000000007396__13.csv,Post-Op Q Activity,Post-Op Q Activity
UK_CSV0000000000006676__2.csv,UK_CSV0000000000007396__13.csv,Post-Op Q Activity,Post-Op Q Activity
USA_CSV0000000000033847__5.csv,USA_CSV0000000000037101__3.csv,SHOULDER_WIDTH_L,SHOULDER_WIDTH_L
USA_CSV0000000000033847__5.csv,USA_CSV0000000000034882__14.csv,SHOULDER_WIDTH_L,SHOULDER_WIDTH_L
USA_CSV0000000000033847__5.csv,USA_CSV0000000000034882__22.csv,SHOULDER_WIDTH_L,SHOULDER_WIDTH_L
USA_CSV0000000000033847__5.csv,USA_CSV0000000000037101__3.csv,AT_GRADE_SIGNS,AT_GRADE_SIGNS
USA_CSV0000000000033847__4.csv,USA_CSV0000000000033847__5.csv,AT_GRADE_SIGNS,AT_GRADE_SIGNS
USA_CSV0000000000033847__17.csv,USA_CSV0000000000033847__5.csv,AT_GRADE_SIGNS,AT_GRADE_SIGNS
USA_CSV0000000000033847__3.csv,USA_CSV0000000000033847__5.csv,PEAK_CAPACITY,PEAK_CAPACITY
USA_CSV0000000000033847__3.csv,USA_CSV0000000000034882__14.csv,PEAK_CAPACITY,PEAK_CAPACITY
USA_CSV0000000000033847__3.csv,USA_CSV0000000000033847__5.csv,URBAN_CODE,URBAN_CODE
USA_CSV0000000000033847__3.csv,USA_CSV0000000000037101__3.csv,URBAN_CODE,URBAN_CODE
USA_CSV0000000000033847__3.csv,USA_CSV0000000000034882__14.csv,URBAN_CODE,URBAN_CODE
USA_CSV0000000000033847__3.csv,USA_CSV0000000000033847__5.csv,SHOULDER_WIDTH_L,SHOULDER_WIDTH_L
USA_CSV0000000000033847__3.csv,USA_CSV0000000000037101__3.csv,SHOULDER_WIDTH_L,SHOULDER_WIDTH_L
USA_CSV0000000000033847__3.csv,USA_CSV0000000000034882__14.csv,SHOULDER_WIDTH_L,SHOULDER_WIDTH_L
USA_CSV0000000000033847__3.csv,USA_CSV0000000000033847__5.csv,VERT_ALIGN,VERT_ALIGN
USA_CSV0000000000033847__3.csv,USA_CSV0000000000037101__3.csv,VERT_ALIGN,VERT_ALIGN
USA_CSV0000000000033847__3.csv,USA_CSV0000000000034882__26.csv,VERT_ALIGN,VERT_ALIGN
USA_CSV0000000000033847__3.csv,USA_CSV0000000000033847__5.csv,PERC_COMBINATION,PERC_COMBINATION
USA_CSV0000000000033847__3.csv,USA_CSV0000000000034882__14.csv,PERC_COMBINATION,PERC_COMBINATION
USA_CSV0000000000033847__3.csv,USA_CSV0000000000034882__22.csv,PERC_COMBINATION,PERC_COMBINATION
USA_CSV0000000000033847__3.csv,USA_CSV0000000000033847__5.csv,SHOULDER_TYPE,SHOULDER_TYPE
USA_CSV0000000000033847__3.csv,USA_CSV0000000000034882__14.csv,SHOULDER_TYPE,SHOULDER_TYPE
USA_CSV0000000000033847__3.csv,USA_CSV0000000000033847__4.csv,SHOULDER_TYPE,SHOULDER_TYPE
USA_CSV0000000000033847__3.csv,USA_CSV0000000000034882__12.csv,SHOULDER_TYPE,SHOULDER_TYPE
USA_CSV0000000000033847__17.csv,USA_CSV0000000000034882__26.csv,THROUGH_LANES,THROUGH_LANES
USA_CSV0000000000033847__17.csv,USA_CSV0000000000033847__5.csv,YEAR_RECORD,YEAR_RECORD
USA_CSV0000000000033847__17.csv,USA_CSV0000000000034882__26.csv,YEAR_RECORD,YEAR_RECORD
USA_CSV0000000000033847__17.csv,USA_CSV0000000000033847__5.csv,AT_GRADE_SIGNS,AT_GRADE_SIGNS
USA_CSV0000000000033847__17.csv,USA_CSV0000000000037101__3.csv,AT_GRADE_SIGNS,AT_GRADE_SIGNS
USA_CSV0000000000033847__17.csv,USA_CSV0000000000033847__4.csv,AT_GRADE_SIGNS,AT_GRADE_SIGNS
USA_CSV0000000000033847__4.csv,USA_CSV0000000000033847__5.csv,PEAK_CAPACITY,PEAK_CAPACITY
USA_CSV0000000000033847__4.csv,USA_CSV0000000000034882__14.csv,PEAK_CAPACITY,PEAK_CAPACITY
USA_CSV0000000000033847__4.csv,USA_CSV0000000000033847__5.csv,ROUTE_SIGNING,ROUTE_SIGNING
USA_CSV0000000000033847__4.csv,USA_CSV0000000000037101__16.csv,ROUTE_SIGNING,ROUTE_SIGNING
USA_CSV0000000000033847__4.csv,USA_CSV0000000000034882__22.csv,ROUTE_SIGNING,ROUTE_SIGNING
USA_CSV0000000000033847__4.csv,USA_CSV0000000000033847__5.csv,SPECIAL_SYSTEMS,SPECIAL_SYSTEMS
USA_CSV0000000000033847__4.csv,USA_CSV0000000000034882__26.csv,SPECIAL_SYSTEMS,SPECIAL_SYSTEMS
USA_CSV0000000000033847__4.csv,USA_CSV0000000000034882__22.csv,SPECIAL_SYSTEMS,SPECIAL_SYSTEMS
USA_CSV0000000000033847__4.csv,USA_CSV0000000000034882__9.csv,SPECIAL_SYSTEMS,SPECIAL_SYSTEMS
USA_CSV0000000000033847__4.csv,USA_CSV0000000000033847__5.csv,PERC_SIGHT,PERC_SIGHT
USA_CSV0000000000033847__4.csv,USA_CSV0000000000037101__20.csv,PERC_SIGHT,PERC_SIGHT
USA_CSV0000000000033847__4.csv,USA_CSV0000000000037101__18.csv,PERC_SIGHT,PERC_SIGHT
USA_CSV0000000000033847__3.csv,USA_CSV0000000000033847__5.csv,ROUTE_NUMBER,ROUTE_NUMBER
USA_CSV0000000000033847__3.csv,USA_CSV0000000000037101__20.csv,ROUTE_NUMBER,ROUTE_NUMBER
USA_CSV0000000000033847__3.csv,USA_CSV0000000000037101__3.csv,ROUTE_NUMBER,ROUTE_NUMBER
USA_CSV0000000000033847__3.csv,USA_CSV0000000000033847__4.csv,ROUTE_NUMBER,ROUTE_NUMBER
USA_CSV0000000000033847__3.csv,USA_CSV0000000000033847__5.csv,ROUTE_SIGNING,ROUTE_SIGNING
USA_CSV0000000000033847__3.csv,USA_CSV0000000000037101__16.csv,ROUTE_SIGNING,ROUTE_SIGNING
USA_CSV0000000000033847__3.csv,USA_CSV0000000000034882__22.csv,ROUTE_SIGNING,ROUTE_SIGNING
USA_CSV0000000000033847__3.csv,USA_CSV0000000000033847__4.csv,ROUTE_SIGNING,ROUTE_SIGNING
USA_CSV0000000000033847__3.csv,USA_CSV0000000000037101__27.csv,ROUTE_SIGNING,ROUTE_SIGNING
USA_CSV0000000000033847__3.csv,USA_CSV0000000000033847__5.csv,SPECIAL_SYSTEMS,SPECIAL_SYSTEMS
USA_CSV0000000000033847__3.csv,USA_CSV0000000000034882__26.csv,SPECIAL_SYSTEMS,SPECIAL_SYSTEMS
USA_CSV0000000000033847__3.csv,USA_CSV0000000000034882__22.csv,SPECIAL_SYSTEMS,SPECIAL_SYSTEMS
USA_CSV0000000000033847__3.csv,USA_CSV0000000000033847__5.csv,DONUT_EXP_FACTOR,DONUT_EXP_FACTOR
USA_CSV0000000000033847__3.csv,USA_CSV0000000000037101__20.csv,DONUT_EXP_FACTOR,DONUT_EXP_FACTOR
USA_CSV0000000000033847__3.csv,USA_CSV0000000000037101__3.csv,DONUT_EXP_FACTOR,DONUT_EXP_FACTOR
USA_CSV0000000000033847__3.csv,USA_CSV0000000000033847__5.csv,PERC_SIGHT,PERC_SIGHT
USA_CSV0000000000033847__3.csv,USA_CSV0000000000037101__20.csv,PERC_SIGHT,PERC_SIGHT
USA_CSV0000000000033847__3.csv,USA_CSV0000000000033847__4.csv,PERC_SIGHT,PERC_SIGHT
CAN_CSV0000000000001487__23.csv,CAN_CSV0000000000001487__9.csv,AVG_MSLP_PST1MT_QA,AVG_MSLP_PST1MT_QA
CAN_CSV0000000000001487__23.csv,CAN_CSV0000000000001487__8.csv,AVG_MSLP_PST1MT_QA,AVG_MSLP_PST1MT_QA
CAN_CSV0000000000001487__10.csv,CAN_CSV0000000000001487__23.csv,AVG_MSLP_PST1MT_QA,AVG_MSLP_PST1MT_QA
CAN_CSV0000000000001487__20.csv,CAN_CSV0000000000001487__23.csv,AVG_MSLP_PST1MT_QA,AVG_MSLP_PST1MT_QA
CAN_CSV0000000000001487__23.csv,CAN_CSV0000000000001487__9.csv,PRSNT_WX_1_QA,PRSNT_WX_1_QA
CAN_CSV0000000000001487__23.csv,CAN_CSV0000000000001487__8.csv,PRSNT_WX_1_QA,PRSNT_WX_1_QA
CAN_CSV0000000000001487__10.csv,CAN_CSV0000000000001487__23.csv,PRSNT_WX_1_QA,PRSNT_WX_1_QA
CAN_CSV0000000000001487__20.csv,CAN_CSV0000000000001487__23.csv,PRSNT_WX_1_QA,PRSNT_WX_1_QA
CAN_CSV0000000000027349__21.csv,CAN_CSV0000000000027349__23.csv,DATA_ATTRIB_NOT,DATA_ATTRIB_NOT
CAN_CSV0000000000027349__20.csv,CAN_CSV0000000000027349__21.csv,DATA_ATTRIB_NOT,DATA_ATTRIB_NOT
CAN_CSV0000000000001487__25.csv,CAN_CSV0000000000027349__21.csv,DATA_ATTRIB_NOT,DATA_ATTRIB_NOT
CAN_CSV0000000000027349__21.csv,CAN_CSV0000000000027354__6.csv,DATA_ATTRIB_NOT,DATA_ATTRIB_NOT
CAN_CSV0000000000027349__21.csv,CAN_CSV0000000000027349__23.csv,PCPN_AMT_PST1MT,PCPN_AMT_PST1MT
CAN_CSV0000000000001487__9.csv,CAN_CSV0000000000027349__21.csv,PCPN_AMT_PST1MT,PCPN_AMT_PST1MT
CAN_CSV0000000000027349__20.csv,CAN_CSV0000000000027349__21.csv,PCPN_AMT_PST1MT,PCPN_AMT_PST1MT
CAN_CSV0000000000027349__21.csv,CAN_CSV0000000000027355__11.csv,PCPN_AMT_PST1MT,PCPN_AMT_PST1MT
CAN_CSV0000000000027349__21.csv,CAN_CSV0000000000027349__23.csv,OBS_DATETIME_UTC,OBS_DATETIME_UTC
CAN_CSV0000000000027349__20.csv,CAN_CSV0000000000027349__21.csv,OBS_DATETIME_UTC,OBS_DATETIME_UTC
CAN_CSV0000000000027346__12.csv,CAN_CSV0000000000027349__21.csv,OBS_DATETIME_UTC,OBS_DATETIME_UTC
CAN_CSV0000000000027349__21.csv,CAN_CSV0000000000027354__6.csv,OBS_DATETIME_UTC,OBS_DATETIME_UTC
UK_CSV0000000000003896__13.csv,UK_CSV0000000000007396__13.csv,Revision Flag,Revision Flag
UK_CSV0000000000003896__3.csv,UK_CSV0000000000007396__13.csv,Revision Flag,Revision Flag
UK_CSV0000000000006676__34.csv,UK_CSV0000000000007396__13.csv,Revision Flag,Revision Flag
UK_CSV0000000000003896__8.csv,UK_CSV0000000000007396__13.csv,Post-Op Q Self-Care,Post-Op Q Self-Care
UK_CSV0000000000006676__2.csv,UK_CSV0000000000007396__13.csv,Post-Op Q Self-Care,Post-Op Q Self-Care
UK_CSV0000000000003896__3.csv,UK_CSV0000000000007396__13.csv,Post-Op Q Self-Care,Post-Op Q Self-Care
UK_CSV0000000000003896__8.csv,UK_CSV0000000000007396__13.csv,Pre-Op Q EQ5D Index,Pre-Op Q EQ5D Index
UK_CSV0000000000006676__2.csv,UK_CSV0000000000007396__13.csv,Pre-Op Q EQ5D Index,Pre-Op Q EQ5D Index
UK_CSV0000000000003896__3.csv,UK_CSV0000000000007396__13.csv,Pre-Op Q EQ5D Index,Pre-Op Q EQ5D Index
UK_CSV0000000000003896__13.csv,UK_CSV0000000000007396__13.csv,Pre-Op Q Anxiety,Pre-Op Q Anxiety
UK_CSV0000000000003896__3.csv,UK_CSV0000000000007396__13.csv,Pre-Op Q Anxiety,Pre-Op Q Anxiety
CAN_CSV0000000000027349__21.csv,CAN_CSV0000000000027349__23.csv,AVG_REL_HUM_PST1MT,AVG_REL_HUM_PST1MT
CAN_CSV0000000000001487__35.csv,CAN_CSV0000000000027349__21.csv,AVG_REL_HUM_PST1MT,AVG_REL_HUM_PST1MT
CAN_CSV0000000000001487__9.csv,CAN_CSV0000000000027349__21.csv,AVG_REL_HUM_PST1MT,AVG_REL_HUM_PST1MT
CAN_CSV0000000000027349__20.csv,CAN_CSV0000000000027349__21.csv,AVG_REL_HUM_PST1MT,AVG_REL_HUM_PST1MT
CAN_CSV0000000000001487__25.csv,CAN_CSV0000000000027349__21.csv,AVG_REL_HUM_PST1MT,AVG_REL_HUM_PST1MT
CAN_CSV0000000000001487__28.csv,CAN_CSV0000000000027349__21.csv,AVG_REL_HUM_PST1MT,AVG_REL_HUM_PST1MT
CAN_CSV0000000000027346__32.csv,CAN_CSV0000000000027349__23.csv,PCPN_AMT_PST6HRS,PCPN_AMT_PST6HRS
CAN_CSV0000000000027346__32.csv,CAN_CSV0000000000027349__20.csv,PCPN_AMT_PST6HRS,PCPN_AMT_PST6HRS
CAN_CSV0000000000027346__32.csv,CAN_CSV0000000000027349__21.csv,PCPN_AMT_PST6HRS,PCPN_AMT_PST6HRS
CAN_CSV0000000000027346__32.csv,CAN_CSV0000000000027355__20.csv,PCPN_AMT_PST6HRS,PCPN_AMT_PST6HRS
CAN_CSV0000000000001487__35.csv,CAN_CSV0000000000027346__32.csv,ICAO_STN_ID,ICAO_STN_ID
CAN_CSV0000000000001487__9.csv,CAN_CSV0000000000027346__32.csv,ICAO_STN_ID,ICAO_STN_ID
CAN_CSV0000000000027346__32.csv,CAN_CSV0000000000027353__2.csv,ICAO_STN_ID,ICAO_STN_ID
CAN_CSV0000000000027346__32.csv,CAN_CSV0000000000027349__23.csv,DATA_ATTRIB_NOT,DATA_ATTRIB_NOT
CAN_CSV0000000000027346__32.csv,CAN_CSV0000000000027349__20.csv,DATA_ATTRIB_NOT,DATA_ATTRIB_NOT
CAN_CSV0000000000001487__25.csv,CAN_CSV0000000000027346__32.csv,DATA_ATTRIB_NOT,DATA_ATTRIB_NOT
CAN_CSV0000000000027346__32.csv,CAN_CSV0000000000027354__6.csv,DATA_ATTRIB_NOT,DATA_ATTRIB_NOT
CAN_CSV0000000000027346__32.csv,CAN_CSV0000000000027349__21.csv,DATA_ATTRIB_NOT,DATA_ATTRIB_NOT
CAN_CSV0000000000027346__32.csv,CAN_CSV0000000000027353__2.csv,DATA_ATTRIB_NOT,DATA_ATTRIB_NOT
CAN_CSV0000000000001487__28.csv,CAN_CSV0000000000027346__32.csv,DATA_ATTRIB_NOT,DATA_ATTRIB_NOT
CAN_CSV0000000000027346__32.csv,CAN_CSV0000000000027349__23.csv,AVG_REL_HUM_PST1MT,AVG_REL_HUM_PST1MT
CAN_CSV0000000000001487__35.csv,CAN_CSV0000000000027346__32.csv,AVG_REL_HUM_PST1MT,AVG_REL_HUM_PST1MT
CAN_CSV0000000000001487__9.csv,CAN_CSV0000000000027346__32.csv,AVG_REL_HUM_PST1MT,AVG_REL_HUM_PST1MT
CAN_CSV0000000000027346__32.csv,CAN_CSV0000000000027349__20.csv,AVG_REL_HUM_PST1MT,AVG_REL_HUM_PST1MT
CAN_CSV0000000000001487__25.csv,CAN_CSV0000000000027346__32.csv,AVG_REL_HUM_PST1MT,AVG_REL_HUM_PST1MT
CAN_CSV0000000000027346__32.csv,CAN_CSV0000000000027349__21.csv,AVG_REL_HUM_PST1MT,AVG_REL_HUM_PST1MT
CAN_CSV0000000000027346__32.csv,CAN_CSV0000000000027349__23.csv,OBS_DATETIME_UTC,OBS_DATETIME_UTC
CAN_CSV0000000000027346__32.csv,CAN_CSV0000000000027349__20.csv,OBS_DATETIME_UTC,OBS_DATETIME_UTC
CAN_CSV0000000000027346__12.csv,CAN_CSV0000000000027346__32.csv,OBS_DATETIME_UTC,OBS_DATETIME_UTC
CAN_CSV0000000000027346__32.csv,CAN_CSV0000000000027354__6.csv,OBS_DATETIME_UTC,OBS_DATETIME_UTC
CAN_CSV0000000000027346__32.csv,CAN_CSV0000000000027349__21.csv,OBS_DATETIME_UTC,OBS_DATETIME_UTC
CAN_CSV0000000000027346__32.csv,CAN_CSV0000000000027349__23.csv,AVG_VIS_PST1MT,AVG_VIS_PST1MT
CAN_CSV0000000000027346__32.csv,CAN_CSV0000000000027349__20.csv,AVG_VIS_PST1MT,AVG_VIS_PST1MT
CAN_CSV0000000000001487__25.csv,CAN_CSV0000000000027346__32.csv,AVG_VIS_PST1MT,AVG_VIS_PST1MT
CAN_CSV0000000000027346__32.csv,CAN_CSV0000000000027349__21.csv,AVG_VIS_PST1MT,AVG_VIS_PST1MT
CAN_CSV0000000000001487__28.csv,CAN_CSV0000000000027346__32.csv,AVG_VIS_PST1MT,AVG_VIS_PST1MT
CAN_CSV0000000000001724__8.csv,CAN_CSV0000000000001787__4.csv,Province/Canada,Province/Canada
CAN_CSV0000000000001787__4.csv,CAN_CSV0000000000001797__36.csv,Province/Canada,Province/Canada
CAN_CSV0000000000001787__4.csv,CAN_CSV0000000000001787__6.csv,Province/Canada,Province/Canada
CAN_CSV0000000000001787__4.csv,CAN_CSV0000000000001787__5.csv,Province/Canada,Province/Canada
UK_CSV0000000000002010__6.csv,UK_CSV0000000000002010__9.csv,Circulation,Circulation
UK_CSV0000000000002010__6.csv,UK_CSV0000000000006676__34.csv,Circulation,Circulation
UK_CSV0000000000002010__6.csv,UK_CSV0000000000006676__9.csv,Circulation,Circulation
UK_CSV0000000000002010__6.csv,UK_CSV0000000000002010__8.csv,Circulation,Circulation
UK_CSV0000000000002010__10.csv,UK_CSV0000000000002010__6.csv,Circulation,Circulation
UK_CSV0000000000002010__13.csv,UK_CSV0000000000002010__6.csv,Circulation,Circulation
UK_CSV0000000000002010__6.csv,UK_CSV0000000000003896__8.csv,Post-Op Q Wound,Post-Op Q Wound
UK_CSV0000000000002010__6.csv,UK_CSV0000000000003896__3.csv,Post-Op Q Wound,Post-Op Q Wound
UK_CSV0000000000002010__6.csv,UK_CSV0000000000002010__9.csv,Post-Op Q Wound,Post-Op Q Wound
UK_CSV0000000000002010__6.csv,UK_CSV0000000000007396__12.csv,Post-Op Q Activity,Post-Op Q Activity
UK_CSV0000000000006676__2.csv,UK_CSV0000000000007396__12.csv,Post-Op Q Activity,Post-Op Q Activity
UK_CSV0000000000002010__9.csv,UK_CSV0000000000007396__12.csv,Post-Op Q Activity,Post-Op Q Activity
UK_CSV0000000000002010__21.csv,UK_CSV0000000000007396__12.csv,Post-Op Q Activity,Post-Op Q Activity
UK_CSV0000000000006676__9.csv,UK_CSV0000000000007396__12.csv,Post-Op Q Activity,Post-Op Q Activity
UK_CSV0000000000006676__34.csv,UK_CSV0000000000007396__12.csv,Post-Op Q Sucess,Post-Op Q Sucess
UK_CSV0000000000003896__8.csv,UK_CSV0000000000007396__12.csv,Post-Op Q Bleeding,Post-Op Q Bleeding
UK_CSV0000000000006676__2.csv,UK_CSV0000000000007396__12.csv,Post-Op Q Bleeding,Post-Op Q Bleeding
UK_CSV0000000000003896__8.csv,UK_CSV0000000000007396__12.csv,Post-Op Q Self-Care,Post-Op Q Self-Care
UK_CSV0000000000006676__2.csv,UK_CSV0000000000007396__12.csv,Post-Op Q Self-Care,Post-Op Q Self-Care
UK_CSV0000000000003896__3.csv,UK_CSV0000000000007396__12.csv,Post-Op Q Self-Care,Post-Op Q Self-Care
USA_CSV0000000000033847__3.csv,USA_CSV0000000000033847__5.csv,AT_GRADE_SIGNS,AT_GRADE_SIGNS
USA_CSV0000000000033847__3.csv,USA_CSV0000000000037101__3.csv,AT_GRADE_SIGNS,AT_GRADE_SIGNS
USA_CSV0000000000033847__3.csv,USA_CSV0000000000033847__4.csv,AT_GRADE_SIGNS,AT_GRADE_SIGNS
USA_CSV0000000000033847__3.csv,USA_CSV0000000000033847__5.csv,SAMPLING_TECH,SAMPLING_TECH
USA_CSV0000000000033847__3.csv,USA_CSV0000000000037101__16.csv,SAMPLING_TECH,SAMPLING_TECH
USA_CSV0000000000033847__3.csv,USA_CSV0000000000033847__4.csv,SAMPLING_TECH,SAMPLING_TECH
USA_CSV0000000000033847__3.csv,USA_CSV0000000000033847__5.csv,YEAR_RECORD,YEAR_RECORD
USA_CSV0000000000033847__3.csv,USA_CSV0000000000034882__26.csv,YEAR_RECORD,YEAR_RECORD
CAN_CSV0000000000001724__13.csv,CAN_CSV0000000000001724__8.csv,Province/Canada,Province/Canada
CAN_CSV0000000000001724__13.csv,CAN_CSV0000000000001787__6.csv,Province/Canada,Province/Canada
CAN_CSV0000000000001724__13.csv,CAN_CSV0000000000001787__5.csv,Province/Canada,Province/Canada
CAN_CSV0000000000001724__13.csv,CAN_CSV0000000000001787__0.csv,Province/Canada,Province/Canada
CAN_CSV0000000000001724__13.csv,CAN_CSV0000000000001797__21.csv,Province/Canada,Province/Canada
UK_CSV0000000000003896__8.csv,UK_CSV0000000000006676__34.csv,Post-Op Q Wound,Post-Op Q Wound
UK_CSV0000000000002010__6.csv,UK_CSV0000000000006676__34.csv,Post-Op Q Wound,Post-Op Q Wound
USA_CSV0000000000035902__15.csv,USA_CSV0000000000035902__18.csv,MEDIAN TYPE,MEDIAN TYPE
USA_CSV0000000000035902__18.csv,USA_CSV0000000000035902__20.csv,MEDIAN TYPE,MEDIAN TYPE
USA_CSV0000000000035902__16.csv,USA_CSV0000000000035902__18.csv,MEDIAN TYPE,MEDIAN TYPE
USA_CSV0000000000035902__17.csv,USA_CSV0000000000035902__18.csv,MEDIAN TYPE,MEDIAN TYPE
USA_CSV0000000000035902__15.csv,USA_CSV0000000000035902__18.csv,SPEED LIMIT,SPEED LIMIT
USA_CSV0000000000035902__18.csv,USA_CSV0000000000035902__20.csv,SPEED LIMIT,SPEED LIMIT
USA_CSV0000000000035902__16.csv,USA_CSV0000000000035902__18.csv,SPEED LIMIT,SPEED LIMIT
USA_CSV0000000000035902__17.csv,USA_CSV0000000000035902__18.csv,SPEED LIMIT,SPEED LIMIT
USA_CSV0000000000035902__15.csv,USA_CSV0000000000035902__18.csv,DRAINAGE ADEQUACY,DRAINAGE ADEQUACY
USA_CSV0000000000035902__15.csv,USA_CSV0000000000035902__18.csv,PEAK CAPACITY,PEAK CAPACITY
USA_CSV0000000000035902__16.csv,USA_CSV0000000000035902__18.csv,PEAK CAPACITY,PEAK CAPACITY
USA_CSV0000000000035902__18.csv,USA_CSV0000000000035902__20.csv,PEAK CAPACITY,PEAK CAPACITY
USA_CSV0000000000035902__17.csv,USA_CSV0000000000035902__18.csv,PEAK CAPACITY,PEAK CAPACITY
USA_CSV0000000000035902__15.csv,USA_CSV0000000000035902__18.csv,FEDERAL-AID SYSTEM,FEDERAL-AID SYSTEM
USA_CSV0000000000035902__18.csv,USA_CSV0000000000035902__20.csv,FEDERAL-AID SYSTEM,FEDERAL-AID SYSTEM
USA_CSV0000000000035902__16.csv,USA_CSV0000000000035902__18.csv,FEDERAL-AID SYSTEM,FEDERAL-AID SYSTEM
USA_CSV0000000000035902__17.csv,USA_CSV0000000000035902__18.csv,FEDERAL-AID SYSTEM,FEDERAL-AID SYSTEM
USA_CSV0000000000035902__15.csv,USA_CSV0000000000035902__18.csv,DIRECTIONAL FACTOR,DIRECTIONAL FACTOR
USA_CSV0000000000035902__17.csv,USA_CSV0000000000035902__34.csv,TYPE OF IMPROVEMENT,TYPE OF IMPROVEMENT
USA_CSV0000000000035902__16.csv,USA_CSV0000000000035902__17.csv,TYPE OF IMPROVEMENT,TYPE OF IMPROVEMENT
USA_CSV0000000000035902__17.csv,USA_CSV0000000000035902__20.csv,TYPE OF IMPROVEMENT,TYPE OF IMPROVEMENT
USA_CSV0000000000035902__15.csv,USA_CSV0000000000035902__17.csv,MEDIAN TYPE,MEDIAN TYPE
USA_CSV0000000000035902__17.csv,USA_CSV0000000000035902__20.csv,MEDIAN TYPE,MEDIAN TYPE
USA_CSV0000000000035902__17.csv,USA_CSV0000000000035902__18.csv,MEDIAN TYPE,MEDIAN TYPE
USA_CSV0000000000035902__16.csv,USA_CSV0000000000035902__17.csv,MEDIAN TYPE,MEDIAN TYPE
USA_CSV0000000000035902__15.csv,USA_CSV0000000000035902__17.csv,RURAL/URBAN,RURAL/URBAN
USA_CSV0000000000035902__17.csv,USA_CSV0000000000035902__20.csv,RURAL/URBAN,RURAL/URBAN
USA_CSV0000000000035902__17.csv,USA_CSV0000000000035902__18.csv,RURAL/URBAN,RURAL/URBAN
USA_CSV0000000000035902__16.csv,USA_CSV0000000000035902__17.csv,TYPE OF SUBGRADE,TYPE OF SUBGRADE
USA_CSV0000000000035902__17.csv,USA_CSV0000000000035902__20.csv,TYPE OF SUBGRADE,TYPE OF SUBGRADE
USA_CSV0000000000035902__17.csv,USA_CSV0000000000035902__38.csv,TYPE OF SUBGRADE,TYPE OF SUBGRADE
USA_CSV0000000000035902__15.csv,USA_CSV0000000000035902__17.csv,TYPE OF SUBGRADE,TYPE OF SUBGRADE
USA_CSV0000000000035902__17.csv,USA_CSV0000000000035902__18.csv,TYPE OF SUBGRADE,TYPE OF SUBGRADE
USA_CSV0000000000035902__15.csv,USA_CSV0000000000035902__17.csv,SPEED LIMIT,SPEED LIMIT
USA_CSV0000000000035902__17.csv,USA_CSV0000000000035902__20.csv,SPEED LIMIT,SPEED LIMIT
USA_CSV0000000000035902__17.csv,USA_CSV0000000000035902__18.csv,SPEED LIMIT,SPEED LIMIT
USA_CSV0000000000035902__16.csv,USA_CSV0000000000035902__17.csv,SPEED LIMIT,SPEED LIMIT
USA_CSV0000000000035902__17.csv,USA_CSV0000000000035902__34.csv,FUNCTIONAL SYSTEM,FUNCTIONAL SYSTEM
USA_CSV0000000000035902__16.csv,USA_CSV0000000000035902__17.csv,FUNCTIONAL SYSTEM,FUNCTIONAL SYSTEM
USA_CSV0000000000035902__17.csv,USA_CSV0000000000035902__20.csv,FUNCTIONAL SYSTEM,FUNCTIONAL SYSTEM
USA_CSV0000000000035902__15.csv,USA_CSV0000000000035902__17.csv,PEAK CAPACITY,PEAK CAPACITY
USA_CSV0000000000035902__17.csv,USA_CSV0000000000035902__18.csv,PEAK CAPACITY,PEAK CAPACITY
USA_CSV0000000000035902__16.csv,USA_CSV0000000000035902__17.csv,PEAK CAPACITY,PEAK CAPACITY
USA_CSV0000000000035902__17.csv,USA_CSV0000000000035902__20.csv,PEAK CAPACITY,PEAK CAPACITY
USA_CSV0000000000035902__15.csv,USA_CSV0000000000035902__17.csv,RIGHT OF WAY WIDTH,RIGHT OF WAY WIDTH
USA_CSV0000000000035902__17.csv,USA_CSV0000000000035902__20.csv,RIGHT OF WAY WIDTH,RIGHT OF WAY WIDTH
USA_CSV0000000000035902__17.csv,USA_CSV0000000000035902__18.csv,RIGHT OF WAY WIDTH,RIGHT OF WAY WIDTH
USA_CSV0000000000035902__16.csv,USA_CSV0000000000035902__17.csv,RIGHT OF WAY WIDTH,RIGHT OF WAY WIDTH
USA_CSV0000000000035902__15.csv,USA_CSV0000000000035902__17.csv,DIRECTIONAL FACTOR,DIRECTIONAL FACTOR
USA_CSV0000000000035902__17.csv,USA_CSV0000000000035902__20.csv,DIRECTIONAL FACTOR,DIRECTIONAL FACTOR
USA_CSV0000000000035902__17.csv,USA_CSV0000000000035902__18.csv,DIRECTIONAL FACTOR,DIRECTIONAL FACTOR
USA_CSV0000000000035902__16.csv,USA_CSV0000000000035902__17.csv,DIRECTIONAL FACTOR,DIRECTIONAL FACTOR
UK_CSV0000000000003896__8.csv,UK_CSV0000000000007396__10.csv,Post-Op Q Bleeding,Post-Op Q Bleeding
UK_CSV0000000000006676__2.csv,UK_CSV0000000000007396__10.csv,Post-Op Q Bleeding,Post-Op Q Bleeding
UK_CSV0000000000003896__8.csv,UK_CSV0000000000007396__10.csv,Post-Op Q Self-Care,Post-Op Q Self-Care
UK_CSV0000000000006676__2.csv,UK_CSV0000000000007396__10.csv,Post-Op Q Self-Care,Post-Op Q Self-Care
UK_CSV0000000000003896__3.csv,UK_CSV0000000000007396__10.csv,Post-Op Q Self-Care,Post-Op Q Self-Care
UK_CSV0000000000002010__31.csv,UK_CSV0000000000002010__6.csv,Pre-Op Q Activity,Pre-Op Q Activity
UK_CSV0000000000002010__31.csv,UK_CSV0000000000003896__3.csv,Pre-Op Q Activity,Pre-Op Q Activity
UK_CSV0000000000002010__31.csv,UK_CSV0000000000002010__9.csv,Pre-Op Q Activity,Pre-Op Q Activity
UK_CSV0000000000002010__31.csv,UK_CSV0000000000003896__13.csv,Pre-Op Q Self-Care,Pre-Op Q Self-Care
UK_CSV0000000000002010__31.csv,UK_CSV0000000000003896__3.csv,Pre-Op Q Self-Care,Pre-Op Q Self-Care
UK_CSV0000000000002010__30.csv,UK_CSV0000000000002010__31.csv,Pre-Op Q Self-Care,Pre-Op Q Self-Care
UK_CSV0000000000002010__31.csv,UK_CSV0000000000003896__1.csv,Pre-Op Q Self-Care,Pre-Op Q Self-Care
USA_CSV0000000000033847__12.csv,USA_CSV0000000000037101__3.csv,PERC_SINGLE_UNIT,PERC_SINGLE_UNIT
USA_CSV0000000000033847__12.csv,USA_CSV0000000000034882__14.csv,PERC_SINGLE_UNIT,PERC_SINGLE_UNIT
USA_CSV0000000000033847__12.csv,USA_CSV0000000000034882__12.csv,PERC_SINGLE_UNIT,PERC_SINGLE_UNIT
USA_CSV0000000000033847__12.csv,USA_CSV0000000000033847__17.csv,PERC_SINGLE_UNIT,PERC_SINGLE_UNIT
USA_CSV0000000000033847__12.csv,USA_CSV0000000000034882__13.csv,PERC_SINGLE_UNIT,PERC_SINGLE_UNIT
USA_CSV0000000000033847__12.csv,USA_CSV0000000000033847__14.csv,PERC_SINGLE_UNIT,PERC_SINGLE_UNIT
CAN_CSV0000000000001724__8.csv,CAN_CSV0000000000001787__1.csv,Province/Canada,Province/Canada
CAN_CSV0000000000001787__1.csv,CAN_CSV0000000000001797__36.csv,Province/Canada,Province/Canada
CAN_CSV0000000000001787__1.csv,CAN_CSV0000000000001787__6.csv,Province/Canada,Province/Canada
CAN_CSV0000000000001787__1.csv,CAN_CSV0000000000001787__5.csv,Province/Canada,Province/Canada
CAN_CSV0000000000001787__0.csv,CAN_CSV0000000000001787__1.csv,Province/Canada,Province/Canada
CAN_CSV0000000000001787__1.csv,CAN_CSV0000000000001797__21.csv,Province/Canada,Province/Canada
CAN_CSV0000000000001487__25.csv,CAN_CSV0000000000001487__26.csv,CEILOMTR_ELEV,CEILOMTR_ELEV
CAN_CSV0000000000001487__26.csv,CAN_CSV0000000000027346__12.csv,CEILOMTR_ELEV,CEILOMTR_ELEV
CAN_CSV0000000000001487__26.csv,CAN_CSV0000000000027346__14.csv,CEILOMTR_ELEV,CEILOMTR_ELEV
CAN_CSV0000000000001487__26.csv,CAN_CSV0000000000001487__28.csv,CEILOMTR_ELEV,CEILOMTR_ELEV
CAN_CSV0000000000001487__26.csv,CAN_CSV0000000000027349__23.csv,DNSTY_ALTD,DNSTY_ALTD
CAN_CSV0000000000001487__26.csv,CAN_CSV0000000000001487__35.csv,DNSTY_ALTD,DNSTY_ALTD
CAN_CSV0000000000001487__26.csv,CAN_CSV0000000000027349__20.csv,DNSTY_ALTD,DNSTY_ALTD
CAN_CSV0000000000001487__25.csv,CAN_CSV0000000000001487__26.csv,DNSTY_ALTD,DNSTY_ALTD
CAN_CSV0000000000001487__26.csv,CAN_CSV0000000000027349__21.csv,DNSTY_ALTD,DNSTY_ALTD
CAN_CSV0000000000001487__26.csv,CAN_CSV0000000000001487__28.csv,DNSTY_ALTD,DNSTY_ALTD
CAN_CSV0000000000001487__26.csv,CAN_CSV0000000000001487__34.csv,DNSTY_ALTD,DNSTY_ALTD
CAN_CSV0000000000001487__26.csv,CAN_CSV0000000000001487__9.csv,CLD_BAS_HGT_1,CLD_BAS_HGT_1
CAN_CSV0000000000001487__25.csv,CAN_CSV0000000000001487__26.csv,CLD_BAS_HGT_1,CLD_BAS_HGT_1
CAN_CSV0000000000001487__26.csv,CAN_CSV0000000000001487__28.csv,CLD_BAS_HGT_1,CLD_BAS_HGT_1
CAN_CSV0000000000001487__26.csv,CAN_CSV0000000000001487__8.csv,CLD_BAS_HGT_1,CLD_BAS_HGT_1
CAN_CSV0000000000001487__26.csv,CAN_CSV0000000000027355__20.csv,CLD_BAS_HGT_1,CLD_BAS_HGT_1
CAN_CSV0000000000001487__26.csv,CAN_CSV0000000000027349__23.csv,DATA_PAYLOAD_URI,DATA_PAYLOAD_URI
CAN_CSV0000000000001487__26.csv,CAN_CSV0000000000001487__9.csv,DATA_PAYLOAD_URI,DATA_PAYLOAD_URI
CAN_CSV0000000000001487__26.csv,CAN_CSV0000000000027349__20.csv,DATA_PAYLOAD_URI,DATA_PAYLOAD_URI
CAN_CSV0000000000001487__25.csv,CAN_CSV0000000000001487__26.csv,DATA_PAYLOAD_URI,DATA_PAYLOAD_URI
CAN_CSV0000000000001487__26.csv,CAN_CSV0000000000027349__21.csv,DATA_PAYLOAD_URI,DATA_PAYLOAD_URI
CAN_CSV0000000000001487__26.csv,CAN_CSV0000000000027353__2.csv,DATA_PAYLOAD_URI,DATA_PAYLOAD_URI
CAN_CSV0000000000001487__26.csv,CAN_CSV0000000000027355__11.csv,DATA_PAYLOAD_URI,DATA_PAYLOAD_URI
CAN_CSV0000000000001487__26.csv,CAN_CSV0000000000001487__28.csv,DATA_PAYLOAD_URI,DATA_PAYLOAD_URI
CAN_CSV0000000000001487__26.csv,CAN_CSV0000000000001487__8.csv,DATA_PAYLOAD_URI,DATA_PAYLOAD_URI
CAN_CSV0000000000001487__25.csv,CAN_CSV0000000000027346__30.csv,AVG_VIS_PST10MTS_QA,AVG_VIS_PST10MTS_QA
CAN_CSV0000000000001487__28.csv,CAN_CSV0000000000027346__30.csv,AVG_VIS_PST10MTS_QA,AVG_VIS_PST10MTS_QA
CAN_CSV0000000000001487__26.csv,CAN_CSV0000000000027346__30.csv,AVG_VIS_PST10MTS_QA,AVG_VIS_PST10MTS_QA
CAN_CSV0000000000001487__29.csv,CAN_CSV0000000000027346__30.csv,AVG_VIS_PST10MTS_QA,AVG_VIS_PST10MTS_QA
CAN_CSV0000000000027346__30.csv,CAN_CSV0000000000027346__35.csv,AVG_VIS_PST10MTS_QA,AVG_VIS_PST10MTS_QA
CAN_CSV0000000000001487__24.csv,CAN_CSV0000000000027346__30.csv,AVG_VIS_PST10MTS_QA,AVG_VIS_PST10MTS_QA
CAN_CSV0000000000027346__12.csv,CAN_CSV0000000000027346__30.csv,AVG_VIS_PST10MTS_QA,AVG_VIS_PST10MTS_QA
CAN_CSV0000000000027346__30.csv,CAN_CSV0000000000027346__32.csv,AVG_VIS_PST10MTS_QA,AVG_VIS_PST10MTS_QA
USA_CSV0000000000033847__14.csv,USA_CSV0000000000034882__26.csv,UNBUILT_FACILITY,UNBUILT_FACILITY
USA_CSV0000000000033847__14.csv,USA_CSV0000000000034882__26.csv,LANE_WIDTH,LANE_WIDTH
USA_CSV0000000000033847__14.csv,USA_CSV0000000000034882__26.csv,INTER_ROUTE_NUMBER,INTER_ROUTE_NUMBER
USA_CSV0000000000033847__14.csv,USA_CSV0000000000034882__26.csv,THROUGH_LANES,THROUGH_LANES
USA_CSV0000000000033847__14.csv,USA_CSV0000000000033847__17.csv,THROUGH_LANES,THROUGH_LANES
USA_CSV0000000000033847__14.csv,USA_CSV0000000000034882__14.csv,PEAK_PARKING,PEAK_PARKING
USA_CSV0000000000033847__5.csv,USA_CSV0000000000034882__22.csv,SHOULDER_WIDTH_L,SHOULDER_WIDTH_L
USA_CSV0000000000034882__22.csv,USA_CSV0000000000037101__3.csv,SHOULDER_WIDTH_L,SHOULDER_WIDTH_L
USA_CSV0000000000034882__14.csv,USA_CSV0000000000034882__22.csv,SHOULDER_WIDTH_L,SHOULDER_WIDTH_L
USA_CSV0000000000033847__5.csv,USA_CSV0000000000034882__22.csv,VERT_ALIGN,VERT_ALIGN
USA_CSV0000000000034882__22.csv,USA_CSV0000000000037101__3.csv,VERT_ALIGN,VERT_ALIGN
USA_CSV0000000000034882__22.csv,USA_CSV0000000000034882__26.csv,VERT_ALIGN,VERT_ALIGN
USA_CSV0000000000033847__5.csv,USA_CSV0000000000034882__22.csv,STD_EXP_FACTOR,STD_EXP_FACTOR
USA_CSV0000000000033847__4.csv,USA_CSV0000000000034882__22.csv,STD_EXP_FACTOR,STD_EXP_FACTOR
USA_CSV0000000000033847__5.csv,USA_CSV0000000000034882__22.csv,ROUTE_SIGNING,ROUTE_SIGNING
USA_CSV0000000000034882__22.csv,USA_CSV0000000000037101__16.csv,ROUTE_SIGNING,ROUTE_SIGNING
USA_CSV0000000000033847__4.csv,USA_CSV0000000000034882__22.csv,ROUTE_SIGNING,ROUTE_SIGNING
USA_CSV0000000000034882__22.csv,USA_CSV0000000000037101__27.csv,ROUTE_SIGNING,ROUTE_SIGNING
USA_CSV0000000000033847__5.csv,USA_CSV0000000000034882__22.csv,PERC_COMBINATION,PERC_COMBINATION
USA_CSV0000000000034882__14.csv,USA_CSV0000000000034882__22.csv,PERC_COMBINATION,PERC_COMBINATION
USA_CSV0000000000033847__5.csv,USA_CSV0000000000034882__22.csv,SPECIAL_SYSTEMS,SPECIAL_SYSTEMS
USA_CSV0000000000034882__22.csv,USA_CSV0000000000034882__26.csv,SPECIAL_SYSTEMS,SPECIAL_SYSTEMS
USA_CSV0000000000033847__4.csv,USA_CSV0000000000034882__22.csv,SPECIAL_SYSTEMS,SPECIAL_SYSTEMS
USA_CSV0000000000033847__5.csv,USA_CSV0000000000034882__22.csv,DONUT_EXP_FACTOR,DONUT_EXP_FACTOR
USA_CSV0000000000034882__22.csv,USA_CSV0000000000037101__20.csv,DONUT_EXP_FACTOR,DONUT_EXP_FACTOR
USA_CSV0000000000034882__22.csv,USA_CSV0000000000037101__3.csv,DONUT_EXP_FACTOR,DONUT_EXP_FACTOR
USA_CSV0000000000034882__26.csv,USA_CSV0000000000034882__29.csv,TYPE_FACILITY,TYPE_FACILITY
USA_CSV0000000000034882__29.csv,USA_CSV0000000000037101__16.csv,TYPE_FACILITY,TYPE_FACILITY
USA_CSV0000000000034882__26.csv,USA_CSV0000000000034882__29.csv,THROUGH_LANES,THROUGH_LANES
USA_CSV0000000000033847__5.csv,USA_CSV0000000000034882__29.csv,YEAR_RECORD,YEAR_RECORD
USA_CSV0000000000034882__26.csv,USA_CSV0000000000034882__29.csv,YEAR_RECORD,YEAR_RECORD
USA_CSV0000000000033847__17.csv,USA_CSV0000000000034882__26.csv,INTER_ROUTE_NUMBER,INTER_ROUTE_NUMBER
USA_CSV0000000000034882__26.csv,USA_CSV0000000000037101__16.csv,TYPE_FACILITY,TYPE_FACILITY
USA_CSV0000000000033847__17.csv,USA_CSV0000000000034882__26.csv,THROUGH_LANES,THROUGH_LANES
USA_CSV0000000000034882__14.csv,USA_CSV0000000000034882__26.csv,UNBUILT_FACILITY,UNBUILT_FACILITY
USA_CSV0000000000033847__5.csv,USA_CSV0000000000034882__26.csv,YEAR_RECORD,YEAR_RECORD
CAN_CSV0000000000001724__12.csv,CAN_CSV0000000000001797__5.csv,RentLocation,RentLocation
CAN_CSV0000000000001724__12.csv,CAN_CSV0000000000001724__45.csv,RentLocation,RentLocation
CAN_CSV0000000000001724__12.csv,CAN_CSV0000000000001797__43.csv,RentLocation,RentLocation
UK_CSV0000000000002010__6.csv,UK_CSV0000000000006676__9.csv,Circulation,Circulation
UK_CSV0000000000002010__9.csv,UK_CSV0000000000006676__9.csv,Circulation,Circulation
UK_CSV0000000000006676__34.csv,UK_CSV0000000000006676__9.csv,Circulation,Circulation
UK_CSV0000000000002010__8.csv,UK_CSV0000000000006676__9.csv,Circulation,Circulation
UK_CSV0000000000002010__10.csv,UK_CSV0000000000006676__9.csv,Circulation,Circulation
UK_CSV0000000000002010__13.csv,UK_CSV0000000000006676__9.csv,Circulation,Circulation
UK_CSV0000000000002010__17.csv,UK_CSV0000000000006676__9.csv,Circulation,Circulation
UK_CSV0000000000003896__8.csv,UK_CSV0000000000006676__9.csv,Pre-Op Q EQ VAS,Pre-Op Q EQ VAS
UK_CSV0000000000003896__13.csv,UK_CSV0000000000006676__9.csv,Pre-Op Q EQ VAS,Pre-Op Q EQ VAS
UK_CSV0000000000002010__6.csv,UK_CSV0000000000006676__9.csv,Depression,Depression
UK_CSV0000000000006676__2.csv,UK_CSV0000000000006676__9.csv,Depression,Depression
UK_CSV0000000000002010__9.csv,UK_CSV0000000000006676__9.csv,Depression,Depression
UK_CSV0000000000002010__8.csv,UK_CSV0000000000006676__9.csv,Depression,Depression
UK_CSV0000000000002010__10.csv,UK_CSV0000000000006676__9.csv,Depression,Depression
UK_CSV0000000000006676__5.csv,UK_CSV0000000000006676__9.csv,Depression,Depression
UK_CSV0000000000002010__30.csv,UK_CSV0000000000006676__9.csv,Depression,Depression
UK_CSV0000000000002010__6.csv,UK_CSV0000000000006676__9.csv,Kidney Disease,Kidney Disease
UK_CSV0000000000006676__2.csv,UK_CSV0000000000006676__9.csv,Kidney Disease,Kidney Disease
UK_CSV0000000000002010__6.csv,UK_CSV0000000000006676__9.csv,Post-Op Q Activity,Post-Op Q Activity
UK_CSV0000000000006676__2.csv,UK_CSV0000000000006676__9.csv,Post-Op Q Activity,Post-Op Q Activity
UK_CSV0000000000002010__9.csv,UK_CSV0000000000006676__9.csv,Post-Op Q Activity,Post-Op Q Activity
UK_CSV0000000000006676__2.csv,UK_CSV0000000000006676__9.csv,Heart Disease,Heart Disease
UK_CSV0000000000002010__3.csv,UK_CSV0000000000006676__9.csv,Heart Disease,Heart Disease
UK_CSV0000000000006676__5.csv,UK_CSV0000000000006676__9.csv,Heart Disease,Heart Disease
UK_CSV0000000000006676__2.csv,UK_CSV0000000000006676__9.csv,Post-Op Q Urine,Post-Op Q Urine
UK_CSV0000000000006676__5.csv,UK_CSV0000000000006676__9.csv,Post-Op Q Urine,Post-Op Q Urine
UK_CSV0000000000006676__34.csv,UK_CSV0000000000006676__9.csv,Post-Op Q Sucess,Post-Op Q Sucess
UK_CSV0000000000003896__8.csv,UK_CSV0000000000006676__9.csv,Post-Op Q Bleeding,Post-Op Q Bleeding
UK_CSV0000000000006676__2.csv,UK_CSV0000000000006676__9.csv,Post-Op Q Bleeding,Post-Op Q Bleeding
UK_CSV0000000000003896__13.csv,UK_CSV0000000000003896__3.csv,Pre-Op Q Anxiety,Pre-Op Q Anxiety
UK_CSV0000000000003896__3.csv,UK_CSV0000000000006676__34.csv,Pre-Op Q Anxiety,Pre-Op Q Anxiety
UK_CSV0000000000003896__3.csv,UK_CSV0000000000007396__13.csv,Pre-Op Q Anxiety,Pre-Op Q Anxiety
UK_CSV0000000000003896__13.csv,UK_CSV0000000000003896__3.csv,Revision Flag,Revision Flag
UK_CSV0000000000003896__13.csv,UK_CSV0000000000003896__3.csv,Pre-Op Q Self-Care,Pre-Op Q Self-Care
CAN_CSV0000000000001724__44.csv,CAN_CSV0000000000001797__5.csv,RentLocation,RentLocation
CAN_CSV0000000000001724__44.csv,CAN_CSV0000000000001724__45.csv,RentLocation,RentLocation
CAN_CSV0000000000001724__44.csv,CAN_CSV0000000000001797__43.csv,RentLocation,RentLocation
CAN_CSV0000000000001724__44.csv,CAN_CSV0000000000001797__13.csv,RentLocation,RentLocation
CAN_CSV0000000000001724__44.csv,CAN_CSV0000000000001787__8.csv,RentLocation,RentLocation
USA_CSV0000000000034882__13.csv,USA_CSV0000000000034882__14.csv,AVG_SINGLE_UNIT,AVG_SINGLE_UNIT
USA_CSV0000000000034882__12.csv,USA_CSV0000000000034882__13.csv,AVG_SINGLE_UNIT,AVG_SINGLE_UNIT
USA_CSV0000000000034882__13.csv,USA_CSV0000000000037101__27.csv,AVG_SINGLE_UNIT,AVG_SINGLE_UNIT
USA_CSV0000000000034882__13.csv,USA_CSV0000000000037101__25.csv,AVG_SINGLE_UNIT,AVG_SINGLE_UNIT
USA_CSV0000000000035902__15.csv,USA_CSV0000000000035902__34.csv,TYPE OF IMPROVEMENT,TYPE OF IMPROVEMENT
USA_CSV0000000000035902__15.csv,USA_CSV0000000000035902__16.csv,TYPE OF IMPROVEMENT,TYPE OF IMPROVEMENT
USA_CSV0000000000035902__15.csv,USA_CSV0000000000035902__20.csv,TYPE OF IMPROVEMENT,TYPE OF IMPROVEMENT
USA_CSV0000000000035902__15.csv,USA_CSV0000000000035902__20.csv,MEDIAN TYPE,MEDIAN TYPE
USA_CSV0000000000035902__15.csv,USA_CSV0000000000035902__18.csv,MEDIAN TYPE,MEDIAN TYPE
USA_CSV0000000000035902__15.csv,USA_CSV0000000000035902__16.csv,MEDIAN TYPE,MEDIAN TYPE
USA_CSV0000000000035902__15.csv,USA_CSV0000000000035902__17.csv,MEDIAN TYPE,MEDIAN TYPE
USA_CSV0000000000035902__15.csv,USA_CSV0000000000035902__20.csv,RURAL/URBAN,RURAL/URBAN
USA_CSV0000000000035902__15.csv,USA_CSV0000000000035902__16.csv,TYPE OF SUBGRADE,TYPE OF SUBGRADE
USA_CSV0000000000035902__15.csv,USA_CSV0000000000035902__20.csv,TYPE OF SUBGRADE,TYPE OF SUBGRADE
USA_CSV0000000000035902__15.csv,USA_CSV0000000000035902__20.csv,SPEED LIMIT,SPEED LIMIT
USA_CSV0000000000035902__15.csv,USA_CSV0000000000035902__18.csv,SPEED LIMIT,SPEED LIMIT
USA_CSV0000000000035902__15.csv,USA_CSV0000000000035902__16.csv,SPEED LIMIT,SPEED LIMIT
USA_CSV0000000000035902__15.csv,USA_CSV0000000000035902__17.csv,SPEED LIMIT,SPEED LIMIT
USA_CSV0000000000035902__15.csv,USA_CSV0000000000035902__34.csv,FUNCTIONAL SYSTEM,FUNCTIONAL SYSTEM
USA_CSV0000000000035902__15.csv,USA_CSV0000000000035902__16.csv,FUNCTIONAL SYSTEM,FUNCTIONAL SYSTEM
USA_CSV0000000000035902__15.csv,USA_CSV0000000000035902__20.csv,FUNCTIONAL SYSTEM,FUNCTIONAL SYSTEM
USA_CSV0000000000035902__15.csv,USA_CSV0000000000035902__18.csv,PEAK CAPACITY,PEAK CAPACITY
USA_CSV0000000000035902__15.csv,USA_CSV0000000000035902__16.csv,PEAK CAPACITY,PEAK CAPACITY
USA_CSV0000000000035902__15.csv,USA_CSV0000000000035902__20.csv,PEAK CAPACITY,PEAK CAPACITY
USA_CSV0000000000035902__15.csv,USA_CSV0000000000035902__17.csv,PEAK CAPACITY,PEAK CAPACITY
USA_CSV0000000000035902__15.csv,USA_CSV0000000000035902__20.csv,FEDERAL-AID SYSTEM,FEDERAL-AID SYSTEM
USA_CSV0000000000035902__15.csv,USA_CSV0000000000035902__18.csv,FEDERAL-AID SYSTEM,FEDERAL-AID SYSTEM
USA_CSV0000000000035902__15.csv,USA_CSV0000000000035902__16.csv,FEDERAL-AID SYSTEM,FEDERAL-AID SYSTEM
USA_CSV0000000000035902__15.csv,USA_CSV0000000000035902__17.csv,FEDERAL-AID SYSTEM,FEDERAL-AID SYSTEM
USA_CSV0000000000035902__15.csv,USA_CSV0000000000035902__16.csv,TURNING LANES-LEFT,TURNING LANES-LEFT
USA_CSV0000000000035902__15.csv,USA_CSV0000000000035902__20.csv,TURNING LANES-LEFT,TURNING LANES-LEFT
USA_CSV0000000000035902__15.csv,USA_CSV0000000000035902__20.csv,DIRECTIONAL FACTOR,DIRECTIONAL FACTOR
USA_CSV0000000000035902__15.csv,USA_CSV0000000000035902__18.csv,DIRECTIONAL FACTOR,DIRECTIONAL FACTOR
USA_CSV0000000000035902__15.csv,USA_CSV0000000000035902__16.csv,DIRECTIONAL FACTOR,DIRECTIONAL FACTOR
USA_CSV0000000000035902__15.csv,USA_CSV0000000000035902__17.csv,DIRECTIONAL FACTOR,DIRECTIONAL FACTOR
USA_CSV0000000000033847__17.csv,USA_CSV0000000000033847__5.csv,SHOULDER_WIDTH_L,SHOULDER_WIDTH_L
USA_CSV0000000000033847__17.csv,USA_CSV0000000000037101__3.csv,SHOULDER_WIDTH_L,SHOULDER_WIDTH_L
CAN_CSV0000000000001487__9.csv,CAN_CSV0000000000027346__30.csv,AVG_MSLP_PST1MT_QA,AVG_MSLP_PST1MT_QA
CAN_CSV0000000000001487__8.csv,CAN_CSV0000000000027346__30.csv,AVG_MSLP_PST1MT_QA,AVG_MSLP_PST1MT_QA
CAN_CSV0000000000001487__10.csv,CAN_CSV0000000000027346__30.csv,AVG_MSLP_PST1MT_QA,AVG_MSLP_PST1MT_QA
CAN_CSV0000000000001487__20.csv,CAN_CSV0000000000027346__30.csv,AVG_MSLP_PST1MT_QA,AVG_MSLP_PST1MT_QA
CAN_CSV0000000000001724__8.csv,CAN_CSV0000000000001787__38.csv,Province/Canada,Province/Canada
CAN_CSV0000000000001787__38.csv,CAN_CSV0000000000001797__36.csv,Province/Canada,Province/Canada
CAN_CSV0000000000001787__38.csv,CAN_CSV0000000000001787__6.csv,Province/Canada,Province/Canada
CAN_CSV0000000000001787__38.csv,CAN_CSV0000000000001787__5.csv,Province/Canada,Province/Canada
CAN_CSV0000000000027349__20.csv,CAN_CSV0000000000027349__23.csv,PCPN_AMT_PST1MT,PCPN_AMT_PST1MT
CAN_CSV0000000000001487__9.csv,CAN_CSV0000000000027349__20.csv,PCPN_AMT_PST1MT,PCPN_AMT_PST1MT
CAN_CSV0000000000027349__20.csv,CAN_CSV0000000000027349__21.csv,PCPN_AMT_PST1MT,PCPN_AMT_PST1MT
CAN_CSV0000000000027349__20.csv,CAN_CSV0000000000027355__11.csv,PCPN_AMT_PST1MT,PCPN_AMT_PST1MT
USA_CSV0000000000033847__17.csv,USA_CSV0000000000034882__26.csv,TYPE_FACILITY,TYPE_FACILITY
USA_CSV0000000000033847__17.csv,USA_CSV0000000000037101__16.csv,TYPE_FACILITY,TYPE_FACILITY
USA_CSV0000000000033847__17.csv,USA_CSV0000000000037101__3.csv,SECTION_ID,SECTION_ID
USA_CSV0000000000033847__17.csv,USA_CSV0000000000034882__14.csv,SECTION_ID,SECTION_ID
USA_CSV0000000000033847__17.csv,USA_CSV0000000000034882__12.csv,SECTION_ID,SECTION_ID
UK_CSV0000000000002010__31.csv,UK_CSV0000000000002010__6.csv,Pre-Op Q Disability,Pre-Op Q Disability
UK_CSV0000000000002010__31.csv,UK_CSV0000000000006676__2.csv,Pre-Op Q Disability,Pre-Op Q Disability
UK_CSV0000000000002010__31.csv,UK_CSV0000000000002010__9.csv,Pre-Op Q Disability,Pre-Op Q Disability
UK_CSV0000000000002010__31.csv,UK_CSV0000000000006676__34.csv,Pre-Op Q Disability,Pre-Op Q Disability
UK_CSV0000000000002010__31.csv,UK_CSV0000000000002010__8.csv,Pre-Op Q Disability,Pre-Op Q Disability
UK_CSV0000000000002010__31.csv,UK_CSV0000000000003896__8.csv,Pre-Op Q EQ VAS,Pre-Op Q EQ VAS
UK_CSV0000000000002010__31.csv,UK_CSV0000000000003896__13.csv,Pre-Op Q EQ VAS,Pre-Op Q EQ VAS
UK_CSV0000000000002010__6.csv,UK_CSV0000000000006676__5.csv,Post-Op Q Activity,Post-Op Q Activity
UK_CSV0000000000006676__2.csv,UK_CSV0000000000006676__5.csv,Post-Op Q Activity,Post-Op Q Activity
UK_CSV0000000000003896__8.csv,UK_CSV0000000000006676__5.csv,Post-Op Q Bleeding,Post-Op Q Bleeding
UK_CSV0000000000006676__2.csv,UK_CSV0000000000006676__5.csv,Post-Op Q Bleeding,Post-Op Q Bleeding
UK_CSV0000000000003896__8.csv,UK_CSV0000000000006676__5.csv,Post-Op Q Self-Care,Post-Op Q Self-Care
UK_CSV0000000000006676__2.csv,UK_CSV0000000000006676__5.csv,Post-Op Q Self-Care,Post-Op Q Self-Care
UK_CSV0000000000003896__3.csv,UK_CSV0000000000006676__5.csv,Post-Op Q Self-Care,Post-Op Q Self-Care
UK_CSV0000000000003896__8.csv,UK_CSV0000000000006676__5.csv,Pre-Op Q EQ5D Index,Pre-Op Q EQ5D Index
UK_CSV0000000000006676__2.csv,UK_CSV0000000000006676__5.csv,Pre-Op Q EQ5D Index,Pre-Op Q EQ5D Index
UK_CSV0000000000003896__3.csv,UK_CSV0000000000006676__5.csv,Pre-Op Q EQ5D Index,Pre-Op Q EQ5D Index
UK_CSV0000000000006676__5.csv,UK_CSV0000000000007396__13.csv,Pre-Op Q EQ5D Index,Pre-Op Q EQ5D Index
CAN_CSV0000000000001724__8.csv,CAN_CSV0000000000001787__0.csv,Province/Canada,Province/Canada
CAN_CSV0000000000001787__0.csv,CAN_CSV0000000000001797__36.csv,Province/Canada,Province/Canada
CAN_CSV0000000000001787__0.csv,CAN_CSV0000000000001787__6.csv,Province/Canada,Province/Canada
CAN_CSV0000000000001787__0.csv,CAN_CSV0000000000001787__5.csv,Province/Canada,Province/Canada
CAN_CSV0000000000001797__1.csv,CAN_CSV0000000000001797__5.csv,RentLocation,RentLocation
CAN_CSV0000000000001724__45.csv,CAN_CSV0000000000001797__1.csv,RentLocation,RentLocation
CAN_CSV0000000000001797__1.csv,CAN_CSV0000000000001797__43.csv,RentLocation,RentLocation
SG_CSV0000000000000925__10.csv,SG_CSV0000000000000925__4.csv,socialnetwork_dp07,socialnetwork_dp07
SG_CSV0000000000000925__21.csv,SG_CSV0000000000000925__4.csv,socialnetwork_dp07,socialnetwork_dp07
SG_CSV0000000000000925__4.csv,SG_CSV0000000000000925__6.csv,socialnetwork_dp07,socialnetwork_dp07
SG_CSV0000000000000925__0.csv,SG_CSV0000000000000925__4.csv,socialnetwork_dp07,socialnetwork_dp07
SG_CSV0000000000000925__3.csv,SG_CSV0000000000000925__4.csv,socialnetwork_dp07,socialnetwork_dp07
SG_CSV0000000000000925__4.csv,SG_CSV0000000000000925__6.csv,rankmostimptchild_1,rankmostimptchild_1
SG_CSV0000000000000925__10.csv,SG_CSV0000000000000925__4.csv,rankmostimptchild_1,rankmostimptchild_1
SG_CSV0000000000000925__0.csv,SG_CSV0000000000000925__4.csv,rankmostimptchild_1,rankmostimptchild_1
SG_CSV0000000000000925__3.csv,SG_CSV0000000000000925__4.csv,rankmostimptchild_1,rankmostimptchild_1
SG_CSV0000000000000925__2.csv,SG_CSV0000000000000925__4.csv,rankmostimptchild_1,rankmostimptchild_1
UK_CSV0000000000003896__13.csv,UK_CSV0000000000007396__12.csv,Pre-Op Q Anxiety,Pre-Op Q Anxiety
UK_CSV0000000000003896__3.csv,UK_CSV0000000000007396__12.csv,Pre-Op Q Anxiety,Pre-Op Q Anxiety
CAN_CSV0000000000001487__6.csv,CAN_CSV0000000000001487__9.csv,AVG_MSLP_PST1MT_QA,AVG_MSLP_PST1MT_QA
CAN_CSV0000000000001487__6.csv,CAN_CSV0000000000001487__8.csv,AVG_MSLP_PST1MT_QA,AVG_MSLP_PST1MT_QA
CAN_CSV0000000000001487__10.csv,CAN_CSV0000000000001487__6.csv,AVG_MSLP_PST1MT_QA,AVG_MSLP_PST1MT_QA
CAN_CSV0000000000001487__20.csv,CAN_CSV0000000000001487__6.csv,AVG_MSLP_PST1MT_QA,AVG_MSLP_PST1MT_QA
CAN_CSV0000000000001487__35.csv,CAN_CSV0000000000001487__6.csv,ICAO_STN_ID,ICAO_STN_ID
CAN_CSV0000000000001487__6.csv,CAN_CSV0000000000001487__9.csv,ICAO_STN_ID,ICAO_STN_ID
CAN_CSV0000000000001487__6.csv,CAN_CSV0000000000027353__2.csv,ICAO_STN_ID,ICAO_STN_ID
CAN_CSV0000000000001487__34.csv,CAN_CSV0000000000001487__6.csv,ICAO_STN_ID,ICAO_STN_ID
CAN_CSV0000000000001487__6.csv,CAN_CSV0000000000027349__23.csv,AVG_REL_HUM_PST1MT,AVG_REL_HUM_PST1MT
CAN_CSV0000000000001487__35.csv,CAN_CSV0000000000001487__6.csv,AVG_REL_HUM_PST1MT,AVG_REL_HUM_PST1MT
CAN_CSV0000000000001487__6.csv,CAN_CSV0000000000001487__9.csv,AVG_REL_HUM_PST1MT,AVG_REL_HUM_PST1MT
CAN_CSV0000000000001487__6.csv,CAN_CSV0000000000027349__20.csv,AVG_REL_HUM_PST1MT,AVG_REL_HUM_PST1MT
CAN_CSV0000000000001487__25.csv,CAN_CSV0000000000001487__6.csv,AVG_REL_HUM_PST1MT,AVG_REL_HUM_PST1MT
CAN_CSV0000000000001487__6.csv,CAN_CSV0000000000027349__21.csv,AVG_REL_HUM_PST1MT,AVG_REL_HUM_PST1MT
CAN_CSV0000000000001487__28.csv,CAN_CSV0000000000001487__6.csv,AVG_REL_HUM_PST1MT,AVG_REL_HUM_PST1MT
CAN_CSV0000000000001487__34.csv,CAN_CSV0000000000001487__6.csv,AVG_REL_HUM_PST1MT,AVG_REL_HUM_PST1MT
CAN_CSV0000000000001487__6.csv,CAN_CSV0000000000001487__9.csv,AVG_VIS_PST10MTS,AVG_VIS_PST10MTS
CAN_CSV0000000000001487__25.csv,CAN_CSV0000000000001487__6.csv,AVG_VIS_PST10MTS,AVG_VIS_PST10MTS
CAN_CSV0000000000001487__6.csv,CAN_CSV0000000000027353__2.csv,AVG_VIS_PST10MTS,AVG_VIS_PST10MTS
SG_CSV0000000000000925__0.csv,SG_CSV0000000000000925__6.csv,socialnetwork_dp08,socialnetwork_dp08
SG_CSV0000000000000925__6.csv,SG_CSV0000000000001714__40.csv,socialnetwork_dp08,socialnetwork_dp08
SG_CSV0000000000000925__3.csv,SG_CSV0000000000000925__6.csv,socialnetwork_dp08,socialnetwork_dp08
SG_CSV0000000000000925__4.csv,SG_CSV0000000000000925__6.csv,socialnetwork_dp08,socialnetwork_dp08
SG_CSV0000000000000925__10.csv,SG_CSV0000000000000925__6.csv,yearbornin_1_slice,yearbornin_1_slice
SG_CSV0000000000000925__0.csv,SG_CSV0000000000000925__6.csv,highestlevel,highestlevel
SG_CSV0000000000000925__3.csv,SG_CSV0000000000000925__6.csv,highestlevel,highestlevel
SG_CSV0000000000000925__4.csv,SG_CSV0000000000000925__6.csv,highestlevel,highestlevel
CAN_CSV0000000000001487__25.csv,CAN_CSV0000000000001487__9.csv,AVG_VIS_PST1MT_QA,AVG_VIS_PST1MT_QA
CAN_CSV0000000000001487__9.csv,CAN_CSV0000000000027346__14.csv,AVG_VIS_PST1MT_QA,AVG_VIS_PST1MT_QA
CAN_CSV0000000000001487__28.csv,CAN_CSV0000000000001487__9.csv,AVG_VIS_PST1MT_QA,AVG_VIS_PST1MT_QA
CAN_CSV0000000000001487__8.csv,CAN_CSV0000000000001487__9.csv,AVG_VIS_PST1MT_QA,AVG_VIS_PST1MT_QA
CAN_CSV0000000000001487__26.csv,CAN_CSV0000000000001487__9.csv,AVG_VIS_PST1MT_QA,AVG_VIS_PST1MT_QA
CAN_CSV0000000000001487__10.csv,CAN_CSV0000000000001487__9.csv,AVG_VIS_PST1MT_QA,AVG_VIS_PST1MT_QA
UK_CSV0000000000002010__6.csv,UK_CSV0000000000006676__5.csv,Kidney Disease,Kidney Disease
UK_CSV0000000000006676__2.csv,UK_CSV0000000000006676__5.csv,Kidney Disease,Kidney Disease
UK_CSV0000000000002010__6.csv,UK_CSV0000000000006676__5.csv,Pre-Op Q Disability,Pre-Op Q Disability
UK_CSV0000000000006676__2.csv,UK_CSV0000000000006676__5.csv,Pre-Op Q Disability,Pre-Op Q Disability
UK_CSV0000000000002010__9.csv,UK_CSV0000000000006676__5.csv,Pre-Op Q Disability,Pre-Op Q Disability
UK_CSV0000000000006676__34.csv,UK_CSV0000000000006676__5.csv,Pre-Op Q Disability,Pre-Op Q Disability
UK_CSV0000000000002010__8.csv,UK_CSV0000000000006676__5.csv,Pre-Op Q Disability,Pre-Op Q Disability
UK_CSV0000000000002010__10.csv,UK_CSV0000000000006676__5.csv,Pre-Op Q Disability,Pre-Op Q Disability
UK_CSV0000000000002010__30.csv,UK_CSV0000000000006676__5.csv,Pre-Op Q Disability,Pre-Op Q Disability
UK_CSV0000000000002010__6.csv,UK_CSV0000000000006676__5.csv,Pre-Op Q Mobility,Pre-Op Q Mobility
UK_CSV0000000000006676__2.csv,UK_CSV0000000000006676__5.csv,Pre-Op Q Mobility,Pre-Op Q Mobility
UK_CSV0000000000005854__10.csv,UK_CSV0000000000005854__14.csv,% with CPA review,% with CPA review
UK_CSV0000000000005854__10.csv,UK_CSV0000000000005854__14.csv,Intensity of care,Intensity of care
SG_CSV0000000000000925__10.csv,SG_CSV0000000000000925__3.csv,ban_no_ofchildren,ban_no_ofchildren
SG_CSV0000000000000925__3.csv,SG_CSV0000000000000925__6.csv,ban_no_ofchildren,ban_no_ofchildren
SG_CSV0000000000000925__0.csv,SG_CSV0000000000000925__3.csv,ban_no_ofchildren,ban_no_ofchildren
SG_CSV0000000000000925__3.csv,SG_CSV0000000000000925__4.csv,ban_no_ofchildren,ban_no_ofchildren
SG_CSV0000000000000925__3.csv,SG_CSV0000000000000925__6.csv,ban_children1,ban_children1
SG_CSV0000000000000925__0.csv,SG_CSV0000000000000925__3.csv,ban_children1,ban_children1
SG_CSV0000000000000925__3.csv,SG_CSV0000000000000925__4.csv,ban_children1,ban_children1
SG_CSV0000000000000925__2.csv,SG_CSV0000000000000925__3.csv,ban_children1,ban_children1
SG_CSV0000000000000925__3.csv,SG_CSV0000000000000925__6.csv,ban_education1,ban_education1
SG_CSV0000000000000925__0.csv,SG_CSV0000000000000925__3.csv,ban_education1,ban_education1
SG_CSV0000000000000925__3.csv,SG_CSV0000000000000925__4.csv,ban_education1,ban_education1
SG_CSV0000000000000925__3.csv,SG_CSV0000000000000925__6.csv,highestlevel,highestlevel
SG_CSV0000000000000925__0.csv,SG_CSV0000000000000925__3.csv,highestlevel,highestlevel
SG_CSV0000000000000925__3.csv,SG_CSV0000000000000925__4.csv,highestlevel,highestlevel
SG_CSV0000000000000925__3.csv,SG_CSV0000000000000925__6.csv,livinginsg_3_slice,livinginsg_3_slice
SG_CSV0000000000000925__0.csv,SG_CSV0000000000000925__3.csv,livinginsg_3_slice,livinginsg_3_slice
SG_CSV0000000000000925__3.csv,SG_CSV0000000000000925__4.csv,livinginsg_3_slice,livinginsg_3_slice
SG_CSV0000000000000925__2.csv,SG_CSV0000000000000925__3.csv,livinginsg_3_slice,livinginsg_3_slice
SG_CSV0000000000000925__4.csv,SG_CSV0000000000000925__6.csv,socialnetwork_dp08,socialnetwork_dp08
SG_CSV0000000000000925__0.csv,SG_CSV0000000000000925__4.csv,socialnetwork_dp08,socialnetwork_dp08
SG_CSV0000000000000925__4.csv,SG_CSV0000000000001714__40.csv,socialnetwork_dp08,socialnetwork_dp08
SG_CSV0000000000000925__3.csv,SG_CSV0000000000000925__4.csv,socialnetwork_dp08,socialnetwork_dp08
USA_CSV0000000000034882__26.csv,USA_CSV0000000000034882__29.csv,DESIGN_SPEED,DESIGN_SPEED
USA_CSV0000000000034882__22.csv,USA_CSV0000000000034882__29.csv,DESIGN_SPEED,DESIGN_SPEED
CAN_CSV0000000000001487__10.csv,CAN_CSV0000000000001487__9.csv,AVG_MSLP_PST1MT_QA,AVG_MSLP_PST1MT_QA
CAN_CSV0000000000001487__10.csv,CAN_CSV0000000000001487__8.csv,AVG_MSLP_PST1MT_QA,AVG_MSLP_PST1MT_QA
CAN_CSV0000000000001487__10.csv,CAN_CSV0000000000001487__20.csv,AVG_MSLP_PST1MT_QA,AVG_MSLP_PST1MT_QA
CAN_CSV0000000000001487__10.csv,CAN_CSV0000000000027346__35.csv,AVG_MSLP_PST1MT_QA,AVG_MSLP_PST1MT_QA
CAN_CSV0000000000001487__10.csv,CAN_CSV0000000000001487__35.csv,ICAO_STN_ID,ICAO_STN_ID
CAN_CSV0000000000001487__10.csv,CAN_CSV0000000000001487__9.csv,ICAO_STN_ID,ICAO_STN_ID
CAN_CSV0000000000001487__10.csv,CAN_CSV0000000000027353__2.csv,ICAO_STN_ID,ICAO_STN_ID
CAN_CSV0000000000001487__10.csv,CAN_CSV0000000000027349__23.csv,AVG_REL_HUM_PST1MT,AVG_REL_HUM_PST1MT
CAN_CSV0000000000001487__10.csv,CAN_CSV0000000000001487__35.csv,AVG_REL_HUM_PST1MT,AVG_REL_HUM_PST1MT
CAN_CSV0000000000001487__10.csv,CAN_CSV0000000000001487__9.csv,AVG_REL_HUM_PST1MT,AVG_REL_HUM_PST1MT
CAN_CSV0000000000001487__10.csv,CAN_CSV0000000000027349__20.csv,AVG_REL_HUM_PST1MT,AVG_REL_HUM_PST1MT
CAN_CSV0000000000001487__10.csv,CAN_CSV0000000000001487__25.csv,AVG_REL_HUM_PST1MT,AVG_REL_HUM_PST1MT
CAN_CSV0000000000001487__10.csv,CAN_CSV0000000000027349__21.csv,AVG_REL_HUM_PST1MT,AVG_REL_HUM_PST1MT
CAN_CSV0000000000001487__10.csv,CAN_CSV0000000000001487__28.csv,AVG_REL_HUM_PST1MT,AVG_REL_HUM_PST1MT
CAN_CSV0000000000001487__10.csv,CAN_CSV0000000000001487__34.csv,AVG_REL_HUM_PST1MT,AVG_REL_HUM_PST1MT
CAN_CSV0000000000001487__10.csv,CAN_CSV0000000000001487__9.csv,AVG_VIS_PST10MTS,AVG_VIS_PST10MTS
CAN_CSV0000000000001487__10.csv,CAN_CSV0000000000001487__25.csv,AVG_VIS_PST10MTS,AVG_VIS_PST10MTS
CAN_CSV0000000000001487__10.csv,CAN_CSV0000000000027353__2.csv,AVG_VIS_PST10MTS,AVG_VIS_PST10MTS
UK_CSV0000000000002010__10.csv,UK_CSV0000000000003896__8.csv,Post-Op Q Anxiety,Post-Op Q Anxiety
UK_CSV0000000000002010__10.csv,UK_CSV0000000000003896__13.csv,Post-Op Q Anxiety,Post-Op Q Anxiety
UK_CSV0000000000002010__10.csv,UK_CSV0000000000002010__6.csv,Post-Op Q Anxiety,Post-Op Q Anxiety
UK_CSV0000000000002010__10.csv,UK_CSV0000000000002010__9.csv,Post-Op Q Anxiety,Post-Op Q Anxiety
UK_CSV0000000000002010__10.csv,UK_CSV0000000000002010__8.csv,Post-Op Q Anxiety,Post-Op Q Anxiety
UK_CSV0000000000002010__10.csv,UK_CSV0000000000003896__7.csv,Post-Op Q Anxiety,Post-Op Q Anxiety
UK_CSV0000000000002010__10.csv,UK_CSV0000000000003896__8.csv,Post-Op Q Wound,Post-Op Q Wound
UK_CSV0000000000002010__10.csv,UK_CSV0000000000002010__6.csv,Post-Op Q Wound,Post-Op Q Wound
USA_CSV0000000000033847__12.csv,USA_CSV0000000000034882__26.csv,INTER_ROUTE_NUMBER,INTER_ROUTE_NUMBER
USA_CSV0000000000033847__14.csv,USA_CSV0000000000034882__26.csv,TYPE_FACILITY,TYPE_FACILITY
USA_CSV0000000000033847__14.csv,USA_CSV0000000000037101__16.csv,TYPE_FACILITY,TYPE_FACILITY
USA_CSV0000000000033847__14.csv,USA_CSV0000000000033847__17.csv,TYPE_FACILITY,TYPE_FACILITY
USA_CSV0000000000033847__14.csv,USA_CSV0000000000034882__25.csv,TYPE_FACILITY,TYPE_FACILITY
USA_CSV0000000000033847__14.csv,USA_CSV0000000000034882__14.csv,SHOULDER_WIDTH_R,SHOULDER_WIDTH_R
USA_CSV0000000000033847__14.csv,USA_CSV0000000000037101__16.csv,SHOULDER_WIDTH_R,SHOULDER_WIDTH_R
USA_CSV0000000000033847__14.csv,USA_CSV0000000000037101__16.csv,RURAL_URBAN,RURAL_URBAN
USA_CSV0000000000033847__14.csv,USA_CSV0000000000033847__5.csv,YEAR_RECORD,YEAR_RECORD
USA_CSV0000000000033847__14.csv,USA_CSV0000000000034882__26.csv,YEAR_RECORD,YEAR_RECORD
USA_CSV0000000000033847__14.csv,USA_CSV0000000000033847__4.csv,YEAR_RECORD,YEAR_RECORD
UK_CSV0000000000002010__6.csv,UK_CSV0000000000007396__10.csv,Post-Op Q Activity,Post-Op Q Activity
UK_CSV0000000000006676__2.csv,UK_CSV0000000000007396__10.csv,Post-Op Q Activity,Post-Op Q Activity
UK_CSV0000000000002010__9.csv,UK_CSV0000000000007396__10.csv,Post-Op Q Activity,Post-Op Q Activity
UK_CSV0000000000002010__21.csv,UK_CSV0000000000007396__10.csv,Post-Op Q Activity,Post-Op Q Activity
UK_CSV0000000000006676__9.csv,UK_CSV0000000000007396__10.csv,Post-Op Q Activity,Post-Op Q Activity
UK_CSV0000000000002010__8.csv,UK_CSV0000000000007396__10.csv,Post-Op Q Activity,Post-Op Q Activity
UK_CSV0000000000002010__8.csv,UK_CSV0000000000003896__8.csv,Post-Op Q Anxiety,Post-Op Q Anxiety
UK_CSV0000000000002010__8.csv,UK_CSV0000000000003896__13.csv,Post-Op Q Anxiety,Post-Op Q Anxiety
UK_CSV0000000000002010__6.csv,UK_CSV0000000000002010__8.csv,Post-Op Q Anxiety,Post-Op Q Anxiety
UK_CSV0000000000002010__8.csv,UK_CSV0000000000002010__9.csv,Post-Op Q Anxiety,Post-Op Q Anxiety
UK_CSV0000000000002010__8.csv,UK_CSV0000000000003896__8.csv,Post-Op Q Wound,Post-Op Q Wound
UK_CSV0000000000002010__6.csv,UK_CSV0000000000002010__8.csv,Post-Op Q Wound,Post-Op Q Wound
UK_CSV0000000000002010__8.csv,UK_CSV0000000000003896__3.csv,Post-Op Q Wound,Post-Op Q Wound
UK_CSV0000000000003896__8.csv,UK_CSV0000000000007396__13.csv,Post-Op Q Bleeding,Post-Op Q Bleeding
UK_CSV0000000000006676__2.csv,UK_CSV0000000000007396__13.csv,Post-Op Q Bleeding,Post-Op Q Bleeding
UK_CSV0000000000002010__31.csv,UK_CSV0000000000002010__6.csv,Post-Op Q Activity,Post-Op Q Activity
UK_CSV0000000000002010__31.csv,UK_CSV0000000000006676__2.csv,Post-Op Q Activity,Post-Op Q Activity
UK_CSV0000000000002010__31.csv,UK_CSV0000000000002010__9.csv,Post-Op Q Activity,Post-Op Q Activity
UK_CSV0000000000002010__21.csv,UK_CSV0000000000002010__31.csv,Post-Op Q Activity,Post-Op Q Activity
UK_CSV0000000000002010__31.csv,UK_CSV0000000000002010__6.csv,Depression,Depression
UK_CSV0000000000002010__31.csv,UK_CSV0000000000006676__2.csv,Depression,Depression
UK_CSV0000000000002010__31.csv,UK_CSV0000000000002010__9.csv,Depression,Depression
UK_CSV0000000000002010__31.csv,UK_CSV0000000000006676__9.csv,Depression,Depression
UK_CSV0000000000002010__31.csv,UK_CSV0000000000002010__8.csv,Depression,Depression
UK_CSV0000000000002010__10.csv,UK_CSV0000000000002010__31.csv,Depression,Depression
UK_CSV0000000000002010__31.csv,UK_CSV0000000000006676__5.csv,Depression,Depression
UK_CSV0000000000002010__30.csv,UK_CSV0000000000002010__31.csv,Depression,Depression
UK_CSV0000000000002010__6.csv,UK_CSV0000000000002010__9.csv,Liver Disease,Liver Disease
UK_CSV0000000000002010__6.csv,UK_CSV0000000000002010__8.csv,Liver Disease,Liver Disease
UK_CSV0000000000002010__10.csv,UK_CSV0000000000002010__6.csv,Liver Disease,Liver Disease
UK_CSV0000000000002010__31.csv,UK_CSV0000000000002010__6.csv,Liver Disease,Liver Disease
UK_CSV0000000000002010__6.csv,UK_CSV0000000000003896__3.csv,Pre-Op Q Activity,Pre-Op Q Activity
UK_CSV0000000000002010__6.csv,UK_CSV0000000000002010__9.csv,Pre-Op Q Activity,Pre-Op Q Activity
UK_CSV0000000000002010__21.csv,UK_CSV0000000000002010__6.csv,Pre-Op Q Activity,Pre-Op Q Activity
UK_CSV0000000000002010__6.csv,UK_CSV0000000000002010__8.csv,Pre-Op Q Activity,Pre-Op Q Activity
UK_CSV0000000000002010__10.csv,UK_CSV0000000000002010__6.csv,Pre-Op Q Activity,Pre-Op Q Activity
UK_CSV0000000000002010__13.csv,UK_CSV0000000000002010__6.csv,Pre-Op Q Activity,Pre-Op Q Activity
UK_CSV0000000000002010__31.csv,UK_CSV0000000000002010__6.csv,Liver Disease,Liver Disease
UK_CSV0000000000002010__31.csv,UK_CSV0000000000002010__8.csv,Liver Disease,Liver Disease
UK_CSV0000000000002010__10.csv,UK_CSV0000000000002010__31.csv,Liver Disease,Liver Disease
UK_CSV0000000000002010__30.csv,UK_CSV0000000000002010__31.csv,Liver Disease,Liver Disease
UK_CSV0000000000002010__3.csv,UK_CSV0000000000006676__34.csv,Post-Op Q EQ VAS,Post-Op Q EQ VAS
UK_CSV0000000000002010__13.csv,UK_CSV0000000000006676__34.csv,Post-Op Q EQ VAS,Post-Op Q EQ VAS
UK_CSV0000000000003896__8.csv,UK_CSV0000000000006676__34.csv,Post-Op Q Mobility,Post-Op Q Mobility
UK_CSV0000000000002010__6.csv,UK_CSV0000000000006676__5.csv,Depression,Depression
UK_CSV0000000000006676__2.csv,UK_CSV0000000000006676__5.csv,Depression,Depression
UK_CSV0000000000002010__9.csv,UK_CSV0000000000006676__5.csv,Depression,Depression
UK_CSV0000000000006676__5.csv,UK_CSV0000000000006676__9.csv,Depression,Depression
UK_CSV0000000000006676__2.csv,UK_CSV0000000000006676__5.csv,Heart Disease,Heart Disease
UK_CSV0000000000002010__3.csv,UK_CSV0000000000006676__5.csv,Heart Disease,Heart Disease
UK_CSV0000000000006676__2.csv,UK_CSV0000000000006676__5.csv,Post-Op Q Urine,Post-Op Q Urine
UK_CSV0000000000006676__5.csv,UK_CSV0000000000006676__9.csv,Post-Op Q Urine,Post-Op Q Urine
SG_CSV0000000000000925__0.csv,SG_CSV0000000000000925__10.csv,ban_children4,ban_children4
SG_CSV0000000000000925__0.csv,SG_CSV0000000000000925__6.csv,ban_children4,ban_children4
SG_CSV0000000000000925__0.csv,SG_CSV0000000000001714__40.csv,ban_children4,ban_children4
SG_CSV0000000000000925__0.csv,SG_CSV0000000000000925__3.csv,ban_children4,ban_children4
SG_CSV0000000000000925__0.csv,SG_CSV0000000000000925__6.csv,md_segment,md_segment
SG_CSV0000000000000925__0.csv,SG_CSV0000000000000925__3.csv,md_segment,md_segment
SG_CSV0000000000000925__0.csv,SG_CSV0000000000000925__4.csv,md_segment,md_segment
SG_CSV0000000000000925__0.csv,SG_CSV0000000000000925__2.csv,md_segment,md_segment
SG_CSV0000000000000925__0.csv,SG_CSV0000000000000925__18.csv,md_segment,md_segment
SG_CSV0000000000000925__0.csv,SG_CSV0000000000000925__6.csv,highestlevel,highestlevel
SG_CSV0000000000000925__0.csv,SG_CSV0000000000000925__3.csv,highestlevel,highestlevel
SG_CSV0000000000000925__10.csv,SG_CSV0000000000001714__6.csv,ban_q18_q191,ban_q18_q191
SG_CSV0000000000000925__0.csv,SG_CSV0000000000001714__6.csv,ban_q18_q191,ban_q18_q191
SG_CSV0000000000000925__3.csv,SG_CSV0000000000001714__6.csv,ban_q18_q191,ban_q18_q191
SG_CSV0000000000000925__0.csv,SG_CSV0000000000001714__6.csv,occupation2,occupation2
SG_CSV0000000000000925__3.csv,SG_CSV0000000000001714__6.csv,occupation2,occupation2
SG_CSV0000000000000925__4.csv,SG_CSV0000000000001714__6.csv,occupation2,occupation2
SG_CSV0000000000000925__2.csv,SG_CSV0000000000001714__6.csv,occupation2,occupation2
CAN_CSV0000000000001724__12.csv,CAN_CSV0000000000001724__8.csv,Province/Canada,Province/Canada
CAN_CSV0000000000001724__12.csv,CAN_CSV0000000000001797__36.csv,Province/Canada,Province/Canada
CAN_CSV0000000000001724__12.csv,CAN_CSV0000000000001787__6.csv,Province/Canada,Province/Canada
SG_CSV0000000000000925__10.csv,SG_CSV0000000000000925__6.csv,ban_children4,ban_children4
SG_CSV0000000000000925__0.csv,SG_CSV0000000000000925__6.csv,ban_children4,ban_children4
SG_CSV0000000000000925__6.csv,SG_CSV0000000000001714__40.csv,ban_children4,ban_children4
SG_CSV0000000000000925__0.csv,SG_CSV0000000000000925__6.csv,md_segment,md_segment
SG_CSV0000000000000925__3.csv,SG_CSV0000000000000925__6.csv,md_segment,md_segment
SG_CSV0000000000000925__4.csv,SG_CSV0000000000000925__6.csv,md_segment,md_segment
CAN_CSV0000000000001487__8.csv,CAN_CSV0000000000001487__9.csv,PRSNT_WX_1_QA,PRSNT_WX_1_QA
CAN_CSV0000000000001487__10.csv,CAN_CSV0000000000001487__9.csv,PRSNT_WX_1_QA,PRSNT_WX_1_QA
CAN_CSV0000000000001487__20.csv,CAN_CSV0000000000001487__9.csv,PRSNT_WX_1_QA,PRSNT_WX_1_QA
CAN_CSV0000000000001487__6.csv,CAN_CSV0000000000001487__9.csv,PRSNT_WX_1_QA,PRSNT_WX_1_QA
CAN_CSV0000000000001487__7.csv,CAN_CSV0000000000001487__9.csv,PRSNT_WX_1_QA,PRSNT_WX_1_QA
CAN_CSV0000000000001487__23.csv,CAN_CSV0000000000001487__9.csv,PRSNT_WX_1_QA,PRSNT_WX_1_QA
UK_CSV0000000000003896__4.csv,UK_CSV0000000000006676__2.csv,Pre-Op Q EQ5D Index,Pre-Op Q EQ5D Index
UK_CSV0000000000003896__3.csv,UK_CSV0000000000003896__4.csv,Pre-Op Q EQ5D Index,Pre-Op Q EQ5D Index
UK_CSV0000000000002010__6.csv,UK_CSV0000000000003896__4.csv,Post-Op Q Wound,Post-Op Q Wound
UK_CSV0000000000003896__3.csv,UK_CSV0000000000003896__4.csv,Post-Op Q Wound,Post-Op Q Wound
CAN_CSV0000000000001724__45.csv,CAN_CSV0000000000001797__5.csv,RentLocation,RentLocation
CAN_CSV0000000000001487__23.csv,CAN_CSV0000000000027354__2.csv,AVG_STN_PRES_PST1MT,AVG_STN_PRES_PST1MT
CAN_CSV0000000000001487__23.csv,CAN_CSV0000000000027346__14.csv,AVG_STN_PRES_PST1MT,AVG_STN_PRES_PST1MT
CAN_CSV0000000000001487__23.csv,CAN_CSV0000000000027354__6.csv,MIN_AIR_TEMP_PST1HR,MIN_AIR_TEMP_PST1HR
CAN_CSV0000000000001487__23.csv,CAN_CSV0000000000027346__14.csv,MIN_AIR_TEMP_PST1HR,MIN_AIR_TEMP_PST1HR
CAN_CSV0000000000001724__8.csv,CAN_CSV0000000000001787__37.csv,Province/Canada,Province/Canada
CAN_CSV0000000000001787__37.csv,CAN_CSV0000000000001797__36.csv,Province/Canada,Province/Canada
CAN_CSV0000000000001787__37.csv,CAN_CSV0000000000001787__6.csv,Province/Canada,Province/Canada
CAN_CSV0000000000001787__37.csv,CAN_CSV0000000000001787__5.csv,Province/Canada,Province/Canada
CAN_CSV0000000000001487__25.csv,CAN_CSV0000000000027346__35.csv,AVG_VIS_PST10MTS_QA,AVG_VIS_PST10MTS_QA
CAN_CSV0000000000027346__14.csv,CAN_CSV0000000000027346__35.csv,AVG_VIS_PST10MTS_QA,AVG_VIS_PST10MTS_QA
CAN_CSV0000000000001487__28.csv,CAN_CSV0000000000027346__35.csv,AVG_VIS_PST10MTS_QA,AVG_VIS_PST10MTS_QA
CAN_CSV0000000000001487__26.csv,CAN_CSV0000000000027346__35.csv,AVG_VIS_PST10MTS_QA,AVG_VIS_PST10MTS_QA
CAN_CSV0000000000001487__29.csv,CAN_CSV0000000000027346__35.csv,AVG_VIS_PST10MTS_QA,AVG_VIS_PST10MTS_QA
CAN_CSV0000000000027346__30.csv,CAN_CSV0000000000027346__35.csv,AVG_VIS_PST10MTS_QA,AVG_VIS_PST10MTS_QA
CAN_CSV0000000000027346__12.csv,CAN_CSV0000000000027346__35.csv,AVG_VIS_PST10MTS_QA,AVG_VIS_PST10MTS_QA
CAN_CSV0000000000027346__32.csv,CAN_CSV0000000000027346__35.csv,AVG_VIS_PST10MTS_QA,AVG_VIS_PST10MTS_QA
USA_CSV0000000000033847__17.csv,USA_CSV0000000000037101__3.csv,PERC_SINGLE_UNIT,PERC_SINGLE_UNIT
USA_CSV0000000000033847__17.csv,USA_CSV0000000000034882__14.csv,PERC_SINGLE_UNIT,PERC_SINGLE_UNIT
USA_CSV0000000000033847__17.csv,USA_CSV0000000000034882__12.csv,PERC_SINGLE_UNIT,PERC_SINGLE_UNIT
USA_CSV0000000000034882__22.csv,USA_CSV0000000000037101__3.csv,TYPE_SIGNAL,TYPE_SIGNAL
USA_CSV0000000000034882__14.csv,USA_CSV0000000000034882__22.csv,TYPE_SIGNAL,TYPE_SIGNAL
CAN_CSV0000000000001487__23.csv,CAN_CSV0000000000027349__23.csv,AVG_MSLP_PST1MT,AVG_MSLP_PST1MT
CAN_CSV0000000000001487__23.csv,CAN_CSV0000000000001487__35.csv,AVG_MSLP_PST1MT,AVG_MSLP_PST1MT
CAN_CSV0000000000001487__23.csv,CAN_CSV0000000000001487__9.csv,AVG_MSLP_PST1MT,AVG_MSLP_PST1MT
CAN_CSV0000000000001487__23.csv,CAN_CSV0000000000027349__20.csv,AVG_MSLP_PST1MT,AVG_MSLP_PST1MT
CAN_CSV0000000000001487__23.csv,CAN_CSV0000000000027349__21.csv,AVG_MSLP_PST1MT,AVG_MSLP_PST1MT
CAN_CSV0000000000001487__23.csv,CAN_CSV0000000000027349__23.csv,LTNG_DIS_RMK,LTNG_DIS_RMK
CAN_CSV0000000000001487__23.csv,CAN_CSV0000000000027349__20.csv,LTNG_DIS_RMK,LTNG_DIS_RMK
CAN_CSV0000000000001487__23.csv,CAN_CSV0000000000027354__6.csv,LTNG_DIS_RMK,LTNG_DIS_RMK
CAN_CSV0000000000001487__23.csv,CAN_CSV0000000000027349__21.csv,LTNG_DIS_RMK,LTNG_DIS_RMK
UK_CSV0000000000005907__46.csv,UK_CSV0000000000005907__48.csv,qd12_8_other,qd12_8_other
UK_CSV0000000000005907__43.csv,UK_CSV0000000000005907__46.csv,qd12_8_other,qd12_8_other
UK_CSV0000000000005907__42.csv,UK_CSV0000000000005907__46.csv,qd12_8_other,qd12_8_other
USA_CSV0000000000033847__5.csv,USA_CSV0000000000034882__13.csv,PEAK_CAPACITY,PEAK_CAPACITY
USA_CSV0000000000034882__13.csv,USA_CSV0000000000037101__3.csv,IS_GROUPED,IS_GROUPED
USA_CSV0000000000034882__13.csv,USA_CSV0000000000034882__26.csv,IS_GROUPED,IS_GROUPED
USA_CSV0000000000034882__13.csv,USA_CSV0000000000034882__14.csv,IS_GROUPED,IS_GROUPED
USA_CSV0000000000034882__13.csv,USA_CSV0000000000037101__3.csv,TYPE_SIGNAL,TYPE_SIGNAL
USA_CSV0000000000034882__13.csv,USA_CSV0000000000034882__14.csv,TYPE_SIGNAL,TYPE_SIGNAL
USA_CSV0000000000034882__13.csv,USA_CSV0000000000034882__22.csv,TYPE_SIGNAL,TYPE_SIGNAL
USA_CSV0000000000034882__12.csv,USA_CSV0000000000034882__13.csv,TYPE_SIGNAL,TYPE_SIGNAL
USA_CSV0000000000034882__13.csv,USA_CSV0000000000037101__20.csv,PEAK_LANES,PEAK_LANES
USA_CSV0000000000034882__13.csv,USA_CSV0000000000037101__3.csv,PEAK_LANES,PEAK_LANES
USA_CSV0000000000034882__13.csv,USA_CSV0000000000034882__14.csv,PEAK_LANES,PEAK_LANES
USA_CSV0000000000034882__12.csv,USA_CSV0000000000034882__13.csv,PEAK_LANES,PEAK_LANES
USA_CSV0000000000033847__3.csv,USA_CSV0000000000033847__5.csv,TURN_LANES_L,TURN_LANES_L
USA_CSV0000000000033847__3.csv,USA_CSV0000000000034882__26.csv,TURN_LANES_L,TURN_LANES_L
USA_CSV0000000000033847__3.csv,USA_CSV0000000000037101__20.csv,TURN_LANES_L,TURN_LANES_L
USA_CSV0000000000033847__3.csv,USA_CSV0000000000037101__3.csv,TURN_LANES_L,TURN_LANES_L
SG_CSV0000000000001714__40.csv,SG_CSV0000000000001714__6.csv,ban_education2,ban_education2
CAN_CSV0000000000001487__35.csv,CAN_CSV0000000000027346__30.csv,PCPN_AMT_PST1MT_QA,PCPN_AMT_PST1MT_QA
CAN_CSV0000000000001487__25.csv,CAN_CSV0000000000027346__30.csv,PCPN_AMT_PST1MT_QA,PCPN_AMT_PST1MT_QA
CAN_CSV0000000000001487__28.csv,CAN_CSV0000000000027346__30.csv,PCPN_AMT_PST1MT_QA,PCPN_AMT_PST1MT_QA
CAN_CSV0000000000001487__34.csv,CAN_CSV0000000000027346__30.csv,PCPN_AMT_PST1MT_QA,PCPN_AMT_PST1MT_QA
CAN_CSV0000000000001487__26.csv,CAN_CSV0000000000027346__30.csv,PCPN_AMT_PST1MT_QA,PCPN_AMT_PST1MT_QA
CAN_CSV0000000000001487__31.csv,CAN_CSV0000000000027346__30.csv,PCPN_AMT_PST1MT_QA,PCPN_AMT_PST1MT_QA
CAN_CSV0000000000001487__29.csv,CAN_CSV0000000000027346__30.csv,PCPN_AMT_PST1MT_QA,PCPN_AMT_PST1MT_QA
CAN_CSV0000000000027346__30.csv,CAN_CSV0000000000027346__35.csv,PCPN_AMT_PST1MT_QA,PCPN_AMT_PST1MT_QA
SG_CSV0000000000000925__0.csv,SG_CSV0000000000000925__6.csv,respondent_id,respondent_id
SG_CSV0000000000000925__0.csv,SG_CSV0000000000000925__3.csv,respondent_id,respondent_id
SG_CSV0000000000000925__0.csv,SG_CSV0000000000000925__4.csv,respondent_id,respondent_id
SG_CSV0000000000000925__0.csv,SG_CSV0000000000001714__14.csv,respondent_id,respondent_id
SG_CSV0000000000000925__0.csv,SG_CSV0000000000001714__17.csv,respondent_id,respondent_id
SG_CSV0000000000000925__0.csv,SG_CSV0000000000000925__2.csv,respondent_id,respondent_id
SG_CSV0000000000000925__0.csv,SG_CSV0000000000000925__10.csv,yearbornin_1_slice,yearbornin_1_slice
USA_CSV0000000000035902__15.csv,USA_CSV0000000000035902__16.csv,MEDIAN TYPE,MEDIAN TYPE
USA_CSV0000000000035902__16.csv,USA_CSV0000000000035902__20.csv,MEDIAN TYPE,MEDIAN TYPE
USA_CSV0000000000035902__16.csv,USA_CSV0000000000035902__18.csv,MEDIAN TYPE,MEDIAN TYPE
USA_CSV0000000000035902__16.csv,USA_CSV0000000000035902__17.csv,MEDIAN TYPE,MEDIAN TYPE
USA_CSV0000000000035902__15.csv,USA_CSV0000000000035902__16.csv,RURAL/URBAN,RURAL/URBAN
USA_CSV0000000000035902__16.csv,USA_CSV0000000000035902__20.csv,RURAL/URBAN,RURAL/URBAN
USA_CSV0000000000035902__16.csv,USA_CSV0000000000035902__20.csv,TYPE OF SUBGRADE,TYPE OF SUBGRADE
USA_CSV0000000000035902__16.csv,USA_CSV0000000000035902__38.csv,TYPE OF SUBGRADE,TYPE OF SUBGRADE
USA_CSV0000000000035902__15.csv,USA_CSV0000000000035902__16.csv,TYPE OF SUBGRADE,TYPE OF SUBGRADE
USA_CSV0000000000035902__16.csv,USA_CSV0000000000035902__17.csv,TYPE OF SUBGRADE,TYPE OF SUBGRADE
USA_CSV0000000000035902__16.csv,USA_CSV0000000000035902__18.csv,TYPE OF SUBGRADE,TYPE OF SUBGRADE
USA_CSV0000000000035902__15.csv,USA_CSV0000000000035902__16.csv,SPEED LIMIT,SPEED LIMIT
USA_CSV0000000000035902__16.csv,USA_CSV0000000000035902__20.csv,SPEED LIMIT,SPEED LIMIT
USA_CSV0000000000035902__16.csv,USA_CSV0000000000035902__18.csv,SPEED LIMIT,SPEED LIMIT
USA_CSV0000000000035902__16.csv,USA_CSV0000000000035902__17.csv,SPEED LIMIT,SPEED LIMIT
USA_CSV0000000000035902__15.csv,USA_CSV0000000000035902__16.csv,FEDERAL-AID SYSTEM,FEDERAL-AID SYSTEM
USA_CSV0000000000035902__16.csv,USA_CSV0000000000035902__20.csv,FEDERAL-AID SYSTEM,FEDERAL-AID SYSTEM
USA_CSV0000000000035902__16.csv,USA_CSV0000000000035902__18.csv,FEDERAL-AID SYSTEM,FEDERAL-AID SYSTEM
USA_CSV0000000000035902__16.csv,USA_CSV0000000000035902__17.csv,FEDERAL-AID SYSTEM,FEDERAL-AID SYSTEM
USA_CSV0000000000035902__15.csv,USA_CSV0000000000035902__16.csv,DIRECTIONAL FACTOR,DIRECTIONAL FACTOR
USA_CSV0000000000034882__26.csv,USA_CSV0000000000037101__17.csv,STD_VOLUME_GROUP,STD_VOLUME_GROUP
USA_CSV0000000000037101__17.csv,USA_CSV0000000000037101__3.csv,STD_VOLUME_GROUP,STD_VOLUME_GROUP
USA_CSV0000000000034882__14.csv,USA_CSV0000000000037101__17.csv,STD_VOLUME_GROUP,STD_VOLUME_GROUP
USA_CSV0000000000037101__16.csv,USA_CSV0000000000037101__17.csv,STD_VOLUME_GROUP,STD_VOLUME_GROUP
USA_CSV0000000000034882__26.csv,USA_CSV0000000000037101__17.csv,DIR_FACTOR,DIR_FACTOR
USA_CSV0000000000037101__16.csv,USA_CSV0000000000037101__17.csv,DIR_FACTOR,DIR_FACTOR
USA_CSV0000000000034882__22.csv,USA_CSV0000000000037101__17.csv,DIR_FACTOR,DIR_FACTOR
USA_CSV0000000000034882__9.csv,USA_CSV0000000000037101__17.csv,DIR_FACTOR,DIR_FACTOR
USA_CSV0000000000034882__26.csv,USA_CSV0000000000037101__17.csv,TYPE_FACILITY,TYPE_FACILITY
USA_CSV0000000000037101__16.csv,USA_CSV0000000000037101__17.csv,TYPE_FACILITY,TYPE_FACILITY
USA_CSV0000000000034882__13.csv,USA_CSV0000000000037101__3.csv,MEDIAN_TYPE,MEDIAN_TYPE
USA_CSV0000000000034882__13.csv,USA_CSV0000000000034882__14.csv,MEDIAN_TYPE,MEDIAN_TYPE
USA_CSV0000000000033847__5.csv,USA_CSV0000000000034882__13.csv,SHOULDER_TYPE,SHOULDER_TYPE
USA_CSV0000000000034882__13.csv,USA_CSV0000000000034882__14.csv,SHOULDER_TYPE,SHOULDER_TYPE
USA_CSV0000000000033847__4.csv,USA_CSV0000000000034882__13.csv,SHOULDER_TYPE,SHOULDER_TYPE
USA_CSV0000000000034882__12.csv,USA_CSV0000000000034882__13.csv,SHOULDER_TYPE,SHOULDER_TYPE
SG_CSV0000000000000925__10.csv,SG_CSV0000000000000925__6.csv,ban_q18_q191,ban_q18_q191
SG_CSV0000000000000925__0.csv,SG_CSV0000000000000925__6.csv,ban_q18_q191,ban_q18_q191
SG_CSV0000000000000925__3.csv,SG_CSV0000000000000925__6.csv,ban_q18_q191,ban_q18_q191
SG_CSV0000000000000925__0.csv,SG_CSV0000000000000925__6.csv,occupation2,occupation2
SG_CSV0000000000000925__3.csv,SG_CSV0000000000000925__6.csv,occupation2,occupation2
SG_CSV0000000000000925__4.csv,SG_CSV0000000000000925__6.csv,occupation2,occupation2
SG_CSV0000000000000925__10.csv,SG_CSV0000000000000925__6.csv,livinginsg_2_slice,livinginsg_2_slice
SG_CSV0000000000000925__0.csv,SG_CSV0000000000000925__6.csv,livinginsg_2_slice,livinginsg_2_slice
SG_CSV0000000000000925__3.csv,SG_CSV0000000000000925__6.csv,livinginsg_2_slice,livinginsg_2_slice
SG_CSV0000000000000925__4.csv,SG_CSV0000000000000925__6.csv,livinginsg_2_slice,livinginsg_2_slice
SG_CSV0000000000000925__35.csv,SG_CSV0000000000000925__6.csv,ban_education4,ban_education4
SG_CSV0000000000000925__0.csv,SG_CSV0000000000000925__6.csv,ban_education4,ban_education4
SG_CSV0000000000000925__3.csv,SG_CSV0000000000000925__6.csv,ban_education4,ban_education4
SG_CSV0000000000000925__4.csv,SG_CSV0000000000000925__6.csv,ban_education4,ban_education4
SG_CSV0000000000000925__6.csv,SG_CSV0000000000001714__6.csv,ban_education4,ban_education4
CAN_CSV0000000000001724__8.csv,CAN_CSV0000000000001787__36.csv,Province/Canada,Province/Canada
CAN_CSV0000000000001787__36.csv,CAN_CSV0000000000001797__36.csv,Province/Canada,Province/Canada
CAN_CSV0000000000001787__36.csv,CAN_CSV0000000000001787__6.csv,Province/Canada,Province/Canada
CAN_CSV0000000000001787__36.csv,CAN_CSV0000000000001787__5.csv,Province/Canada,Province/Canada
CAN_CSV0000000000001787__0.csv,CAN_CSV0000000000001787__36.csv,Province/Canada,Province/Canada
CAN_CSV0000000000001487__29.csv,CAN_CSV0000000000027349__23.csv,DATA_PAYLOAD_URI,DATA_PAYLOAD_URI
CAN_CSV0000000000001487__29.csv,CAN_CSV0000000000001487__9.csv,DATA_PAYLOAD_URI,DATA_PAYLOAD_URI
CAN_CSV0000000000001487__29.csv,CAN_CSV0000000000027349__20.csv,DATA_PAYLOAD_URI,DATA_PAYLOAD_URI
CAN_CSV0000000000001487__25.csv,CAN_CSV0000000000001487__29.csv,DATA_PAYLOAD_URI,DATA_PAYLOAD_URI
CAN_CSV0000000000001487__29.csv,CAN_CSV0000000000027349__21.csv,DATA_PAYLOAD_URI,DATA_PAYLOAD_URI
CAN_CSV0000000000001487__29.csv,CAN_CSV0000000000027353__2.csv,DATA_PAYLOAD_URI,DATA_PAYLOAD_URI
CAN_CSV0000000000001487__29.csv,CAN_CSV0000000000027355__11.csv,DATA_PAYLOAD_URI,DATA_PAYLOAD_URI
CAN_CSV0000000000001487__28.csv,CAN_CSV0000000000001487__29.csv,DATA_PAYLOAD_URI,DATA_PAYLOAD_URI
CAN_CSV0000000000001487__29.csv,CAN_CSV0000000000001487__8.csv,DATA_PAYLOAD_URI,DATA_PAYLOAD_URI
CAN_CSV0000000000001487__29.csv,CAN_CSV0000000000001487__9.csv,CLD_BAS_HGT_1,CLD_BAS_HGT_1
CAN_CSV0000000000001487__25.csv,CAN_CSV0000000000001487__29.csv,CLD_BAS_HGT_1,CLD_BAS_HGT_1
CAN_CSV0000000000001487__28.csv,CAN_CSV0000000000001487__29.csv,CLD_BAS_HGT_1,CLD_BAS_HGT_1
CAN_CSV0000000000001487__29.csv,CAN_CSV0000000000001487__8.csv,CLD_BAS_HGT_1,CLD_BAS_HGT_1
CAN_CSV0000000000001487__26.csv,CAN_CSV0000000000001487__29.csv,CLD_BAS_HGT_1,CLD_BAS_HGT_1
CAN_CSV0000000000001487__29.csv,CAN_CSV0000000000027355__20.csv,CLD_BAS_HGT_1,CLD_BAS_HGT_1
CAN_CSV0000000000001487__29.csv,CAN_CSV0000000000027349__23.csv,AVG_REL_HUM_PST1MT,AVG_REL_HUM_PST1MT
CAN_CSV0000000000001487__29.csv,CAN_CSV0000000000001487__35.csv,AVG_REL_HUM_PST1MT,AVG_REL_HUM_PST1MT
CAN_CSV0000000000001487__29.csv,CAN_CSV0000000000001487__9.csv,AVG_REL_HUM_PST1MT,AVG_REL_HUM_PST1MT
CAN_CSV0000000000001487__29.csv,CAN_CSV0000000000027349__20.csv,AVG_REL_HUM_PST1MT,AVG_REL_HUM_PST1MT
CAN_CSV0000000000001487__25.csv,CAN_CSV0000000000001487__29.csv,AVG_REL_HUM_PST1MT,AVG_REL_HUM_PST1MT
CAN_CSV0000000000001487__29.csv,CAN_CSV0000000000027349__21.csv,AVG_REL_HUM_PST1MT,AVG_REL_HUM_PST1MT
CAN_CSV0000000000001487__28.csv,CAN_CSV0000000000001487__29.csv,AVG_REL_HUM_PST1MT,AVG_REL_HUM_PST1MT
CAN_CSV0000000000001487__29.csv,CAN_CSV0000000000001487__34.csv,AVG_REL_HUM_PST1MT,AVG_REL_HUM_PST1MT
CAN_CSV0000000000001487__29.csv,CAN_CSV0000000000001487__9.csv,PCPN_AMT_PST1HR,PCPN_AMT_PST1HR
CAN_CSV0000000000001487__25.csv,CAN_CSV0000000000001487__29.csv,PCPN_AMT_PST1HR,PCPN_AMT_PST1HR
CAN_CSV0000000000001487__29.csv,CAN_CSV0000000000027346__23.csv,PCPN_AMT_PST1HR,PCPN_AMT_PST1HR
CAN_CSV0000000000001487__28.csv,CAN_CSV0000000000001487__29.csv,PCPN_AMT_PST1HR,PCPN_AMT_PST1HR
CAN_CSV0000000000001487__29.csv,CAN_CSV0000000000001487__9.csv,AVG_AIR_TEMP_PST1MT,AVG_AIR_TEMP_PST1MT
CAN_CSV0000000000001487__25.csv,CAN_CSV0000000000001487__29.csv,AVG_AIR_TEMP_PST1MT,AVG_AIR_TEMP_PST1MT
CAN_CSV0000000000001487__28.csv,CAN_CSV0000000000001487__29.csv,AVG_AIR_TEMP_PST1MT,AVG_AIR_TEMP_PST1MT
CAN_CSV0000000000001487__29.csv,CAN_CSV0000000000027355__11.csv,AVG_AIR_TEMP_PST1MT,AVG_AIR_TEMP_PST1MT
CAN_CSV0000000000001487__29.csv,CAN_CSV0000000000001487__9.csv,AVG_VIS_PST1MT_QA,AVG_VIS_PST1MT_QA
CAN_CSV0000000000001487__25.csv,CAN_CSV0000000000001487__29.csv,AVG_VIS_PST1MT_QA,AVG_VIS_PST1MT_QA
CAN_CSV0000000000001487__29.csv,CAN_CSV0000000000027346__14.csv,AVG_VIS_PST1MT_QA,AVG_VIS_PST1MT_QA
CAN_CSV0000000000001487__28.csv,CAN_CSV0000000000001487__29.csv,AVG_VIS_PST1MT_QA,AVG_VIS_PST1MT_QA
CAN_CSV0000000000001487__29.csv,CAN_CSV0000000000001487__8.csv,AVG_VIS_PST1MT_QA,AVG_VIS_PST1MT_QA
CAN_CSV0000000000001487__26.csv,CAN_CSV0000000000001487__29.csv,AVG_VIS_PST1MT_QA,AVG_VIS_PST1MT_QA
CAN_CSV0000000000001487__10.csv,CAN_CSV0000000000001487__29.csv,AVG_VIS_PST1MT_QA,AVG_VIS_PST1MT_QA
CAN_CSV0000000000001487__24.csv,CAN_CSV0000000000001487__29.csv,AVG_VIS_PST1MT_QA,AVG_VIS_PST1MT_QA
CAN_CSV0000000000001487__29.csv,CAN_CSV0000000000001487__6.csv,AVG_VIS_PST1MT_QA,AVG_VIS_PST1MT_QA
CAN_CSV0000000000001487__29.csv,CAN_CSV0000000000001487__7.csv,AVG_VIS_PST1MT_QA,AVG_VIS_PST1MT_QA
CAN_CSV0000000000001487__29.csv,CAN_CSV0000000000027346__12.csv,AVG_VIS_PST1MT_QA,AVG_VIS_PST1MT_QA
USA_CSV0000000000033847__5.csv,USA_CSV0000000000034882__26.csv,HORZ_ALIGN,HORZ_ALIGN
USA_CSV0000000000033847__4.csv,USA_CSV0000000000034882__26.csv,HORZ_ALIGN,HORZ_ALIGN
USA_CSV0000000000033847__5.csv,USA_CSV0000000000034882__26.csv,TURN_LANES_L,TURN_LANES_L
USA_CSV0000000000034882__26.csv,USA_CSV0000000000037101__20.csv,TURN_LANES_L,TURN_LANES_L
USA_CSV0000000000034882__26.csv,USA_CSV0000000000037101__3.csv,TURN_LANES_L,TURN_LANES_L
USA_CSV0000000000033847__4.csv,USA_CSV0000000000034882__26.csv,TURN_LANES_L,TURN_LANES_L
SG_CSV0000000000000925__0.csv,SG_CSV0000000000000925__10.csv,socialnetwork_dp07,socialnetwork_dp07
SG_CSV0000000000000925__0.csv,SG_CSV0000000000000925__21.csv,socialnetwork_dp07,socialnetwork_dp07
SG_CSV0000000000000925__0.csv,SG_CSV0000000000000925__6.csv,socialnetwork_dp07,socialnetwork_dp07
SG_CSV0000000000000925__0.csv,SG_CSV0000000000000925__3.csv,socialnetwork_dp07,socialnetwork_dp07
SG_CSV0000000000000925__0.csv,SG_CSV0000000000000925__4.csv,socialnetwork_dp07,socialnetwork_dp07
SG_CSV0000000000000925__0.csv,SG_CSV0000000000000925__10.csv,livinginsg_2_slice,livinginsg_2_slice
SG_CSV0000000000000925__0.csv,SG_CSV0000000000000925__6.csv,livinginsg_2_slice,livinginsg_2_slice
SG_CSV0000000000000925__0.csv,SG_CSV0000000000000925__3.csv,livinginsg_2_slice,livinginsg_2_slice
SG_CSV0000000000000925__0.csv,SG_CSV0000000000000925__4.csv,livinginsg_2_slice,livinginsg_2_slice
SG_CSV0000000000000925__0.csv,SG_CSV0000000000001714__6.csv,livinginsg_2_slice,livinginsg_2_slice
SG_CSV0000000000000925__0.csv,SG_CSV0000000000000925__10.csv,ban_no_ofchildren,ban_no_ofchildren
SG_CSV0000000000000925__0.csv,SG_CSV0000000000000925__6.csv,ban_no_ofchildren,ban_no_ofchildren
SG_CSV0000000000000925__0.csv,SG_CSV0000000000000925__3.csv,ban_no_ofchildren,ban_no_ofchildren
SG_CSV0000000000000925__0.csv,SG_CSV0000000000000925__4.csv,ban_no_ofchildren,ban_no_ofchildren
SG_CSV0000000000000925__0.csv,SG_CSV0000000000000925__6.csv,rankmostimptchild_1,rankmostimptchild_1
SG_CSV0000000000000925__0.csv,SG_CSV0000000000000925__10.csv,rankmostimptchild_1,rankmostimptchild_1
SG_CSV0000000000000925__0.csv,SG_CSV0000000000000925__3.csv,rankmostimptchild_1,rankmostimptchild_1
SG_CSV0000000000000925__0.csv,SG_CSV0000000000000925__10.csv,rankmostimptchild_2,rankmostimptchild_2
SG_CSV0000000000000925__0.csv,SG_CSV0000000000000925__6.csv,rankmostimptchild_2,rankmostimptchild_2
SG_CSV0000000000000925__0.csv,SG_CSV0000000000000925__3.csv,rankmostimptchild_2,rankmostimptchild_2
SG_CSV0000000000000925__0.csv,SG_CSV0000000000000925__4.csv,rankmostimptchild_2,rankmostimptchild_2
SG_CSV0000000000000925__0.csv,SG_CSV0000000000000925__2.csv,rankmostimptchild_2,rankmostimptchild_2
SG_CSV0000000000000925__0.csv,SG_CSV0000000000000925__10.csv,ban_q18_q191,ban_q18_q191
SG_CSV0000000000000925__0.csv,SG_CSV0000000000000925__6.csv,ban_q18_q191,ban_q18_q191
SG_CSV0000000000000925__0.csv,SG_CSV0000000000000925__3.csv,ban_q18_q191,ban_q18_q191
SG_CSV0000000000000925__0.csv,SG_CSV0000000000000925__4.csv,ban_q18_q191,ban_q18_q191
UK_CSV0000000000002010__6.csv,UK_CSV0000000000002010__9.csv,Pre-Op Q Mobility,Pre-Op Q Mobility
UK_CSV0000000000002010__9.csv,UK_CSV0000000000006676__2.csv,Pre-Op Q Mobility,Pre-Op Q Mobility
USA_CSV0000000000033847__5.csv,USA_CSV0000000000037101__16.csv,SAMPLING_TECH,SAMPLING_TECH
USA_CSV0000000000033847__4.csv,USA_CSV0000000000037101__16.csv,SAMPLING_TECH,SAMPLING_TECH
CAN_CSV0000000000001487__8.csv,CAN_CSV0000000000001487__9.csv,CLD_AMT_CODE_1_QA,CLD_AMT_CODE_1_QA
CAN_CSV0000000000001487__6.csv,CAN_CSV0000000000001487__9.csv,CLD_AMT_CODE_1_QA,CLD_AMT_CODE_1_QA
CAN_CSV0000000000001487__7.csv,CAN_CSV0000000000001487__9.csv,CLD_AMT_CODE_1_QA,CLD_AMT_CODE_1_QA
CAN_CSV0000000000001487__10.csv,CAN_CSV0000000000001487__9.csv,CLD_AMT_CODE_1_QA,CLD_AMT_CODE_1_QA
SG_CSV0000000000000925__0.csv,SG_CSV0000000000000925__6.csv,occupation2,occupation2
SG_CSV0000000000000925__0.csv,SG_CSV0000000000000925__3.csv,occupation2,occupation2
SG_CSV0000000000000925__0.csv,SG_CSV0000000000000925__35.csv,ban_education4,ban_education4
SG_CSV0000000000000925__0.csv,SG_CSV0000000000000925__6.csv,ban_education4,ban_education4
SG_CSV0000000000000925__0.csv,SG_CSV0000000000000925__3.csv,ban_education4,ban_education4
USA_CSV0000000000037101__17.csv,USA_CSV0000000000037101__3.csv,DONUT_VOLUME_GROUP,DONUT_VOLUME_GROUP
USA_CSV0000000000037101__16.csv,USA_CSV0000000000037101__17.csv,DONUT_VOLUME_GROUP,DONUT_VOLUME_GROUP
USA_CSV0000000000034882__22.csv,USA_CSV0000000000037101__17.csv,DONUT_VOLUME_GROUP,DONUT_VOLUME_GROUP
USA_CSV0000000000033847__5.csv,USA_CSV0000000000037101__17.csv,ROUTE_SIGNING,ROUTE_SIGNING
USA_CSV0000000000037101__16.csv,USA_CSV0000000000037101__17.csv,ROUTE_SIGNING,ROUTE_SIGNING
USA_CSV0000000000034882__22.csv,USA_CSV0000000000037101__17.csv,ROUTE_SIGNING,ROUTE_SIGNING
USA_CSV0000000000033847__4.csv,USA_CSV0000000000037101__17.csv,ROUTE_SIGNING,ROUTE_SIGNING
USA_CSV0000000000037101__16.csv,USA_CSV0000000000037101__17.csv,RURAL_URBAN,RURAL_URBAN
USA_CSV0000000000034882__22.csv,USA_CSV0000000000037101__17.csv,RURAL_URBAN,RURAL_URBAN
USA_CSV0000000000033847__17.csv,USA_CSV0000000000037101__17.csv,RURAL_URBAN,RURAL_URBAN
USA_CSV0000000000033847__5.csv,USA_CSV0000000000034882__29.csv,HORZ_ALIGN,HORZ_ALIGN
USA_CSV0000000000034882__26.csv,USA_CSV0000000000034882__29.csv,HORZ_ALIGN,HORZ_ALIGN
USA_CSV0000000000033847__5.csv,USA_CSV0000000000034882__29.csv,TURN_LANES_L,TURN_LANES_L
USA_CSV0000000000034882__26.csv,USA_CSV0000000000034882__29.csv,TURN_LANES_L,TURN_LANES_L
USA_CSV0000000000034882__29.csv,USA_CSV0000000000037101__20.csv,TURN_LANES_L,TURN_LANES_L
USA_CSV0000000000034882__29.csv,USA_CSV0000000000037101__3.csv,TURN_LANES_L,TURN_LANES_L
USA_CSV0000000000033847__4.csv,USA_CSV0000000000034882__29.csv,TURN_LANES_L,TURN_LANES_L
UK_CSV0000000000003896__13.csv,UK_CSV0000000000003896__4.csv,Provider Code,Provider Code
UK_CSV0000000000002010__6.csv,UK_CSV0000000000003896__4.csv,Provider Code,Provider Code
UK_CSV0000000000002010__6.csv,UK_CSV0000000000003896__4.csv,Pre-Op Q Activity,Pre-Op Q Activity
UK_CSV0000000000003896__3.csv,UK_CSV0000000000003896__4.csv,Pre-Op Q Activity,Pre-Op Q Activity
UK_CSV0000000000002010__9.csv,UK_CSV0000000000003896__4.csv,Pre-Op Q Activity,Pre-Op Q Activity
UK_CSV0000000000003896__7.csv,UK_CSV0000000000003896__8.csv,Post-Op Q Self-Care,Post-Op Q Self-Care
UK_CSV0000000000003896__7.csv,UK_CSV0000000000006676__2.csv,Post-Op Q Self-Care,Post-Op Q Self-Care
UK_CSV0000000000003896__3.csv,UK_CSV0000000000003896__7.csv,Post-Op Q Self-Care,Post-Op Q Self-Care
UK_CSV0000000000003896__7.csv,UK_CSV0000000000006676__9.csv,Post-Op Q Self-Care,Post-Op Q Self-Care
UK_CSV0000000000003896__7.csv,UK_CSV0000000000007396__13.csv,Post-Op Q Self-Care,Post-Op Q Self-Care
UK_CSV0000000000003896__7.csv,UK_CSV0000000000003896__8.csv,Post-Op Q Bleeding,Post-Op Q Bleeding
UK_CSV0000000000003896__7.csv,UK_CSV0000000000006676__2.csv,Post-Op Q Bleeding,Post-Op Q Bleeding
UK_CSV0000000000003896__7.csv,UK_CSV0000000000003896__8.csv,Pre-Op Q EQ5D Index,Pre-Op Q EQ5D Index
UK_CSV0000000000003896__7.csv,UK_CSV0000000000006676__2.csv,Pre-Op Q EQ5D Index,Pre-Op Q EQ5D Index
UK_CSV0000000000003896__3.csv,UK_CSV0000000000003896__7.csv,Pre-Op Q EQ5D Index,Pre-Op Q EQ5D Index
UK_CSV0000000000003896__7.csv,UK_CSV0000000000003896__8.csv,Pre-Op Q EQ VAS,Pre-Op Q EQ VAS
UK_CSV0000000000003896__13.csv,UK_CSV0000000000003896__7.csv,Pre-Op Q EQ VAS,Pre-Op Q EQ VAS
CAN_CSV0000000000001724__8.csv,CAN_CSV0000000000001787__41.csv,Province/Canada,Province/Canada
CAN_CSV0000000000001787__41.csv,CAN_CSV0000000000001797__36.csv,Province/Canada,Province/Canada
CAN_CSV0000000000001787__41.csv,CAN_CSV0000000000001787__6.csv,Province/Canada,Province/Canada
CAN_CSV0000000000001787__41.csv,CAN_CSV0000000000001787__5.csv,Province/Canada,Province/Canada
CAN_CSV0000000000001787__0.csv,CAN_CSV0000000000001787__41.csv,Province/Canada,Province/Canada
CAN_CSV0000000000001787__41.csv,CAN_CSV0000000000001797__21.csv,Province/Canada,Province/Canada
USA_CSV0000000000033847__3.csv,USA_CSV0000000000033847__5.csv,HORZ_ALIGN,HORZ_ALIGN
USA_CSV0000000000033847__3.csv,USA_CSV0000000000034882__26.csv,HORZ_ALIGN,HORZ_ALIGN
USA_CSV0000000000033847__3.csv,USA_CSV0000000000034882__22.csv,STD_EXP_FACTOR,STD_EXP_FACTOR
USA_CSV0000000000033847__3.csv,USA_CSV0000000000033847__5.csv,STD_EXP_FACTOR,STD_EXP_FACTOR
USA_CSV0000000000033847__3.csv,USA_CSV0000000000033847__4.csv,STD_EXP_FACTOR,STD_EXP_FACTOR
CAN_CSV0000000000001487__25.csv,CAN_CSV0000000000001487__26.csv,MAX_AIR_TEMP_PST1HR,MAX_AIR_TEMP_PST1HR
CAN_CSV0000000000001487__26.csv,CAN_CSV0000000000001487__9.csv,PCPN_AMT_PST1HR,PCPN_AMT_PST1HR
CAN_CSV0000000000001487__25.csv,CAN_CSV0000000000001487__26.csv,PCPN_AMT_PST1HR,PCPN_AMT_PST1HR
CAN_CSV0000000000001487__26.csv,CAN_CSV0000000000027346__23.csv,PCPN_AMT_PST1HR,PCPN_AMT_PST1HR
CAN_CSV0000000000001487__26.csv,CAN_CSV0000000000001487__28.csv,PCPN_AMT_PST1HR,PCPN_AMT_PST1HR
CAN_CSV0000000000001487__26.csv,CAN_CSV0000000000001487__8.csv,PCPN_AMT_PST1HR,PCPN_AMT_PST1HR
USA_CSV0000000000034882__12.csv,USA_CSV0000000000034882__26.csv,STD_VOLUME_GROUP,STD_VOLUME_GROUP
USA_CSV0000000000034882__12.csv,USA_CSV0000000000037101__3.csv,STD_VOLUME_GROUP,STD_VOLUME_GROUP
USA_CSV0000000000034882__12.csv,USA_CSV0000000000034882__14.csv,STD_VOLUME_GROUP,STD_VOLUME_GROUP
USA_CSV0000000000034882__12.csv,USA_CSV0000000000037101__16.csv,STD_VOLUME_GROUP,STD_VOLUME_GROUP
USA_CSV0000000000033847__5.csv,USA_CSV0000000000034882__12.csv,PEAK_CAPACITY,PEAK_CAPACITY
USA_CSV0000000000034882__12.csv,USA_CSV0000000000034882__14.csv,PEAK_CAPACITY,PEAK_CAPACITY
USA_CSV0000000000033847__4.csv,USA_CSV0000000000034882__12.csv,PEAK_CAPACITY,PEAK_CAPACITY
USA_CSV0000000000034882__12.csv,USA_CSV0000000000037101__3.csv,ACCESS_CONTROL,ACCESS_CONTROL
USA_CSV0000000000034882__12.csv,USA_CSV0000000000034882__26.csv,ACCESS_CONTROL,ACCESS_CONTROL
USA_CSV0000000000034882__12.csv,USA_CSV0000000000034882__14.csv,ACCESS_CONTROL,ACCESS_CONTROL
USA_CSV0000000000033847__5.csv,USA_CSV0000000000034882__12.csv,URBAN_CODE,URBAN_CODE
USA_CSV0000000000034882__12.csv,USA_CSV0000000000037101__3.csv,URBAN_CODE,URBAN_CODE
USA_CSV0000000000034882__12.csv,USA_CSV0000000000034882__14.csv,URBAN_CODE,URBAN_CODE
USA_CSV0000000000034882__12.csv,USA_CSV0000000000037101__3.csv,IS_GROUPED,IS_GROUPED
USA_CSV0000000000034882__12.csv,USA_CSV0000000000034882__26.csv,IS_GROUPED,IS_GROUPED
USA_CSV0000000000034882__12.csv,USA_CSV0000000000034882__14.csv,PEAK_PARKING,PEAK_PARKING
USA_CSV0000000000034882__12.csv,USA_CSV0000000000037101__3.csv,SECTION_ID,SECTION_ID
USA_CSV0000000000034882__12.csv,USA_CSV0000000000034882__14.csv,SECTION_ID,SECTION_ID
USA_CSV0000000000034882__12.csv,USA_CSV0000000000037101__3.csv,TYPE_SIGNAL,TYPE_SIGNAL
USA_CSV0000000000034882__12.csv,USA_CSV0000000000034882__14.csv,TYPE_SIGNAL,TYPE_SIGNAL
USA_CSV0000000000034882__12.csv,USA_CSV0000000000034882__22.csv,TYPE_SIGNAL,TYPE_SIGNAL
USA_CSV0000000000034882__12.csv,USA_CSV0000000000037101__20.csv,TRUCK_ROUTE,TRUCK_ROUTE
USA_CSV0000000000034882__12.csv,USA_CSV0000000000037101__3.csv,TRUCK_ROUTE,TRUCK_ROUTE
USA_CSV0000000000034882__12.csv,USA_CSV0000000000034882__14.csv,TRUCK_ROUTE,TRUCK_ROUTE
USA_CSV0000000000034882__12.csv,USA_CSV0000000000037101__20.csv,PEAK_LANES,PEAK_LANES
USA_CSV0000000000034882__12.csv,USA_CSV0000000000037101__3.csv,PEAK_LANES,PEAK_LANES
USA_CSV0000000000034882__12.csv,USA_CSV0000000000034882__14.csv,PEAK_LANES,PEAK_LANES
USA_CSV0000000000034882__12.csv,USA_CSV0000000000034882__9.csv,PEAK_LANES,PEAK_LANES
USA_CSV0000000000034882__12.csv,USA_CSV0000000000034882__26.csv,PAVEMENT_TYPE,PAVEMENT_TYPE
USA_CSV0000000000034882__12.csv,USA_CSV0000000000034882__14.csv,PAVEMENT_TYPE,PAVEMENT_TYPE
SG_CSV0000000000000925__10.csv,SG_CSV0000000000000925__6.csv,socialnetwork_dp07,socialnetwork_dp07
SG_CSV0000000000000925__21.csv,SG_CSV0000000000000925__6.csv,socialnetwork_dp07,socialnetwork_dp07
SG_CSV0000000000000925__0.csv,SG_CSV0000000000000925__6.csv,socialnetwork_dp07,socialnetwork_dp07
SG_CSV0000000000000925__3.csv,SG_CSV0000000000000925__6.csv,socialnetwork_dp07,socialnetwork_dp07
SG_CSV0000000000000925__4.csv,SG_CSV0000000000000925__6.csv,socialnetwork_dp07,socialnetwork_dp07
SG_CSV0000000000000925__10.csv,SG_CSV0000000000000925__6.csv,ban_no_ofchildren,ban_no_ofchildren
SG_CSV0000000000000925__0.csv,SG_CSV0000000000000925__6.csv,ban_no_ofchildren,ban_no_ofchildren
SG_CSV0000000000000925__3.csv,SG_CSV0000000000000925__6.csv,ban_no_ofchildren,ban_no_ofchildren
SG_CSV0000000000000925__4.csv,SG_CSV0000000000000925__6.csv,ban_no_ofchildren,ban_no_ofchildren
SG_CSV0000000000000925__10.csv,SG_CSV0000000000000925__6.csv,rankmostimptchild_1,rankmostimptchild_1
SG_CSV0000000000000925__0.csv,SG_CSV0000000000000925__6.csv,rankmostimptchild_1,rankmostimptchild_1
SG_CSV0000000000000925__3.csv,SG_CSV0000000000000925__6.csv,rankmostimptchild_1,rankmostimptchild_1
SG_CSV0000000000000925__4.csv,SG_CSV0000000000000925__6.csv,rankmostimptchild_1,rankmostimptchild_1
SG_CSV0000000000000925__2.csv,SG_CSV0000000000000925__6.csv,rankmostimptchild_1,rankmostimptchild_1
SG_CSV0000000000000925__10.csv,SG_CSV0000000000000925__6.csv,rankmostimptchild_2,rankmostimptchild_2
SG_CSV0000000000000925__18.csv,SG_CSV0000000000001714__6.csv,livinginsg_4_slice,livinginsg_4_slice
SG_CSV0000000000000925__44.csv,SG_CSV0000000000001714__6.csv,socialnetwork_dp01,socialnetwork_dp01
SG_CSV0000000000000925__18.csv,SG_CSV0000000000001714__6.csv,socialnetwork_dp06,socialnetwork_dp06
USA_CSV0000000000033847__5.csv,USA_CSV0000000000034882__22.csv,STD_EXP_FACTOR,STD_EXP_FACTOR
USA_CSV0000000000033847__4.csv,USA_CSV0000000000033847__5.csv,STD_EXP_FACTOR,STD_EXP_FACTOR
USA_CSV0000000000033847__3.csv,USA_CSV0000000000033847__5.csv,STD_EXP_FACTOR,STD_EXP_FACTOR
USA_CSV0000000000033847__5.csv,USA_CSV0000000000037101__16.csv,ROUTE_SIGNING,ROUTE_SIGNING
USA_CSV0000000000033847__5.csv,USA_CSV0000000000034882__14.csv,PERC_COMBINATION,PERC_COMBINATION
USA_CSV0000000000033847__5.csv,USA_CSV0000000000037101__20.csv,DONUT_EXP_FACTOR,DONUT_EXP_FACTOR
USA_CSV0000000000033847__5.csv,USA_CSV0000000000037101__3.csv,DONUT_EXP_FACTOR,DONUT_EXP_FACTOR
USA_CSV0000000000034882__26.csv,USA_CSV0000000000037101__16.csv,DIR_FACTOR,DIR_FACTOR
USA_CSV0000000000034882__22.csv,USA_CSV0000000000037101__16.csv,DIR_FACTOR,DIR_FACTOR
USA_CSV0000000000034882__9.csv,USA_CSV0000000000037101__16.csv,DIR_FACTOR,DIR_FACTOR
USA_CSV0000000000034882__26.csv,USA_CSV0000000000037101__16.csv,TYPE_FACILITY,TYPE_FACILITY
USA_CSV0000000000033847__17.csv,USA_CSV0000000000037101__16.csv,TYPE_FACILITY,TYPE_FACILITY
UK_CSV0000000000002010__6.csv,UK_CSV0000000000002010__8.csv,Pre-Op Q Mobility,Pre-Op Q Mobility
UK_CSV0000000000002010__8.csv,UK_CSV0000000000006676__2.csv,Pre-Op Q Mobility,Pre-Op Q Mobility
CAN_CSV0000000000001487__26.csv,CAN_CSV0000000000001487__9.csv,AVG_VIS_PST1MT_QA,AVG_VIS_PST1MT_QA
CAN_CSV0000000000001487__25.csv,CAN_CSV0000000000001487__26.csv,AVG_VIS_PST1MT_QA,AVG_VIS_PST1MT_QA
CAN_CSV0000000000001487__26.csv,CAN_CSV0000000000027346__14.csv,AVG_VIS_PST1MT_QA,AVG_VIS_PST1MT_QA
CAN_CSV0000000000001487__26.csv,CAN_CSV0000000000001487__28.csv,AVG_VIS_PST1MT_QA,AVG_VIS_PST1MT_QA
CAN_CSV0000000000001487__26.csv,CAN_CSV0000000000001487__8.csv,AVG_VIS_PST1MT_QA,AVG_VIS_PST1MT_QA
CAN_CSV0000000000001487__10.csv,CAN_CSV0000000000001487__26.csv,AVG_VIS_PST1MT_QA,AVG_VIS_PST1MT_QA
CAN_CSV0000000000001487__26.csv,CAN_CSV0000000000001487__29.csv,AVG_VIS_PST1MT_QA,AVG_VIS_PST1MT_QA
CAN_CSV0000000000001487__24.csv,CAN_CSV0000000000001487__26.csv,AVG_VIS_PST1MT_QA,AVG_VIS_PST1MT_QA
CAN_CSV0000000000001487__26.csv,CAN_CSV0000000000001487__6.csv,AVG_VIS_PST1MT_QA,AVG_VIS_PST1MT_QA
USA_CSV0000000000033847__14.csv,USA_CSV0000000000033847__17.csv,AT_GRADE_SIGNAL,AT_GRADE_SIGNAL
USA_CSV0000000000035902__18.csv,USA_CSV0000000000035902__34.csv,TYPE OF IMPROVEMENT,TYPE OF IMPROVEMENT
USA_CSV0000000000035902__16.csv,USA_CSV0000000000035902__18.csv,TYPE OF IMPROVEMENT,TYPE OF IMPROVEMENT
USA_CSV0000000000035902__18.csv,USA_CSV0000000000035902__20.csv,TYPE OF IMPROVEMENT,TYPE OF IMPROVEMENT
USA_CSV0000000000035902__16.csv,USA_CSV0000000000035902__18.csv,TYPE OF SUBGRADE,TYPE OF SUBGRADE
USA_CSV0000000000035902__18.csv,USA_CSV0000000000035902__20.csv,TYPE OF SUBGRADE,TYPE OF SUBGRADE
USA_CSV0000000000035902__18.csv,USA_CSV0000000000035902__38.csv,TYPE OF SUBGRADE,TYPE OF SUBGRADE
USA_CSV0000000000035902__15.csv,USA_CSV0000000000035902__18.csv,TYPE OF SUBGRADE,TYPE OF SUBGRADE
USA_CSV0000000000035902__17.csv,USA_CSV0000000000035902__18.csv,TYPE OF SUBGRADE,TYPE OF SUBGRADE
USA_CSV0000000000035902__18.csv,USA_CSV0000000000035902__34.csv,FUNCTIONAL SYSTEM,FUNCTIONAL SYSTEM
USA_CSV0000000000035902__16.csv,USA_CSV0000000000035902__18.csv,FUNCTIONAL SYSTEM,FUNCTIONAL SYSTEM
USA_CSV0000000000035902__18.csv,USA_CSV0000000000035902__20.csv,FUNCTIONAL SYSTEM,FUNCTIONAL SYSTEM
USA_CSV0000000000035902__15.csv,USA_CSV0000000000035902__18.csv,RIGHT OF WAY WIDTH,RIGHT OF WAY WIDTH
USA_CSV0000000000035902__18.csv,USA_CSV0000000000035902__20.csv,RIGHT OF WAY WIDTH,RIGHT OF WAY WIDTH
USA_CSV0000000000035902__16.csv,USA_CSV0000000000035902__18.csv,RIGHT OF WAY WIDTH,RIGHT OF WAY WIDTH
USA_CSV0000000000035902__17.csv,USA_CSV0000000000035902__18.csv,RIGHT OF WAY WIDTH,RIGHT OF WAY WIDTH
USA_CSV0000000000035902__16.csv,USA_CSV0000000000035902__18.csv,TURNING LANES-LEFT,TURNING LANES-LEFT
CAN_CSV0000000000001487__25.csv,CAN_CSV0000000000027346__32.csv,AVG_VIS_PST10MTS_QA,AVG_VIS_PST10MTS_QA
CAN_CSV0000000000027346__14.csv,CAN_CSV0000000000027346__32.csv,AVG_VIS_PST10MTS_QA,AVG_VIS_PST10MTS_QA
CAN_CSV0000000000001487__28.csv,CAN_CSV0000000000027346__32.csv,AVG_VIS_PST10MTS_QA,AVG_VIS_PST10MTS_QA
CAN_CSV0000000000001487__26.csv,CAN_CSV0000000000027346__32.csv,AVG_VIS_PST10MTS_QA,AVG_VIS_PST10MTS_QA
CAN_CSV0000000000001487__29.csv,CAN_CSV0000000000027346__32.csv,AVG_VIS_PST10MTS_QA,AVG_VIS_PST10MTS_QA
CAN_CSV0000000000027346__32.csv,CAN_CSV0000000000027346__35.csv,AVG_VIS_PST10MTS_QA,AVG_VIS_PST10MTS_QA
CAN_CSV0000000000027346__30.csv,CAN_CSV0000000000027346__32.csv,AVG_VIS_PST10MTS_QA,AVG_VIS_PST10MTS_QA
CAN_CSV0000000000001487__24.csv,CAN_CSV0000000000027346__32.csv,AVG_VIS_PST10MTS_QA,AVG_VIS_PST10MTS_QA
CAN_CSV0000000000027346__12.csv,CAN_CSV0000000000027346__32.csv,AVG_VIS_PST10MTS_QA,AVG_VIS_PST10MTS_QA
CAN_CSV0000000000001487__35.csv,CAN_CSV0000000000027346__32.csv,PCPN_AMT_PST1MT_QA,PCPN_AMT_PST1MT_QA
CAN_CSV0000000000001487__25.csv,CAN_CSV0000000000027346__32.csv,PCPN_AMT_PST1MT_QA,PCPN_AMT_PST1MT_QA
CAN_CSV0000000000001487__28.csv,CAN_CSV0000000000027346__32.csv,PCPN_AMT_PST1MT_QA,PCPN_AMT_PST1MT_QA
CAN_CSV0000000000001487__34.csv,CAN_CSV0000000000027346__32.csv,PCPN_AMT_PST1MT_QA,PCPN_AMT_PST1MT_QA
CAN_CSV0000000000001487__26.csv,CAN_CSV0000000000027346__32.csv,PCPN_AMT_PST1MT_QA,PCPN_AMT_PST1MT_QA
CAN_CSV0000000000001487__31.csv,CAN_CSV0000000000027346__32.csv,PCPN_AMT_PST1MT_QA,PCPN_AMT_PST1MT_QA
CAN_CSV0000000000001487__29.csv,CAN_CSV0000000000027346__32.csv,PCPN_AMT_PST1MT_QA,PCPN_AMT_PST1MT_QA
CAN_CSV0000000000027346__32.csv,CAN_CSV0000000000027346__35.csv,PCPN_AMT_PST1MT_QA,PCPN_AMT_PST1MT_QA
CAN_CSV0000000000027346__30.csv,CAN_CSV0000000000027346__32.csv,PCPN_AMT_PST1MT_QA,PCPN_AMT_PST1MT_QA
CAN_CSV0000000000001487__24.csv,CAN_CSV0000000000027346__32.csv,PCPN_AMT_PST1MT_QA,PCPN_AMT_PST1MT_QA
USA_CSV0000000000033847__5.csv,USA_CSV0000000000034882__9.csv,SAMPLING_TECH,SAMPLING_TECH
USA_CSV0000000000034882__9.csv,USA_CSV0000000000037101__16.csv,SAMPLING_TECH,SAMPLING_TECH
USA_CSV0000000000033847__4.csv,USA_CSV0000000000034882__9.csv,SAMPLING_TECH,SAMPLING_TECH
USA_CSV0000000000034882__26.csv,USA_CSV0000000000034882__9.csv,DIR_FACTOR,DIR_FACTOR
USA_CSV0000000000034882__9.csv,USA_CSV0000000000037101__16.csv,DIR_FACTOR,DIR_FACTOR
USA_CSV0000000000034882__22.csv,USA_CSV0000000000034882__9.csv,DIR_FACTOR,DIR_FACTOR
USA_CSV0000000000033847__4.csv,USA_CSV0000000000033847__5.csv,PERC_COMBINATION,PERC_COMBINATION
USA_CSV0000000000033847__4.csv,USA_CSV0000000000034882__22.csv,PERC_COMBINATION,PERC_COMBINATION
USA_CSV0000000000033847__4.csv,USA_CSV0000000000034882__12.csv,PERC_COMBINATION,PERC_COMBINATION
USA_CSV0000000000033847__4.csv,USA_CSV0000000000033847__5.csv,SHOULDER_TYPE,SHOULDER_TYPE
USA_CSV0000000000033847__4.csv,USA_CSV0000000000034882__12.csv,SHOULDER_TYPE,SHOULDER_TYPE
SG_CSV0000000000000925__0.csv,SG_CSV0000000000000925__6.csv,socialnetwork_dp08,socialnetwork_dp08
SG_CSV0000000000000925__0.csv,SG_CSV0000000000001714__40.csv,socialnetwork_dp08,socialnetwork_dp08
SG_CSV0000000000000925__0.csv,SG_CSV0000000000000925__3.csv,socialnetwork_dp08,socialnetwork_dp08
SG_CSV0000000000000925__0.csv,SG_CSV0000000000000925__4.csv,socialnetwork_dp08,socialnetwork_dp08
USA_CSV0000000000033847__4.csv,USA_CSV0000000000033847__5.csv,HORZ_ALIGN,HORZ_ALIGN
USA_CSV0000000000033847__4.csv,USA_CSV0000000000034882__26.csv,HORZ_ALIGN,HORZ_ALIGN
SG_CSV0000000000000925__0.csv,SG_CSV0000000000000925__6.csv,ban_children1,ban_children1
SG_CSV0000000000000925__3.csv,SG_CSV0000000000000925__6.csv,ban_children1,ban_children1
SG_CSV0000000000000925__4.csv,SG_CSV0000000000000925__6.csv,ban_children1,ban_children1
SG_CSV0000000000000925__2.csv,SG_CSV0000000000000925__6.csv,ban_children1,ban_children1
SG_CSV0000000000000925__0.csv,SG_CSV0000000000000925__6.csv,livinginsg_3_slice,livinginsg_3_slice
SG_CSV0000000000000925__3.csv,SG_CSV0000000000000925__6.csv,livinginsg_3_slice,livinginsg_3_slice
SG_CSV0000000000000925__4.csv,SG_CSV0000000000000925__6.csv,livinginsg_3_slice,livinginsg_3_slice
USA_CSV0000000000033847__5.csv,USA_CSV0000000000037101__17.csv,SAMPLING_TECH,SAMPLING_TECH
USA_CSV0000000000037101__16.csv,USA_CSV0000000000037101__17.csv,SAMPLING_TECH,SAMPLING_TECH
USA_CSV0000000000033847__4.csv,USA_CSV0000000000037101__17.csv,SAMPLING_TECH,SAMPLING_TECH
SG_CSV0000000000000925__0.csv,SG_CSV0000000000000925__6.csv,respondent_id,respondent_id
SG_CSV0000000000000925__3.csv,SG_CSV0000000000000925__6.csv,respondent_id,respondent_id
SG_CSV0000000000000925__4.csv,SG_CSV0000000000000925__6.csv,respondent_id,respondent_id
SG_CSV0000000000000925__6.csv,SG_CSV0000000000001714__14.csv,respondent_id,respondent_id
SG_CSV0000000000000925__6.csv,SG_CSV0000000000001714__17.csv,respondent_id,respondent_id
UK_CSV0000000000002010__6.csv,UK_CSV0000000000003896__8.csv,Post-Op Q Anxiety,Post-Op Q Anxiety
UK_CSV0000000000002010__6.csv,UK_CSV0000000000003896__13.csv,Post-Op Q Anxiety,Post-Op Q Anxiety
UK_CSV0000000000002010__6.csv,UK_CSV0000000000002010__9.csv,Post-Op Q Anxiety,Post-Op Q Anxiety
UK_CSV0000000000002010__6.csv,UK_CSV0000000000002010__8.csv,Post-Op Q Anxiety,Post-Op Q Anxiety
UK_CSV0000000000002010__10.csv,UK_CSV0000000000002010__6.csv,Pre-Op Q Mobility,Pre-Op Q Mobility
UK_CSV0000000000002010__10.csv,UK_CSV0000000000006676__2.csv,Pre-Op Q Mobility,Pre-Op Q Mobility
UK_CSV0000000000002010__10.csv,UK_CSV0000000000002010__9.csv,Pre-Op Q Mobility,Pre-Op Q Mobility
UK_CSV0000000000002010__10.csv,UK_CSV0000000000006676__34.csv,Pre-Op Q Mobility,Pre-Op Q Mobility
SG_CSV0000000000000925__0.csv,SG_CSV0000000000000925__6.csv,livinginsg_3_slice,livinginsg_3_slice
SG_CSV0000000000000925__0.csv,SG_CSV0000000000000925__3.csv,livinginsg_3_slice,livinginsg_3_slice
SG_CSV0000000000000925__0.csv,SG_CSV0000000000000925__4.csv,livinginsg_3_slice,livinginsg_3_slice
SG_CSV0000000000000925__0.csv,SG_CSV0000000000000925__6.csv,ban_education3,ban_education3
SG_CSV0000000000000925__0.csv,SG_CSV0000000000000925__3.csv,ban_education3,ban_education3
SG_CSV0000000000000925__0.csv,SG_CSV0000000000000925__4.csv,ban_education3,ban_education3
SG_CSV0000000000000925__0.csv,SG_CSV0000000000000925__18.csv,ban_education3,ban_education3
SG_CSV0000000000000925__0.csv,SG_CSV0000000000000925__2.csv,ban_education3,ban_education3
USA_CSV0000000000037101__17.csv,USA_CSV0000000000037101__3.csv,TYPE_TERRAIN,TYPE_TERRAIN
SG_CSV0000000000000925__0.csv,SG_CSV0000000000000925__6.csv,ban_education3,ban_education3
SG_CSV0000000000000925__3.csv,SG_CSV0000000000000925__6.csv,ban_education3,ban_education3
SG_CSV0000000000000925__4.csv,SG_CSV0000000000000925__6.csv,ban_education3,ban_education3
SG_CSV0000000000000925__18.csv,SG_CSV0000000000000925__6.csv,ban_education3,ban_education3
USA_CSV0000000000033847__4.csv,USA_CSV0000000000034882__22.csv,STD_EXP_FACTOR,STD_EXP_FACTOR
USA_CSV0000000000033847__4.csv,USA_CSV0000000000033847__5.csv,STD_EXP_FACTOR,STD_EXP_FACTOR
USA_CSV0000000000033847__3.csv,USA_CSV0000000000033847__4.csv,STD_EXP_FACTOR,STD_EXP_FACTOR
CAN_CSV0000000000001487__9.csv,CAN_CSV0000000000027346__35.csv,AVG_MSLP_PST1MT_QA,AVG_MSLP_PST1MT_QA
CAN_CSV0000000000001487__8.csv,CAN_CSV0000000000027346__35.csv,AVG_MSLP_PST1MT_QA,AVG_MSLP_PST1MT_QA
CAN_CSV0000000000001487__10.csv,CAN_CSV0000000000027346__35.csv,AVG_MSLP_PST1MT_QA,AVG_MSLP_PST1MT_QA
CAN_CSV0000000000001487__20.csv,CAN_CSV0000000000027346__35.csv,AVG_MSLP_PST1MT_QA,AVG_MSLP_PST1MT_QA
CAN_CSV0000000000027346__30.csv,CAN_CSV0000000000027346__35.csv,AVG_MSLP_PST1MT_QA,AVG_MSLP_PST1MT_QA
CAN_CSV0000000000001724__44.csv,CAN_CSV0000000000001724__46.csv,InsuranceAssurances,InsuranceAssurances
CAN_CSV0000000000001724__45.csv,CAN_CSV0000000000001724__46.csv,InsuranceAssurances,InsuranceAssurances
CAN_CSV0000000000001487__28.csv,CAN_CSV0000000000027349__23.csv,DATA_PAYLOAD_URI,DATA_PAYLOAD_URI
CAN_CSV0000000000001487__28.csv,CAN_CSV0000000000001487__9.csv,DATA_PAYLOAD_URI,DATA_PAYLOAD_URI
CAN_CSV0000000000001487__28.csv,CAN_CSV0000000000027349__20.csv,DATA_PAYLOAD_URI,DATA_PAYLOAD_URI
CAN_CSV0000000000001487__25.csv,CAN_CSV0000000000001487__28.csv,DATA_PAYLOAD_URI,DATA_PAYLOAD_URI
CAN_CSV0000000000001487__28.csv,CAN_CSV0000000000027349__21.csv,DATA_PAYLOAD_URI,DATA_PAYLOAD_URI
CAN_CSV0000000000001487__28.csv,CAN_CSV0000000000027353__2.csv,DATA_PAYLOAD_URI,DATA_PAYLOAD_URI
CAN_CSV0000000000001487__28.csv,CAN_CSV0000000000027355__11.csv,DATA_PAYLOAD_URI,DATA_PAYLOAD_URI
CAN_CSV0000000000001487__28.csv,CAN_CSV0000000000001487__8.csv,DATA_PAYLOAD_URI,DATA_PAYLOAD_URI
CAN_CSV0000000000001487__28.csv,CAN_CSV0000000000001487__9.csv,CLD_BAS_HGT_1,CLD_BAS_HGT_1
CAN_CSV0000000000001487__25.csv,CAN_CSV0000000000001487__28.csv,CLD_BAS_HGT_1,CLD_BAS_HGT_1
CAN_CSV0000000000001487__28.csv,CAN_CSV0000000000001487__8.csv,CLD_BAS_HGT_1,CLD_BAS_HGT_1
CAN_CSV0000000000001487__26.csv,CAN_CSV0000000000001487__28.csv,CLD_BAS_HGT_1,CLD_BAS_HGT_1
CAN_CSV0000000000001487__28.csv,CAN_CSV0000000000027355__20.csv,CLD_BAS_HGT_1,CLD_BAS_HGT_1
CAN_CSV0000000000001487__10.csv,CAN_CSV0000000000001487__28.csv,CLD_BAS_HGT_1,CLD_BAS_HGT_1
CAN_CSV0000000000001487__28.csv,CAN_CSV0000000000027349__23.csv,AVG_REL_HUM_PST1MT,AVG_REL_HUM_PST1MT
CAN_CSV0000000000001487__28.csv,CAN_CSV0000000000001487__35.csv,AVG_REL_HUM_PST1MT,AVG_REL_HUM_PST1MT
CAN_CSV0000000000001487__28.csv,CAN_CSV0000000000001487__9.csv,AVG_REL_HUM_PST1MT,AVG_REL_HUM_PST1MT
CAN_CSV0000000000001487__28.csv,CAN_CSV0000000000027349__20.csv,AVG_REL_HUM_PST1MT,AVG_REL_HUM_PST1MT
CAN_CSV0000000000001487__25.csv,CAN_CSV0000000000001487__28.csv,AVG_REL_HUM_PST1MT,AVG_REL_HUM_PST1MT
CAN_CSV0000000000001487__28.csv,CAN_CSV0000000000001487__9.csv,PCPN_AMT_PST1HR,PCPN_AMT_PST1HR
CAN_CSV0000000000001487__25.csv,CAN_CSV0000000000001487__28.csv,PCPN_AMT_PST1HR,PCPN_AMT_PST1HR
CAN_CSV0000000000001487__28.csv,CAN_CSV0000000000027346__23.csv,PCPN_AMT_PST1HR,PCPN_AMT_PST1HR
CAN_CSV0000000000001487__28.csv,CAN_CSV0000000000001487__9.csv,AVG_AIR_TEMP_PST1MT,AVG_AIR_TEMP_PST1MT
CAN_CSV0000000000001487__25.csv,CAN_CSV0000000000001487__28.csv,AVG_AIR_TEMP_PST1MT,AVG_AIR_TEMP_PST1MT
CAN_CSV0000000000001487__28.csv,CAN_CSV0000000000001487__9.csv,AVG_VIS_PST1MT_QA,AVG_VIS_PST1MT_QA
CAN_CSV0000000000001487__25.csv,CAN_CSV0000000000001487__28.csv,AVG_VIS_PST1MT_QA,AVG_VIS_PST1MT_QA
CAN_CSV0000000000001487__28.csv,CAN_CSV0000000000027346__14.csv,AVG_VIS_PST1MT_QA,AVG_VIS_PST1MT_QA
CAN_CSV0000000000001487__28.csv,CAN_CSV0000000000001487__8.csv,AVG_VIS_PST1MT_QA,AVG_VIS_PST1MT_QA
CAN_CSV0000000000001487__26.csv,CAN_CSV0000000000001487__28.csv,AVG_VIS_PST1MT_QA,AVG_VIS_PST1MT_QA
CAN_CSV0000000000001487__10.csv,CAN_CSV0000000000001487__28.csv,AVG_VIS_PST1MT_QA,AVG_VIS_PST1MT_QA
CAN_CSV0000000000001487__28.csv,CAN_CSV0000000000001487__9.csv,AVG_VIS_PST10MTS,AVG_VIS_PST10MTS
CAN_CSV0000000000001487__25.csv,CAN_CSV0000000000001487__28.csv,AVG_VIS_PST10MTS,AVG_VIS_PST10MTS
CAN_CSV0000000000001487__28.csv,CAN_CSV0000000000027353__2.csv,AVG_VIS_PST10MTS,AVG_VIS_PST10MTS
CAN_CSV0000000000001487__28.csv,CAN_CSV0000000000001487__8.csv,AVG_VIS_PST10MTS,AVG_VIS_PST10MTS
CAN_CSV0000000000001487__26.csv,CAN_CSV0000000000001487__28.csv,AVG_VIS_PST10MTS,AVG_VIS_PST10MTS
CAN_CSV0000000000001724__44.csv,CAN_CSV0000000000001724__45.csv,InsuranceAssurances,InsuranceAssurances
CAN_CSV0000000000001487__25.csv,CAN_CSV0000000000027349__23.csv,DATA_PAYLOAD_URI,DATA_PAYLOAD_URI
CAN_CSV0000000000001487__25.csv,CAN_CSV0000000000001487__9.csv,DATA_PAYLOAD_URI,DATA_PAYLOAD_URI
CAN_CSV0000000000001487__25.csv,CAN_CSV0000000000027349__20.csv,DATA_PAYLOAD_URI,DATA_PAYLOAD_URI
CAN_CSV0000000000001487__25.csv,CAN_CSV0000000000027349__21.csv,DATA_PAYLOAD_URI,DATA_PAYLOAD_URI
CAN_CSV0000000000001487__25.csv,CAN_CSV0000000000027353__2.csv,DATA_PAYLOAD_URI,DATA_PAYLOAD_URI
CAN_CSV0000000000001487__25.csv,CAN_CSV0000000000027355__11.csv,DATA_PAYLOAD_URI,DATA_PAYLOAD_URI
CAN_CSV0000000000001487__25.csv,CAN_CSV0000000000001487__28.csv,DATA_PAYLOAD_URI,DATA_PAYLOAD_URI
CAN_CSV0000000000001487__25.csv,CAN_CSV0000000000001487__8.csv,DATA_PAYLOAD_URI,DATA_PAYLOAD_URI
CAN_CSV0000000000001487__25.csv,CAN_CSV0000000000001487__26.csv,DATA_PAYLOAD_URI,DATA_PAYLOAD_URI
CAN_CSV0000000000001487__25.csv,CAN_CSV0000000000001487__9.csv,CLD_BAS_HGT_1,CLD_BAS_HGT_1
CAN_CSV0000000000001487__25.csv,CAN_CSV0000000000001487__28.csv,CLD_BAS_HGT_1,CLD_BAS_HGT_1
CAN_CSV0000000000001487__25.csv,CAN_CSV0000000000027349__23.csv,AVG_REL_HUM_PST1MT,AVG_REL_HUM_PST1MT
CAN_CSV0000000000001487__25.csv,CAN_CSV0000000000001487__35.csv,AVG_REL_HUM_PST1MT,AVG_REL_HUM_PST1MT
CAN_CSV0000000000001487__25.csv,CAN_CSV0000000000001487__9.csv,AVG_REL_HUM_PST1MT,AVG_REL_HUM_PST1MT
CAN_CSV0000000000001487__25.csv,CAN_CSV0000000000027349__20.csv,AVG_REL_HUM_PST1MT,AVG_REL_HUM_PST1MT
CAN_CSV0000000000001487__25.csv,CAN_CSV0000000000027349__21.csv,AVG_REL_HUM_PST1MT,AVG_REL_HUM_PST1MT
CAN_CSV0000000000001487__25.csv,CAN_CSV0000000000001487__9.csv,PCPN_AMT_PST1HR,PCPN_AMT_PST1HR
CAN_CSV0000000000001487__25.csv,CAN_CSV0000000000027346__23.csv,PCPN_AMT_PST1HR,PCPN_AMT_PST1HR
CAN_CSV0000000000001487__25.csv,CAN_CSV0000000000001487__28.csv,PCPN_AMT_PST1HR,PCPN_AMT_PST1HR
CAN_CSV0000000000001487__25.csv,CAN_CSV0000000000001487__9.csv,AVG_AIR_TEMP_PST1MT,AVG_AIR_TEMP_PST1MT
CAN_CSV0000000000001487__25.csv,CAN_CSV0000000000001487__28.csv,AVG_AIR_TEMP_PST1MT,AVG_AIR_TEMP_PST1MT
CAN_CSV0000000000001487__25.csv,CAN_CSV0000000000027355__11.csv,AVG_AIR_TEMP_PST1MT,AVG_AIR_TEMP_PST1MT
CAN_CSV0000000000001487__25.csv,CAN_CSV0000000000001487__8.csv,AVG_AIR_TEMP_PST1MT,AVG_AIR_TEMP_PST1MT
CAN_CSV0000000000001487__25.csv,CAN_CSV0000000000001487__26.csv,AVG_AIR_TEMP_PST1MT,AVG_AIR_TEMP_PST1MT
CAN_CSV0000000000001487__25.csv,CAN_CSV0000000000001487__9.csv,AVG_VIS_PST1MT_QA,AVG_VIS_PST1MT_QA
CAN_CSV0000000000001487__25.csv,CAN_CSV0000000000027346__14.csv,AVG_VIS_PST1MT_QA,AVG_VIS_PST1MT_QA
CAN_CSV0000000000001487__25.csv,CAN_CSV0000000000001487__28.csv,AVG_VIS_PST1MT_QA,AVG_VIS_PST1MT_QA
CAN_CSV0000000000001487__25.csv,CAN_CSV0000000000001487__8.csv,AVG_VIS_PST1MT_QA,AVG_VIS_PST1MT_QA
CAN_CSV0000000000001487__25.csv,CAN_CSV0000000000001487__26.csv,AVG_VIS_PST1MT_QA,AVG_VIS_PST1MT_QA
CAN_CSV0000000000001487__10.csv,CAN_CSV0000000000001487__25.csv,AVG_VIS_PST1MT_QA,AVG_VIS_PST1MT_QA
CAN_CSV0000000000001487__25.csv,CAN_CSV0000000000001487__29.csv,AVG_VIS_PST1MT_QA,AVG_VIS_PST1MT_QA
CAN_CSV0000000000001487__24.csv,CAN_CSV0000000000001487__25.csv,AVG_VIS_PST1MT_QA,AVG_VIS_PST1MT_QA
CAN_CSV0000000000001487__25.csv,CAN_CSV0000000000001487__6.csv,AVG_VIS_PST1MT_QA,AVG_VIS_PST1MT_QA
CAN_CSV0000000000001487__25.csv,CAN_CSV0000000000001487__7.csv,AVG_VIS_PST1MT_QA,AVG_VIS_PST1MT_QA
CAN_CSV0000000000001487__25.csv,CAN_CSV0000000000027346__12.csv,AVG_VIS_PST1MT_QA,AVG_VIS_PST1MT_QA
CAN_CSV0000000000001487__25.csv,CAN_CSV0000000000001487__9.csv,AVG_VIS_PST10MTS,AVG_VIS_PST10MTS
CAN_CSV0000000000001487__25.csv,CAN_CSV0000000000027353__2.csv,AVG_VIS_PST10MTS,AVG_VIS_PST10MTS
CAN_CSV0000000000001487__25.csv,CAN_CSV0000000000001487__28.csv,AVG_VIS_PST10MTS,AVG_VIS_PST10MTS
CAN_CSV0000000000001724__8.csv,CAN_CSV0000000000001797__26.csv,Province/Canada,Province/Canada
CAN_CSV0000000000001797__26.csv,CAN_CSV0000000000001797__36.csv,Province/Canada,Province/Canada
CAN_CSV0000000000001787__6.csv,CAN_CSV0000000000001797__26.csv,Province/Canada,Province/Canada
CAN_CSV0000000000001787__5.csv,CAN_CSV0000000000001797__26.csv,Province/Canada,Province/Canada
CAN_CSV0000000000001787__0.csv,CAN_CSV0000000000001797__26.csv,Province/Canada,Province/Canada
CAN_CSV0000000000001797__21.csv,CAN_CSV0000000000001797__26.csv,Province/Canada,Province/Canada
USA_CSV0000000000036154__19.csv,USA_CSV0000000000037169__18.csv,FIPS_STATE_CD,FIPS_STATE_CD
USA_CSV0000000000036154__19.csv,USA_CSV0000000000036154__21.csv,GNRL_FAC_TYPE_CD,GNRL_FAC_TYPE_CD
USA_CSV0000000000036154__19.csv,USA_CSV0000000000037169__18.csv,PGM_TRMNTN_CD,PGM_TRMNTN_CD
USA_CSV0000000000036154__19.csv,USA_CSV0000000000037169__1.csv,PGM_TRMNTN_CD,PGM_TRMNTN_CD
USA_CSV0000000000036154__19.csv,USA_CSV0000000000036154__21.csv,PRVDR_CTGRY_CD,PRVDR_CTGRY_CD
USA_CSV0000000000036154__19.csv,USA_CSV0000000000036154__21.csv,STATE_RGN_CD,STATE_RGN_CD
USA_CSV0000000000036154__19.csv,USA_CSV0000000000037169__18.csv,SKLTN_REC_SW,SKLTN_REC_SW
USA_CSV0000000000036154__19.csv,USA_CSV0000000000036154__21.csv,CBSA_URBN_RRL_IND,CBSA_URBN_RRL_IND
USA_CSV0000000000036154__19.csv,USA_CSV0000000000037169__7.csv,SSA_STATE_CD,SSA_STATE_CD
USA_CSV0000000000036154__19.csv,USA_CSV0000000000036154__21.csv,SSA_STATE_CD,SSA_STATE_CD
SG_CSV0000000000000044__6.csv,SG_CSV0000000000000047__2.csv,building_name,building_name
SG_CSV0000000000000044__6.csv,SG_CSV0000000000000047__2.csv,primary_ssic_code,primary_ssic_code
SG_CSV0000000000000047__2.csv,SG_CSV0000000000000047__8.csv,primary_ssic_code,primary_ssic_code
CAN_CSV0000000000001487__34.csv,CAN_CSV0000000000027349__23.csv,DNSTY_ALTD,DNSTY_ALTD
CAN_CSV0000000000001487__34.csv,CAN_CSV0000000000001487__35.csv,DNSTY_ALTD,DNSTY_ALTD
CAN_CSV0000000000001487__34.csv,CAN_CSV0000000000027349__20.csv,DNSTY_ALTD,DNSTY_ALTD
CAN_CSV0000000000001487__25.csv,CAN_CSV0000000000001487__34.csv,DNSTY_ALTD,DNSTY_ALTD
CAN_CSV0000000000001487__34.csv,CAN_CSV0000000000027349__21.csv,DNSTY_ALTD,DNSTY_ALTD
CAN_CSV0000000000001487__28.csv,CAN_CSV0000000000001487__34.csv,DNSTY_ALTD,DNSTY_ALTD
UK_CSV0000000000002010__13.csv,UK_CSV0000000000002010__6.csv,Circulation,Circulation
UK_CSV0000000000002010__13.csv,UK_CSV0000000000002010__9.csv,Circulation,Circulation
UK_CSV0000000000002010__13.csv,UK_CSV0000000000006676__34.csv,Circulation,Circulation
UK_CSV0000000000002010__13.csv,UK_CSV0000000000006676__9.csv,Circulation,Circulation
UK_CSV0000000000002010__13.csv,UK_CSV0000000000002010__8.csv,Circulation,Circulation
UK_CSV0000000000002010__10.csv,UK_CSV0000000000002010__13.csv,Circulation,Circulation
UK_CSV0000000000002010__13.csv,UK_CSV0000000000003896__13.csv,Revision Flag,Revision Flag
UK_CSV0000000000002010__13.csv,UK_CSV0000000000003896__3.csv,Revision Flag,Revision Flag
UK_CSV0000000000002010__13.csv,UK_CSV0000000000002010__6.csv,Kidney Disease,Kidney Disease
UK_CSV0000000000002010__13.csv,UK_CSV0000000000006676__2.csv,Kidney Disease,Kidney Disease
UK_CSV0000000000002010__13.csv,UK_CSV0000000000006676__34.csv,Post-Op Q EQ VAS,Post-Op Q EQ VAS
UK_CSV0000000000002010__13.csv,UK_CSV0000000000002010__3.csv,Post-Op Q EQ VAS,Post-Op Q EQ VAS
UK_CSV0000000000002010__13.csv,UK_CSV0000000000002010__17.csv,Post-Op Q EQ VAS,Post-Op Q EQ VAS
UK_CSV0000000000002010__13.csv,UK_CSV0000000000003896__8.csv,Post-Op Q Anxiety,Post-Op Q Anxiety
UK_CSV0000000000002010__13.csv,UK_CSV0000000000003896__13.csv,Post-Op Q Anxiety,Post-Op Q Anxiety
UK_CSV0000000000002010__13.csv,UK_CSV0000000000002010__6.csv,Post-Op Q Anxiety,Post-Op Q Anxiety
UK_CSV0000000000002010__13.csv,UK_CSV0000000000002010__9.csv,Post-Op Q Anxiety,Post-Op Q Anxiety
UK_CSV0000000000002010__13.csv,UK_CSV0000000000002010__6.csv,Pre-Op Q Activity,Pre-Op Q Activity
UK_CSV0000000000002010__13.csv,UK_CSV0000000000003896__3.csv,Pre-Op Q Activity,Pre-Op Q Activity
UK_CSV0000000000002010__13.csv,UK_CSV0000000000002010__9.csv,Pre-Op Q Activity,Pre-Op Q Activity
UK_CSV0000000000002010__13.csv,UK_CSV0000000000002010__21.csv,Pre-Op Q Activity,Pre-Op Q Activity
UK_CSV0000000000002010__13.csv,UK_CSV0000000000002010__8.csv,Pre-Op Q Activity,Pre-Op Q Activity
UK_CSV0000000000002010__10.csv,UK_CSV0000000000002010__13.csv,Pre-Op Q Activity,Pre-Op Q Activity
CAN_CSV0000000000001358__23.csv,CAN_CSV0000000000001358__9.csv,Time hh:mm:ss,Time hh:mm:ss
USA_CSV0000000000035412__0.csv,USA_CSV0000000000035412__14.csv,Arrival DtTm,Arrival DtTm
USA_CSV0000000000035412__0.csv,USA_CSV0000000000035412__14.csv,Call Number,Call Number
USA_CSV0000000000035412__14.csv,USA_CSV0000000000035412__8.csv,Other Units,Other Units
USA_CSV0000000000035412__0.csv,USA_CSV0000000000035412__14.csv,Suppression Units,Suppression Units
USA_CSV0000000000035554__13.csv,USA_CSV0000000000035554__15.csv,ETHNICITY1,ETHNICITY1
USA_CSV0000000000035554__13.csv,USA_CSV0000000000035554__15.csv,EDUCATION2,EDUCATION2
USA_CSV0000000000035554__15.csv,USA_CSV0000000000035554__16.csv,EDUCATION2,EDUCATION2
USA_CSV0000000000035554__13.csv,USA_CSV0000000000035554__15.csv,EDUCATION3,EDUCATION3
USA_CSV0000000000035554__15.csv,USA_CSV0000000000035554__16.csv,EDUCATION3,EDUCATION3
USA_CSV0000000000033413.csv,USA_CSV0000000000035509__5.csv,OrganizationLevel,OrganizationLevel
USA_CSV0000000000033413.csv,USA_CSV0000000000035509__5.csv,DistrictName,DistrictName
USA_CSV0000000000035509__5.csv,USA_CSV0000000000036823.csv,DistrictName,DistrictName
USA_CSV0000000000034882__30.csv,USA_CSV0000000000037101__3.csv,ACCESS_CONTROL,ACCESS_CONTROL
USA_CSV0000000000034882__26.csv,USA_CSV0000000000034882__30.csv,ACCESS_CONTROL,ACCESS_CONTROL
USA_CSV0000000000033847__5.csv,USA_CSV0000000000034882__30.csv,PERC_COMBINATION,PERC_COMBINATION
USA_CSV0000000000034882__14.csv,USA_CSV0000000000034882__30.csv,PERC_COMBINATION,PERC_COMBINATION
USA_CSV0000000000034882__30.csv,USA_CSV0000000000037101__3.csv,CLIMATE_ZONE,CLIMATE_ZONE
USA_CSV0000000000034882__30.csv,USA_CSV0000000000034882__9.csv,CLIMATE_ZONE,CLIMATE_ZONE
USA_CSV0000000000033847__5.csv,USA_CSV0000000000034882__30.csv,PERC_SIGHT,PERC_SIGHT
USA_CSV0000000000034882__30.csv,USA_CSV0000000000037101__20.csv,PERC_SIGHT,PERC_SIGHT
USA_CSV0000000000033847__4.csv,USA_CSV0000000000034882__30.csv,PERC_SIGHT,PERC_SIGHT
CAN_CSV0000000000001787__16.csv,CAN_CSV0000000000001797__5.csv,RentLocation,RentLocation
CAN_CSV0000000000001724__45.csv,CAN_CSV0000000000001787__16.csv,RentLocation,RentLocation
CAN_CSV0000000000001787__16.csv,CAN_CSV0000000000001797__43.csv,RentLocation,RentLocation
SG_CSV0000000000000030__8.csv,SG_CSV0000000000000047__8.csv,secondary_ssic_code,secondary_ssic_code
SG_CSV0000000000000044__6.csv,SG_CSV0000000000000047__8.csv,primary_ssic_code,primary_ssic_code
UK_CSV0000000000002183__1.csv,UK_CSV0000000000002183__16.csv,iPlayerUHDPeak,iPlayerUHDPeak
UK_CSV0000000000002183__16.csv,UK_CSV0000000000002183__4.csv,iPlayerUHDPeak,iPlayerUHDPeak
UK_CSV0000000000002183__16.csv,UK_CSV0000000000002183__8.csv,iPlayerUHDPeak,iPlayerUHDPeak
UK_CSV0000000000002183__16.csv,UK_CSV0000000000002183__9.csv,iPlayerUHDPeak,iPlayerUHDPeak
UK_CSV0000000000002183__1.csv,UK_CSV0000000000002183__16.csv,NetflixFailedPeak,NetflixFailedPeak
UK_CSV0000000000002183__16.csv,UK_CSV0000000000002183__4.csv,NetflixFailedPeak,NetflixFailedPeak
UK_CSV0000000000002183__16.csv,UK_CSV0000000000002183__8.csv,NetflixFailedPeak,NetflixFailedPeak
UK_CSV0000000000002183__1.csv,UK_CSV0000000000002183__16.csv,iPlayerSD24hr,iPlayerSD24hr
UK_CSV0000000000002183__16.csv,UK_CSV0000000000002183__4.csv,iPlayerSD24hr,iPlayerSD24hr
UK_CSV0000000000002183__16.csv,UK_CSV0000000000002183__8.csv,iPlayerSD24hr,iPlayerSD24hr
UK_CSV0000000000002183__16.csv,UK_CSV0000000000002183__9.csv,iPlayerSD24hr,iPlayerSD24hr
UK_CSV0000000000002183__16.csv,UK_CSV0000000000002183__9.csv,Download - 18-19pm,Download - 18-19pm
UK_CSV0000000000002183__16.csv,UK_CSV0000000000002183__8.csv,Download - 18-19pm,Download - 18-19pm
UK_CSV0000000000002183__16.csv,UK_CSV0000000000002183__9.csv,Packet Loss - 24h,Packet Loss - 24h
UK_CSV0000000000002183__16.csv,UK_CSV0000000000002183__8.csv,Packet Loss - 24h,Packet Loss - 24h
UK_CSV0000000000002183__16.csv,UK_CSV0000000000002183__9.csv,YouTubeFailed24hr,YouTubeFailed24hr
UK_CSV0000000000002183__16.csv,UK_CSV0000000000002183__8.csv,YouTubeFailed24hr,YouTubeFailed24hr
UK_CSV0000000000002183__1.csv,UK_CSV0000000000002183__16.csv,Latency - 24h,Latency - 24h
UK_CSV0000000000002183__16.csv,UK_CSV0000000000002183__9.csv,Download - 6am-12am,Download - 6am-12am
UK_CSV0000000000002183__16.csv,UK_CSV0000000000002183__8.csv,Download - 6am-12am,Download - 6am-12am
UK_CSV0000000000002183__1.csv,UK_CSV0000000000002183__16.csv,Web loading - 24h,Web loading - 24h
UK_CSV0000000000002183__16.csv,UK_CSV0000000000002183__4.csv,Web loading - 24h,Web loading - 24h
CAN_CSV0000000000027349__23.csv,CAN_CSV0000000000027353__18.csv,LTNG_DIS_RMK,LTNG_DIS_RMK
CAN_CSV0000000000027349__20.csv,CAN_CSV0000000000027353__18.csv,LTNG_DIS_RMK,LTNG_DIS_RMK
CAN_CSV0000000000027353__18.csv,CAN_CSV0000000000027354__6.csv,LTNG_DIS_RMK,LTNG_DIS_RMK
CAN_CSV0000000000027349__21.csv,CAN_CSV0000000000027353__18.csv,LTNG_DIS_RMK,LTNG_DIS_RMK
CAN_CSV0000000000027349__23.csv,CAN_CSV0000000000027353__18.csv,OBS_DATETIME_UTC,OBS_DATETIME_UTC
CAN_CSV0000000000027349__20.csv,CAN_CSV0000000000027353__18.csv,OBS_DATETIME_UTC,OBS_DATETIME_UTC
CAN_CSV0000000000027346__12.csv,CAN_CSV0000000000027353__18.csv,OBS_DATETIME_UTC,OBS_DATETIME_UTC
CAN_CSV0000000000027353__18.csv,CAN_CSV0000000000027354__6.csv,OBS_DATETIME_UTC,OBS_DATETIME_UTC
CAN_CSV0000000000027349__21.csv,CAN_CSV0000000000027353__18.csv,OBS_DATETIME_UTC,OBS_DATETIME_UTC
CAN_CSV0000000000027346__14.csv,CAN_CSV0000000000027353__18.csv,OBS_DATETIME_UTC,OBS_DATETIME_UTC
CAN_CSV0000000000027349__23.csv,CAN_CSV0000000000027353__18.csv,AVG_MSLP_PST1MT,AVG_MSLP_PST1MT
CAN_CSV0000000000001487__35.csv,CAN_CSV0000000000027353__18.csv,AVG_MSLP_PST1MT,AVG_MSLP_PST1MT
CAN_CSV0000000000001487__9.csv,CAN_CSV0000000000027353__18.csv,AVG_MSLP_PST1MT,AVG_MSLP_PST1MT
CAN_CSV0000000000027349__20.csv,CAN_CSV0000000000027353__18.csv,AVG_MSLP_PST1MT,AVG_MSLP_PST1MT
CAN_CSV0000000000027349__21.csv,CAN_CSV0000000000027353__18.csv,AVG_MSLP_PST1MT,AVG_MSLP_PST1MT
CAN_CSV0000000000001487__34.csv,CAN_CSV0000000000027353__18.csv,AVG_MSLP_PST1MT,AVG_MSLP_PST1MT
CAN_CSV0000000000001705__2.csv,CAN_CSV0000000000001709__5.csv,Wired_5_1_Filaire,Wired_5_1_Filaire
UK_CSV0000000000002183__1.csv,UK_CSV0000000000002183__8.csv,Disconnections,Disconnections
UK_CSV0000000000002183__4.csv,UK_CSV0000000000002183__8.csv,Disconnections,Disconnections
UK_CSV0000000000002183__8.csv,UK_CSV0000000000003467__16.csv,Disconnections,Disconnections
UK_CSV0000000000002183__1.csv,UK_CSV0000000000002183__8.csv,iPlayerUHD24hr,iPlayerUHD24hr
UK_CSV0000000000002183__8.csv,UK_CSV0000000000002183__9.csv,iPlayerUHD24hr,iPlayerUHD24hr
UK_CSV0000000000002183__4.csv,UK_CSV0000000000002183__8.csv,iPlayerUHD24hr,iPlayerUHD24hr
UK_CSV0000000000002183__1.csv,UK_CSV0000000000002183__8.csv,NetflixFailedPeak,NetflixFailedPeak
UK_CSV0000000000002183__4.csv,UK_CSV0000000000002183__8.csv,NetflixFailedPeak,NetflixFailedPeak
UK_CSV0000000000002183__8.csv,UK_CSV0000000000002183__9.csv,NetflixFailedPeak,NetflixFailedPeak
UK_CSV0000000000002183__16.csv,UK_CSV0000000000002183__8.csv,NetflixFailedPeak,NetflixFailedPeak
UK_CSV0000000000002183__1.csv,UK_CSV0000000000002183__8.csv,NetflixHD24hr,NetflixHD24hr
UK_CSV0000000000002183__8.csv,UK_CSV0000000000002183__9.csv,NetflixHD24hr,NetflixHD24hr
UK_CSV0000000000002183__4.csv,UK_CSV0000000000002183__8.csv,NetflixHD24hr,NetflixHD24hr
UK_CSV0000000000002183__1.csv,UK_CSV0000000000002183__8.csv,iPlayerSDPeak,iPlayerSDPeak
UK_CSV0000000000002183__8.csv,UK_CSV0000000000002183__9.csv,iPlayerSDPeak,iPlayerSDPeak
UK_CSV0000000000002183__4.csv,UK_CSV0000000000002183__8.csv,iPlayerSDPeak,iPlayerSDPeak
UK_CSV0000000000002183__1.csv,UK_CSV0000000000002183__8.csv,DNS Rate - peak,DNS Rate - peak
UK_CSV0000000000002183__8.csv,UK_CSV0000000000002183__9.csv,DNS Rate - peak,DNS Rate - peak
UK_CSV0000000000002183__4.csv,UK_CSV0000000000002183__8.csv,DNS Rate - peak,DNS Rate - peak
UK_CSV0000000000002183__1.csv,UK_CSV0000000000002183__8.csv,iPlayerSD24hr,iPlayerSD24hr
UK_CSV0000000000002183__4.csv,UK_CSV0000000000002183__8.csv,iPlayerSD24hr,iPlayerSD24hr
UK_CSV0000000000002183__8.csv,UK_CSV0000000000002183__9.csv,iPlayerSD24hr,iPlayerSD24hr
UK_CSV0000000000002183__16.csv,UK_CSV0000000000002183__8.csv,iPlayerSD24hr,iPlayerSD24hr
UK_CSV0000000000002183__1.csv,UK_CSV0000000000002183__8.csv,iPlayerUHDPeak,iPlayerUHDPeak
UK_CSV0000000000002183__4.csv,UK_CSV0000000000002183__8.csv,iPlayerUHDPeak,iPlayerUHDPeak
UK_CSV0000000000002183__8.csv,UK_CSV0000000000002183__9.csv,iPlayerUHDPeak,iPlayerUHDPeak
UK_CSV0000000000002183__1.csv,UK_CSV0000000000002183__8.csv,Technology,Technology
UK_CSV0000000000002183__4.csv,UK_CSV0000000000002183__8.csv,Technology,Technology
CAN_CSV0000000000027349__23.csv,CAN_CSV0000000000027354__18.csv,AVG_MSLP_PST1MT,AVG_MSLP_PST1MT
CAN_CSV0000000000001487__35.csv,CAN_CSV0000000000027354__18.csv,AVG_MSLP_PST1MT,AVG_MSLP_PST1MT
CAN_CSV0000000000001487__9.csv,CAN_CSV0000000000027354__18.csv,AVG_MSLP_PST1MT,AVG_MSLP_PST1MT
CAN_CSV0000000000027349__20.csv,CAN_CSV0000000000027354__18.csv,AVG_MSLP_PST1MT,AVG_MSLP_PST1MT
CAN_CSV0000000000027349__21.csv,CAN_CSV0000000000027354__18.csv,AVG_MSLP_PST1MT,AVG_MSLP_PST1MT
CAN_CSV0000000000001705__2.csv,CAN_CSV0000000000001708__4.csv,Wired_5_1_Filaire,Wired_5_1_Filaire
CAN_CSV0000000000001708__4.csv,CAN_CSV0000000000001709__5.csv,Wired_5_1_Filaire,Wired_5_1_Filaire
CAN_CSV0000000000001708__4.csv,CAN_CSV0000000000001710__1.csv,Wired_10_2_Filaire,Wired_10_2_Filaire
CAN_CSV0000000000001724__39.csv,CAN_CSV0000000000001797__5.csv,RentLocation,RentLocation
CAN_CSV0000000000001724__39.csv,CAN_CSV0000000000001724__45.csv,RentLocation,RentLocation
CAN_CSV0000000000001724__39.csv,CAN_CSV0000000000001797__43.csv,RentLocation,RentLocation
CAN_CSV0000000000001724__39.csv,CAN_CSV0000000000001797__13.csv,RentLocation,RentLocation
CAN_CSV0000000000001724__39.csv,CAN_CSV0000000000001787__8.csv,RentLocation,RentLocation
CAN_CSV0000000000001470__14.csv,CAN_CSV0000000000001471__5.csv,No CAS / CAS Number,No CAS / CAS Number
UK_CSV0000000000005854__10.csv,UK_CSV0000000000005854__14.csv,Intensity of care,Intensity of care
UK_CSV0000000000005854__10.csv,UK_CSV0000000000005854__14.csv,% with CPA review,% with CPA review
CAN_CSV0000000000001909__8.csv,CAN_CSV0000000000001960__5.csv,supplier-legal-name,supplier-legal-name
SG_CSV0000000000000925__10.csv,SG_CSV0000000000001714__40.csv,yearbornin_1_slice1,yearbornin_1_slice1
SG_CSV0000000000000925__10.csv,SG_CSV0000000000001714__40.csv,ban_children4,ban_children4
SG_CSV0000000000000925__6.csv,SG_CSV0000000000001714__40.csv,ban_children4,ban_children4
SG_CSV0000000000000925__0.csv,SG_CSV0000000000001714__40.csv,ban_children4,ban_children4
SG_CSV0000000000000925__3.csv,SG_CSV0000000000001714__40.csv,ban_children4,ban_children4
SG_CSV0000000000000925__10.csv,SG_CSV0000000000001714__40.csv,ban_gender,ban_gender
SG_CSV0000000000000925__35.csv,SG_CSV0000000000001714__40.csv,ban_q18_q192,ban_q18_q192
CAN_CSV0000000000027349__23.csv,CAN_CSV0000000000027354__5.csv,DATA_ATTRIB_NOT,DATA_ATTRIB_NOT
CAN_CSV0000000000027349__23.csv,CAN_CSV0000000000027354__5.csv,LTNG_DIS_RMK,LTNG_DIS_RMK
CAN_CSV0000000000027349__20.csv,CAN_CSV0000000000027354__5.csv,LTNG_DIS_RMK,LTNG_DIS_RMK
CAN_CSV0000000000027354__5.csv,CAN_CSV0000000000027354__6.csv,LTNG_DIS_RMK,LTNG_DIS_RMK
CAN_CSV0000000000027349__21.csv,CAN_CSV0000000000027354__5.csv,LTNG_DIS_RMK,LTNG_DIS_RMK
CAN_CSV0000000000027354__5.csv,CAN_CSV0000000000027354__6.csv,MIN_AIR_TEMP_PST1HR,MIN_AIR_TEMP_PST1HR
CAN_CSV0000000000027346__14.csv,CAN_CSV0000000000027354__5.csv,MIN_AIR_TEMP_PST1HR,MIN_AIR_TEMP_PST1HR
CAN_CSV0000000000027353__2.csv,CAN_CSV0000000000027354__5.csv,MIN_AIR_TEMP_PST1HR,MIN_AIR_TEMP_PST1HR
CAN_CSV0000000000027354__5.csv,CAN_CSV0000000000027355__11.csv,MIN_AIR_TEMP_PST1HR,MIN_AIR_TEMP_PST1HR
CAN_CSV0000000000027349__23.csv,CAN_CSV0000000000027354__5.csv,OBS_DATETIME_UTC,OBS_DATETIME_UTC
CAN_CSV0000000000027349__20.csv,CAN_CSV0000000000027354__5.csv,OBS_DATETIME_UTC,OBS_DATETIME_UTC
CAN_CSV0000000000027346__12.csv,CAN_CSV0000000000027354__5.csv,OBS_DATETIME_UTC,OBS_DATETIME_UTC
CAN_CSV0000000000027354__5.csv,CAN_CSV0000000000027354__6.csv,OBS_DATETIME_UTC,OBS_DATETIME_UTC
CAN_CSV0000000000027349__21.csv,CAN_CSV0000000000027354__5.csv,OBS_DATETIME_UTC,OBS_DATETIME_UTC
CAN_CSV0000000000001797__43.csv,CAN_CSV0000000000001797__5.csv,RentLocation,RentLocation
CAN_CSV0000000000001724__45.csv,CAN_CSV0000000000001797__43.csv,RentLocation,RentLocation
CAN_CSV0000000000001797__13.csv,CAN_CSV0000000000001797__43.csv,RentLocation,RentLocation
USA_CSV0000000000035897__25.csv,USA_CSV0000000000035897__26.csv,LANE_CLOSED,LANE_CLOSED
USA_CSV0000000000035897__25.csv,USA_CSV0000000000035897__26.csv,MODERATE_INJURY,MODERATE_INJURY
USA_CSV0000000000035897__25.csv,USA_CSV0000000000035897__8.csv,HVY_TRUCK_RELATED,HVY_TRUCK_RELATED
USA_CSV0000000000035897__25.csv,USA_CSV0000000000035897__4.csv,HVY_TRUCK_RELATED,HVY_TRUCK_RELATED
USA_CSV0000000000035897__25.csv,USA_CSV0000000000035897__26.csv,SCHOOL_ZONE,SCHOOL_ZONE
USA_CSV0000000000035897__25.csv,USA_CSV0000000000035897__8.csv,MAJ_INJ_COUNT,MAJ_INJ_COUNT
USA_CSV0000000000035897__25.csv,USA_CSV0000000000035897__4.csv,MAJ_INJ_COUNT,MAJ_INJ_COUNT
USA_CSV0000000000035897__25.csv,USA_CSV0000000000035897__26.csv,MAJ_INJ_COUNT,MAJ_INJ_COUNT
USA_CSV0000000000035897__25.csv,USA_CSV0000000000035897__8.csv,MOTORCYCLE_COUNT,MOTORCYCLE_COUNT
USA_CSV0000000000035897__25.csv,USA_CSV0000000000035897__26.csv,MOTORCYCLE_COUNT,MOTORCYCLE_COUNT
USA_CSV0000000000035897__25.csv,USA_CSV0000000000035897__8.csv,DRUGGED_DRIVER,DRUGGED_DRIVER
USA_CSV0000000000035897__25.csv,USA_CSV0000000000035897__4.csv,DRUGGED_DRIVER,DRUGGED_DRIVER
USA_CSV0000000000035897__25.csv,USA_CSV0000000000035897__26.csv,DRUGGED_DRIVER,DRUGGED_DRIVER
USA_CSV0000000000035897__25.csv,USA_CSV0000000000035897__8.csv,STOP_CONTROLLED_INT,STOP_CONTROLLED_INT
USA_CSV0000000000035897__25.csv,USA_CSV0000000000035897__26.csv,STOP_CONTROLLED_INT,STOP_CONTROLLED_INT
USA_CSV0000000000035897__25.csv,USA_CSV0000000000035897__44.csv,STOP_CONTROLLED_INT,STOP_CONTROLLED_INT
USA_CSV0000000000035897__25.csv,USA_CSV0000000000035897__8.csv,DRIVER_COUNT_75PLUS,DRIVER_COUNT_75PLUS
USA_CSV0000000000035897__25.csv,USA_CSV0000000000035897__4.csv,DRIVER_COUNT_75PLUS,DRIVER_COUNT_75PLUS
USA_CSV0000000000035897__25.csv,USA_CSV0000000000035897__8.csv,VEHICLE_COUNT,VEHICLE_COUNT
USA_CSV0000000000035897__25.csv,USA_CSV0000000000035897__26.csv,VEHICLE_COUNT,VEHICLE_COUNT
USA_CSV0000000000035897__25.csv,USA_CSV0000000000035897__8.csv,DRINKING_DRIVER,DRINKING_DRIVER
USA_CSV0000000000035897__25.csv,USA_CSV0000000000035897__4.csv,DRINKING_DRIVER,DRINKING_DRIVER
USA_CSV0000000000035897__25.csv,USA_CSV0000000000035897__4.csv,HIT_BARRIER,HIT_BARRIER
USA_CSV0000000000035897__25.csv,USA_CSV0000000000035897__26.csv,HIT_BARRIER,HIT_BARRIER
USA_CSV0000000000035897__25.csv,USA_CSV0000000000035897__26.csv,SNOW_SLUSH_ROAD,SNOW_SLUSH_ROAD
USA_CSV0000000000035897__25.csv,USA_CSV0000000000035897__44.csv,DRIVER_COUNT_17YR,DRIVER_COUNT_17YR
USA_CSV0000000000035897__25.csv,USA_CSV0000000000035897__26.csv,DRIVER_COUNT_17YR,DRIVER_COUNT_17YR
USA_CSV0000000000035897__25.csv,USA_CSV0000000000035897__26.csv,CELL_PHONE,CELL_PHONE
USA_CSV0000000000035897__25.csv,USA_CSV0000000000035897__44.csv,CELL_PHONE,CELL_PHONE
USA_CSV0000000000035897__25.csv,USA_CSV0000000000035897__4.csv,DRIVER_75PLUS,DRIVER_75PLUS
USA_CSV0000000000035897__25.csv,USA_CSV0000000000035897__26.csv,DRIVER_75PLUS,DRIVER_75PLUS
USA_CSV0000000000035897__25.csv,USA_CSV0000000000035897__8.csv,NON_INTERSECTION,NON_INTERSECTION
USA_CSV0000000000035897__25.csv,USA_CSV0000000000035897__26.csv,NON_INTERSECTION,NON_INTERSECTION
USA_CSV0000000000035897__25.csv,USA_CSV0000000000035897__44.csv,NON_INTERSECTION,NON_INTERSECTION
USA_CSV0000000000035897__25.csv,USA_CSV0000000000035897__26.csv,DRIVER_18YR,DRIVER_18YR
USA_CSV0000000000035897__25.csv,USA_CSV0000000000035897__26.csv,MOTORCYCLE,MOTORCYCLE
USA_CSV0000000000035897__25.csv,USA_CSV0000000000035897__8.csv,PERSON_COUNT,PERSON_COUNT
USA_CSV0000000000035897__25.csv,USA_CSV0000000000035897__26.csv,PERSON_COUNT,PERSON_COUNT
USA_CSV0000000000035897__25.csv,USA_CSV0000000000035897__26.csv,MIN_INJ_COUNT,MIN_INJ_COUNT
USA_CSV0000000000035897__25.csv,USA_CSV0000000000035897__8.csv,FATAL_OR_MAJ_INJ,FATAL_OR_MAJ_INJ
USA_CSV0000000000035897__25.csv,USA_CSV0000000000035897__26.csv,FATAL_OR_MAJ_INJ,FATAL_OR_MAJ_INJ
USA_CSV0000000000035897__25.csv,USA_CSV0000000000035897__44.csv,FATAL_OR_MAJ_INJ,FATAL_OR_MAJ_INJ
USA_CSV0000000000035897__25.csv,USA_CSV0000000000035897__26.csv,MAX_SEVERITY_LEVEL,MAX_SEVERITY_LEVEL
USA_CSV0000000000035897__25.csv,USA_CSV0000000000035897__26.csv,ROADWAY_CRN,ROADWAY_CRN
USA_CSV0000000000035897__25.csv,USA_CSV0000000000035897__4.csv,BELTED_DEATH_COUNT,BELTED_DEATH_COUNT
USA_CSV0000000000035897__25.csv,USA_CSV0000000000035897__44.csv,URBAN_RURAL,URBAN_RURAL
USA_CSV0000000000035897__25.csv,USA_CSV0000000000035897__26.csv,URBAN_RURAL,URBAN_RURAL
USA_CSV0000000000035897__25.csv,USA_CSV0000000000035897__4.csv,OVERTURNED,OVERTURNED
USA_CSV0000000000035897__25.csv,USA_CSV0000000000035897__26.csv,OVERTURNED,OVERTURNED
USA_CSV0000000000035897__25.csv,USA_CSV0000000000035897__4.csv,LIMIT_65MPH,LIMIT_65MPH
USA_CSV0000000000035897__25.csv,USA_CSV0000000000035897__26.csv,LIMIT_65MPH,LIMIT_65MPH
USA_CSV0000000000035897__25.csv,USA_CSV0000000000035897__44.csv,LIMIT_65MPH,LIMIT_65MPH
USA_CSV0000000000035897__25.csv,USA_CSV0000000000035897__8.csv,FIRE_IN_VEHICLE,FIRE_IN_VEHICLE
USA_CSV0000000000035897__25.csv,USA_CSV0000000000035897__26.csv,FIRE_IN_VEHICLE,FIRE_IN_VEHICLE
USA_CSV0000000000035897__25.csv,USA_CSV0000000000035897__8.csv,UNK_INJ_PER_COUNT,UNK_INJ_PER_COUNT
USA_CSV0000000000035897__25.csv,USA_CSV0000000000035897__8.csv,FATIGUE_ASLEEP,FATIGUE_ASLEEP
USA_CSV0000000000035897__25.csv,USA_CSV0000000000035897__26.csv,FATIGUE_ASLEEP,FATIGUE_ASLEEP
USA_CSV0000000000035897__25.csv,USA_CSV0000000000035897__26.csv,DRIVER_20YR,DRIVER_20YR
USA_CSV0000000000035897__25.csv,USA_CSV0000000000035897__26.csv,COLLISION_TYPE,COLLISION_TYPE
USA_CSV0000000000035897__25.csv,USA_CSV0000000000035897__8.csv,HAZARDOUS_TRUCK,HAZARDOUS_TRUCK
USA_CSV0000000000035897__25.csv,USA_CSV0000000000035897__26.csv,HAZARDOUS_TRUCK,HAZARDOUS_TRUCK
USA_CSV0000000000035897__25.csv,USA_CSV0000000000035897__8.csv,SV_RUN_OFF_RD,SV_RUN_OFF_RD
USA_CSV0000000000035897__25.csv,USA_CSV0000000000035897__26.csv,SV_RUN_OFF_RD,SV_RUN_OFF_RD
USA_CSV0000000000035897__25.csv,USA_CSV0000000000035897__26.csv,BICYCLE_DEATH_COUNT,BICYCLE_DEATH_COUNT
USA_CSV0000000000035897__25.csv,USA_CSV0000000000035897__44.csv,BICYCLE_DEATH_COUNT,BICYCLE_DEATH_COUNT
USA_CSV0000000000035897__25.csv,USA_CSV0000000000035897__8.csv,CRASH_YEAR,CRASH_YEAR
USA_CSV0000000000035897__25.csv,USA_CSV0000000000035897__26.csv,CRASH_YEAR,CRASH_YEAR
USA_CSV0000000000035897__25.csv,USA_CSV0000000000035897__44.csv,DEER_RELATED,DEER_RELATED
USA_CSV0000000000035897__25.csv,USA_CSV0000000000035897__26.csv,DEER_RELATED,DEER_RELATED
USA_CSV0000000000035897__25.csv,USA_CSV0000000000035897__26.csv,ROAD_OWNER,ROAD_OWNER
USA_CSV0000000000035897__25.csv,USA_CSV0000000000035897__8.csv,TAILGATING,TAILGATING
USA_CSV0000000000035897__25.csv,USA_CSV0000000000035897__26.csv,INTERSTATE,INTERSTATE
USA_CSV0000000000035897__25.csv,USA_CSV0000000000035897__44.csv,INTERSTATE,INTERSTATE
USA_CSV0000000000035897__25.csv,USA_CSV0000000000035897__26.csv,SMALL_TRUCK_COUNT,SMALL_TRUCK_COUNT
USA_CSV0000000000035897__25.csv,USA_CSV0000000000035897__4.csv,SMALL_TRUCK_COUNT,SMALL_TRUCK_COUNT
USA_CSV0000000000035897__25.csv,USA_CSV0000000000035897__8.csv,INJURY_COUNT,INJURY_COUNT
USA_CSV0000000000035897__25.csv,USA_CSV0000000000035897__26.csv,INJURY_COUNT,INJURY_COUNT
USA_CSV0000000000035897__25.csv,USA_CSV0000000000035897__26.csv,SPEED_LIMIT,SPEED_LIMIT
USA_CSV0000000000035897__25.csv,USA_CSV0000000000035897__4.csv,MAJOR_INJURY,MAJOR_INJURY
USA_CSV0000000000035897__25.csv,USA_CSV0000000000035897__8.csv,ROADWAY_COUNTY,ROADWAY_COUNTY
USA_CSV0000000000035897__25.csv,USA_CSV0000000000035897__26.csv,ROADWAY_COUNTY,ROADWAY_COUNTY
SG_CSV0000000000000925__10.csv,SG_CSV0000000000000925__21.csv,respondent_serial,respondent_serial
SG_CSV0000000000000925__10.csv,SG_CSV0000000000000925__21.csv,socialnetwork_dp07,socialnetwork_dp07
SG_CSV0000000000000925__10.csv,SG_CSV0000000000000925__6.csv,socialnetwork_dp07,socialnetwork_dp07
SG_CSV0000000000000925__0.csv,SG_CSV0000000000000925__10.csv,socialnetwork_dp07,socialnetwork_dp07
SG_CSV0000000000000925__10.csv,SG_CSV0000000000000925__3.csv,socialnetwork_dp07,socialnetwork_dp07
SG_CSV0000000000000925__10.csv,SG_CSV0000000000000925__4.csv,socialnetwork_dp07,socialnetwork_dp07
SG_CSV0000000000000925__10.csv,SG_CSV0000000000000925__18.csv,ban_q18_q193,ban_q18_q193
SG_CSV0000000000000925__10.csv,SG_CSV0000000000000925__6.csv,ban_no_ofchildren,ban_no_ofchildren
SG_CSV0000000000000925__0.csv,SG_CSV0000000000000925__10.csv,ban_no_ofchildren,ban_no_ofchildren
SG_CSV0000000000000925__10.csv,SG_CSV0000000000000925__3.csv,ban_no_ofchildren,ban_no_ofchildren
SG_CSV0000000000000925__10.csv,SG_CSV0000000000000925__4.csv,ban_no_ofchildren,ban_no_ofchildren
SG_CSV0000000000000925__10.csv,SG_CSV0000000000000925__2.csv,ban_no_ofchildren,ban_no_ofchildren
SG_CSV0000000000000925__10.csv,SG_CSV0000000000000925__6.csv,rankmostimptchild_1,rankmostimptchild_1
SG_CSV0000000000000925__0.csv,SG_CSV0000000000000925__10.csv,rankmostimptchild_1,rankmostimptchild_1
SG_CSV0000000000000925__10.csv,SG_CSV0000000000000925__3.csv,rankmostimptchild_1,rankmostimptchild_1
SG_CSV0000000000000925__10.csv,SG_CSV0000000000000925__4.csv,rankmostimptchild_1,rankmostimptchild_1
SG_CSV0000000000000925__10.csv,SG_CSV0000000000000925__2.csv,rankmostimptchild_1,rankmostimptchild_1
SG_CSV0000000000000925__10.csv,SG_CSV0000000000001714__6.csv,ban_q18_q194,ban_q18_q194
SG_CSV0000000000000925__10.csv,SG_CSV0000000000000925__44.csv,ban_q18_q194,ban_q18_q194
SG_CSV0000000000000925__10.csv,SG_CSV0000000000000925__21.csv,socialnetwork_dp10,socialnetwork_dp10
SG_CSV0000000000000925__10.csv,SG_CSV0000000000000925__44.csv,socialnetwork_dp10,socialnetwork_dp10
SG_CSV0000000000000925__10.csv,SG_CSV0000000000000925__18.csv,indicateage,indicateage
SG_CSV0000000000000925__10.csv,SG_CSV0000000000000925__6.csv,ban_q18_q191,ban_q18_q191
SG_CSV0000000000000925__0.csv,SG_CSV0000000000000925__10.csv,ban_q18_q191,ban_q18_q191
SG_CSV0000000000000925__10.csv,SG_CSV0000000000000925__3.csv,ban_q18_q191,ban_q18_q191
SG_CSV0000000000000925__10.csv,SG_CSV0000000000000925__4.csv,ban_q18_q191,ban_q18_q191
SG_CSV0000000000000925__10.csv,SG_CSV0000000000001714__6.csv,ban_q18_q191,ban_q18_q191
SG_CSV0000000000000925__10.csv,SG_CSV0000000000001714__40.csv,yearbornin_1_slice1,yearbornin_1_slice1
SG_CSV0000000000000925__10.csv,SG_CSV0000000000001714__6.csv,ban_marital,ban_marital
SG_CSV0000000000000925__10.csv,SG_CSV0000000000001714__40.csv,ban_gender,ban_gender
SG_CSV0000000000000925__10.csv,SG_CSV0000000000001714__17.csv,ban_children3,ban_children3
SG_CSV0000000000000925__10.csv,SG_CSV0000000000001714__14.csv,ban_children3,ban_children3
UK_CSV0000000000002183__1.csv,UK_CSV0000000000003467__16.csv,Disconnections,Disconnections
UK_CSV0000000000002183__4.csv,UK_CSV0000000000003467__16.csv,Disconnections,Disconnections
UK_CSV0000000000002183__8.csv,UK_CSV0000000000003467__16.csv,Disconnections,Disconnections
UK_CSV0000000000002183__9.csv,UK_CSV0000000000003467__16.csv,Disconnections,Disconnections
UK_CSV0000000000003896__13.csv,UK_CSV0000000000003896__8.csv,Post-Op Q Anxiety,Post-Op Q Anxiety
UK_CSV0000000000002010__6.csv,UK_CSV0000000000003896__13.csv,Post-Op Q Anxiety,Post-Op Q Anxiety
UK_CSV0000000000002010__9.csv,UK_CSV0000000000003896__13.csv,Post-Op Q Anxiety,Post-Op Q Anxiety
UK_CSV0000000000002010__8.csv,UK_CSV0000000000003896__13.csv,Post-Op Q Anxiety,Post-Op Q Anxiety
UK_CSV0000000000002010__10.csv,UK_CSV0000000000003896__13.csv,Post-Op Q Anxiety,Post-Op Q Anxiety
UK_CSV0000000000003896__13.csv,UK_CSV0000000000003896__8.csv,Pre-Op Q EQ VAS,Pre-Op Q EQ VAS
UK_CSV0000000000002010__6.csv,UK_CSV0000000000003896__13.csv,Provider Code,Provider Code
UK_CSV0000000000003896__13.csv,UK_CSV0000000000003896__3.csv,Pre-Op Q Anxiety,Pre-Op Q Anxiety
UK_CSV0000000000003896__13.csv,UK_CSV0000000000003896__3.csv,Pre-Op Q Self-Care,Pre-Op Q Self-Care
UK_CSV0000000000002010__30.csv,UK_CSV0000000000003896__13.csv,Pre-Op Q Self-Care,Pre-Op Q Self-Care
UK_CSV0000000000002010__31.csv,UK_CSV0000000000003896__13.csv,Pre-Op Q Self-Care,Pre-Op Q Self-Care
UK_CSV0000000000003896__13.csv,UK_CSV0000000000003896__3.csv,Revision Flag,Revision Flag
SG_CSV0000000000000030__4.csv,SG_CSV0000000000000030__8.csv,address_type,address_type
CAN_CSV0000000000027346__12.csv,CAN_CSV0000000000027354__2.csv,AVG_STN_PRES_PST1MT,AVG_STN_PRES_PST1MT
CAN_CSV0000000000027346__12.csv,CAN_CSV0000000000027346__14.csv,AVG_STN_PRES_PST1MT,AVG_STN_PRES_PST1MT
CAN_CSV0000000000027346__12.csv,CAN_CSV0000000000027353__2.csv,AVG_STN_PRES_PST1MT,AVG_STN_PRES_PST1MT
CAN_CSV0000000000001487__25.csv,CAN_CSV0000000000027346__12.csv,AVG_VIS_PST10MTS_QA,AVG_VIS_PST10MTS_QA
CAN_CSV0000000000027346__12.csv,CAN_CSV0000000000027346__14.csv,AVG_VIS_PST10MTS_QA,AVG_VIS_PST10MTS_QA
CAN_CSV0000000000001487__28.csv,CAN_CSV0000000000027346__12.csv,AVG_VIS_PST10MTS_QA,AVG_VIS_PST10MTS_QA
CAN_CSV0000000000001487__26.csv,CAN_CSV0000000000027346__12.csv,AVG_VIS_PST10MTS_QA,AVG_VIS_PST10MTS_QA
CAN_CSV0000000000001487__29.csv,CAN_CSV0000000000027346__12.csv,AVG_VIS_PST10MTS_QA,AVG_VIS_PST10MTS_QA
CAN_CSV0000000000027346__12.csv,CAN_CSV0000000000027346__35.csv,AVG_VIS_PST10MTS_QA,AVG_VIS_PST10MTS_QA
CAN_CSV0000000000027346__12.csv,CAN_CSV0000000000027346__30.csv,AVG_VIS_PST10MTS_QA,AVG_VIS_PST10MTS_QA
CAN_CSV0000000000001487__24.csv,CAN_CSV0000000000027346__12.csv,AVG_VIS_PST10MTS_QA,AVG_VIS_PST10MTS_QA
CAN_CSV0000000000027346__12.csv,CAN_CSV0000000000027346__32.csv,AVG_VIS_PST10MTS_QA,AVG_VIS_PST10MTS_QA
CAN_CSV0000000000027346__12.csv,CAN_CSV0000000000027346__14.csv,PRSNT_WX_1,PRSNT_WX_1
CAN_CSV0000000000027346__12.csv,CAN_CSV0000000000027353__2.csv,PRSNT_WX_1,PRSNT_WX_1
CAN_CSV0000000000027346__12.csv,CAN_CSV0000000000027355__11.csv,PRSNT_WX_1,PRSNT_WX_1
CAN_CSV0000000000027346__12.csv,CAN_CSV0000000000027354__6.csv,MIN_AIR_TEMP_PST1HR,MIN_AIR_TEMP_PST1HR
CAN_CSV0000000000027346__12.csv,CAN_CSV0000000000027346__14.csv,MIN_AIR_TEMP_PST1HR,MIN_AIR_TEMP_PST1HR
CAN_CSV0000000000027346__12.csv,CAN_CSV0000000000027353__2.csv,MIN_AIR_TEMP_PST1HR,MIN_AIR_TEMP_PST1HR
CAN_CSV0000000000027346__12.csv,CAN_CSV0000000000027355__11.csv,MIN_AIR_TEMP_PST1HR,MIN_AIR_TEMP_PST1HR
CAN_CSV0000000000027346__12.csv,CAN_CSV0000000000027349__23.csv,OBS_DATETIME_UTC,OBS_DATETIME_UTC
CAN_CSV0000000000027346__12.csv,CAN_CSV0000000000027349__20.csv,OBS_DATETIME_UTC,OBS_DATETIME_UTC
CAN_CSV0000000000027346__12.csv,CAN_CSV0000000000027354__6.csv,OBS_DATETIME_UTC,OBS_DATETIME_UTC
CAN_CSV0000000000027346__12.csv,CAN_CSV0000000000027349__21.csv,OBS_DATETIME_UTC,OBS_DATETIME_UTC
CAN_CSV0000000000027346__12.csv,CAN_CSV0000000000027346__14.csv,OBS_DATETIME_UTC,OBS_DATETIME_UTC
CAN_CSV0000000000001487__9.csv,CAN_CSV0000000000027346__12.csv,AVG_VIS_PST1MT_QA,AVG_VIS_PST1MT_QA
CAN_CSV0000000000001487__25.csv,CAN_CSV0000000000027346__12.csv,AVG_VIS_PST1MT_QA,AVG_VIS_PST1MT_QA
CAN_CSV0000000000027346__12.csv,CAN_CSV0000000000027346__14.csv,AVG_VIS_PST1MT_QA,AVG_VIS_PST1MT_QA
CAN_CSV0000000000001487__28.csv,CAN_CSV0000000000027346__12.csv,AVG_VIS_PST1MT_QA,AVG_VIS_PST1MT_QA
CAN_CSV0000000000001487__8.csv,CAN_CSV0000000000027346__12.csv,AVG_VIS_PST1MT_QA,AVG_VIS_PST1MT_QA
CAN_CSV0000000000001487__26.csv,CAN_CSV0000000000027346__12.csv,AVG_VIS_PST1MT_QA,AVG_VIS_PST1MT_QA
CAN_CSV0000000000001487__10.csv,CAN_CSV0000000000027346__12.csv,AVG_VIS_PST1MT_QA,AVG_VIS_PST1MT_QA
CAN_CSV0000000000001487__29.csv,CAN_CSV0000000000027346__12.csv,AVG_VIS_PST1MT_QA,AVG_VIS_PST1MT_QA
CAN_CSV0000000000001487__24.csv,CAN_CSV0000000000027346__12.csv,AVG_VIS_PST1MT_QA,AVG_VIS_PST1MT_QA
CAN_CSV0000000000001487__6.csv,CAN_CSV0000000000027346__12.csv,AVG_VIS_PST1MT_QA,AVG_VIS_PST1MT_QA
CAN_CSV0000000000001487__7.csv,CAN_CSV0000000000027346__12.csv,AVG_VIS_PST1MT_QA,AVG_VIS_PST1MT_QA
SG_CSV0000000000000925__10.csv,SG_CSV0000000000000925__21.csv,respondent_serial,respondent_serial
SG_CSV0000000000000925__10.csv,SG_CSV0000000000000925__21.csv,socialnetwork_dp10,socialnetwork_dp10
SG_CSV0000000000000925__21.csv,SG_CSV0000000000000925__44.csv,socialnetwork_dp10,socialnetwork_dp10
CAN_CSV0000000000001470__0.csv,CAN_CSV0000000000001470__3.csv,Unités / Units,Unités / Units
CAN_CSV0000000000001470__3.csv,CAN_CSV0000000000001471__5.csv,Province / Province,Province / Province
CAN_CSV0000000000001470__14.csv,CAN_CSV0000000000001470__3.csv,Province / Province,Province / Province
CAN_CSV0000000000001470__14.csv,CAN_CSV0000000000001470__3.csv,Année / Year,Année / Year
CAN_CSV0000000000001470__0.csv,CAN_CSV0000000000001470__3.csv,Année / Year,Année / Year
CAN_CSV0000000000001470__14.csv,CAN_CSV0000000000001470__3.csv,ID INRP / NPRI ID,ID INRP / NPRI ID
CAN_CSV0000000000001470__0.csv,CAN_CSV0000000000001470__3.csv,ID INRP / NPRI ID,ID INRP / NPRI ID
CAN_CSV0000000000001724__8.csv,CAN_CSV0000000000001797__21.csv,Province/Canada,Province/Canada
CAN_CSV0000000000001797__21.csv,CAN_CSV0000000000001797__36.csv,Province/Canada,Province/Canada
CAN_CSV0000000000001787__6.csv,CAN_CSV0000000000001797__21.csv,Province/Canada,Province/Canada
CAN_CSV0000000000001787__5.csv,CAN_CSV0000000000001797__21.csv,Province/Canada,Province/Canada
CAN_CSV0000000000001797__2.csv,CAN_CSV0000000000001797__5.csv,RentLocation,RentLocation
CAN_CSV0000000000001724__45.csv,CAN_CSV0000000000001797__2.csv,RentLocation,RentLocation
CAN_CSV0000000000001797__2.csv,CAN_CSV0000000000001797__43.csv,RentLocation,RentLocation
CAN_CSV0000000000001797__13.csv,CAN_CSV0000000000001797__2.csv,RentLocation,RentLocation
CAN_CSV0000000000001724__11.csv,CAN_CSV0000000000001797__2.csv,RentLocation,RentLocation
USA_CSV0000000000035331__20.csv,USA_CSV0000000000035331__9.csv,StationCode,StationCode
USA_CSV0000000000035331__20.csv,USA_CSV0000000000035331__30.csv,StationCode,StationCode
USA_CSV0000000000035331__20.csv,USA_CSV0000000000035331__9.csv,CompositeFinalID,CompositeFinalID
USA_CSV0000000000035331__11.csv,USA_CSV0000000000035331__20.csv,CompositeFinalID,CompositeFinalID
USA_CSV0000000000035331__20.csv,USA_CSV0000000000035331__9.csv,HomogonizedDate,HomogonizedDate
USA_CSV0000000000035331__11.csv,USA_CSV0000000000035331__20.csv,HomogonizedDate,HomogonizedDate
USA_CSV0000000000035331__20.csv,USA_CSV0000000000035331__9.csv,SampleDate,SampleDate
USA_CSV0000000000035331__20.csv,USA_CSV0000000000035331__9.csv,OrganismID,OrganismID
USA_CSV0000000000035331__11.csv,USA_CSV0000000000035331__20.csv,OrganismID,OrganismID
USA_CSV0000000000035331__20.csv,USA_CSV0000000000035331__9.csv,TissueResultRowID,TissueResultRowID
USA_CSV0000000000035331__11.csv,USA_CSV0000000000035331__20.csv,TissueResultRowID,TissueResultRowID
CAN_CSV0000000000001487__7.csv,CAN_CSV0000000000027349__23.csv,DATA_PAYLOAD_URI,DATA_PAYLOAD_URI
CAN_CSV0000000000001487__7.csv,CAN_CSV0000000000001487__9.csv,DATA_PAYLOAD_URI,DATA_PAYLOAD_URI
CAN_CSV0000000000001487__7.csv,CAN_CSV0000000000027349__20.csv,DATA_PAYLOAD_URI,DATA_PAYLOAD_URI
CAN_CSV0000000000001487__25.csv,CAN_CSV0000000000001487__7.csv,DATA_PAYLOAD_URI,DATA_PAYLOAD_URI
CAN_CSV0000000000001487__7.csv,CAN_CSV0000000000027349__21.csv,DATA_PAYLOAD_URI,DATA_PAYLOAD_URI
CAN_CSV0000000000001487__7.csv,CAN_CSV0000000000027353__2.csv,DATA_PAYLOAD_URI,DATA_PAYLOAD_URI
CAN_CSV0000000000001487__7.csv,CAN_CSV0000000000027355__11.csv,DATA_PAYLOAD_URI,DATA_PAYLOAD_URI
CAN_CSV0000000000001487__7.csv,CAN_CSV0000000000027349__23.csv,PCPN_AMT_PST1MT,PCPN_AMT_PST1MT
CAN_CSV0000000000001487__7.csv,CAN_CSV0000000000001487__9.csv,PCPN_AMT_PST1MT,PCPN_AMT_PST1MT
CAN_CSV0000000000001487__7.csv,CAN_CSV0000000000027349__20.csv,PCPN_AMT_PST1MT,PCPN_AMT_PST1MT
CAN_CSV0000000000001487__7.csv,CAN_CSV0000000000027349__21.csv,PCPN_AMT_PST1MT,PCPN_AMT_PST1MT
CAN_CSV0000000000001487__7.csv,CAN_CSV0000000000027355__11.csv,PCPN_AMT_PST1MT,PCPN_AMT_PST1MT
CAN_CSV0000000000001487__7.csv,CAN_CSV0000000000001487__9.csv,AVG_AIR_TEMP_PST1MT,AVG_AIR_TEMP_PST1MT
CAN_CSV0000000000001487__25.csv,CAN_CSV0000000000001487__7.csv,AVG_AIR_TEMP_PST1MT,AVG_AIR_TEMP_PST1MT
CAN_CSV0000000000001487__28.csv,CAN_CSV0000000000001487__7.csv,AVG_AIR_TEMP_PST1MT,AVG_AIR_TEMP_PST1MT
CAN_CSV0000000000001487__7.csv,CAN_CSV0000000000001487__9.csv,CLD_BAS_HGT_1,CLD_BAS_HGT_1
CAN_CSV0000000000001487__25.csv,CAN_CSV0000000000001487__7.csv,CLD_BAS_HGT_1,CLD_BAS_HGT_1
CAN_CSV0000000000001487__28.csv,CAN_CSV0000000000001487__7.csv,CLD_BAS_HGT_1,CLD_BAS_HGT_1
CAN_CSV0000000000001487__7.csv,CAN_CSV0000000000001487__8.csv,CLD_BAS_HGT_1,CLD_BAS_HGT_1
CAN_CSV0000000000001487__26.csv,CAN_CSV0000000000001487__7.csv,CLD_BAS_HGT_1,CLD_BAS_HGT_1
CAN_CSV0000000000001487__7.csv,CAN_CSV0000000000027355__20.csv,CLD_BAS_HGT_1,CLD_BAS_HGT_1
CAN_CSV0000000000001487__10.csv,CAN_CSV0000000000001487__7.csv,CLD_BAS_HGT_1,CLD_BAS_HGT_1
CAN_CSV0000000000001487__35.csv,CAN_CSV0000000000001487__7.csv,CLD_AMT_CODE_1,CLD_AMT_CODE_1
CAN_CSV0000000000001487__7.csv,CAN_CSV0000000000001487__9.csv,CLD_AMT_CODE_1,CLD_AMT_CODE_1
CAN_CSV0000000000001487__7.csv,CAN_CSV0000000000027353__2.csv,CLD_AMT_CODE_1,CLD_AMT_CODE_1
CAN_CSV0000000000001487__7.csv,CAN_CSV0000000000027355__11.csv,CLD_AMT_CODE_1,CLD_AMT_CODE_1
CAN_CSV0000000000001487__34.csv,CAN_CSV0000000000001487__7.csv,CLD_AMT_CODE_1,CLD_AMT_CODE_1
CAN_CSV0000000000001487__7.csv,CAN_CSV0000000000001487__9.csv,AVG_VIS_PST10MTS,AVG_VIS_PST10MTS
CAN_CSV0000000000001487__25.csv,CAN_CSV0000000000001487__7.csv,AVG_VIS_PST10MTS,AVG_VIS_PST10MTS
CAN_CSV0000000000001487__7.csv,CAN_CSV0000000000027353__2.csv,AVG_VIS_PST10MTS,AVG_VIS_PST10MTS
CAN_CSV0000000000001487__28.csv,CAN_CSV0000000000001487__7.csv,AVG_VIS_PST10MTS,AVG_VIS_PST10MTS
CAN_CSV0000000000001487__7.csv,CAN_CSV0000000000001487__8.csv,AVG_VIS_PST10MTS,AVG_VIS_PST10MTS
CAN_CSV0000000000001487__26.csv,CAN_CSV0000000000001487__7.csv,AVG_VIS_PST10MTS,AVG_VIS_PST10MTS
CAN_CSV0000000000001487__35.csv,CAN_CSV0000000000001487__7.csv,ICAO_STN_ID,ICAO_STN_ID
CAN_CSV0000000000001487__7.csv,CAN_CSV0000000000001487__9.csv,ICAO_STN_ID,ICAO_STN_ID
CAN_CSV0000000000001487__7.csv,CAN_CSV0000000000027353__2.csv,ICAO_STN_ID,ICAO_STN_ID
CAN_CSV0000000000001487__7.csv,CAN_CSV0000000000027349__23.csv,AVG_REL_HUM_PST1MT,AVG_REL_HUM_PST1MT
CAN_CSV0000000000001487__35.csv,CAN_CSV0000000000001487__7.csv,AVG_REL_HUM_PST1MT,AVG_REL_HUM_PST1MT
CAN_CSV0000000000001487__7.csv,CAN_CSV0000000000001487__9.csv,AVG_REL_HUM_PST1MT,AVG_REL_HUM_PST1MT
CAN_CSV0000000000001487__7.csv,CAN_CSV0000000000027349__20.csv,AVG_REL_HUM_PST1MT,AVG_REL_HUM_PST1MT
CAN_CSV0000000000001487__25.csv,CAN_CSV0000000000001487__7.csv,AVG_REL_HUM_PST1MT,AVG_REL_HUM_PST1MT
CAN_CSV0000000000001487__7.csv,CAN_CSV0000000000027349__21.csv,AVG_REL_HUM_PST1MT,AVG_REL_HUM_PST1MT
CAN_CSV0000000000001487__7.csv,CAN_CSV0000000000027349__23.csv,AVG_MSLP_PST1MT,AVG_MSLP_PST1MT
CAN_CSV0000000000001487__35.csv,CAN_CSV0000000000001487__7.csv,AVG_MSLP_PST1MT,AVG_MSLP_PST1MT
CAN_CSV0000000000001487__7.csv,CAN_CSV0000000000001487__9.csv,AVG_MSLP_PST1MT,AVG_MSLP_PST1MT
CAN_CSV0000000000001487__7.csv,CAN_CSV0000000000027349__20.csv,AVG_MSLP_PST1MT,AVG_MSLP_PST1MT
CAN_CSV0000000000001487__7.csv,CAN_CSV0000000000027349__21.csv,AVG_MSLP_PST1MT,AVG_MSLP_PST1MT
CAN_CSV0000000000001487__7.csv,CAN_CSV0000000000001487__9.csv,PCPN_AMT_PST1HR,PCPN_AMT_PST1HR
CAN_CSV0000000000001487__25.csv,CAN_CSV0000000000001487__7.csv,PCPN_AMT_PST1HR,PCPN_AMT_PST1HR
CAN_CSV0000000000001487__7.csv,CAN_CSV0000000000027346__23.csv,PCPN_AMT_PST1HR,PCPN_AMT_PST1HR
CAN_CSV0000000000001487__28.csv,CAN_CSV0000000000001487__7.csv,PCPN_AMT_PST1HR,PCPN_AMT_PST1HR
CAN_CSV0000000000001487__7.csv,CAN_CSV0000000000001487__8.csv,PCPN_AMT_PST1HR,PCPN_AMT_PST1HR
CAN_CSV0000000000001487__26.csv,CAN_CSV0000000000001487__7.csv,PCPN_AMT_PST1HR,PCPN_AMT_PST1HR
CAN_CSV0000000000001780__1.csv,CAN_CSV0000000000001780__4.csv,1A14P Hedrick Lake,1A14P Hedrick Lake
CAN_CSV0000000000001780__1.csv,CAN_CSV0000000000001780__17.csv,1E02P Mount Cook,1E02P Mount Cook
CAN_CSV0000000000001780__1.csv,CAN_CSV0000000000001780__4.csv,4B18P Cedar-Kiteen,4B18P Cedar-Kiteen
CAN_CSV0000000000001780__1.csv,CAN_CSV0000000000001780__12.csv,4B18P Cedar-Kiteen,4B18P Cedar-Kiteen
CAN_CSV0000000000001780__1.csv,CAN_CSV0000000000001780__17.csv,1D19P Spuzzum,1D19P Spuzzum
CAN_CSV0000000000001780__1.csv,CAN_CSV0000000000001780__4.csv,1D19P Spuzzum,1D19P Spuzzum
CAN_CSV0000000000001780__1.csv,CAN_CSV0000000000001780__12.csv,2E07P Grano Creek,2E07P Grano Creek
CAN_CSV0000000000001780__1.csv,CAN_CSV0000000000001780__4.csv,2E07P Grano Creek,2E07P Grano Creek
CAN_CSV0000000000001780__1.csv,CAN_CSV0000000000001780__4.csv,1E08P Azure River,1E08P Azure River
CAN_CSV0000000000027349__19.csv,CAN_CSV0000000000027354__2.csv,AVG_STN_PRES_PST1MT,AVG_STN_PRES_PST1MT
CAN_CSV0000000000027346__14.csv,CAN_CSV0000000000027349__19.csv,AVG_STN_PRES_PST1MT,AVG_STN_PRES_PST1MT
CAN_CSV0000000000027349__19.csv,CAN_CSV0000000000027353__2.csv,AVG_STN_PRES_PST1MT,AVG_STN_PRES_PST1MT
CAN_CSV0000000000027349__19.csv,CAN_CSV0000000000027349__23.csv,PCPN_AMT_PST1MT,PCPN_AMT_PST1MT
CAN_CSV0000000000001487__9.csv,CAN_CSV0000000000027349__19.csv,PCPN_AMT_PST1MT,PCPN_AMT_PST1MT
CAN_CSV0000000000027349__19.csv,CAN_CSV0000000000027349__20.csv,PCPN_AMT_PST1MT,PCPN_AMT_PST1MT
CAN_CSV0000000000027349__19.csv,CAN_CSV0000000000027349__21.csv,PCPN_AMT_PST1MT,PCPN_AMT_PST1MT
CAN_CSV0000000000027349__19.csv,CAN_CSV0000000000027355__11.csv,PCPN_AMT_PST1MT,PCPN_AMT_PST1MT
CAN_CSV0000000000001487__9.csv,CAN_CSV0000000000027349__19.csv,AVG_AIR_TEMP_PST1MT,AVG_AIR_TEMP_PST1MT
CAN_CSV0000000000001487__25.csv,CAN_CSV0000000000027349__19.csv,AVG_AIR_TEMP_PST1MT,AVG_AIR_TEMP_PST1MT
CAN_CSV0000000000001487__28.csv,CAN_CSV0000000000027349__19.csv,AVG_AIR_TEMP_PST1MT,AVG_AIR_TEMP_PST1MT
CAN_CSV0000000000027349__19.csv,CAN_CSV0000000000027355__11.csv,AVG_AIR_TEMP_PST1MT,AVG_AIR_TEMP_PST1MT
CAN_CSV0000000000001487__25.csv,CAN_CSV0000000000027349__19.csv,ALTMETR_SETNG,ALTMETR_SETNG
CAN_CSV0000000000001487__28.csv,CAN_CSV0000000000027349__19.csv,ALTMETR_SETNG,ALTMETR_SETNG
CAN_CSV0000000000001487__35.csv,CAN_CSV0000000000027349__19.csv,CLD_AMT_CODE_1,CLD_AMT_CODE_1
CAN_CSV0000000000001487__9.csv,CAN_CSV0000000000027349__19.csv,CLD_AMT_CODE_1,CLD_AMT_CODE_1
CAN_CSV0000000000027349__19.csv,CAN_CSV0000000000027353__2.csv,CLD_AMT_CODE_1,CLD_AMT_CODE_1
CAN_CSV0000000000027349__19.csv,CAN_CSV0000000000027355__11.csv,CLD_AMT_CODE_1,CLD_AMT_CODE_1
CAN_CSV0000000000001487__34.csv,CAN_CSV0000000000027349__19.csv,CLD_AMT_CODE_1,CLD_AMT_CODE_1
CAN_CSV0000000000027349__19.csv,CAN_CSV0000000000027349__23.csv,DATA_ATTRIB_NOT,DATA_ATTRIB_NOT
CAN_CSV0000000000027349__19.csv,CAN_CSV0000000000027349__20.csv,DATA_ATTRIB_NOT,DATA_ATTRIB_NOT
CAN_CSV0000000000001487__25.csv,CAN_CSV0000000000027349__19.csv,DATA_ATTRIB_NOT,DATA_ATTRIB_NOT
CAN_CSV0000000000027349__19.csv,CAN_CSV0000000000027354__6.csv,DATA_ATTRIB_NOT,DATA_ATTRIB_NOT
CAN_CSV0000000000027349__19.csv,CAN_CSV0000000000027349__21.csv,DATA_ATTRIB_NOT,DATA_ATTRIB_NOT
CAN_CSV0000000000027349__19.csv,CAN_CSV0000000000027353__2.csv,DATA_ATTRIB_NOT,DATA_ATTRIB_NOT
CAN_CSV0000000000001487__28.csv,CAN_CSV0000000000027349__19.csv,DATA_ATTRIB_NOT,DATA_ATTRIB_NOT
CAN_CSV0000000000001487__25.csv,CAN_CSV0000000000027349__19.csv,MAX_AIR_TEMP_PST1HR,MAX_AIR_TEMP_PST1HR
CAN_CSV0000000000027349__19.csv,CAN_CSV0000000000027353__2.csv,MAX_AIR_TEMP_PST1HR,MAX_AIR_TEMP_PST1HR
CAN_CSV0000000000027349__19.csv,CAN_CSV0000000000027355__11.csv,MAX_AIR_TEMP_PST1HR,MAX_AIR_TEMP_PST1HR
CAN_CSV0000000000001487__28.csv,CAN_CSV0000000000027349__19.csv,MAX_AIR_TEMP_PST1HR,MAX_AIR_TEMP_PST1HR
CAN_CSV0000000000027349__19.csv,CAN_CSV0000000000027349__23.csv,AVG_REL_HUM_PST1MT,AVG_REL_HUM_PST1MT
CAN_CSV0000000000001487__35.csv,CAN_CSV0000000000027349__19.csv,AVG_REL_HUM_PST1MT,AVG_REL_HUM_PST1MT
CAN_CSV0000000000001487__9.csv,CAN_CSV0000000000027349__19.csv,AVG_REL_HUM_PST1MT,AVG_REL_HUM_PST1MT
CAN_CSV0000000000027349__19.csv,CAN_CSV0000000000027349__20.csv,AVG_REL_HUM_PST1MT,AVG_REL_HUM_PST1MT
CAN_CSV0000000000001487__25.csv,CAN_CSV0000000000027349__19.csv,AVG_REL_HUM_PST1MT,AVG_REL_HUM_PST1MT
CAN_CSV0000000000027349__19.csv,CAN_CSV0000000000027349__21.csv,AVG_REL_HUM_PST1MT,AVG_REL_HUM_PST1MT
CAN_CSV0000000000027349__19.csv,CAN_CSV0000000000027354__6.csv,MIN_AIR_TEMP_PST1HR,MIN_AIR_TEMP_PST1HR
CAN_CSV0000000000027346__14.csv,CAN_CSV0000000000027349__19.csv,MIN_AIR_TEMP_PST1HR,MIN_AIR_TEMP_PST1HR
CAN_CSV0000000000027349__19.csv,CAN_CSV0000000000027353__2.csv,MIN_AIR_TEMP_PST1HR,MIN_AIR_TEMP_PST1HR
CAN_CSV0000000000027349__19.csv,CAN_CSV0000000000027355__11.csv,MIN_AIR_TEMP_PST1HR,MIN_AIR_TEMP_PST1HR
CAN_CSV0000000000027349__19.csv,CAN_CSV0000000000027349__23.csv,AVG_VIS_PST1MT,AVG_VIS_PST1MT
CAN_CSV0000000000027349__19.csv,CAN_CSV0000000000027349__20.csv,AVG_VIS_PST1MT,AVG_VIS_PST1MT
CAN_CSV0000000000001487__25.csv,CAN_CSV0000000000027349__19.csv,AVG_VIS_PST1MT,AVG_VIS_PST1MT
CAN_CSV0000000000027349__19.csv,CAN_CSV0000000000027349__21.csv,AVG_VIS_PST1MT,AVG_VIS_PST1MT
CAN_CSV0000000000001487__28.csv,CAN_CSV0000000000027349__19.csv,AVG_VIS_PST1MT,AVG_VIS_PST1MT
CAN_CSV0000000000027349__19.csv,CAN_CSV0000000000027349__23.csv,LTNG_DIS_RMK,LTNG_DIS_RMK
CAN_CSV0000000000027349__19.csv,CAN_CSV0000000000027349__20.csv,LTNG_DIS_RMK,LTNG_DIS_RMK
CAN_CSV0000000000027349__19.csv,CAN_CSV0000000000027354__6.csv,LTNG_DIS_RMK,LTNG_DIS_RMK
CAN_CSV0000000000027349__19.csv,CAN_CSV0000000000027349__21.csv,LTNG_DIS_RMK,LTNG_DIS_RMK
CAN_CSV0000000000001487__9.csv,CAN_CSV0000000000027349__19.csv,PCPN_AMT_PST1HR,PCPN_AMT_PST1HR
CAN_CSV0000000000001487__25.csv,CAN_CSV0000000000027349__19.csv,PCPN_AMT_PST1HR,PCPN_AMT_PST1HR
CAN_CSV0000000000027346__23.csv,CAN_CSV0000000000027349__19.csv,PCPN_AMT_PST1HR,PCPN_AMT_PST1HR
CAN_CSV0000000000001487__28.csv,CAN_CSV0000000000027349__19.csv,PCPN_AMT_PST1HR,PCPN_AMT_PST1HR
CAN_CSV0000000000001313__5.csv,CAN_CSV0000000000001313__9.csv,ProvinceID,ProvinceID
CAN_CSV0000000000001705__1.csv,CAN_CSV0000000000001705__2.csv,Wired_5_1_Filaire,Wired_5_1_Filaire
CAN_CSV0000000000001705__1.csv,CAN_CSV0000000000001709__5.csv,Wired_5_1_Filaire,Wired_5_1_Filaire
USA_CSV0000000000034847.csv,USA_CSV0000000000036852__3.csv,Georeference,Georeference
USA_CSV0000000000036852__10.csv,USA_CSV0000000000036852__3.csv,Solicitation,Solicitation
SG_CSV0000000000000030__8.csv,SG_CSV0000000000000044__6.csv,secondary_ssic_code,secondary_ssic_code
SG_CSV0000000000000044__6.csv,SG_CSV0000000000000047__8.csv,primary_ssic_code,primary_ssic_code
CAN_CSV0000000000001797__3.csv,CAN_CSV0000000000001797__5.csv,RentLocation,RentLocation
CAN_CSV0000000000001724__45.csv,CAN_CSV0000000000001797__3.csv,RentLocation,RentLocation
CAN_CSV0000000000001797__3.csv,CAN_CSV0000000000001797__43.csv,RentLocation,RentLocation
CAN_CSV0000000000001797__13.csv,CAN_CSV0000000000001797__3.csv,RentLocation,RentLocation
CAN_CSV0000000000001787__8.csv,CAN_CSV0000000000001797__3.csv,RentLocation,RentLocation
CAN_CSV0000000000001724__11.csv,CAN_CSV0000000000001797__3.csv,RentLocation,RentLocation
CAN_CSV0000000000001487__24.csv,CAN_CSV0000000000001487__25.csv,CEILOMTR_ELEV,CEILOMTR_ELEV
CAN_CSV0000000000001487__24.csv,CAN_CSV0000000000027346__12.csv,CEILOMTR_ELEV,CEILOMTR_ELEV
CAN_CSV0000000000001487__24.csv,CAN_CSV0000000000027349__23.csv,DATA_PAYLOAD_URI,DATA_PAYLOAD_URI
CAN_CSV0000000000001487__24.csv,CAN_CSV0000000000001487__9.csv,DATA_PAYLOAD_URI,DATA_PAYLOAD_URI
CAN_CSV0000000000001487__24.csv,CAN_CSV0000000000027349__20.csv,DATA_PAYLOAD_URI,DATA_PAYLOAD_URI
CAN_CSV0000000000001487__24.csv,CAN_CSV0000000000001487__25.csv,DATA_PAYLOAD_URI,DATA_PAYLOAD_URI
CAN_CSV0000000000001487__24.csv,CAN_CSV0000000000027349__21.csv,DATA_PAYLOAD_URI,DATA_PAYLOAD_URI
CAN_CSV0000000000001487__24.csv,CAN_CSV0000000000001487__35.csv,PCPN_AMT_PST1MT_QA,PCPN_AMT_PST1MT_QA
CAN_CSV0000000000001487__24.csv,CAN_CSV0000000000001487__25.csv,PCPN_AMT_PST1MT_QA,PCPN_AMT_PST1MT_QA
CAN_CSV0000000000001487__24.csv,CAN_CSV0000000000001487__34.csv,PCPN_AMT_PST1MT_QA,PCPN_AMT_PST1MT_QA
CAN_CSV0000000000001487__24.csv,CAN_CSV0000000000001487__26.csv,PCPN_AMT_PST1MT_QA,PCPN_AMT_PST1MT_QA
CAN_CSV0000000000001487__24.csv,CAN_CSV0000000000001487__31.csv,PCPN_AMT_PST1MT_QA,PCPN_AMT_PST1MT_QA
CAN_CSV0000000000001487__24.csv,CAN_CSV0000000000001487__26.csv,PCPN_AMT_PST6HRS_QA,PCPN_AMT_PST6HRS_QA
CAN_CSV0000000000001487__24.csv,CAN_CSV0000000000001487__25.csv,PCPN_AMT_PST6HRS_QA,PCPN_AMT_PST6HRS_QA
CAN_CSV0000000000001487__20.csv,CAN_CSV0000000000001487__24.csv,PCPN_AMT_PST6HRS_QA,PCPN_AMT_PST6HRS_QA
CAN_CSV0000000000001487__23.csv,CAN_CSV0000000000001487__24.csv,PCPN_AMT_PST6HRS_QA,PCPN_AMT_PST6HRS_QA
CAN_CSV0000000000001487__24.csv,CAN_CSV0000000000001487__29.csv,PCPN_AMT_PST6HRS_QA,PCPN_AMT_PST6HRS_QA
CAN_CSV0000000000001487__24.csv,CAN_CSV0000000000001487__9.csv,CLD_BAS_HGT_1,CLD_BAS_HGT_1
CAN_CSV0000000000001487__24.csv,CAN_CSV0000000000001487__25.csv,CLD_BAS_HGT_1,CLD_BAS_HGT_1
CAN_CSV0000000000001487__24.csv,CAN_CSV0000000000001487__25.csv,ALTMETR_SETNG,ALTMETR_SETNG
CAN_CSV0000000000001487__24.csv,CAN_CSV0000000000027349__23.csv,DNSTY_ALTD,DNSTY_ALTD
CAN_CSV0000000000001487__24.csv,CAN_CSV0000000000001487__35.csv,DNSTY_ALTD,DNSTY_ALTD
CAN_CSV0000000000001487__24.csv,CAN_CSV0000000000027349__20.csv,DNSTY_ALTD,DNSTY_ALTD
CAN_CSV0000000000001487__24.csv,CAN_CSV0000000000001487__25.csv,DNSTY_ALTD,DNSTY_ALTD
CAN_CSV0000000000001487__24.csv,CAN_CSV0000000000027349__21.csv,DNSTY_ALTD,DNSTY_ALTD
CAN_CSV0000000000001487__24.csv,CAN_CSV0000000000001487__9.csv,AVG_VIS_PST10MTS,AVG_VIS_PST10MTS
CAN_CSV0000000000001487__24.csv,CAN_CSV0000000000001487__25.csv,AVG_VIS_PST10MTS,AVG_VIS_PST10MTS
CAN_CSV0000000000001487__24.csv,CAN_CSV0000000000027353__2.csv,AVG_VIS_PST10MTS,AVG_VIS_PST10MTS
CAN_CSV0000000000001487__24.csv,CAN_CSV0000000000001487__8.csv,AVG_VIS_PST10MTS,AVG_VIS_PST10MTS
CAN_CSV0000000000001487__24.csv,CAN_CSV0000000000027349__23.csv,DATA_ATTRIB_NOT,DATA_ATTRIB_NOT
CAN_CSV0000000000001487__24.csv,CAN_CSV0000000000027349__20.csv,DATA_ATTRIB_NOT,DATA_ATTRIB_NOT
CAN_CSV0000000000001487__24.csv,CAN_CSV0000000000001487__25.csv,DATA_ATTRIB_NOT,DATA_ATTRIB_NOT
CAN_CSV0000000000001487__24.csv,CAN_CSV0000000000027354__6.csv,DATA_ATTRIB_NOT,DATA_ATTRIB_NOT
CAN_CSV0000000000001487__24.csv,CAN_CSV0000000000027349__21.csv,DATA_ATTRIB_NOT,DATA_ATTRIB_NOT
CAN_CSV0000000000001487__24.csv,CAN_CSV0000000000027353__2.csv,DATA_ATTRIB_NOT,DATA_ATTRIB_NOT
CAN_CSV0000000000001487__24.csv,CAN_CSV0000000000001487__25.csv,MAX_AIR_TEMP_PST1HR,MAX_AIR_TEMP_PST1HR
CAN_CSV0000000000001487__24.csv,CAN_CSV0000000000027353__2.csv,MAX_AIR_TEMP_PST1HR,MAX_AIR_TEMP_PST1HR
CAN_CSV0000000000001487__24.csv,CAN_CSV0000000000027355__11.csv,MAX_AIR_TEMP_PST1HR,MAX_AIR_TEMP_PST1HR
CAN_CSV0000000000001487__24.csv,CAN_CSV0000000000001487__26.csv,MAX_AIR_TEMP_PST1HR,MAX_AIR_TEMP_PST1HR
CAN_CSV0000000000001487__24.csv,CAN_CSV0000000000001487__35.csv,PCPN_AMT_PST1HR_QA,PCPN_AMT_PST1HR_QA
CAN_CSV0000000000001487__24.csv,CAN_CSV0000000000001487__26.csv,PCPN_AMT_PST1HR_QA,PCPN_AMT_PST1HR_QA
CAN_CSV0000000000001487__24.csv,CAN_CSV0000000000001487__25.csv,PCPN_AMT_PST1HR_QA,PCPN_AMT_PST1HR_QA
CAN_CSV0000000000001487__24.csv,CAN_CSV0000000000001487__34.csv,PCPN_AMT_PST1HR_QA,PCPN_AMT_PST1HR_QA
CAN_CSV0000000000001487__24.csv,CAN_CSV0000000000001487__31.csv,PCPN_AMT_PST1HR_QA,PCPN_AMT_PST1HR_QA
CAN_CSV0000000000001487__24.csv,CAN_CSV0000000000001487__29.csv,PCPN_AMT_PST1HR_QA,PCPN_AMT_PST1HR_QA
CAN_CSV0000000000001487__24.csv,CAN_CSV0000000000027349__23.csv,AVG_VIS_PST1MT,AVG_VIS_PST1MT
CAN_CSV0000000000001487__24.csv,CAN_CSV0000000000027349__20.csv,AVG_VIS_PST1MT,AVG_VIS_PST1MT
CAN_CSV0000000000001487__24.csv,CAN_CSV0000000000001487__25.csv,AVG_VIS_PST1MT,AVG_VIS_PST1MT
CAN_CSV0000000000001487__24.csv,CAN_CSV0000000000027349__21.csv,AVG_VIS_PST1MT,AVG_VIS_PST1MT
CAN_CSV0000000000001487__24.csv,CAN_CSV0000000000001487__26.csv,AVG_VIS_PST1MT,AVG_VIS_PST1MT
CAN_CSV0000000000001487__24.csv,CAN_CSV0000000000001487__9.csv,AVG_VIS_PST1MT_QA,AVG_VIS_PST1MT_QA
CAN_CSV0000000000001487__24.csv,CAN_CSV0000000000001487__25.csv,AVG_VIS_PST1MT_QA,AVG_VIS_PST1MT_QA
CAN_CSV0000000000001487__24.csv,CAN_CSV0000000000027346__14.csv,AVG_VIS_PST1MT_QA,AVG_VIS_PST1MT_QA
CAN_CSV0000000000001487__24.csv,CAN_CSV0000000000001487__8.csv,AVG_VIS_PST1MT_QA,AVG_VIS_PST1MT_QA
CAN_CSV0000000000001487__24.csv,CAN_CSV0000000000001487__26.csv,AVG_VIS_PST1MT_QA,AVG_VIS_PST1MT_QA
CAN_CSV0000000000001487__10.csv,CAN_CSV0000000000001487__24.csv,AVG_VIS_PST1MT_QA,AVG_VIS_PST1MT_QA
CAN_CSV0000000000001487__24.csv,CAN_CSV0000000000001487__25.csv,AVG_VIS_PST10MTS_QA,AVG_VIS_PST10MTS_QA
CAN_CSV0000000000001487__24.csv,CAN_CSV0000000000027346__14.csv,AVG_VIS_PST10MTS_QA,AVG_VIS_PST10MTS_QA
CAN_CSV0000000000001487__24.csv,CAN_CSV0000000000001487__26.csv,AVG_VIS_PST10MTS_QA,AVG_VIS_PST10MTS_QA
CAN_CSV0000000000001487__24.csv,CAN_CSV0000000000001487__29.csv,AVG_VIS_PST10MTS_QA,AVG_VIS_PST10MTS_QA
CAN_CSV0000000000001487__24.csv,CAN_CSV0000000000027346__35.csv,AVG_VIS_PST10MTS_QA,AVG_VIS_PST10MTS_QA
CAN_CSV0000000000001487__24.csv,CAN_CSV0000000000027346__30.csv,AVG_VIS_PST10MTS_QA,AVG_VIS_PST10MTS_QA
CAN_CSV0000000000001487__24.csv,CAN_CSV0000000000027346__12.csv,AVG_VIS_PST10MTS_QA,AVG_VIS_PST10MTS_QA
CAN_CSV0000000000001487__24.csv,CAN_CSV0000000000027346__32.csv,AVG_VIS_PST10MTS_QA,AVG_VIS_PST10MTS_QA
USA_CSV0000000000034882__26.csv,USA_CSV0000000000037101__3.csv,STD_VOLUME_GROUP,STD_VOLUME_GROUP
USA_CSV0000000000034882__14.csv,USA_CSV0000000000037101__3.csv,STD_VOLUME_GROUP,STD_VOLUME_GROUP
USA_CSV0000000000037101__16.csv,USA_CSV0000000000037101__3.csv,STD_VOLUME_GROUP,STD_VOLUME_GROUP
USA_CSV0000000000037101__16.csv,USA_CSV0000000000037101__3.csv,DONUT_VOLUME_GROUP,DONUT_VOLUME_GROUP
USA_CSV0000000000034882__22.csv,USA_CSV0000000000037101__3.csv,DONUT_VOLUME_GROUP,DONUT_VOLUME_GROUP
USA_CSV0000000000033847__5.csv,USA_CSV0000000000037101__3.csv,VERT_ALIGN,VERT_ALIGN
USA_CSV0000000000034882__26.csv,USA_CSV0000000000037101__3.csv,VERT_ALIGN,VERT_ALIGN
USA_CSV0000000000034882__14.csv,USA_CSV0000000000037101__3.csv,ROUTE_QUALIFIER,ROUTE_QUALIFIER
USA_CSV0000000000034882__12.csv,USA_CSV0000000000037101__3.csv,ROUTE_QUALIFIER,ROUTE_QUALIFIER
USA_CSV0000000000034882__14.csv,USA_CSV0000000000037101__3.csv,SECTION_ID,SECTION_ID
USA_CSV0000000000034882__12.csv,USA_CSV0000000000037101__3.csv,SECTION_ID,SECTION_ID
USA_CSV0000000000037101__20.csv,USA_CSV0000000000037101__3.csv,PEAK_LANES,PEAK_LANES
USA_CSV0000000000034882__14.csv,USA_CSV0000000000037101__3.csv,PEAK_LANES,PEAK_LANES
USA_CSV0000000000034882__12.csv,USA_CSV0000000000037101__3.csv,PEAK_LANES,PEAK_LANES
USA_CSV0000000000034882__22.csv,USA_CSV0000000000037101__3.csv,TURN_LANES_R,TURN_LANES_R
USA_CSV0000000000034882__9.csv,USA_CSV0000000000037101__3.csv,NONATT_CODE,NONATT_CODE
USA_CSV0000000000034882__26.csv,USA_CSV0000000000037101__3.csv,ACCESS_CONTROL,ACCESS_CONTROL
USA_CSV0000000000034882__14.csv,USA_CSV0000000000037101__3.csv,PERC_SINGLE_UNIT,PERC_SINGLE_UNIT
USA_CSV0000000000034882__12.csv,USA_CSV0000000000037101__3.csv,PERC_SINGLE_UNIT,PERC_SINGLE_UNIT
USA_CSV0000000000033847__17.csv,USA_CSV0000000000037101__3.csv,PERC_SINGLE_UNIT,PERC_SINGLE_UNIT
USA_CSV0000000000034882__26.csv,USA_CSV0000000000037101__3.csv,IS_GROUPED,IS_GROUPED
USA_CSV0000000000034882__14.csv,USA_CSV0000000000037101__3.csv,IS_GROUPED,IS_GROUPED
USA_CSV0000000000034882__12.csv,USA_CSV0000000000037101__3.csv,IS_GROUPED,IS_GROUPED
USA_CSV0000000000037101__20.csv,USA_CSV0000000000037101__3.csv,TRUCK_ROUTE,TRUCK_ROUTE
USA_CSV0000000000034882__14.csv,USA_CSV0000000000037101__3.csv,TRUCK_ROUTE,TRUCK_ROUTE
USA_CSV0000000000034882__14.csv,USA_CSV0000000000037101__3.csv,TYPE_SIGNAL,TYPE_SIGNAL
USA_CSV0000000000034882__22.csv,USA_CSV0000000000037101__3.csv,TYPE_SIGNAL,TYPE_SIGNAL
USA_CSV0000000000034882__12.csv,USA_CSV0000000000037101__3.csv,TYPE_SIGNAL,TYPE_SIGNAL
USA_CSV0000000000034882__26.csv,USA_CSV0000000000037101__3.csv,PERC_GREEN,PERC_GREEN
USA_CSV0000000000033847__5.csv,USA_CSV0000000000037101__3.csv,URBAN_CODE,URBAN_CODE
USA_CSV0000000000034882__14.csv,USA_CSV0000000000037101__3.csv,URBAN_CODE,URBAN_CODE
USA_CSV0000000000033847__4.csv,USA_CSV0000000000037101__3.csv,URBAN_CODE,URBAN_CODE
USA_CSV0000000000034882__12.csv,USA_CSV0000000000037101__3.csv,URBAN_CODE,URBAN_CODE
USA_CSV0000000000033847__5.csv,USA_CSV0000000000037101__3.csv,SHOULDER_WIDTH_L,SHOULDER_WIDTH_L
USA_CSV0000000000034882__14.csv,USA_CSV0000000000037101__3.csv,SHOULDER_WIDTH_L,SHOULDER_WIDTH_L
USA_CSV0000000000034882__22.csv,USA_CSV0000000000037101__3.csv,SHOULDER_WIDTH_L,SHOULDER_WIDTH_L
USA_CSV0000000000033847__4.csv,USA_CSV0000000000037101__3.csv,SHOULDER_WIDTH_L,SHOULDER_WIDTH_L
USA_CSV0000000000037101__16.csv,USA_CSV0000000000037101__3.csv,TYPE_TERRAIN,TYPE_TERRAIN
USA_CSV0000000000033847__5.csv,USA_CSV0000000000037101__3.csv,TURN_LANES_L,TURN_LANES_L
USA_CSV0000000000034882__26.csv,USA_CSV0000000000037101__3.csv,TURN_LANES_L,TURN_LANES_L
USA_CSV0000000000037101__20.csv,USA_CSV0000000000037101__3.csv,TURN_LANES_L,TURN_LANES_L
USA_CSV0000000000033847__4.csv,USA_CSV0000000000037101__3.csv,TURN_LANES_L,TURN_LANES_L
USA_CSV0000000000037101__20.csv,USA_CSV0000000000037101__3.csv,YEAR_SURF_IMPROV,YEAR_SURF_IMPROV
USA_CSV0000000000037101__16.csv,USA_CSV0000000000037101__3.csv,YEAR_SURF_IMPROV,YEAR_SURF_IMPROV
USA_CSV0000000000033847__5.csv,USA_CSV0000000000037101__3.csv,DONUT_EXP_FACTOR,DONUT_EXP_FACTOR
USA_CSV0000000000037101__20.csv,USA_CSV0000000000037101__3.csv,DONUT_EXP_FACTOR,DONUT_EXP_FACTOR
USA_CSV0000000000034882__14.csv,USA_CSV0000000000037101__3.csv,MEDIAN_TYPE,MEDIAN_TYPE
USA_CSV0000000000033847__5.csv,USA_CSV0000000000037101__3.csv,ROUTE_NUMBER,ROUTE_NUMBER
USA_CSV0000000000037101__20.csv,USA_CSV0000000000037101__3.csv,ROUTE_NUMBER,ROUTE_NUMBER
USA_CSV0000000000033847__4.csv,USA_CSV0000000000037101__3.csv,ROUTE_NUMBER,ROUTE_NUMBER
USA_CSV0000000000034882__26.csv,USA_CSV0000000000037101__3.csv,AVG_COMBINATION,AVG_COMBINATION
USA_CSV0000000000037101__20.csv,USA_CSV0000000000037101__3.csv,AVG_COMBINATION,AVG_COMBINATION
USA_CSV0000000000034882__22.csv,USA_CSV0000000000037101__3.csv,AVG_COMBINATION,AVG_COMBINATION
USA_CSV0000000000034882__9.csv,USA_CSV0000000000037101__3.csv,AVG_COMBINATION,AVG_COMBINATION
USA_CSV0000000000034882__9.csv,USA_CSV0000000000037101__3.csv,CLIMATE_ZONE,CLIMATE_ZONE
USA_CSV0000000000037101__20.csv,USA_CSV0000000000037101__3.csv,COUNTY_CODE,COUNTY_CODE
USA_CSV0000000000037101__16.csv,USA_CSV0000000000037101__3.csv,COUNTY_CODE,COUNTY_CODE
USA_CSV0000000000033847__5.csv,USA_CSV0000000000037101__3.csv,AT_GRADE_SIGNS,AT_GRADE_SIGNS
USA_CSV0000000000033847__4.csv,USA_CSV0000000000037101__3.csv,AT_GRADE_SIGNS,AT_GRADE_SIGNS
USA_CSV0000000000037101__20.csv,USA_CSV0000000000037101__3.csv,FUT_AADT_YEAR,FUT_AADT_YEAR
USA_CSV0000000000037101__16.csv,USA_CSV0000000000037101__3.csv,FUT_AADT_YEAR,FUT_AADT_YEAR
USA_CSV0000000000034070__10.csv,USA_CSV0000000000034070__20.csv,Preferred Language,Preferred Language
CAN_CSV0000000000002371__14.csv,CAN_CSV0000000000002371__7.csv,transit_na,transit_na
CAN_CSV0000000000002371__14.csv,CAN_CSV0000000000002371__7.csv,prox_idx_childcare,prox_idx_childcare
USA_CSV0000000000035902__16.csv,USA_CSV0000000000035902__34.csv,TYPE OF IMPROVEMENT,TYPE OF IMPROVEMENT
USA_CSV0000000000035902__20.csv,USA_CSV0000000000035902__34.csv,TYPE OF IMPROVEMENT,TYPE OF IMPROVEMENT
USA_CSV0000000000035902__16.csv,USA_CSV0000000000035902__34.csv,FUNCTIONAL SYSTEM,FUNCTIONAL SYSTEM
USA_CSV0000000000035902__20.csv,USA_CSV0000000000035902__34.csv,FUNCTIONAL SYSTEM,FUNCTIONAL SYSTEM
UK_CSV0000000000003896__13.csv,UK_CSV0000000000003896__8.csv,Post-Op Q Anxiety,Post-Op Q Anxiety
UK_CSV0000000000002010__6.csv,UK_CSV0000000000003896__8.csv,Post-Op Q Anxiety,Post-Op Q Anxiety
UK_CSV0000000000002010__9.csv,UK_CSV0000000000003896__8.csv,Post-Op Q Anxiety,Post-Op Q Anxiety
UK_CSV0000000000002010__8.csv,UK_CSV0000000000003896__8.csv,Post-Op Q Anxiety,Post-Op Q Anxiety
UK_CSV0000000000003896__13.csv,UK_CSV0000000000003896__8.csv,Pre-Op Q EQ VAS,Pre-Op Q EQ VAS
UK_CSV0000000000002010__6.csv,UK_CSV0000000000003896__8.csv,Post-Op Q Wound,Post-Op Q Wound
UK_CSV0000000000003896__3.csv,UK_CSV0000000000003896__8.csv,Post-Op Q Wound,Post-Op Q Wound
UK_CSV0000000000002010__9.csv,UK_CSV0000000000003896__8.csv,Post-Op Q Wound,Post-Op Q Wound
UK_CSV0000000000003896__8.csv,UK_CSV0000000000006676__34.csv,Post-Op Q Wound,Post-Op Q Wound
UK_CSV0000000000003896__8.csv,UK_CSV0000000000006676__2.csv,Pre-Op Q EQ5D Index,Pre-Op Q EQ5D Index
UK_CSV0000000000003896__3.csv,UK_CSV0000000000003896__8.csv,Pre-Op Q EQ5D Index,Pre-Op Q EQ5D Index
UK_CSV0000000000003896__8.csv,UK_CSV0000000000007396__13.csv,Pre-Op Q EQ5D Index,Pre-Op Q EQ5D Index
UK_CSV0000000000003896__8.csv,UK_CSV0000000000006676__5.csv,Pre-Op Q EQ5D Index,Pre-Op Q EQ5D Index
UK_CSV0000000000003896__8.csv,UK_CSV0000000000006676__34.csv,Post-Op Q Mobility,Post-Op Q Mobility
UK_CSV0000000000003896__7.csv,UK_CSV0000000000003896__8.csv,Post-Op Q Mobility,Post-Op Q Mobility
UK_CSV0000000000003896__8.csv,UK_CSV0000000000006676__2.csv,Post-Op Q Self-Care,Post-Op Q Self-Care
UK_CSV0000000000003896__3.csv,UK_CSV0000000000003896__8.csv,Post-Op Q Self-Care,Post-Op Q Self-Care
UK_CSV0000000000003896__8.csv,UK_CSV0000000000006676__9.csv,Post-Op Q Self-Care,Post-Op Q Self-Care
UK_CSV0000000000003896__8.csv,UK_CSV0000000000007396__13.csv,Post-Op Q Self-Care,Post-Op Q Self-Care
UK_CSV0000000000003896__8.csv,UK_CSV0000000000006676__2.csv,Post-Op Q Bleeding,Post-Op Q Bleeding
USA_CSV0000000000033847__5.csv,USA_CSV0000000000034882__25.csv,HORZ_ALIGN,HORZ_ALIGN
USA_CSV0000000000034882__25.csv,USA_CSV0000000000034882__26.csv,HORZ_ALIGN,HORZ_ALIGN
USA_CSV0000000000033847__5.csv,USA_CSV0000000000034882__25.csv,VERT_ALIGN,VERT_ALIGN
USA_CSV0000000000034882__25.csv,USA_CSV0000000000037101__3.csv,VERT_ALIGN,VERT_ALIGN
USA_CSV0000000000033847__5.csv,USA_CSV0000000000034882__25.csv,SPECIAL_SYSTEMS,SPECIAL_SYSTEMS
USA_CSV0000000000034882__25.csv,USA_CSV0000000000034882__26.csv,SPECIAL_SYSTEMS,SPECIAL_SYSTEMS
USA_CSV0000000000034882__22.csv,USA_CSV0000000000034882__25.csv,SPECIAL_SYSTEMS,SPECIAL_SYSTEMS
USA_CSV0000000000033847__5.csv,USA_CSV0000000000034882__25.csv,TURN_LANES_L,TURN_LANES_L
USA_CSV0000000000034882__25.csv,USA_CSV0000000000034882__26.csv,TURN_LANES_L,TURN_LANES_L
USA_CSV0000000000034882__25.csv,USA_CSV0000000000037101__20.csv,TURN_LANES_L,TURN_LANES_L
USA_CSV0000000000034882__25.csv,USA_CSV0000000000037101__3.csv,TURN_LANES_L,TURN_LANES_L
USA_CSV0000000000033847__5.csv,USA_CSV0000000000034882__25.csv,YEAR_RECORD,YEAR_RECORD
USA_CSV0000000000034882__25.csv,USA_CSV0000000000034882__26.csv,YEAR_RECORD,YEAR_RECORD
CAN_CSV0000000000001487__9.csv,CAN_CSV0000000000027346__23.csv,PCPN_AMT_PST1HR,PCPN_AMT_PST1HR
CAN_CSV0000000000001487__25.csv,CAN_CSV0000000000027346__23.csv,PCPN_AMT_PST1HR,PCPN_AMT_PST1HR
CAN_CSV0000000000001487__28.csv,CAN_CSV0000000000027346__23.csv,PCPN_AMT_PST1HR,PCPN_AMT_PST1HR
CAN_CSV0000000000001487__8.csv,CAN_CSV0000000000027346__23.csv,PCPN_AMT_PST1HR,PCPN_AMT_PST1HR
CAN_CSV0000000000001487__26.csv,CAN_CSV0000000000027346__23.csv,PCPN_AMT_PST1HR,PCPN_AMT_PST1HR
USA_CSV0000000000036154__19.csv,USA_CSV0000000000037169__18.csv,FIPS_STATE_CD,FIPS_STATE_CD
USA_CSV0000000000037169__18.csv,USA_CSV0000000000037169__7.csv,SHR_LAB_SW,SHR_LAB_SW
USA_CSV0000000000036154__21.csv,USA_CSV0000000000037169__18.csv,CBSA_URBN_RRL_IND,CBSA_URBN_RRL_IND
USA_CSV0000000000036154__19.csv,USA_CSV0000000000037169__18.csv,SKLTN_REC_SW,SKLTN_REC_SW
UK_CSV0000000000002010__3.csv,UK_CSV0000000000002010__6.csv,Post-Op Q Allergy,Post-Op Q Allergy
UK_CSV0000000000002010__3.csv,UK_CSV0000000000002010__9.csv,Post-Op Q Allergy,Post-Op Q Allergy
UK_CSV0000000000002010__3.csv,UK_CSV0000000000006676__34.csv,Post-Op Q EQ VAS,Post-Op Q EQ VAS
UK_CSV0000000000002010__13.csv,UK_CSV0000000000002010__3.csv,Post-Op Q EQ VAS,Post-Op Q EQ VAS
UK_CSV0000000000002010__17.csv,UK_CSV0000000000002010__3.csv,Post-Op Q EQ VAS,Post-Op Q EQ VAS
UK_CSV0000000000002010__3.csv,UK_CSV0000000000006676__2.csv,Heart Disease,Heart Disease
UK_CSV0000000000002010__3.csv,UK_CSV0000000000006676__9.csv,Heart Disease,Heart Disease
UK_CSV0000000000002010__3.csv,UK_CSV0000000000006676__5.csv,Heart Disease,Heart Disease
CAN_CSV0000000000001909__15.csv,CAN_CSV0000000000001909__8.csv,end-user-entity_en,end-user-entity_en
CAN_CSV0000000000001487__25.csv,CAN_CSV0000000000027346__14.csv,CEILOMTR_ELEV,CEILOMTR_ELEV
CAN_CSV0000000000027346__12.csv,CAN_CSV0000000000027346__14.csv,CEILOMTR_ELEV,CEILOMTR_ELEV
CAN_CSV0000000000001487__28.csv,CAN_CSV0000000000027346__14.csv,CEILOMTR_ELEV,CEILOMTR_ELEV
CAN_CSV0000000000027346__14.csv,CAN_CSV0000000000027354__2.csv,AVG_STN_PRES_PST1MT,AVG_STN_PRES_PST1MT
CAN_CSV0000000000027346__14.csv,CAN_CSV0000000000027353__2.csv,AVG_STN_PRES_PST1MT,AVG_STN_PRES_PST1MT
CAN_CSV0000000000001487__25.csv,CAN_CSV0000000000027346__14.csv,AVG_VIS_PST10MTS_QA,AVG_VIS_PST10MTS_QA
CAN_CSV0000000000001487__28.csv,CAN_CSV0000000000027346__14.csv,AVG_VIS_PST10MTS_QA,AVG_VIS_PST10MTS_QA
CAN_CSV0000000000001487__26.csv,CAN_CSV0000000000027346__14.csv,AVG_VIS_PST10MTS_QA,AVG_VIS_PST10MTS_QA
CAN_CSV0000000000027346__12.csv,CAN_CSV0000000000027346__14.csv,PRSNT_WX_1,PRSNT_WX_1
CAN_CSV0000000000027346__14.csv,CAN_CSV0000000000027353__2.csv,PRSNT_WX_1,PRSNT_WX_1
CAN_CSV0000000000027346__14.csv,CAN_CSV0000000000027355__11.csv,PRSNT_WX_1,PRSNT_WX_1
CAN_CSV0000000000027346__14.csv,CAN_CSV0000000000027354__6.csv,MIN_AIR_TEMP_PST1HR,MIN_AIR_TEMP_PST1HR
CAN_CSV0000000000027346__14.csv,CAN_CSV0000000000027353__2.csv,MIN_AIR_TEMP_PST1HR,MIN_AIR_TEMP_PST1HR
CAN_CSV0000000000027346__14.csv,CAN_CSV0000000000027355__11.csv,MIN_AIR_TEMP_PST1HR,MIN_AIR_TEMP_PST1HR
CAN_CSV0000000000027346__14.csv,CAN_CSV0000000000027349__23.csv,OBS_DATETIME_UTC,OBS_DATETIME_UTC
CAN_CSV0000000000027346__14.csv,CAN_CSV0000000000027349__20.csv,OBS_DATETIME_UTC,OBS_DATETIME_UTC
CAN_CSV0000000000027346__12.csv,CAN_CSV0000000000027346__14.csv,OBS_DATETIME_UTC,OBS_DATETIME_UTC
CAN_CSV0000000000027346__14.csv,CAN_CSV0000000000027354__6.csv,OBS_DATETIME_UTC,OBS_DATETIME_UTC
CAN_CSV0000000000027346__14.csv,CAN_CSV0000000000027349__21.csv,OBS_DATETIME_UTC,OBS_DATETIME_UTC
CAN_CSV0000000000001487__9.csv,CAN_CSV0000000000027346__14.csv,AVG_VIS_PST1MT_QA,AVG_VIS_PST1MT_QA
CAN_CSV0000000000001487__25.csv,CAN_CSV0000000000027346__14.csv,AVG_VIS_PST1MT_QA,AVG_VIS_PST1MT_QA
CAN_CSV0000000000001487__28.csv,CAN_CSV0000000000027346__14.csv,AVG_VIS_PST1MT_QA,AVG_VIS_PST1MT_QA
CAN_CSV0000000000001487__8.csv,CAN_CSV0000000000027346__14.csv,AVG_VIS_PST1MT_QA,AVG_VIS_PST1MT_QA
CAN_CSV0000000000001487__26.csv,CAN_CSV0000000000027346__14.csv,AVG_VIS_PST1MT_QA,AVG_VIS_PST1MT_QA
CAN_CSV0000000000001487__10.csv,CAN_CSV0000000000027346__14.csv,AVG_VIS_PST1MT_QA,AVG_VIS_PST1MT_QA
CAN_CSV0000000000001487__29.csv,CAN_CSV0000000000027346__14.csv,AVG_VIS_PST1MT_QA,AVG_VIS_PST1MT_QA
CAN_CSV0000000000001487__24.csv,CAN_CSV0000000000027346__14.csv,AVG_VIS_PST1MT_QA,AVG_VIS_PST1MT_QA
UK_CSV0000000000002183__1.csv,UK_CSV0000000000002183__4.csv,DNS Failure peak,DNS Failure peak
UK_CSV0000000000002183__1.csv,UK_CSV0000000000002183__16.csv,DNS Failure peak,DNS Failure peak
UK_CSV0000000000002183__1.csv,UK_CSV0000000000002183__4.csv,NetflixFailedPeak,NetflixFailedPeak
UK_CSV0000000000002183__1.csv,UK_CSV0000000000002183__8.csv,NetflixFailedPeak,NetflixFailedPeak
UK_CSV0000000000002183__1.csv,UK_CSV0000000000002183__4.csv,Latency - 24h,Latency - 24h
UK_CSV0000000000002183__1.csv,UK_CSV0000000000002183__16.csv,Latency - 24h,Latency - 24h
UK_CSV0000000000002183__1.csv,UK_CSV0000000000002183__4.csv,iPlayerSD24hr,iPlayerSD24hr
UK_CSV0000000000002183__1.csv,UK_CSV0000000000002183__8.csv,iPlayerSD24hr,iPlayerSD24hr
UK_CSV0000000000002183__1.csv,UK_CSV0000000000002183__4.csv,iPlayerUHDPeak,iPlayerUHDPeak
UK_CSV0000000000002183__1.csv,UK_CSV0000000000002183__8.csv,iPlayerUHDPeak,iPlayerUHDPeak
UK_CSV0000000000002183__1.csv,UK_CSV0000000000002183__9.csv,iPlayerUHDPeak,iPlayerUHDPeak
UK_CSV0000000000002183__1.csv,UK_CSV0000000000002183__16.csv,iPlayerUHDPeak,iPlayerUHDPeak
USA_CSV0000000000035412__14.csv,USA_CSV0000000000035412__8.csv,Other Units,Other Units
USA_CSV0000000000033169__2.csv,USA_CSV0000000000033169__3.csv,Other Cardiac,Other Cardiac
UK_CSV0000000000002010__6.csv,USA_CSV0000000000033169__3.csv,Kidney Disease,Kidney Disease
UK_CSV0000000000006676__2.csv,USA_CSV0000000000033169__3.csv,Kidney Disease,Kidney Disease
USA_CSV0000000000033169__2.csv,USA_CSV0000000000033169__3.csv,Sexual Orientation,Sexual Orientation
USA_CSV0000000000033169__3.csv,USA_CSV0000000000034070__20.csv,Sexual Orientation,Sexual Orientation
USA_CSV0000000000033169__3.csv,USA_CSV0000000000034070__10.csv,Hispanic Ethnicity,Hispanic Ethnicity
USA_CSV0000000000033169__2.csv,USA_CSV0000000000033169__3.csv,Medicaid Insurance,Medicaid Insurance
CAN_CSV0000000000001705__2.csv,CAN_CSV0000000000001709__5.csv,Wired_5_1_Filaire,Wired_5_1_Filaire
CAN_CSV0000000000001470__14.csv,CAN_CSV0000000000001471__5.csv,No CAS / CAS Number,No CAS / CAS Number
USA_CSV0000000000033169__2.csv,USA_CSV0000000000033169__3.csv,Autism Spectrum,Autism Spectrum
USA_CSV0000000000033169__2.csv,USA_CSV0000000000034070__20.csv,Autism Spectrum,Autism Spectrum
UK_CSV0000000000002010__6.csv,USA_CSV0000000000033169__2.csv,Kidney Disease,Kidney Disease
UK_CSV0000000000006676__2.csv,USA_CSV0000000000033169__2.csv,Kidney Disease,Kidney Disease
USA_CSV0000000000033169__2.csv,USA_CSV0000000000033169__3.csv,Sexual Orientation,Sexual Orientation
USA_CSV0000000000033169__2.csv,USA_CSV0000000000034070__20.csv,Sexual Orientation,Sexual Orientation
USA_CSV0000000000033169__2.csv,USA_CSV0000000000034070__20.csv,Preferred Language,Preferred Language
USA_CSV0000000000033169__2.csv,USA_CSV0000000000034070__10.csv,Preferred Language,Preferred Language
CAN_CSV0000000000002371__14.csv,CAN_CSV0000000000002371__7.csv,prox_idx_childcare,prox_idx_childcare
SG_CSV0000000000000925__10.csv,SG_CSV0000000000000925__44.csv,ban_children4,ban_children4
SG_CSV0000000000000925__10.csv,SG_CSV0000000000000925__44.csv,ban_marital,ban_marital
SG_CSV0000000000000925__10.csv,SG_CSV0000000000000925__44.csv,socialnetwork_dp10,socialnetwork_dp10
SG_CSV0000000000000925__21.csv,SG_CSV0000000000000925__44.csv,socialnetwork_dp10,socialnetwork_dp10
SG_CSV0000000000000925__10.csv,SG_CSV0000000000000925__44.csv,ban_q18_q194,ban_q18_q194
SG_CSV0000000000000925__44.csv,SG_CSV0000000000001714__6.csv,ban_q18_q194,ban_q18_q194
SG_CSV0000000000000925__44.csv,SG_CSV0000000000000925__6.csv,md_segment,md_segment
SG_CSV0000000000000925__0.csv,SG_CSV0000000000000925__44.csv,md_segment,md_segment
SG_CSV0000000000000925__3.csv,SG_CSV0000000000000925__44.csv,md_segment,md_segment
SG_CSV0000000000000925__4.csv,SG_CSV0000000000000925__44.csv,md_segment,md_segment
SG_CSV0000000000000925__2.csv,SG_CSV0000000000000925__44.csv,md_segment,md_segment
SG_CSV0000000000000925__18.csv,SG_CSV0000000000000925__44.csv,md_segment,md_segment
SG_CSV0000000000000925__44.csv,SG_CSV0000000000000925__6.csv,highestlevel,highestlevel
SG_CSV0000000000000925__0.csv,SG_CSV0000000000000925__44.csv,highestlevel,highestlevel
SG_CSV0000000000000925__3.csv,SG_CSV0000000000000925__44.csv,highestlevel,highestlevel
SG_CSV0000000000000925__4.csv,SG_CSV0000000000000925__44.csv,highestlevel,highestlevel
SG_CSV0000000000000925__44.csv,SG_CSV0000000000001714__6.csv,socialnetwork_dp01,socialnetwork_dp01
SG_CSV0000000000000925__18.csv,SG_CSV0000000000000925__6.csv,ban_education3,ban_education3
SG_CSV0000000000000925__0.csv,SG_CSV0000000000000925__18.csv,ban_education3,ban_education3
SG_CSV0000000000000925__18.csv,SG_CSV0000000000000925__3.csv,ban_education3,ban_education3
SG_CSV0000000000000925__18.csv,SG_CSV0000000000000925__4.csv,ban_education3,ban_education3
SG_CSV0000000000000925__18.csv,SG_CSV0000000000000925__6.csv,md_segment,md_segment
SG_CSV0000000000000925__0.csv,SG_CSV0000000000000925__18.csv,md_segment,md_segment
SG_CSV0000000000000925__18.csv,SG_CSV0000000000000925__3.csv,md_segment,md_segment
SG_CSV0000000000000925__18.csv,SG_CSV0000000000000925__4.csv,md_segment,md_segment
SG_CSV0000000000000925__18.csv,SG_CSV0000000000000925__44.csv,md_segment,md_segment
SG_CSV0000000000000925__18.csv,SG_CSV0000000000001714__40.csv,ban_education2,ban_education2
SG_CSV0000000000000925__18.csv,SG_CSV0000000000001714__6.csv,ban_education2,ban_education2
SG_CSV0000000000000925__10.csv,SG_CSV0000000000000925__18.csv,ban_personal_inc,ban_personal_inc
SG_CSV0000000000000925__10.csv,SG_CSV0000000000000925__18.csv,ban_q18_q193,ban_q18_q193
SG_CSV0000000000000925__10.csv,SG_CSV0000000000000925__18.csv,ban_no_ofchildren,ban_no_ofchildren
SG_CSV0000000000000925__18.csv,SG_CSV0000000000000925__6.csv,ban_no_ofchildren,ban_no_ofchildren
SG_CSV0000000000000925__0.csv,SG_CSV0000000000000925__18.csv,ban_no_ofchildren,ban_no_ofchildren
SG_CSV0000000000000925__18.csv,SG_CSV0000000000000925__3.csv,ban_no_ofchildren,ban_no_ofchildren
SG_CSV0000000000000925__18.csv,SG_CSV0000000000000925__4.csv,ban_no_ofchildren,ban_no_ofchildren
SG_CSV0000000000000925__18.csv,SG_CSV0000000000001714__6.csv,livinginsg_4_slice,livinginsg_4_slice
SG_CSV0000000000000925__18.csv,SG_CSV0000000000000925__6.csv,respondent_id,respondent_id
SG_CSV0000000000000925__0.csv,SG_CSV0000000000000925__18.csv,respondent_id,respondent_id
SG_CSV0000000000000925__18.csv,SG_CSV0000000000000925__3.csv,respondent_id,respondent_id
SG_CSV0000000000000925__18.csv,SG_CSV0000000000000925__4.csv,respondent_id,respondent_id
SG_CSV0000000000000925__18.csv,SG_CSV0000000000001714__14.csv,respondent_id,respondent_id
SG_CSV0000000000000925__18.csv,SG_CSV0000000000001714__17.csv,respondent_id,respondent_id
SG_CSV0000000000000925__18.csv,SG_CSV0000000000000925__2.csv,respondent_id,respondent_id
SG_CSV0000000000000925__10.csv,SG_CSV0000000000000925__18.csv,socialnetwork_dp10,socialnetwork_dp10
SG_CSV0000000000000925__18.csv,SG_CSV0000000000000925__21.csv,socialnetwork_dp10,socialnetwork_dp10
SG_CSV0000000000000925__10.csv,SG_CSV0000000000000925__18.csv,indicateage,indicateage
SG_CSV0000000000000925__10.csv,SG_CSV0000000000000925__18.csv,rankmostimptchild_2,rankmostimptchild_2
SG_CSV0000000000000925__18.csv,SG_CSV0000000000000925__6.csv,rankmostimptchild_2,rankmostimptchild_2
SG_CSV0000000000000925__0.csv,SG_CSV0000000000000925__18.csv,rankmostimptchild_2,rankmostimptchild_2
SG_CSV0000000000000925__18.csv,SG_CSV0000000000000925__3.csv,rankmostimptchild_2,rankmostimptchild_2
SG_CSV0000000000000925__18.csv,SG_CSV0000000000000925__4.csv,rankmostimptchild_2,rankmostimptchild_2
SG_CSV0000000000000925__18.csv,SG_CSV0000000000000925__2.csv,rankmostimptchild_2,rankmostimptchild_2
SG_CSV0000000000000925__18.csv,SG_CSV0000000000001714__6.csv,livinginsg_1_slice,livinginsg_1_slice
SG_CSV0000000000000925__18.csv,SG_CSV0000000000000925__6.csv,highestlevel,highestlevel
SG_CSV0000000000000925__0.csv,SG_CSV0000000000000925__18.csv,highestlevel,highestlevel
SG_CSV0000000000000925__18.csv,SG_CSV0000000000000925__3.csv,highestlevel,highestlevel
SG_CSV0000000000000925__10.csv,SG_CSV0000000000000925__18.csv,ban_q18_q191,ban_q18_q191
SG_CSV0000000000000925__18.csv,SG_CSV0000000000000925__6.csv,ban_q18_q191,ban_q18_q191
SG_CSV0000000000000925__0.csv,SG_CSV0000000000000925__18.csv,ban_q18_q191,ban_q18_q191
SG_CSV0000000000000925__18.csv,SG_CSV0000000000000925__3.csv,ban_q18_q191,ban_q18_q191
SG_CSV0000000000000925__18.csv,SG_CSV0000000000000925__4.csv,ban_q18_q191,ban_q18_q191
SG_CSV0000000000000925__18.csv,SG_CSV0000000000001714__6.csv,ban_q18_q191,ban_q18_q191
SG_CSV0000000000000925__18.csv,SG_CSV0000000000001714__6.csv,socialnetwork_dp01,socialnetwork_dp01
SG_CSV0000000000000925__18.csv,SG_CSV0000000000000925__44.csv,socialnetwork_dp01,socialnetwork_dp01
SG_CSV0000000000000925__10.csv,SG_CSV0000000000000925__18.csv,ban_gender,ban_gender
SG_CSV0000000000000925__18.csv,SG_CSV0000000000001714__40.csv,ban_gender,ban_gender
SG_CSV0000000000000925__18.csv,SG_CSV0000000000001714__6.csv,ban_age_youngest,ban_age_youngest
SG_CSV0000000000000925__18.csv,SG_CSV0000000000000925__6.csv,livinginsg_3_slice,livinginsg_3_slice
SG_CSV0000000000000925__0.csv,SG_CSV0000000000000925__18.csv,livinginsg_3_slice,livinginsg_3_slice
SG_CSV0000000000000925__18.csv,SG_CSV0000000000000925__3.csv,livinginsg_3_slice,livinginsg_3_slice
SG_CSV0000000000000925__18.csv,SG_CSV0000000000000925__4.csv,livinginsg_3_slice,livinginsg_3_slice
SG_CSV0000000000000925__18.csv,SG_CSV0000000000000925__2.csv,livinginsg_3_slice,livinginsg_3_slice
CAN_CSV0000000000001909__15.csv,CAN_CSV0000000000001909__8.csv,end-user-entity_en,end-user-entity_en
UK_CSV0000000000002064__4.csv,UK_CSV0000000000002064__8.csv,received_date,received_date
UK_CSV0000000000002010__21.csv,UK_CSV0000000000002010__6.csv,Kidney Disease,Kidney Disease
UK_CSV0000000000002010__21.csv,UK_CSV0000000000006676__2.csv,Kidney Disease,Kidney Disease
UK_CSV0000000000002010__21.csv,UK_CSV0000000000002010__6.csv,Post-Op Q Activity,Post-Op Q Activity
UK_CSV0000000000002010__21.csv,UK_CSV0000000000006676__2.csv,Post-Op Q Activity,Post-Op Q Activity
UK_CSV0000000000002010__21.csv,UK_CSV0000000000002010__30.csv,Nervous System,Nervous System
UK_CSV0000000000002010__21.csv,UK_CSV0000000000002010__31.csv,Nervous System,Nervous System
UK_CSV0000000000002010__21.csv,UK_CSV0000000000003896__8.csv,Post-Op Q Bleeding,Post-Op Q Bleeding
UK_CSV0000000000002010__21.csv,UK_CSV0000000000006676__2.csv,Post-Op Q Bleeding,Post-Op Q Bleeding
UK_CSV0000000000002010__21.csv,UK_CSV0000000000002010__6.csv,Pre-Op Q Activity,Pre-Op Q Activity
UK_CSV0000000000002010__21.csv,UK_CSV0000000000003896__3.csv,Pre-Op Q Activity,Pre-Op Q Activity
UK_CSV0000000000002010__21.csv,UK_CSV0000000000002010__9.csv,Pre-Op Q Activity,Pre-Op Q Activity
CAN_CSV0000000000001926__13.csv,CAN_CSV0000000000027405__5.csv,Visibility (km),Visibility (km)
USA_CSV0000000000037129__17.csv,USA_CSV0000000000037129__8.csv,pqv_ns_oth,pqv_ns_oth
USA_CSV0000000000035331__30.csv,USA_CSV0000000000035331__9.csv,UnitTissueWeight,UnitTissueWeight
USA_CSV0000000000035331__11.csv,USA_CSV0000000000035331__30.csv,UnitTissueWeight,UnitTissueWeight
USA_CSV0000000000035331__30.csv,USA_CSV0000000000035331__9.csv,UnitLengthFish,UnitLengthFish
USA_CSV0000000000035331__30.csv,USA_CSV0000000000035331__9.csv,DigestExtractMethod,DigestExtractMethod
USA_CSV0000000000035331__11.csv,USA_CSV0000000000035331__30.csv,DigestExtractMethod,DigestExtractMethod
USA_CSV0000000000035331__30.csv,USA_CSV0000000000035331__9.csv,AnalyzingAgency,AnalyzingAgency
USA_CSV0000000000035331__11.csv,USA_CSV0000000000035331__30.csv,AnalyzingAgency,AnalyzingAgency
USA_CSV0000000000035331__30.csv,USA_CSV0000000000035331__9.csv,ComplianceCode,ComplianceCode
USA_CSV0000000000035331__30.csv,USA_CSV0000000000035331__9.csv,ProgramName,ProgramName
USA_CSV0000000000035331__11.csv,USA_CSV0000000000035331__30.csv,ProgramName,ProgramName
USA_CSV0000000000035331__20.csv,USA_CSV0000000000035331__30.csv,StationCode,StationCode
USA_CSV0000000000035331__30.csv,USA_CSV0000000000035331__9.csv,StationCode,StationCode
USA_CSV0000000000035331__11.csv,USA_CSV0000000000035331__30.csv,StationCode,StationCode
USA_CSV0000000000035331__30.csv,USA_CSV0000000000035331__9.csv,ResQualCode,ResQualCode
USA_CSV0000000000035331__20.csv,USA_CSV0000000000035331__30.csv,OrganismID,OrganismID
USA_CSV0000000000035331__30.csv,USA_CSV0000000000035331__9.csv,OrganismID,OrganismID
USA_CSV0000000000035331__11.csv,USA_CSV0000000000035331__30.csv,OrganismID,OrganismID
USA_CSV0000000000035331__30.csv,USA_CSV0000000000035331__9.csv,CompositeSampleDate,CompositeSampleDate
USA_CSV0000000000035331__11.csv,USA_CSV0000000000035331__30.csv,CompositeSampleDate,CompositeSampleDate
USA_CSV0000000000035331__30.csv,USA_CSV0000000000035331__9.csv,DilutionFactor,DilutionFactor
USA_CSV0000000000035331__30.csv,USA_CSV0000000000035331__9.csv,TotalLength,TotalLength
USA_CSV0000000000035331__11.csv,USA_CSV0000000000035331__30.csv,TotalLength,TotalLength
USA_CSV0000000000035412__0.csv,USA_CSV0000000000035412__14.csv,Arrival DtTm,Arrival DtTm
USA_CSV0000000000035412__0.csv,USA_CSV0000000000035412__8.csv,Civilian Fatalities,Civilian Fatalities
CAN_CSV0000000000010564.csv,USA_CSV0000000000035412__0.csv,Incident Number,Incident Number
CAN_CSV0000000000003410.csv,USA_CSV0000000000035412__0.csv,Incident Number,Incident Number
CAN_CSV0000000000003463.csv,USA_CSV0000000000035412__0.csv,Incident Number,Incident Number
USA_CSV0000000000035412__0.csv,USA_CSV0000000000035412__14.csv,Call Number,Call Number
USA_CSV0000000000035412__0.csv,USA_CSV0000000000035412__14.csv,Suppression Units,Suppression Units
UK_CSV0000000000003896__1.csv,UK_CSV0000000000003896__8.csv,Post-Op Q Wound,Post-Op Q Wound
UK_CSV0000000000002010__6.csv,UK_CSV0000000000003896__1.csv,Post-Op Q Wound,Post-Op Q Wound
UK_CSV0000000000003896__1.csv,UK_CSV0000000000003896__3.csv,Post-Op Q Wound,Post-Op Q Wound
UK_CSV0000000000003896__1.csv,UK_CSV0000000000003896__8.csv,Post-Op Q Self-Care,Post-Op Q Self-Care
UK_CSV0000000000003896__1.csv,UK_CSV0000000000006676__2.csv,Post-Op Q Self-Care,Post-Op Q Self-Care
UK_CSV0000000000003896__1.csv,UK_CSV0000000000003896__3.csv,Post-Op Q Self-Care,Post-Op Q Self-Care
UK_CSV0000000000003896__1.csv,UK_CSV0000000000003896__8.csv,Pre-Op Q EQ5D Index,Pre-Op Q EQ5D Index
UK_CSV0000000000003896__1.csv,UK_CSV0000000000006676__2.csv,Pre-Op Q EQ5D Index,Pre-Op Q EQ5D Index
UK_CSV0000000000003896__1.csv,UK_CSV0000000000003896__3.csv,Pre-Op Q EQ5D Index,Pre-Op Q EQ5D Index
UK_CSV0000000000003896__1.csv,UK_CSV0000000000007396__13.csv,Pre-Op Q EQ5D Index,Pre-Op Q EQ5D Index
UK_CSV0000000000004838__14.csv,UK_CSV0000000000004838__3.csv,LAST_EDIT_DATE,LAST_EDIT_DATE
UK_CSV0000000000004838__14.csv,UK_CSV0000000000004838__3.csv,PARENT_UID,PARENT_UID
CAN_CSV0000000000027349__23.csv,CAN_CSV0000000000027353__17.csv,LTNG_DIS_RMK,LTNG_DIS_RMK
CAN_CSV0000000000027349__23.csv,CAN_CSV0000000000027353__17.csv,OBS_DATETIME_UTC,OBS_DATETIME_UTC
CAN_CSV0000000000027349__20.csv,CAN_CSV0000000000027353__17.csv,OBS_DATETIME_UTC,OBS_DATETIME_UTC
CAN_CSV0000000000027346__12.csv,CAN_CSV0000000000027353__17.csv,OBS_DATETIME_UTC,OBS_DATETIME_UTC
CAN_CSV0000000000027353__17.csv,CAN_CSV0000000000027354__6.csv,OBS_DATETIME_UTC,OBS_DATETIME_UTC
CAN_CSV0000000000027349__21.csv,CAN_CSV0000000000027353__17.csv,OBS_DATETIME_UTC,OBS_DATETIME_UTC
CAN_CSV0000000000027346__14.csv,CAN_CSV0000000000027353__17.csv,OBS_DATETIME_UTC,OBS_DATETIME_UTC
CAN_CSV0000000000027349__23.csv,CAN_CSV0000000000027353__17.csv,AVG_MSLP_PST1MT,AVG_MSLP_PST1MT
CAN_CSV0000000000001487__35.csv,CAN_CSV0000000000027353__17.csv,AVG_MSLP_PST1MT,AVG_MSLP_PST1MT
CAN_CSV0000000000001487__9.csv,CAN_CSV0000000000027353__17.csv,AVG_MSLP_PST1MT,AVG_MSLP_PST1MT
CAN_CSV0000000000027349__20.csv,CAN_CSV0000000000027353__17.csv,AVG_MSLP_PST1MT,AVG_MSLP_PST1MT
CAN_CSV0000000000027349__21.csv,CAN_CSV0000000000027353__17.csv,AVG_MSLP_PST1MT,AVG_MSLP_PST1MT
CAN_CSV0000000000001487__34.csv,CAN_CSV0000000000027353__17.csv,AVG_MSLP_PST1MT,AVG_MSLP_PST1MT
CAN_CSV0000000000001487__8.csv,CAN_CSV0000000000027353__17.csv,AVG_MSLP_PST1MT,AVG_MSLP_PST1MT
USA_CSV0000000000035897__4.csv,USA_CSV0000000000035897__8.csv,HEAVY_TRUCK_COUNT,HEAVY_TRUCK_COUNT
USA_CSV0000000000035897__4.csv,USA_CSV0000000000035897__8.csv,HVY_TRUCK_RELATED,HVY_TRUCK_RELATED
USA_CSV0000000000035897__26.csv,USA_CSV0000000000035897__4.csv,HVY_TRUCK_RELATED,HVY_TRUCK_RELATED
USA_CSV0000000000035897__25.csv,USA_CSV0000000000035897__4.csv,HVY_TRUCK_RELATED,HVY_TRUCK_RELATED
USA_CSV0000000000035897__4.csv,USA_CSV0000000000035897__8.csv,MAJ_INJ_COUNT,MAJ_INJ_COUNT
USA_CSV0000000000035897__26.csv,USA_CSV0000000000035897__4.csv,MAJ_INJ_COUNT,MAJ_INJ_COUNT
USA_CSV0000000000035897__25.csv,USA_CSV0000000000035897__4.csv,MAJ_INJ_COUNT,MAJ_INJ_COUNT
USA_CSV0000000000035897__4.csv,USA_CSV0000000000035897__8.csv,STATE_ROAD,STATE_ROAD
USA_CSV0000000000035897__4.csv,USA_CSV0000000000035897__8.csv,DRUGGED_DRIVER,DRUGGED_DRIVER
USA_CSV0000000000035897__26.csv,USA_CSV0000000000035897__4.csv,DRUGGED_DRIVER,DRUGGED_DRIVER
USA_CSV0000000000035897__25.csv,USA_CSV0000000000035897__4.csv,DRUGGED_DRIVER,DRUGGED_DRIVER
USA_CSV0000000000035897__4.csv,USA_CSV0000000000035897__8.csv,DRIVER_COUNT_75PLUS,DRIVER_COUNT_75PLUS
USA_CSV0000000000035897__4.csv,USA_CSV0000000000035897__8.csv,DRINKING_DRIVER,DRINKING_DRIVER
USA_CSV0000000000035897__26.csv,USA_CSV0000000000035897__4.csv,HIT_BARRIER,HIT_BARRIER
USA_CSV0000000000035897__25.csv,USA_CSV0000000000035897__4.csv,HIT_BARRIER,HIT_BARRIER
USA_CSV0000000000035897__4.csv,USA_CSV0000000000035897__8.csv,PSP_REPORTED,PSP_REPORTED
USA_CSV0000000000035897__26.csv,USA_CSV0000000000035897__4.csv,DRIVER_75PLUS,DRIVER_75PLUS
USA_CSV0000000000035897__25.csv,USA_CSV0000000000035897__4.csv,DRIVER_75PLUS,DRIVER_75PLUS
USA_CSV0000000000035897__4.csv,USA_CSV0000000000035897__44.csv,UNB_DEATH_COUNT,UNB_DEATH_COUNT
USA_CSV0000000000035897__4.csv,USA_CSV0000000000035897__8.csv,SIGNALIZED_INT,SIGNALIZED_INT
USA_CSV0000000000035897__4.csv,USA_CSV0000000000035897__8.csv,VEHICLE_TOWED,VEHICLE_TOWED
USA_CSV0000000000035897__4.csv,USA_CSV0000000000035897__8.csv,MUNICIPALITY,MUNICIPALITY
USA_CSV0000000000035897__26.csv,USA_CSV0000000000035897__4.csv,MUNICIPALITY,MUNICIPALITY
USA_CSV0000000000035897__25.csv,USA_CSV0000000000035897__4.csv,MUNICIPALITY,MUNICIPALITY
USA_CSV0000000000035897__4.csv,USA_CSV0000000000035897__8.csv,SCH_ZONE_IND,SCH_ZONE_IND
USA_CSV0000000000035897__4.csv,USA_CSV0000000000035897__8.csv,INTERSECT_TYPE,INTERSECT_TYPE
USA_CSV0000000000035897__4.csv,USA_CSV0000000000035897__8.csv,INJURY_OR_FATAL,INJURY_OR_FATAL
USA_CSV0000000000035897__26.csv,USA_CSV0000000000035897__4.csv,LIMIT_65MPH,LIMIT_65MPH
USA_CSV0000000000035897__25.csv,USA_CSV0000000000035897__4.csv,LIMIT_65MPH,LIMIT_65MPH
USA_CSV0000000000035897__4.csv,USA_CSV0000000000035897__44.csv,LIMIT_65MPH,LIMIT_65MPH
USA_CSV0000000000035897__4.csv,USA_CSV0000000000035897__8.csv,UNK_INJ_DEG_COUNT,UNK_INJ_DEG_COUNT
USA_CSV0000000000035897__4.csv,USA_CSV0000000000035897__8.csv,MCYCLE_DEATH_COUNT,MCYCLE_DEATH_COUNT
USA_CSV0000000000035897__26.csv,USA_CSV0000000000035897__4.csv,MCYCLE_DEATH_COUNT,MCYCLE_DEATH_COUNT
USA_CSV0000000000035897__26.csv,USA_CSV0000000000035897__4.csv,OVERTURNED,OVERTURNED
USA_CSV0000000000035897__25.csv,USA_CSV0000000000035897__4.csv,OVERTURNED,OVERTURNED
USA_CSV0000000000035897__4.csv,USA_CSV0000000000035897__44.csv,CURVE_DVR_ERROR,CURVE_DVR_ERROR
USA_CSV0000000000035897__26.csv,USA_CSV0000000000035897__4.csv,PHANTOM_VEHICLE,PHANTOM_VEHICLE
USA_CSV0000000000035897__25.csv,USA_CSV0000000000035897__4.csv,PHANTOM_VEHICLE,PHANTOM_VEHICLE
USA_CSV0000000000035897__4.csv,USA_CSV0000000000035897__44.csv,CRASH_MONTH,CRASH_MONTH
USA_CSV0000000000035897__26.csv,USA_CSV0000000000035897__4.csv,SMALL_TRUCK_COUNT,SMALL_TRUCK_COUNT
USA_CSV0000000000035897__25.csv,USA_CSV0000000000035897__4.csv,SMALL_TRUCK_COUNT,SMALL_TRUCK_COUNT
USA_CSV0000000000035897__4.csv,USA_CSV0000000000035897__8.csv,POLICE_AGCY,POLICE_AGCY
USA_CSV0000000000037129__17.csv,USA_CSV0000000000037129__8.csv,pqv_ns_oth,pqv_ns_oth
SG_CSV0000000000000925__2.csv,SG_CSV0000000000000925__6.csv,socialnetwork_dp08,socialnetwork_dp08
SG_CSV0000000000000925__0.csv,SG_CSV0000000000000925__2.csv,socialnetwork_dp08,socialnetwork_dp08
SG_CSV0000000000000925__2.csv,SG_CSV0000000000001714__40.csv,socialnetwork_dp08,socialnetwork_dp08
SG_CSV0000000000000925__10.csv,SG_CSV0000000000000925__2.csv,ban_no_ofchildren,ban_no_ofchildren
SG_CSV0000000000000925__2.csv,SG_CSV0000000000000925__6.csv,ban_no_ofchildren,ban_no_ofchildren
SG_CSV0000000000000925__0.csv,SG_CSV0000000000000925__2.csv,ban_no_ofchildren,ban_no_ofchildren
SG_CSV0000000000000925__2.csv,SG_CSV0000000000000925__3.csv,ban_no_ofchildren,ban_no_ofchildren
SG_CSV0000000000000925__2.csv,SG_CSV0000000000000925__4.csv,ban_no_ofchildren,ban_no_ofchildren
SG_CSV0000000000000925__2.csv,SG_CSV0000000000000925__6.csv,ban_children1,ban_children1
SG_CSV0000000000000925__0.csv,SG_CSV0000000000000925__2.csv,ban_children1,ban_children1
SG_CSV0000000000000925__2.csv,SG_CSV0000000000000925__3.csv,ban_children1,ban_children1
SG_CSV0000000000000925__2.csv,SG_CSV0000000000000925__4.csv,ban_children1,ban_children1
SG_CSV0000000000000925__10.csv,SG_CSV0000000000000925__2.csv,ban_children4,ban_children4
SG_CSV0000000000000925__2.csv,SG_CSV0000000000000925__6.csv,ban_children4,ban_children4
SG_CSV0000000000000925__0.csv,SG_CSV0000000000000925__2.csv,ban_children4,ban_children4
SG_CSV0000000000000925__2.csv,SG_CSV0000000000001714__40.csv,ban_children4,ban_children4
SG_CSV0000000000000925__2.csv,SG_CSV0000000000000925__6.csv,ban_education1,ban_education1
SG_CSV0000000000000925__0.csv,SG_CSV0000000000000925__2.csv,ban_education1,ban_education1
SG_CSV0000000000000925__2.csv,SG_CSV0000000000000925__3.csv,ban_education1,ban_education1
SG_CSV0000000000000925__2.csv,SG_CSV0000000000000925__4.csv,ban_education1,ban_education1
SG_CSV0000000000000925__10.csv,SG_CSV0000000000000925__2.csv,yearbornin_1_slice,yearbornin_1_slice
SG_CSV0000000000000925__2.csv,SG_CSV0000000000000925__6.csv,highestlevel,highestlevel
SG_CSV0000000000000925__0.csv,SG_CSV0000000000000925__2.csv,highestlevel,highestlevel
SG_CSV0000000000000925__2.csv,SG_CSV0000000000000925__3.csv,highestlevel,highestlevel
SG_CSV0000000000000925__2.csv,SG_CSV0000000000000925__4.csv,highestlevel,highestlevel
SG_CSV0000000000000925__2.csv,SG_CSV0000000000001714__14.csv,highestlevel,highestlevel
SG_CSV0000000000000925__10.csv,SG_CSV0000000000000925__2.csv,livinginsg_2_slice,livinginsg_2_slice
SG_CSV0000000000000925__2.csv,SG_CSV0000000000000925__6.csv,livinginsg_2_slice,livinginsg_2_slice
SG_CSV0000000000000925__0.csv,SG_CSV0000000000000925__2.csv,livinginsg_2_slice,livinginsg_2_slice
SG_CSV0000000000000925__2.csv,SG_CSV0000000000000925__3.csv,livinginsg_2_slice,livinginsg_2_slice
SG_CSV0000000000000925__2.csv,SG_CSV0000000000000925__6.csv,livinginsg_3_slice,livinginsg_3_slice
SG_CSV0000000000000925__0.csv,SG_CSV0000000000000925__2.csv,livinginsg_3_slice,livinginsg_3_slice
SG_CSV0000000000000925__2.csv,SG_CSV0000000000000925__3.csv,livinginsg_3_slice,livinginsg_3_slice
SG_CSV0000000000000925__2.csv,SG_CSV0000000000000925__4.csv,livinginsg_3_slice,livinginsg_3_slice
SG_CSV0000000000000925__2.csv,SG_CSV0000000000000925__35.csv,ban_education4,ban_education4
SG_CSV0000000000000925__2.csv,SG_CSV0000000000000925__6.csv,ban_education4,ban_education4
SG_CSV0000000000000925__0.csv,SG_CSV0000000000000925__2.csv,ban_education4,ban_education4
SG_CSV0000000000000925__2.csv,SG_CSV0000000000000925__3.csv,ban_education4,ban_education4
SG_CSV0000000000000925__2.csv,SG_CSV0000000000000925__4.csv,ban_education4,ban_education4
SG_CSV0000000000000925__2.csv,SG_CSV0000000000001714__6.csv,ban_education4,ban_education4
CAN_CSV0000000000001337__0.csv,CAN_CSV0000000000001337__3.csv,SUBDIVISION_ENM,SUBDIVISION_ENM
CAN_CSV0000000000001337__0.csv,CAN_CSV0000000000001337__3.csv,OCCURRENCETIME,OCCURRENCETIME
CAN_CSV0000000000001337__0.csv,CAN_CSV0000000000001337__3.csv,DAYORNIGHT,DAYORNIGHT
USA_CSV0000000000035331__11.csv,USA_CSV0000000000035331__9.csv,UnitTissueWeight,UnitTissueWeight
USA_CSV0000000000035331__11.csv,USA_CSV0000000000035331__30.csv,UnitTissueWeight,UnitTissueWeight
USA_CSV0000000000035331__11.csv,USA_CSV0000000000035331__9.csv,SamplingAgency,SamplingAgency
USA_CSV0000000000035331__11.csv,USA_CSV0000000000035331__9.csv,WeightAvg(g),WeightAvg(g)
USA_CSV0000000000035331__11.csv,USA_CSV0000000000035331__9.csv,TotalLength,TotalLength
USA_CSV0000000000035331__11.csv,USA_CSV0000000000035331__9.csv,DigestExtractMethod,DigestExtractMethod
USA_CSV0000000000035331__11.csv,USA_CSV0000000000035331__30.csv,DigestExtractMethod,DigestExtractMethod
USA_CSV0000000000035331__11.csv,USA_CSV0000000000035331__9.csv,TLAvgLength(mm),TLAvgLength(mm)
USA_CSV0000000000035331__11.csv,USA_CSV0000000000035331__9.csv,CompositeLatitude,CompositeLatitude
USA_CSV0000000000035331__11.csv,USA_CSV0000000000035331__30.csv,CompositeLatitude,CompositeLatitude
USA_CSV0000000000035331__11.csv,USA_CSV0000000000035331__9.csv,AnalyzingAgency,AnalyzingAgency
USA_CSV0000000000035331__11.csv,USA_CSV0000000000035331__30.csv,AnalyzingAgency,AnalyzingAgency
USA_CSV0000000000035331__11.csv,USA_CSV0000000000035331__9.csv,ProgramName,ProgramName
USA_CSV0000000000035331__11.csv,USA_CSV0000000000035331__30.csv,ProgramName,ProgramName
USA_CSV0000000000035331__11.csv,USA_CSV0000000000035331__9.csv,CompositeReplicate,CompositeReplicate
USA_CSV0000000000035331__11.csv,USA_CSV0000000000035331__20.csv,StationCode,StationCode
USA_CSV0000000000035331__11.csv,USA_CSV0000000000035331__9.csv,StationCode,StationCode
USA_CSV0000000000035331__11.csv,USA_CSV0000000000035331__30.csv,StationCode,StationCode
USA_CSV0000000000035331__11.csv,USA_CSV0000000000035331__20.csv,SampleDate,SampleDate
USA_CSV0000000000035331__11.csv,USA_CSV0000000000035331__9.csv,SampleDate,SampleDate
USA_CSV0000000000035331__11.csv,USA_CSV0000000000035331__20.csv,HomogonizedDate,HomogonizedDate
USA_CSV0000000000035331__11.csv,USA_CSV0000000000035331__9.csv,HomogonizedDate,HomogonizedDate
USA_CSV0000000000035331__11.csv,USA_CSV0000000000035331__9.csv,LabSubmissionCode,LabSubmissionCode
USA_CSV0000000000035331__11.csv,USA_CSV0000000000035331__9.csv,ResQualCode,ResQualCode
USA_CSV0000000000035331__11.csv,USA_CSV0000000000035331__30.csv,ResQualCode,ResQualCode
USA_CSV0000000000035331__11.csv,USA_CSV0000000000035331__20.csv,TissueResultRowID,TissueResultRowID
USA_CSV0000000000035331__11.csv,USA_CSV0000000000035331__9.csv,TissueResultRowID,TissueResultRowID
USA_CSV0000000000035331__11.csv,USA_CSV0000000000035331__9.csv,SubmittingAgency,SubmittingAgency
USA_CSV0000000000035331__11.csv,USA_CSV0000000000035331__9.csv,CompositeSampleDate,CompositeSampleDate
USA_CSV0000000000035331__11.csv,USA_CSV0000000000035331__30.csv,CompositeSampleDate,CompositeSampleDate
USA_CSV0000000000035331__11.csv,USA_CSV0000000000035331__9.csv,DilutionFactor,DilutionFactor
USA_CSV0000000000035331__11.csv,USA_CSV0000000000035331__9.csv,AnalysisDate,AnalysisDate
USA_CSV0000000000035331__11.csv,USA_CSV0000000000035331__9.csv,UnitLengthFish,UnitLengthFish
USA_CSV0000000000033847__10.csv,USA_CSV0000000000034882__26.csv,STD_VOLUME_GROUP,STD_VOLUME_GROUP
USA_CSV0000000000033847__10.csv,USA_CSV0000000000037101__3.csv,STD_VOLUME_GROUP,STD_VOLUME_GROUP
USA_CSV0000000000033847__10.csv,USA_CSV0000000000034882__14.csv,STD_VOLUME_GROUP,STD_VOLUME_GROUP
USA_CSV0000000000033847__10.csv,USA_CSV0000000000037101__16.csv,STD_VOLUME_GROUP,STD_VOLUME_GROUP
USA_CSV0000000000033847__10.csv,USA_CSV0000000000034882__26.csv,TYPE_FACILITY,TYPE_FACILITY
USA_CSV0000000000033847__10.csv,USA_CSV0000000000037101__16.csv,TYPE_FACILITY,TYPE_FACILITY
USA_CSV0000000000033847__10.csv,USA_CSV0000000000033847__17.csv,TYPE_FACILITY,TYPE_FACILITY
USA_CSV0000000000033847__10.csv,USA_CSV0000000000037101__3.csv,SECTION_ID,SECTION_ID
USA_CSV0000000000033847__10.csv,USA_CSV0000000000034882__14.csv,SECTION_ID,SECTION_ID
USA_CSV0000000000033847__10.csv,USA_CSV0000000000034882__12.csv,SECTION_ID,SECTION_ID
USA_CSV0000000000033847__10.csv,USA_CSV0000000000037101__20.csv,PEAK_LANES,PEAK_LANES
USA_CSV0000000000033847__10.csv,USA_CSV0000000000037101__3.csv,PEAK_LANES,PEAK_LANES
USA_CSV0000000000033847__10.csv,USA_CSV0000000000034882__14.csv,PEAK_LANES,PEAK_LANES
USA_CSV0000000000033847__10.csv,USA_CSV0000000000034882__12.csv,PEAK_LANES,PEAK_LANES
USA_CSV0000000000033847__10.csv,USA_CSV0000000000034882__9.csv,PEAK_LANES,PEAK_LANES
USA_CSV0000000000033847__10.csv,USA_CSV0000000000033847__5.csv,HORZ_ALIGN,HORZ_ALIGN
USA_CSV0000000000033847__10.csv,USA_CSV0000000000034882__26.csv,HORZ_ALIGN,HORZ_ALIGN
USA_CSV0000000000033847__10.csv,USA_CSV0000000000033847__5.csv,PEAK_CAPACITY,PEAK_CAPACITY
USA_CSV0000000000033847__10.csv,USA_CSV0000000000034882__14.csv,PEAK_CAPACITY,PEAK_CAPACITY
USA_CSV0000000000033847__10.csv,USA_CSV0000000000033847__4.csv,PEAK_CAPACITY,PEAK_CAPACITY
USA_CSV0000000000033847__10.csv,USA_CSV0000000000037101__27.csv,AT_GRADE_OTHER,AT_GRADE_OTHER
USA_CSV0000000000033847__10.csv,USA_CSV0000000000037101__3.csv,ACCESS_CONTROL,ACCESS_CONTROL
USA_CSV0000000000033847__10.csv,USA_CSV0000000000034882__26.csv,ACCESS_CONTROL,ACCESS_CONTROL
USA_CSV0000000000033847__10.csv,USA_CSV0000000000034882__14.csv,ACCESS_CONTROL,ACCESS_CONTROL
USA_CSV0000000000033847__10.csv,USA_CSV0000000000037101__3.csv,IS_GROUPED,IS_GROUPED
USA_CSV0000000000033847__10.csv,USA_CSV0000000000034882__26.csv,IS_GROUPED,IS_GROUPED
USA_CSV0000000000033847__10.csv,USA_CSV0000000000037101__3.csv,TYPE_SIGNAL,TYPE_SIGNAL
USA_CSV0000000000033847__10.csv,USA_CSV0000000000034882__14.csv,TYPE_SIGNAL,TYPE_SIGNAL
USA_CSV0000000000033847__10.csv,USA_CSV0000000000034882__22.csv,TYPE_SIGNAL,TYPE_SIGNAL
USA_CSV0000000000033847__10.csv,USA_CSV0000000000034882__12.csv,TYPE_SIGNAL,TYPE_SIGNAL
USA_CSV0000000000033847__10.csv,USA_CSV0000000000037101__20.csv,TRUCK_ROUTE,TRUCK_ROUTE
USA_CSV0000000000033847__10.csv,USA_CSV0000000000037101__3.csv,TRUCK_ROUTE,TRUCK_ROUTE
USA_CSV0000000000033847__10.csv,USA_CSV0000000000034882__14.csv,TRUCK_ROUTE,TRUCK_ROUTE
USA_CSV0000000000033847__10.csv,USA_CSV0000000000034882__26.csv,MEDIAN_WIDTH,MEDIAN_WIDTH
USA_CSV0000000000033847__10.csv,USA_CSV0000000000037101__27.csv,MEDIAN_WIDTH,MEDIAN_WIDTH
USA_CSV0000000000033847__10.csv,USA_CSV0000000000034882__25.csv,MEDIAN_WIDTH,MEDIAN_WIDTH
USA_CSV0000000000033847__10.csv,USA_CSV0000000000034882__29.csv,MEDIAN_WIDTH,MEDIAN_WIDTH
USA_CSV0000000000033847__10.csv,USA_CSV0000000000033847__5.csv,URBAN_CODE,URBAN_CODE
USA_CSV0000000000033847__10.csv,USA_CSV0000000000037101__3.csv,URBAN_CODE,URBAN_CODE
USA_CSV0000000000033847__10.csv,USA_CSV0000000000034882__14.csv,URBAN_CODE,URBAN_CODE
USA_CSV0000000000033847__10.csv,USA_CSV0000000000033847__4.csv,URBAN_CODE,URBAN_CODE
USA_CSV0000000000033847__10.csv,USA_CSV0000000000034882__12.csv,URBAN_CODE,URBAN_CODE
USA_CSV0000000000033847__10.csv,USA_CSV0000000000034882__26.csv,INTER_ROUTE_NUMBER,INTER_ROUTE_NUMBER
USA_CSV0000000000033847__10.csv,USA_CSV0000000000033847__17.csv,INTER_ROUTE_NUMBER,INTER_ROUTE_NUMBER
USA_CSV0000000000033847__10.csv,USA_CSV0000000000033847__5.csv,TURN_LANES_L,TURN_LANES_L
USA_CSV0000000000033847__10.csv,USA_CSV0000000000034882__26.csv,TURN_LANES_L,TURN_LANES_L
USA_CSV0000000000033847__10.csv,USA_CSV0000000000037101__20.csv,TURN_LANES_L,TURN_LANES_L
USA_CSV0000000000033847__10.csv,USA_CSV0000000000037101__3.csv,TURN_LANES_L,TURN_LANES_L
USA_CSV0000000000033847__10.csv,USA_CSV0000000000034882__26.csv,PAVEMENT_TYPE,PAVEMENT_TYPE
USA_CSV0000000000033847__10.csv,USA_CSV0000000000034882__14.csv,PAVEMENT_TYPE,PAVEMENT_TYPE
USA_CSV0000000000033847__10.csv,USA_CSV0000000000034882__12.csv,PAVEMENT_TYPE,PAVEMENT_TYPE
USA_CSV0000000000033847__10.csv,USA_CSV0000000000033847__5.csv,ROUTE_NUMBER,ROUTE_NUMBER
USA_CSV0000000000033847__10.csv,USA_CSV0000000000037101__20.csv,ROUTE_NUMBER,ROUTE_NUMBER
USA_CSV0000000000033847__10.csv,USA_CSV0000000000037101__3.csv,ROUTE_NUMBER,ROUTE_NUMBER
USA_CSV0000000000033847__10.csv,USA_CSV0000000000033847__4.csv,ROUTE_NUMBER,ROUTE_NUMBER
USA_CSV0000000000033847__10.csv,USA_CSV0000000000034882__14.csv,PEAK_PARKING,PEAK_PARKING
USA_CSV0000000000033847__10.csv,USA_CSV0000000000035897__26.csv,SPEED_LIMIT,SPEED_LIMIT
USA_CSV0000000000033847__10.csv,USA_CSV0000000000035897__25.csv,SPEED_LIMIT,SPEED_LIMIT
USA_CSV0000000000033847__10.csv,USA_CSV0000000000037101__20.csv,COUNTY_CODE,COUNTY_CODE
USA_CSV0000000000033847__10.csv,USA_CSV0000000000037101__3.csv,COUNTY_CODE,COUNTY_CODE
USA_CSV0000000000033847__10.csv,USA_CSV0000000000037101__16.csv,COUNTY_CODE,COUNTY_CODE
USA_CSV0000000000033847__10.csv,USA_CSV0000000000033847__5.csv,SAMPLING_TECH,SAMPLING_TECH
USA_CSV0000000000033847__10.csv,USA_CSV0000000000037101__16.csv,SAMPLING_TECH,SAMPLING_TECH
USA_CSV0000000000033847__10.csv,USA_CSV0000000000033847__4.csv,SAMPLING_TECH,SAMPLING_TECH
USA_CSV0000000000033847__10.csv,USA_CSV0000000000033847__5.csv,YEAR_RECORD,YEAR_RECORD
USA_CSV0000000000033847__10.csv,USA_CSV0000000000034882__26.csv,YEAR_RECORD,YEAR_RECORD
CAN_CSV0000000000001337__3.csv,CAN_CSV0000000000001337__4.csv,SUBDIVISION_ENM,SUBDIVISION_ENM
CAN_CSV0000000000001337__0.csv,CAN_CSV0000000000001337__4.csv,SUBDIVISION_ENM,SUBDIVISION_ENM
CAN_CSV0000000000001337__3.csv,CAN_CSV0000000000001337__4.csv,OCCURRENCETIME,OCCURRENCETIME
CAN_CSV0000000000001337__0.csv,CAN_CSV0000000000001337__4.csv,OCCURRENCETIME,OCCURRENCETIME
CAN_CSV0000000000001337__3.csv,CAN_CSV0000000000001337__4.csv,DAYORNIGHT,DAYORNIGHT
CAN_CSV0000000000001337__0.csv,CAN_CSV0000000000001337__4.csv,DAYORNIGHT,DAYORNIGHT
USA_CSV0000000000035897__44.csv,USA_CSV0000000000035897__8.csv,STATE_ROAD,STATE_ROAD
USA_CSV0000000000035897__4.csv,USA_CSV0000000000035897__44.csv,STATE_ROAD,STATE_ROAD
USA_CSV0000000000035897__44.csv,USA_CSV0000000000035897__8.csv,STOP_CONTROLLED_INT,STOP_CONTROLLED_INT
USA_CSV0000000000035897__26.csv,USA_CSV0000000000035897__44.csv,STOP_CONTROLLED_INT,STOP_CONTROLLED_INT
USA_CSV0000000000035897__25.csv,USA_CSV0000000000035897__44.csv,STOP_CONTROLLED_INT,STOP_CONTROLLED_INT
USA_CSV0000000000035897__44.csv,USA_CSV0000000000035897__8.csv,DRINKING_DRIVER,DRINKING_DRIVER
USA_CSV0000000000035897__4.csv,USA_CSV0000000000035897__44.csv,DRINKING_DRIVER,DRINKING_DRIVER
USA_CSV0000000000035897__26.csv,USA_CSV0000000000035897__44.csv,DRINKING_DRIVER,DRINKING_DRIVER
USA_CSV0000000000035897__25.csv,USA_CSV0000000000035897__44.csv,DRINKING_DRIVER,DRINKING_DRIVER
USA_CSV0000000000035897__44.csv,USA_CSV0000000000035897__8.csv,HIT_FIXED_OBJECT,HIT_FIXED_OBJECT
USA_CSV0000000000035897__44.csv,USA_CSV0000000000035897__8.csv,NTFY_HIWY_MAINT,NTFY_HIWY_MAINT
USA_CSV0000000000035897__26.csv,USA_CSV0000000000035897__44.csv,CELL_PHONE,CELL_PHONE
USA_CSV0000000000035897__25.csv,USA_CSV0000000000035897__44.csv,CELL_PHONE,CELL_PHONE
USA_CSV0000000000035897__44.csv,USA_CSV0000000000035897__8.csv,ACCESS_CTRL,ACCESS_CTRL
USA_CSV0000000000035897__4.csv,USA_CSV0000000000035897__44.csv,DRIVER_16YR,DRIVER_16YR
USA_CSV0000000000035897__26.csv,USA_CSV0000000000035897__44.csv,DRIVER_COUNT_17YR,DRIVER_COUNT_17YR
USA_CSV0000000000035897__25.csv,USA_CSV0000000000035897__44.csv,DRIVER_COUNT_17YR,DRIVER_COUNT_17YR
USA_CSV0000000000035897__44.csv,USA_CSV0000000000035897__8.csv,RUNNING_STOP_SIGN,RUNNING_STOP_SIGN
USA_CSV0000000000035897__26.csv,USA_CSV0000000000035897__44.csv,RUNNING_STOP_SIGN,RUNNING_STOP_SIGN
USA_CSV0000000000035897__25.csv,USA_CSV0000000000035897__44.csv,RUNNING_STOP_SIGN,RUNNING_STOP_SIGN
USA_CSV0000000000035897__44.csv,USA_CSV0000000000035897__8.csv,UNSIGNALIZED_INT,UNSIGNALIZED_INT
USA_CSV0000000000035897__44.csv,USA_CSV0000000000035897__8.csv,NON_INTERSECTION,NON_INTERSECTION
USA_CSV0000000000035897__26.csv,USA_CSV0000000000035897__44.csv,NON_INTERSECTION,NON_INTERSECTION
USA_CSV0000000000035897__25.csv,USA_CSV0000000000035897__44.csv,NON_INTERSECTION,NON_INTERSECTION
USA_CSV0000000000035897__44.csv,USA_CSV0000000000035897__8.csv,BICYCLE_COUNT,BICYCLE_COUNT
USA_CSV0000000000035897__26.csv,USA_CSV0000000000035897__44.csv,HIT_PARKED_VEHICLE,HIT_PARKED_VEHICLE
USA_CSV0000000000035897__25.csv,USA_CSV0000000000035897__44.csv,HIT_PARKED_VEHICLE,HIT_PARKED_VEHICLE
USA_CSV0000000000035897__44.csv,USA_CSV0000000000035897__8.csv,SIGNALIZED_INT,SIGNALIZED_INT
USA_CSV0000000000035897__4.csv,USA_CSV0000000000035897__44.csv,SIGNALIZED_INT,SIGNALIZED_INT
USA_CSV0000000000035897__44.csv,USA_CSV0000000000035897__8.csv,VEHICLE_TOWED,VEHICLE_TOWED
USA_CSV0000000000035897__4.csv,USA_CSV0000000000035897__44.csv,VEHICLE_TOWED,VEHICLE_TOWED
USA_CSV0000000000035897__4.csv,USA_CSV0000000000035897__44.csv,NHTSA_AGG_DRIVING,NHTSA_AGG_DRIVING
USA_CSV0000000000035897__44.csv,USA_CSV0000000000035897__8.csv,MUNICIPALITY,MUNICIPALITY
USA_CSV0000000000035897__4.csv,USA_CSV0000000000035897__44.csv,MUNICIPALITY,MUNICIPALITY
USA_CSV0000000000035897__26.csv,USA_CSV0000000000035897__44.csv,MUNICIPALITY,MUNICIPALITY
USA_CSV0000000000035897__25.csv,USA_CSV0000000000035897__44.csv,MUNICIPALITY,MUNICIPALITY
USA_CSV0000000000035897__4.csv,USA_CSV0000000000035897__44.csv,UNB_DEATH_COUNT,UNB_DEATH_COUNT
USA_CSV0000000000035897__44.csv,USA_CSV0000000000035897__8.csv,HIT_GDRAIL_END,HIT_GDRAIL_END
USA_CSV0000000000035897__44.csv,USA_CSV0000000000035897__8.csv,FATAL_OR_MAJ_INJ,FATAL_OR_MAJ_INJ
USA_CSV0000000000035897__26.csv,USA_CSV0000000000035897__44.csv,FATAL_OR_MAJ_INJ,FATAL_OR_MAJ_INJ
USA_CSV0000000000035897__25.csv,USA_CSV0000000000035897__44.csv,FATAL_OR_MAJ_INJ,FATAL_OR_MAJ_INJ
USA_CSV0000000000035897__4.csv,USA_CSV0000000000035897__44.csv,BELTED_DEATH_COUNT,BELTED_DEATH_COUNT
USA_CSV0000000000035897__26.csv,USA_CSV0000000000035897__44.csv,URBAN_RURAL,URBAN_RURAL
USA_CSV0000000000035897__25.csv,USA_CSV0000000000035897__44.csv,URBAN_RURAL,URBAN_RURAL
USA_CSV0000000000035897__44.csv,USA_CSV0000000000035897__8.csv,INJURY_OR_FATAL,INJURY_OR_FATAL
USA_CSV0000000000035897__4.csv,USA_CSV0000000000035897__44.csv,INJURY_OR_FATAL,INJURY_OR_FATAL
USA_CSV0000000000035897__26.csv,USA_CSV0000000000035897__44.csv,LANE_COUNT,LANE_COUNT
USA_CSV0000000000035897__25.csv,USA_CSV0000000000035897__44.csv,LANE_COUNT,LANE_COUNT
USA_CSV0000000000035897__4.csv,USA_CSV0000000000035897__44.csv,LIMIT_65MPH,LIMIT_65MPH
USA_CSV0000000000035897__26.csv,USA_CSV0000000000035897__44.csv,LIMIT_65MPH,LIMIT_65MPH
USA_CSV0000000000035897__25.csv,USA_CSV0000000000035897__44.csv,LIMIT_65MPH,LIMIT_65MPH
USA_CSV0000000000035897__44.csv,USA_CSV0000000000035897__8.csv,SHLDR_RELATED,SHLDR_RELATED
USA_CSV0000000000035897__4.csv,USA_CSV0000000000035897__44.csv,UNB_MAJ_INJ_COUNT,UNB_MAJ_INJ_COUNT
USA_CSV0000000000035897__4.csv,USA_CSV0000000000035897__44.csv,ALCOHOL_RELATED,ALCOHOL_RELATED
USA_CSV0000000000035897__4.csv,USA_CSV0000000000035897__44.csv,CURVE_DVR_ERROR,CURVE_DVR_ERROR
USA_CSV0000000000035897__26.csv,USA_CSV0000000000035897__44.csv,BICYCLE_DEATH_COUNT,BICYCLE_DEATH_COUNT
USA_CSV0000000000035897__25.csv,USA_CSV0000000000035897__44.csv,BICYCLE_DEATH_COUNT,BICYCLE_DEATH_COUNT
USA_CSV0000000000035897__26.csv,USA_CSV0000000000035897__44.csv,DEER_RELATED,DEER_RELATED
USA_CSV0000000000035897__25.csv,USA_CSV0000000000035897__44.csv,DEER_RELATED,DEER_RELATED
USA_CSV0000000000035897__26.csv,USA_CSV0000000000035897__44.csv,INTERSTATE,INTERSTATE
USA_CSV0000000000035897__25.csv,USA_CSV0000000000035897__44.csv,INTERSTATE,INTERSTATE
USA_CSV0000000000035897__4.csv,USA_CSV0000000000035897__44.csv,CRASH_MONTH,CRASH_MONTH
USA_CSV0000000000035897__4.csv,USA_CSV0000000000035897__44.csv,RUNNING_RED_LT,RUNNING_RED_LT
USA_CSV0000000000035897__44.csv,USA_CSV0000000000035897__8.csv,TAILGATING,TAILGATING
USA_CSV0000000000035897__26.csv,USA_CSV0000000000035897__44.csv,TAILGATING,TAILGATING
USA_CSV0000000000035897__25.csv,USA_CSV0000000000035897__44.csv,TAILGATING,TAILGATING
USA_CSV0000000000035897__44.csv,USA_CSV0000000000035897__8.csv,WORK_ZONE_IND,WORK_ZONE_IND
USA_CSV0000000000035897__4.csv,USA_CSV0000000000035897__44.csv,MAJOR_INJURY,MAJOR_INJURY
CAN_CSV0000000000001735__4.csv,CAN_CSV0000000000002115__26.csv,Province/Canada,Province/Canada
SG_CSV0000000000000028__5.csv,SG_CSV0000000000000044__6.csv,issuance_agency_id,issuance_agency_id
CAN_CSV0000000000001797__45.csv,CAN_CSV0000000000001797__5.csv,RentLocation,RentLocation
CAN_CSV0000000000001724__45.csv,CAN_CSV0000000000001797__45.csv,RentLocation,RentLocation
CAN_CSV0000000000001797__43.csv,CAN_CSV0000000000001797__45.csv,RentLocation,RentLocation
CAN_CSV0000000000001797__13.csv,CAN_CSV0000000000001797__45.csv,RentLocation,RentLocation
CAN_CSV0000000000001787__8.csv,CAN_CSV0000000000001797__45.csv,RentLocation,RentLocation
CAN_CSV0000000000001724__11.csv,CAN_CSV0000000000001797__45.csv,RentLocation,RentLocation
CAN_CSV0000000000027353__2.csv,CAN_CSV0000000000027354__2.csv,AVG_STN_PRES_PST1MT,AVG_STN_PRES_PST1MT
CAN_CSV0000000000027346__14.csv,CAN_CSV0000000000027353__2.csv,AVG_STN_PRES_PST1MT,AVG_STN_PRES_PST1MT
CAN_CSV0000000000027349__23.csv,CAN_CSV0000000000027353__2.csv,DATA_PAYLOAD_URI,DATA_PAYLOAD_URI
CAN_CSV0000000000001487__9.csv,CAN_CSV0000000000027353__2.csv,DATA_PAYLOAD_URI,DATA_PAYLOAD_URI
CAN_CSV0000000000027349__20.csv,CAN_CSV0000000000027353__2.csv,DATA_PAYLOAD_URI,DATA_PAYLOAD_URI
CAN_CSV0000000000001487__25.csv,CAN_CSV0000000000027353__2.csv,DATA_PAYLOAD_URI,DATA_PAYLOAD_URI
CAN_CSV0000000000027349__21.csv,CAN_CSV0000000000027353__2.csv,DATA_PAYLOAD_URI,DATA_PAYLOAD_URI
CAN_CSV0000000000027353__2.csv,CAN_CSV0000000000027355__11.csv,DATA_PAYLOAD_URI,DATA_PAYLOAD_URI
CAN_CSV0000000000001487__28.csv,CAN_CSV0000000000027353__2.csv,DATA_PAYLOAD_URI,DATA_PAYLOAD_URI
CAN_CSV0000000000001487__8.csv,CAN_CSV0000000000027353__2.csv,DATA_PAYLOAD_URI,DATA_PAYLOAD_URI
CAN_CSV0000000000027346__12.csv,CAN_CSV0000000000027353__2.csv,PRSNT_WX_1,PRSNT_WX_1
CAN_CSV0000000000027346__14.csv,CAN_CSV0000000000027353__2.csv,PRSNT_WX_1,PRSNT_WX_1
CAN_CSV0000000000001487__35.csv,CAN_CSV0000000000027353__2.csv,CLD_AMT_CODE_1,CLD_AMT_CODE_1
CAN_CSV0000000000001487__9.csv,CAN_CSV0000000000027353__2.csv,CLD_AMT_CODE_1,CLD_AMT_CODE_1
CAN_CSV0000000000027353__2.csv,CAN_CSV0000000000027355__11.csv,CLD_AMT_CODE_1,CLD_AMT_CODE_1
CAN_CSV0000000000001487__9.csv,CAN_CSV0000000000027353__2.csv,AVG_VIS_PST10MTS,AVG_VIS_PST10MTS
CAN_CSV0000000000001487__25.csv,CAN_CSV0000000000027353__2.csv,AVG_VIS_PST10MTS,AVG_VIS_PST10MTS
CAN_CSV0000000000001487__28.csv,CAN_CSV0000000000027353__2.csv,AVG_VIS_PST10MTS,AVG_VIS_PST10MTS
CAN_CSV0000000000001487__8.csv,CAN_CSV0000000000027353__2.csv,AVG_VIS_PST10MTS,AVG_VIS_PST10MTS
CAN_CSV0000000000001487__35.csv,CAN_CSV0000000000027353__2.csv,ICAO_STN_ID,ICAO_STN_ID
CAN_CSV0000000000001487__9.csv,CAN_CSV0000000000027353__2.csv,ICAO_STN_ID,ICAO_STN_ID
CAN_CSV0000000000001487__34.csv,CAN_CSV0000000000027353__2.csv,ICAO_STN_ID,ICAO_STN_ID
CAN_CSV0000000000001487__8.csv,CAN_CSV0000000000027353__2.csv,ICAO_STN_ID,ICAO_STN_ID
CAN_CSV0000000000027349__23.csv,CAN_CSV0000000000027353__2.csv,DATA_ATTRIB_NOT,DATA_ATTRIB_NOT
CAN_CSV0000000000027349__20.csv,CAN_CSV0000000000027353__2.csv,DATA_ATTRIB_NOT,DATA_ATTRIB_NOT
CAN_CSV0000000000001487__25.csv,CAN_CSV0000000000027353__2.csv,DATA_ATTRIB_NOT,DATA_ATTRIB_NOT
CAN_CSV0000000000027353__2.csv,CAN_CSV0000000000027354__6.csv,DATA_ATTRIB_NOT,DATA_ATTRIB_NOT
CAN_CSV0000000000027349__21.csv,CAN_CSV0000000000027353__2.csv,DATA_ATTRIB_NOT,DATA_ATTRIB_NOT
CAN_CSV0000000000001487__28.csv,CAN_CSV0000000000027353__2.csv,DATA_ATTRIB_NOT,DATA_ATTRIB_NOT
CAN_CSV0000000000001487__25.csv,CAN_CSV0000000000027353__2.csv,MAX_AIR_TEMP_PST1HR,MAX_AIR_TEMP_PST1HR
CAN_CSV0000000000027353__2.csv,CAN_CSV0000000000027355__11.csv,MAX_AIR_TEMP_PST1HR,MAX_AIR_TEMP_PST1HR
CAN_CSV0000000000001487__28.csv,CAN_CSV0000000000027353__2.csv,MAX_AIR_TEMP_PST1HR,MAX_AIR_TEMP_PST1HR
CAN_CSV0000000000001487__26.csv,CAN_CSV0000000000027353__2.csv,MAX_AIR_TEMP_PST1HR,MAX_AIR_TEMP_PST1HR
CAN_CSV0000000000027353__2.csv,CAN_CSV0000000000027354__6.csv,MIN_AIR_TEMP_PST1HR,MIN_AIR_TEMP_PST1HR
CAN_CSV0000000000027346__14.csv,CAN_CSV0000000000027353__2.csv,MIN_AIR_TEMP_PST1HR,MIN_AIR_TEMP_PST1HR
USA_CSV0000000000035331__30.csv,USA_CSV0000000000035331__9.csv,UnitTissueWeight,UnitTissueWeight
USA_CSV0000000000035331__11.csv,USA_CSV0000000000035331__9.csv,UnitTissueWeight,UnitTissueWeight
USA_CSV0000000000035331__11.csv,USA_CSV0000000000035331__9.csv,SamplingAgency,SamplingAgency
USA_CSV0000000000035331__11.csv,USA_CSV0000000000035331__9.csv,WeightAvg(g),WeightAvg(g)
USA_CSV0000000000035331__30.csv,USA_CSV0000000000035331__9.csv,DigestExtractMethod,DigestExtractMethod
USA_CSV0000000000035331__11.csv,USA_CSV0000000000035331__9.csv,DigestExtractMethod,DigestExtractMethod
USA_CSV0000000000035331__11.csv,USA_CSV0000000000035331__9.csv,TLAvgLength(mm),TLAvgLength(mm)
USA_CSV0000000000035331__30.csv,USA_CSV0000000000035331__9.csv,AnalyzingAgency,AnalyzingAgency
USA_CSV0000000000035331__11.csv,USA_CSV0000000000035331__9.csv,AnalyzingAgency,AnalyzingAgency
USA_CSV0000000000035331__30.csv,USA_CSV0000000000035331__9.csv,ProgramName,ProgramName
USA_CSV0000000000035331__11.csv,USA_CSV0000000000035331__9.csv,ProgramName,ProgramName
USA_CSV0000000000035331__20.csv,USA_CSV0000000000035331__9.csv,StationCode,StationCode
USA_CSV0000000000035331__30.csv,USA_CSV0000000000035331__9.csv,StationCode,StationCode
USA_CSV0000000000035331__11.csv,USA_CSV0000000000035331__9.csv,StationCode,StationCode
USA_CSV0000000000035331__20.csv,USA_CSV0000000000035331__9.csv,SampleDate,SampleDate
USA_CSV0000000000035331__20.csv,USA_CSV0000000000035331__9.csv,HomogonizedDate,HomogonizedDate
USA_CSV0000000000035331__11.csv,USA_CSV0000000000035331__9.csv,HomogonizedDate,HomogonizedDate
USA_CSV0000000000035331__30.csv,USA_CSV0000000000035331__9.csv,LabSubmissionCode,LabSubmissionCode
USA_CSV0000000000035331__11.csv,USA_CSV0000000000035331__9.csv,LabSubmissionCode,LabSubmissionCode
USA_CSV0000000000035331__20.csv,USA_CSV0000000000035331__9.csv,OrganismID,OrganismID
USA_CSV0000000000035331__11.csv,USA_CSV0000000000035331__9.csv,OrganismID,OrganismID
USA_CSV0000000000035331__20.csv,USA_CSV0000000000035331__9.csv,TissueResultRowID,TissueResultRowID
USA_CSV0000000000035331__11.csv,USA_CSV0000000000035331__9.csv,SubmittingAgency,SubmittingAgency
USA_CSV0000000000035331__20.csv,USA_CSV0000000000035331__9.csv,OrganismWeight,OrganismWeight
USA_CSV0000000000035331__30.csv,USA_CSV0000000000035331__9.csv,CompositeSampleDate,CompositeSampleDate
USA_CSV0000000000035331__11.csv,USA_CSV0000000000035331__9.csv,CompositeSampleDate,CompositeSampleDate
USA_CSV0000000000035331__11.csv,USA_CSV0000000000035331__9.csv,AnalysisDate,AnalysisDate
USA_CSV0000000000035331__30.csv,USA_CSV0000000000035331__9.csv,UnitLengthFish,UnitLengthFish
USA_CSV0000000000035331__11.csv,USA_CSV0000000000035331__9.csv,UnitLengthFish,UnitLengthFish
USA_CSV0000000000035331__9.csv,USA_CSV0000000000037132__2.csv,DilutionFactor,DilutionFactor
USA_CSV0000000000035554__13.csv,USA_CSV0000000000035554__15.csv,ETHNICITY1,ETHNICITY1
USA_CSV0000000000035554__13.csv,USA_CSV0000000000035554__15.csv,EDUCATION2,EDUCATION2
USA_CSV0000000000035554__13.csv,USA_CSV0000000000035554__16.csv,EDUCATION2,EDUCATION2
USA_CSV0000000000035554__13.csv,USA_CSV0000000000035554__15.csv,EDUCATION3,EDUCATION3
USA_CSV0000000000035554__13.csv,USA_CSV0000000000035554__16.csv,EDUCATION3,EDUCATION3
CAN_CSV0000000000001909__8.csv,CAN_CSV0000000000001960__0.csv,award_date,award_date
CAN_CSV0000000000001909__5.csv,CAN_CSV0000000000001960__0.csv,contract-value,contract-value
CAN_CSV0000000000001909__4.csv,CAN_CSV0000000000001960__0.csv,contract-value,contract-value
CAN_CSV0000000000001909__8.csv,CAN_CSV0000000000001960__0.csv,end-user-entity_en,end-user-entity_en
CAN_CSV0000000000001909__15.csv,CAN_CSV0000000000001960__0.csv,end-user-entity_en,end-user-entity_en
CAN_CSV0000000000001487__25.csv,CAN_CSV0000000000027355__11.csv,MAX_AIR_TEMP_PST1HR,MAX_AIR_TEMP_PST1HR
CAN_CSV0000000000027353__2.csv,CAN_CSV0000000000027355__11.csv,MAX_AIR_TEMP_PST1HR,MAX_AIR_TEMP_PST1HR
CAN_CSV0000000000001487__28.csv,CAN_CSV0000000000027355__11.csv,MAX_AIR_TEMP_PST1HR,MAX_AIR_TEMP_PST1HR
CAN_CSV0000000000027349__23.csv,CAN_CSV0000000000027355__11.csv,DATA_PAYLOAD_URI,DATA_PAYLOAD_URI
CAN_CSV0000000000001487__9.csv,CAN_CSV0000000000027355__11.csv,DATA_PAYLOAD_URI,DATA_PAYLOAD_URI
CAN_CSV0000000000027349__20.csv,CAN_CSV0000000000027355__11.csv,DATA_PAYLOAD_URI,DATA_PAYLOAD_URI
CAN_CSV0000000000001487__25.csv,CAN_CSV0000000000027355__11.csv,DATA_PAYLOAD_URI,DATA_PAYLOAD_URI
CAN_CSV0000000000027349__21.csv,CAN_CSV0000000000027355__11.csv,DATA_PAYLOAD_URI,DATA_PAYLOAD_URI
CAN_CSV0000000000027353__2.csv,CAN_CSV0000000000027355__11.csv,DATA_PAYLOAD_URI,DATA_PAYLOAD_URI
CAN_CSV0000000000001487__28.csv,CAN_CSV0000000000027355__11.csv,DATA_PAYLOAD_URI,DATA_PAYLOAD_URI
CAN_CSV0000000000027346__12.csv,CAN_CSV0000000000027355__11.csv,PRSNT_WX_1,PRSNT_WX_1
CAN_CSV0000000000027346__14.csv,CAN_CSV0000000000027355__11.csv,PRSNT_WX_1,PRSNT_WX_1
CAN_CSV0000000000027353__2.csv,CAN_CSV0000000000027355__11.csv,PRSNT_WX_1,PRSNT_WX_1
CAN_CSV0000000000027354__6.csv,CAN_CSV0000000000027355__11.csv,MIN_AIR_TEMP_PST1HR,MIN_AIR_TEMP_PST1HR
CAN_CSV0000000000027346__14.csv,CAN_CSV0000000000027355__11.csv,MIN_AIR_TEMP_PST1HR,MIN_AIR_TEMP_PST1HR
CAN_CSV0000000000027353__2.csv,CAN_CSV0000000000027355__11.csv,MIN_AIR_TEMP_PST1HR,MIN_AIR_TEMP_PST1HR
CAN_CSV0000000000027349__23.csv,CAN_CSV0000000000027355__11.csv,PCPN_AMT_PST1MT,PCPN_AMT_PST1MT
CAN_CSV0000000000001487__9.csv,CAN_CSV0000000000027355__11.csv,PCPN_AMT_PST1MT,PCPN_AMT_PST1MT
CAN_CSV0000000000027349__20.csv,CAN_CSV0000000000027355__11.csv,PCPN_AMT_PST1MT,PCPN_AMT_PST1MT
CAN_CSV0000000000027349__21.csv,CAN_CSV0000000000027355__11.csv,PCPN_AMT_PST1MT,PCPN_AMT_PST1MT
CAN_CSV0000000000001487__35.csv,CAN_CSV0000000000027355__11.csv,CLD_AMT_CODE_1,CLD_AMT_CODE_1
CAN_CSV0000000000001487__9.csv,CAN_CSV0000000000027355__11.csv,CLD_AMT_CODE_1,CLD_AMT_CODE_1
CAN_CSV0000000000027353__2.csv,CAN_CSV0000000000027355__11.csv,CLD_AMT_CODE_1,CLD_AMT_CODE_1
CAN_CSV0000000000001487__34.csv,CAN_CSV0000000000027355__11.csv,CLD_AMT_CODE_1,CLD_AMT_CODE_1
CAN_CSV0000000000001487__9.csv,CAN_CSV0000000000027355__11.csv,AVG_AIR_TEMP_PST1MT,AVG_AIR_TEMP_PST1MT
CAN_CSV0000000000001487__25.csv,CAN_CSV0000000000027355__11.csv,AVG_AIR_TEMP_PST1MT,AVG_AIR_TEMP_PST1MT
CAN_CSV0000000000001487__28.csv,CAN_CSV0000000000027355__11.csv,AVG_AIR_TEMP_PST1MT,AVG_AIR_TEMP_PST1MT
CAN_CSV0000000000001780__1.csv,CAN_CSV0000000000001780__17.csv,4B16P Shedin Creek,4B16P Shedin Creek
CAN_CSV0000000000001780__17.csv,CAN_CSV0000000000001780__4.csv,4B16P Shedin Creek,4B16P Shedin Creek
CAN_CSV0000000000001909__4.csv,CAN_CSV0000000000001909__5.csv,contract-value,contract-value
CAN_CSV0000000000001909__4.csv,CAN_CSV0000000000001909__8.csv,award_date,award_date
CAN_CSV0000000000001909__4.csv,CAN_CSV0000000000001909__5.csv,award_date,award_date
CAN_CSV0000000000001909__4.csv,CAN_CSV0000000000001909__5.csv,date-file-published,date-file-published
CAN_CSV0000000000001909__4.csv,CAN_CSV0000000000001960__0.csv,date-file-published,date-file-published
CAN_CSV0000000000001724__8.csv,CAN_CSV0000000000001797__13.csv,Province/Canada,Province/Canada
CAN_CSV0000000000001797__13.csv,CAN_CSV0000000000001797__5.csv,RentLocation,RentLocation
CAN_CSV0000000000001724__45.csv,CAN_CSV0000000000001797__13.csv,RentLocation,RentLocation
USA_CSV0000000000036154__19.csv,USA_CSV0000000000036154__21.csv,APLCTN_RCVD_DT,APLCTN_RCVD_DT
USA_CSV0000000000036154__21.csv,USA_CSV0000000000037169__7.csv,APLCTN_RCVD_DT,APLCTN_RCVD_DT
USA_CSV0000000000036154__19.csv,USA_CSV0000000000036154__21.csv,STATE_RGN_CD,STATE_RGN_CD
USA_CSV0000000000036154__14.csv,USA_CSV0000000000036154__21.csv,TRMNTN_EXPRTN_DT,TRMNTN_EXPRTN_DT
CAN_CSV0000000000001470__14.csv,CAN_CSV0000000000001470__3.csv,Année / Year,Année / Year
CAN_CSV0000000000001470__0.csv,CAN_CSV0000000000001470__14.csv,Année / Year,Année / Year
CAN_CSV0000000000001470__14.csv,CAN_CSV0000000000001470__3.csv,ID INRP / NPRI ID,ID INRP / NPRI ID
CAN_CSV0000000000001470__0.csv,CAN_CSV0000000000001470__14.csv,ID INRP / NPRI ID,ID INRP / NPRI ID
USA_CSV0000000000034882__14.csv,USA_CSV0000000000034882__26.csv,STD_VOLUME_GROUP,STD_VOLUME_GROUP
USA_CSV0000000000033847__5.csv,USA_CSV0000000000034882__14.csv,VERT_ALIGN,VERT_ALIGN
USA_CSV0000000000034882__14.csv,USA_CSV0000000000037101__3.csv,VERT_ALIGN,VERT_ALIGN
USA_CSV0000000000034882__14.csv,USA_CSV0000000000034882__26.csv,VERT_ALIGN,VERT_ALIGN
USA_CSV0000000000034882__14.csv,USA_CSV0000000000037101__3.csv,ROUTE_QUALIFIER,ROUTE_QUALIFIER
USA_CSV0000000000034882__14.csv,USA_CSV0000000000037101__3.csv,SECTION_ID,SECTION_ID
USA_CSV0000000000033847__5.csv,USA_CSV0000000000034882__14.csv,SHOULDER_TYPE,SHOULDER_TYPE
USA_CSV0000000000033847__4.csv,USA_CSV0000000000034882__14.csv,SHOULDER_TYPE,SHOULDER_TYPE
USA_CSV0000000000034882__14.csv,USA_CSV0000000000037101__20.csv,PEAK_LANES,PEAK_LANES
USA_CSV0000000000034882__14.csv,USA_CSV0000000000037101__3.csv,PEAK_LANES,PEAK_LANES
USA_CSV0000000000033847__5.csv,USA_CSV0000000000034882__14.csv,PEAK_CAPACITY,PEAK_CAPACITY
USA_CSV0000000000034882__14.csv,USA_CSV0000000000037101__3.csv,ACCESS_CONTROL,ACCESS_CONTROL
USA_CSV0000000000034882__14.csv,USA_CSV0000000000034882__26.csv,ACCESS_CONTROL,ACCESS_CONTROL
USA_CSV0000000000034882__14.csv,USA_CSV0000000000037101__27.csv,AVG_SINGLE_UNIT,AVG_SINGLE_UNIT
USA_CSV0000000000034882__14.csv,USA_CSV0000000000037101__3.csv,PERC_SINGLE_UNIT,PERC_SINGLE_UNIT
USA_CSV0000000000033847__17.csv,USA_CSV0000000000034882__14.csv,PERC_SINGLE_UNIT,PERC_SINGLE_UNIT
USA_CSV0000000000034882__14.csv,USA_CSV0000000000037101__3.csv,IS_GROUPED,IS_GROUPED
USA_CSV0000000000034882__14.csv,USA_CSV0000000000034882__26.csv,IS_GROUPED,IS_GROUPED
USA_CSV0000000000034882__14.csv,USA_CSV0000000000037101__16.csv,SHOULDER_WIDTH_R,SHOULDER_WIDTH_R
USA_CSV0000000000034882__14.csv,USA_CSV0000000000037101__20.csv,TRUCK_ROUTE,TRUCK_ROUTE
USA_CSV0000000000034882__14.csv,USA_CSV0000000000037101__3.csv,TRUCK_ROUTE,TRUCK_ROUTE
USA_CSV0000000000034882__14.csv,USA_CSV0000000000037101__3.csv,TYPE_SIGNAL,TYPE_SIGNAL
USA_CSV0000000000034882__14.csv,USA_CSV0000000000034882__22.csv,TYPE_SIGNAL,TYPE_SIGNAL
USA_CSV0000000000033847__5.csv,USA_CSV0000000000034882__14.csv,URBAN_CODE,URBAN_CODE
USA_CSV0000000000034882__14.csv,USA_CSV0000000000037101__3.csv,URBAN_CODE,URBAN_CODE
USA_CSV0000000000033847__5.csv,USA_CSV0000000000034882__14.csv,SHOULDER_WIDTH_L,SHOULDER_WIDTH_L
USA_CSV0000000000034882__14.csv,USA_CSV0000000000037101__3.csv,SHOULDER_WIDTH_L,SHOULDER_WIDTH_L
USA_CSV0000000000034882__14.csv,USA_CSV0000000000034882__26.csv,PAVEMENT_TYPE,PAVEMENT_TYPE
USA_CSV0000000000034882__14.csv,USA_CSV0000000000037101__3.csv,MEDIAN_TYPE,MEDIAN_TYPE
USA_CSV0000000000033847__5.csv,USA_CSV0000000000034882__14.csv,PERC_COMBINATION,PERC_COMBINATION
USA_CSV0000000000034882__14.csv,USA_CSV0000000000034882__22.csv,PERC_COMBINATION,PERC_COMBINATION
USA_CSV0000000000033847__4.csv,USA_CSV0000000000034882__14.csv,PERC_COMBINATION,PERC_COMBINATION
USA_CSV0000000000034882__14.csv,USA_CSV0000000000034882__26.csv,UNBUILT_FACILITY,UNBUILT_FACILITY
CAN_CSV0000000000027353__23.csv,CAN_CSV0000000000027354__0.csv,AIR_TEMP_12HRS_AGO,AIR_TEMP_12HRS_AGO
CAN_CSV0000000000027354__0.csv,CAN_CSV0000000000027354__2.csv,AIR_TEMP_12HRS_AGO,AIR_TEMP_12HRS_AGO
CAN_CSV0000000000001487__25.csv,CAN_CSV0000000000027354__0.csv,MAX_AIR_TEMP_PST1HR,MAX_AIR_TEMP_PST1HR
CAN_CSV0000000000027353__2.csv,CAN_CSV0000000000027354__0.csv,MAX_AIR_TEMP_PST1HR,MAX_AIR_TEMP_PST1HR
CAN_CSV0000000000027354__0.csv,CAN_CSV0000000000027355__11.csv,MAX_AIR_TEMP_PST1HR,MAX_AIR_TEMP_PST1HR
CAN_CSV0000000000001487__28.csv,CAN_CSV0000000000027354__0.csv,MAX_AIR_TEMP_PST1HR,MAX_AIR_TEMP_PST1HR
CAN_CSV0000000000001487__26.csv,CAN_CSV0000000000027354__0.csv,MAX_AIR_TEMP_PST1HR,MAX_AIR_TEMP_PST1HR
CAN_CSV0000000000027349__23.csv,CAN_CSV0000000000027354__0.csv,DATA_PAYLOAD_URI,DATA_PAYLOAD_URI
CAN_CSV0000000000001487__9.csv,CAN_CSV0000000000027354__0.csv,DATA_PAYLOAD_URI,DATA_PAYLOAD_URI
CAN_CSV0000000000027349__20.csv,CAN_CSV0000000000027354__0.csv,DATA_PAYLOAD_URI,DATA_PAYLOAD_URI
CAN_CSV0000000000001487__25.csv,CAN_CSV0000000000027354__0.csv,DATA_PAYLOAD_URI,DATA_PAYLOAD_URI
CAN_CSV0000000000027349__21.csv,CAN_CSV0000000000027354__0.csv,DATA_PAYLOAD_URI,DATA_PAYLOAD_URI
CAN_CSV0000000000027353__2.csv,CAN_CSV0000000000027354__0.csv,DATA_PAYLOAD_URI,DATA_PAYLOAD_URI
CAN_CSV0000000000027354__0.csv,CAN_CSV0000000000027355__11.csv,DATA_PAYLOAD_URI,DATA_PAYLOAD_URI
CAN_CSV0000000000001487__28.csv,CAN_CSV0000000000027354__0.csv,DATA_PAYLOAD_URI,DATA_PAYLOAD_URI
CAN_CSV0000000000001487__8.csv,CAN_CSV0000000000027354__0.csv,DATA_PAYLOAD_URI,DATA_PAYLOAD_URI
CAN_CSV0000000000027354__0.csv,CAN_CSV0000000000027354__2.csv,AVG_STN_PRES_PST1MT,AVG_STN_PRES_PST1MT
CAN_CSV0000000000027346__14.csv,CAN_CSV0000000000027354__0.csv,AVG_STN_PRES_PST1MT,AVG_STN_PRES_PST1MT
CAN_CSV0000000000027353__2.csv,CAN_CSV0000000000027354__0.csv,AVG_STN_PRES_PST1MT,AVG_STN_PRES_PST1MT
CAN_CSV0000000000027349__23.csv,CAN_CSV0000000000027354__0.csv,AVG_MSLP_PST1MT,AVG_MSLP_PST1MT
CAN_CSV0000000000001487__35.csv,CAN_CSV0000000000027354__0.csv,AVG_MSLP_PST1MT,AVG_MSLP_PST1MT
CAN_CSV0000000000001487__9.csv,CAN_CSV0000000000027354__0.csv,AVG_MSLP_PST1MT,AVG_MSLP_PST1MT
CAN_CSV0000000000027349__20.csv,CAN_CSV0000000000027354__0.csv,AVG_MSLP_PST1MT,AVG_MSLP_PST1MT
CAN_CSV0000000000027349__21.csv,CAN_CSV0000000000027354__0.csv,AVG_MSLP_PST1MT,AVG_MSLP_PST1MT
CAN_CSV0000000000001487__34.csv,CAN_CSV0000000000027354__0.csv,AVG_MSLP_PST1MT,AVG_MSLP_PST1MT
CAN_CSV0000000000001487__35.csv,CAN_CSV0000000000027354__0.csv,CLD_AMT_CODE_1,CLD_AMT_CODE_1
CAN_CSV0000000000001487__9.csv,CAN_CSV0000000000027354__0.csv,CLD_AMT_CODE_1,CLD_AMT_CODE_1
CAN_CSV0000000000027353__2.csv,CAN_CSV0000000000027354__0.csv,CLD_AMT_CODE_1,CLD_AMT_CODE_1
CAN_CSV0000000000027354__0.csv,CAN_CSV0000000000027355__11.csv,CLD_AMT_CODE_1,CLD_AMT_CODE_1
UK_CSV0000000000002010__30.csv,UK_CSV0000000000003896__8.csv,Pre-Op Q EQ VAS,Pre-Op Q EQ VAS
UK_CSV0000000000002010__30.csv,UK_CSV0000000000003896__13.csv,Pre-Op Q EQ VAS,Pre-Op Q EQ VAS
UK_CSV0000000000002010__30.csv,UK_CSV0000000000002010__6.csv,Pre-Op Q Activity,Pre-Op Q Activity
UK_CSV0000000000002010__30.csv,UK_CSV0000000000003896__3.csv,Pre-Op Q Activity,Pre-Op Q Activity
UK_CSV0000000000002010__30.csv,UK_CSV0000000000002010__9.csv,Pre-Op Q Activity,Pre-Op Q Activity
UK_CSV0000000000002010__30.csv,UK_CSV0000000000002010__6.csv,Depression,Depression
UK_CSV0000000000002010__30.csv,UK_CSV0000000000006676__2.csv,Depression,Depression
UK_CSV0000000000002010__30.csv,UK_CSV0000000000002010__9.csv,Depression,Depression
UK_CSV0000000000002010__30.csv,UK_CSV0000000000006676__9.csv,Depression,Depression
UK_CSV0000000000002010__30.csv,UK_CSV0000000000002010__8.csv,Depression,Depression
UK_CSV0000000000002010__10.csv,UK_CSV0000000000002010__30.csv,Depression,Depression
UK_CSV0000000000002010__30.csv,UK_CSV0000000000006676__5.csv,Depression,Depression
UK_CSV0000000000002010__30.csv,UK_CSV0000000000003896__13.csv,Pre-Op Q Self-Care,Pre-Op Q Self-Care
UK_CSV0000000000002010__30.csv,UK_CSV0000000000003896__3.csv,Pre-Op Q Self-Care,Pre-Op Q Self-Care
UK_CSV0000000000002010__30.csv,UK_CSV0000000000002010__31.csv,Pre-Op Q Self-Care,Pre-Op Q Self-Care
UK_CSV0000000000002010__30.csv,UK_CSV0000000000003896__1.csv,Pre-Op Q Self-Care,Pre-Op Q Self-Care
UK_CSV0000000000002010__30.csv,UK_CSV0000000000003896__4.csv,Pre-Op Q Self-Care,Pre-Op Q Self-Care
UK_CSV0000000000002010__30.csv,UK_CSV0000000000002010__6.csv,Post-Op Q Activity,Post-Op Q Activity
UK_CSV0000000000002010__30.csv,UK_CSV0000000000006676__2.csv,Post-Op Q Activity,Post-Op Q Activity
UK_CSV0000000000002010__30.csv,UK_CSV0000000000002010__6.csv,Pre-Op Q Disability,Pre-Op Q Disability
UK_CSV0000000000002010__30.csv,UK_CSV0000000000006676__2.csv,Pre-Op Q Disability,Pre-Op Q Disability
UK_CSV0000000000002010__30.csv,UK_CSV0000000000002010__9.csv,Pre-Op Q Disability,Pre-Op Q Disability
UK_CSV0000000000002010__30.csv,UK_CSV0000000000006676__34.csv,Pre-Op Q Disability,Pre-Op Q Disability
UK_CSV0000000000002010__30.csv,UK_CSV0000000000002010__8.csv,Pre-Op Q Disability,Pre-Op Q Disability
UK_CSV0000000000002010__10.csv,UK_CSV0000000000002010__30.csv,Pre-Op Q Disability,Pre-Op Q Disability
UK_CSV0000000000002010__30.csv,UK_CSV0000000000006676__5.csv,Pre-Op Q Disability,Pre-Op Q Disability
UK_CSV0000000000002010__21.csv,UK_CSV0000000000002010__30.csv,Nervous System,Nervous System
UK_CSV0000000000002010__30.csv,UK_CSV0000000000002010__6.csv,Liver Disease,Liver Disease
UK_CSV0000000000002010__30.csv,UK_CSV0000000000002010__9.csv,Liver Disease,Liver Disease
UK_CSV0000000000002010__30.csv,UK_CSV0000000000002010__8.csv,Liver Disease,Liver Disease
UK_CSV0000000000002010__10.csv,UK_CSV0000000000002010__30.csv,Liver Disease,Liver Disease
UK_CSV0000000000002010__30.csv,UK_CSV0000000000002010__31.csv,Liver Disease,Liver Disease
UK_CSV0000000000002010__6.csv,UK_CSV0000000000003896__16.csv,Pre-Op Q Mobility,Pre-Op Q Mobility
UK_CSV0000000000003896__16.csv,UK_CSV0000000000006676__2.csv,Pre-Op Q Mobility,Pre-Op Q Mobility
UK_CSV0000000000002010__9.csv,UK_CSV0000000000003896__16.csv,Pre-Op Q Mobility,Pre-Op Q Mobility
UK_CSV0000000000003896__16.csv,UK_CSV0000000000006676__34.csv,Pre-Op Q Mobility,Pre-Op Q Mobility
UK_CSV0000000000002010__8.csv,UK_CSV0000000000003896__16.csv,Pre-Op Q Mobility,Pre-Op Q Mobility
UK_CSV0000000000003896__16.csv,UK_CSV0000000000003896__8.csv,Pre-Op Q EQ VAS,Pre-Op Q EQ VAS
UK_CSV0000000000003896__13.csv,UK_CSV0000000000003896__16.csv,Pre-Op Q EQ VAS,Pre-Op Q EQ VAS
UK_CSV0000000000003896__16.csv,UK_CSV0000000000003896__8.csv,Post-Op Q Wound,Post-Op Q Wound
UK_CSV0000000000002010__6.csv,UK_CSV0000000000003896__16.csv,Post-Op Q Wound,Post-Op Q Wound
UK_CSV0000000000003896__16.csv,UK_CSV0000000000003896__3.csv,Post-Op Q Wound,Post-Op Q Wound
UK_CSV0000000000003896__16.csv,UK_CSV0000000000003896__8.csv,Pre-Op Q EQ5D Index,Pre-Op Q EQ5D Index
UK_CSV0000000000003896__16.csv,UK_CSV0000000000006676__2.csv,Pre-Op Q EQ5D Index,Pre-Op Q EQ5D Index
UK_CSV0000000000003896__16.csv,UK_CSV0000000000003896__3.csv,Pre-Op Q EQ5D Index,Pre-Op Q EQ5D Index
UK_CSV0000000000003896__16.csv,UK_CSV0000000000007396__13.csv,Pre-Op Q EQ5D Index,Pre-Op Q EQ5D Index
UK_CSV0000000000003896__13.csv,UK_CSV0000000000003896__16.csv,Pre-Op Q Anxiety,Pre-Op Q Anxiety
UK_CSV0000000000003896__16.csv,UK_CSV0000000000003896__3.csv,Pre-Op Q Anxiety,Pre-Op Q Anxiety
UK_CSV0000000000003896__16.csv,UK_CSV0000000000006676__34.csv,Pre-Op Q Anxiety,Pre-Op Q Anxiety
UK_CSV0000000000003896__16.csv,UK_CSV0000000000007396__13.csv,Pre-Op Q Anxiety,Pre-Op Q Anxiety
UK_CSV0000000000003896__16.csv,UK_CSV0000000000003896__8.csv,Post-Op Q Self-Care,Post-Op Q Self-Care
UK_CSV0000000000003896__16.csv,UK_CSV0000000000006676__2.csv,Post-Op Q Self-Care,Post-Op Q Self-Care
UK_CSV0000000000003896__16.csv,UK_CSV0000000000003896__3.csv,Post-Op Q Self-Care,Post-Op Q Self-Care
UK_CSV0000000000003896__16.csv,UK_CSV0000000000003896__8.csv,Post-Op Q Bleeding,Post-Op Q Bleeding
UK_CSV0000000000003896__16.csv,UK_CSV0000000000006676__2.csv,Post-Op Q Bleeding,Post-Op Q Bleeding
UK_CSV0000000000002010__21.csv,UK_CSV0000000000003896__16.csv,Post-Op Q Bleeding,Post-Op Q Bleeding
UK_CSV0000000000003896__16.csv,UK_CSV0000000000006676__9.csv,Post-Op Q Bleeding,Post-Op Q Bleeding
CAN_CSV0000000000001787__10.csv,CAN_CSV0000000000001797__5.csv,RentLocation,RentLocation
CAN_CSV0000000000001724__45.csv,CAN_CSV0000000000001787__10.csv,RentLocation,RentLocation
CAN_CSV0000000000001487__25.csv,CAN_CSV0000000000027355__22.csv,CEILOMTR_ELEV,CEILOMTR_ELEV
CAN_CSV0000000000027346__12.csv,CAN_CSV0000000000027355__22.csv,CEILOMTR_ELEV,CEILOMTR_ELEV
CAN_CSV0000000000027346__14.csv,CAN_CSV0000000000027355__22.csv,CEILOMTR_ELEV,CEILOMTR_ELEV
CAN_CSV0000000000001487__28.csv,CAN_CSV0000000000027355__22.csv,CEILOMTR_ELEV,CEILOMTR_ELEV
CAN_CSV0000000000001487__9.csv,CAN_CSV0000000000027355__22.csv,CLD_BAS_HGT_1,CLD_BAS_HGT_1
CAN_CSV0000000000001487__25.csv,CAN_CSV0000000000027355__22.csv,CLD_BAS_HGT_1,CLD_BAS_HGT_1
CAN_CSV0000000000001487__28.csv,CAN_CSV0000000000027355__22.csv,CLD_BAS_HGT_1,CLD_BAS_HGT_1
CAN_CSV0000000000027349__23.csv,CAN_CSV0000000000027355__22.csv,PCPN_AMT_PST6HRS,PCPN_AMT_PST6HRS
CAN_CSV0000000000027349__20.csv,CAN_CSV0000000000027355__22.csv,PCPN_AMT_PST6HRS,PCPN_AMT_PST6HRS
CAN_CSV0000000000027349__21.csv,CAN_CSV0000000000027355__22.csv,PCPN_AMT_PST6HRS,PCPN_AMT_PST6HRS
CAN_CSV0000000000027349__23.csv,CAN_CSV0000000000027355__22.csv,DATA_PAYLOAD_URI,DATA_PAYLOAD_URI
CAN_CSV0000000000001487__9.csv,CAN_CSV0000000000027355__22.csv,DATA_PAYLOAD_URI,DATA_PAYLOAD_URI
CAN_CSV0000000000027349__20.csv,CAN_CSV0000000000027355__22.csv,DATA_PAYLOAD_URI,DATA_PAYLOAD_URI
CAN_CSV0000000000001487__25.csv,CAN_CSV0000000000027355__22.csv,DATA_PAYLOAD_URI,DATA_PAYLOAD_URI
CAN_CSV0000000000027349__21.csv,CAN_CSV0000000000027355__22.csv,DATA_PAYLOAD_URI,DATA_PAYLOAD_URI
CAN_CSV0000000000027353__2.csv,CAN_CSV0000000000027355__22.csv,DATA_PAYLOAD_URI,DATA_PAYLOAD_URI
CAN_CSV0000000000027355__11.csv,CAN_CSV0000000000027355__22.csv,DATA_PAYLOAD_URI,DATA_PAYLOAD_URI
CAN_CSV0000000000001487__28.csv,CAN_CSV0000000000027355__22.csv,DATA_PAYLOAD_URI,DATA_PAYLOAD_URI
CAN_CSV0000000000027349__23.csv,CAN_CSV0000000000027355__22.csv,DNSTY_ALTD,DNSTY_ALTD
CAN_CSV0000000000001487__35.csv,CAN_CSV0000000000027355__22.csv,DNSTY_ALTD,DNSTY_ALTD
CAN_CSV0000000000027349__20.csv,CAN_CSV0000000000027355__22.csv,DNSTY_ALTD,DNSTY_ALTD
CAN_CSV0000000000001487__25.csv,CAN_CSV0000000000027355__22.csv,DNSTY_ALTD,DNSTY_ALTD
CAN_CSV0000000000027349__21.csv,CAN_CSV0000000000027355__22.csv,DNSTY_ALTD,DNSTY_ALTD
CAN_CSV0000000000001724__8.csv,CAN_CSV0000000000001797__36.csv,Province/Canada,Province/Canada
CAN_CSV0000000000001724__8.csv,CAN_CSV0000000000001787__6.csv,Province/Canada,Province/Canada
CAN_CSV0000000000001724__8.csv,CAN_CSV0000000000001787__5.csv,Province/Canada,Province/Canada
CAN_CSV0000000000001724__8.csv,CAN_CSV0000000000001787__0.csv,Province/Canada,Province/Canada
CAN_CSV0000000000001724__8.csv,CAN_CSV0000000000001797__21.csv,Province/Canada,Province/Canada
CAN_CSV0000000000001724__8.csv,CAN_CSV0000000000001797__5.csv,RentLocation,RentLocation
CAN_CSV0000000000001724__45.csv,CAN_CSV0000000000001724__8.csv,RentLocation,RentLocation
CAN_CSV0000000000001724__8.csv,CAN_CSV0000000000001797__43.csv,RentLocation,RentLocation
CAN_CSV0000000000001909__5.csv,CAN_CSV0000000000001909__8.csv,award_date,award_date
CAN_CSV0000000000001909__4.csv,CAN_CSV0000000000001909__5.csv,date-file-published,date-file-published
CAN_CSV0000000000001909__5.csv,CAN_CSV0000000000001960__0.csv,date-file-published,date-file-published
CAN_CSV0000000000001313__5.csv,CAN_CSV0000000000001313__9.csv,LocationDescription,LocationDescription
CAN_CSV0000000000001313__5.csv,CAN_CSV0000000000001313__9.csv,NoAircraftInvolved,NoAircraftInvolved
CAN_CSV0000000000001313__5.csv,CAN_CSV0000000000001313__9.csv,DeployedEnum,DeployedEnum
CAN_CSV0000000000001313__5.csv,CAN_CSV0000000000001313__9.csv,TotalUnknownCount,TotalUnknownCount
CAN_CSV0000000000001313__23.csv,CAN_CSV0000000000001313__5.csv,IIC_FullName,IIC_FullName
CAN_CSV0000000000001358__23.csv,CAN_CSV0000000000001358__9.csv,GPS Speed (Kn),GPS Speed (Kn)
CAN_CSV0000000000001724__8.csv,CAN_CSV0000000000001797__25.csv,Province/Canada,Province/Canada
CAN_CSV0000000000001797__25.csv,CAN_CSV0000000000001797__36.csv,Province/Canada,Province/Canada
CAN_CSV0000000000001787__6.csv,CAN_CSV0000000000001797__25.csv,Province/Canada,Province/Canada
CAN_CSV0000000000001787__5.csv,CAN_CSV0000000000001797__25.csv,Province/Canada,Province/Canada
CAN_CSV0000000000001787__0.csv,CAN_CSV0000000000001797__25.csv,Province/Canada,Province/Canada
CAN_CSV0000000000001797__21.csv,CAN_CSV0000000000001797__25.csv,Province/Canada,Province/Canada
CAN_CSV0000000000001759__14.csv,CAN_CSV0000000000001780__17.csv,2D14P Redfish Creek,2D14P Redfish Creek
CAN_CSV0000000000001759__14.csv,CAN_CSV0000000000001780__1.csv,2E07P Grano Creek,2E07P Grano Creek
CAN_CSV0000000000001759__14.csv,CAN_CSV0000000000001780__12.csv,2E07P Grano Creek,2E07P Grano Creek
CAN_CSV0000000000001759__14.csv,CAN_CSV0000000000001780__4.csv,2E07P Grano Creek,2E07P Grano Creek
CAN_CSV0000000000027346__28.csv,CAN_CSV0000000000027349__23.csv,AVG_REL_HUM_PST1MT,AVG_REL_HUM_PST1MT
CAN_CSV0000000000001487__35.csv,CAN_CSV0000000000027346__28.csv,AVG_REL_HUM_PST1MT,AVG_REL_HUM_PST1MT
CAN_CSV0000000000001487__9.csv,CAN_CSV0000000000027346__28.csv,AVG_REL_HUM_PST1MT,AVG_REL_HUM_PST1MT
CAN_CSV0000000000027346__28.csv,CAN_CSV0000000000027349__20.csv,AVG_REL_HUM_PST1MT,AVG_REL_HUM_PST1MT
CAN_CSV0000000000001487__25.csv,CAN_CSV0000000000027346__28.csv,AVG_REL_HUM_PST1MT,AVG_REL_HUM_PST1MT
CAN_CSV0000000000027346__28.csv,CAN_CSV0000000000027349__21.csv,AVG_REL_HUM_PST1MT,AVG_REL_HUM_PST1MT
CAN_CSV0000000000027346__28.csv,CAN_CSV0000000000027354__6.csv,MIN_AIR_TEMP_PST1HR,MIN_AIR_TEMP_PST1HR
CAN_CSV0000000000027346__14.csv,CAN_CSV0000000000027346__28.csv,MIN_AIR_TEMP_PST1HR,MIN_AIR_TEMP_PST1HR
CAN_CSV0000000000027346__28.csv,CAN_CSV0000000000027353__2.csv,MIN_AIR_TEMP_PST1HR,MIN_AIR_TEMP_PST1HR
CAN_CSV0000000000027346__28.csv,CAN_CSV0000000000027355__11.csv,MIN_AIR_TEMP_PST1HR,MIN_AIR_TEMP_PST1HR
CAN_CSV0000000000001487__9.csv,CAN_CSV0000000000027346__28.csv,PCPN_AMT_PST1HR,PCPN_AMT_PST1HR
CAN_CSV0000000000001487__25.csv,CAN_CSV0000000000027346__28.csv,PCPN_AMT_PST1HR,PCPN_AMT_PST1HR
CAN_CSV0000000000027346__23.csv,CAN_CSV0000000000027346__28.csv,PCPN_AMT_PST1HR,PCPN_AMT_PST1HR
CAN_CSV0000000000027346__28.csv,CAN_CSV0000000000027349__23.csv,DNSTY_ALTD,DNSTY_ALTD
CAN_CSV0000000000001487__35.csv,CAN_CSV0000000000027346__28.csv,DNSTY_ALTD,DNSTY_ALTD
CAN_CSV0000000000027346__28.csv,CAN_CSV0000000000027349__20.csv,DNSTY_ALTD,DNSTY_ALTD
CAN_CSV0000000000001487__25.csv,CAN_CSV0000000000027346__28.csv,DNSTY_ALTD,DNSTY_ALTD
CAN_CSV0000000000027346__28.csv,CAN_CSV0000000000027349__21.csv,DNSTY_ALTD,DNSTY_ALTD
CAN_CSV0000000000001487__9.csv,CAN_CSV0000000000027346__28.csv,AVG_VIS_PST10MTS,AVG_VIS_PST10MTS
CAN_CSV0000000000001487__25.csv,CAN_CSV0000000000027346__28.csv,AVG_VIS_PST10MTS,AVG_VIS_PST10MTS
CAN_CSV0000000000027346__28.csv,CAN_CSV0000000000027353__2.csv,AVG_VIS_PST10MTS,AVG_VIS_PST10MTS
USA_CSV0000000000037169__18.csv,USA_CSV0000000000037169__7.csv,SHR_LAB_SW,SHR_LAB_SW
USA_CSV0000000000036154__19.csv,USA_CSV0000000000037169__7.csv,SSA_STATE_CD,SSA_STATE_CD
CAN_CSV0000000000001487__31.csv,CAN_CSV0000000000001487__35.csv,PCPN_AMT_PST1HR_QA,PCPN_AMT_PST1HR_QA
CAN_CSV0000000000001487__26.csv,CAN_CSV0000000000001487__31.csv,PCPN_AMT_PST1HR_QA,PCPN_AMT_PST1HR_QA
CAN_CSV0000000000001487__25.csv,CAN_CSV0000000000001487__31.csv,PCPN_AMT_PST1HR_QA,PCPN_AMT_PST1HR_QA
CAN_CSV0000000000001487__31.csv,CAN_CSV0000000000001487__34.csv,PCPN_AMT_PST1HR_QA,PCPN_AMT_PST1HR_QA
CAN_CSV0000000000001487__24.csv,CAN_CSV0000000000001487__31.csv,PCPN_AMT_PST1HR_QA,PCPN_AMT_PST1HR_QA
CAN_CSV0000000000001487__28.csv,CAN_CSV0000000000001487__31.csv,PCPN_AMT_PST1HR_QA,PCPN_AMT_PST1HR_QA
CAN_CSV0000000000001487__31.csv,CAN_CSV0000000000027349__23.csv,AVG_REL_HUM_PST1MT,AVG_REL_HUM_PST1MT
CAN_CSV0000000000001487__31.csv,CAN_CSV0000000000001487__35.csv,AVG_REL_HUM_PST1MT,AVG_REL_HUM_PST1MT
CAN_CSV0000000000001487__31.csv,CAN_CSV0000000000001487__9.csv,AVG_REL_HUM_PST1MT,AVG_REL_HUM_PST1MT
CAN_CSV0000000000001487__31.csv,CAN_CSV0000000000027349__20.csv,AVG_REL_HUM_PST1MT,AVG_REL_HUM_PST1MT
CAN_CSV0000000000001487__25.csv,CAN_CSV0000000000001487__31.csv,AVG_REL_HUM_PST1MT,AVG_REL_HUM_PST1MT
CAN_CSV0000000000001487__31.csv,CAN_CSV0000000000027349__21.csv,AVG_REL_HUM_PST1MT,AVG_REL_HUM_PST1MT
CAN_CSV0000000000001487__31.csv,CAN_CSV0000000000001487__35.csv,PCPN_AMT_PST1MT_QA,PCPN_AMT_PST1MT_QA
CAN_CSV0000000000001487__25.csv,CAN_CSV0000000000001487__31.csv,PCPN_AMT_PST1MT_QA,PCPN_AMT_PST1MT_QA
CAN_CSV0000000000001487__28.csv,CAN_CSV0000000000001487__31.csv,PCPN_AMT_PST1MT_QA,PCPN_AMT_PST1MT_QA
CAN_CSV0000000000001487__31.csv,CAN_CSV0000000000001487__34.csv,PCPN_AMT_PST1MT_QA,PCPN_AMT_PST1MT_QA
CAN_CSV0000000000001487__26.csv,CAN_CSV0000000000001487__31.csv,PCPN_AMT_PST1MT_QA,PCPN_AMT_PST1MT_QA
CAN_CSV0000000000001487__31.csv,CAN_CSV0000000000027349__23.csv,DNSTY_ALTD,DNSTY_ALTD
CAN_CSV0000000000001487__31.csv,CAN_CSV0000000000001487__35.csv,DNSTY_ALTD,DNSTY_ALTD
CAN_CSV0000000000001487__31.csv,CAN_CSV0000000000027349__20.csv,DNSTY_ALTD,DNSTY_ALTD
CAN_CSV0000000000001487__25.csv,CAN_CSV0000000000001487__31.csv,DNSTY_ALTD,DNSTY_ALTD
CAN_CSV0000000000001487__31.csv,CAN_CSV0000000000027349__21.csv,DNSTY_ALTD,DNSTY_ALTD
CAN_CSV0000000000001724__21.csv,CAN_CSV0000000000001797__5.csv,RentLocation,RentLocation
CAN_CSV0000000000001724__21.csv,CAN_CSV0000000000001724__45.csv,RentLocation,RentLocation
CAN_CSV0000000000001724__21.csv,CAN_CSV0000000000001797__43.csv,RentLocation,RentLocation
CAN_CSV0000000000001724__21.csv,CAN_CSV0000000000001797__13.csv,RentLocation,RentLocation
CAN_CSV0000000000001724__21.csv,CAN_CSV0000000000001787__8.csv,RentLocation,RentLocation
USA_CSV0000000000035897__4.csv,USA_CSV0000000000035897__8.csv,STATE_ROAD,STATE_ROAD
USA_CSV0000000000035897__4.csv,USA_CSV0000000000035897__8.csv,DRIVER_COUNT_75PLUS,DRIVER_COUNT_75PLUS
USA_CSV0000000000035897__26.csv,USA_CSV0000000000035897__8.csv,DRIVER_COUNT_75PLUS,DRIVER_COUNT_75PLUS
USA_CSV0000000000035897__44.csv,USA_CSV0000000000035897__8.csv,HIT_FIXED_OBJECT,HIT_FIXED_OBJECT
USA_CSV0000000000035897__44.csv,USA_CSV0000000000035897__8.csv,NTFY_HIWY_MAINT,NTFY_HIWY_MAINT
USA_CSV0000000000035897__26.csv,USA_CSV0000000000035897__8.csv,RUNNING_STOP_SIGN,RUNNING_STOP_SIGN
USA_CSV0000000000035897__25.csv,USA_CSV0000000000035897__8.csv,RUNNING_STOP_SIGN,RUNNING_STOP_SIGN
USA_CSV0000000000035897__4.csv,USA_CSV0000000000035897__8.csv,SIGNALIZED_INT,SIGNALIZED_INT
USA_CSV0000000000035897__44.csv,USA_CSV0000000000035897__8.csv,SIGNALIZED_INT,SIGNALIZED_INT
USA_CSV0000000000035897__4.csv,USA_CSV0000000000035897__8.csv,SCH_ZONE_IND,SCH_ZONE_IND
USA_CSV0000000000035897__4.csv,USA_CSV0000000000035897__8.csv,INJURY_OR_FATAL,INJURY_OR_FATAL
USA_CSV0000000000035897__26.csv,USA_CSV0000000000035897__8.csv,UNK_INJ_PER_COUNT,UNK_INJ_PER_COUNT
USA_CSV0000000000035897__25.csv,USA_CSV0000000000035897__8.csv,UNK_INJ_PER_COUNT,UNK_INJ_PER_COUNT
USA_CSV0000000000035897__26.csv,USA_CSV0000000000035897__8.csv,TAILGATING,TAILGATING
USA_CSV0000000000035897__25.csv,USA_CSV0000000000035897__8.csv,TAILGATING,TAILGATING
USA_CSV0000000000035897__44.csv,USA_CSV0000000000035897__8.csv,TAILGATING,TAILGATING
USA_CSV0000000000035897__44.csv,USA_CSV0000000000035897__8.csv,WORK_ZONE_IND,WORK_ZONE_IND
USA_CSV0000000000035897__4.csv,USA_CSV0000000000035897__8.csv,MUNICIPALITY,MUNICIPALITY
USA_CSV0000000000035897__26.csv,USA_CSV0000000000035897__8.csv,MUNICIPALITY,MUNICIPALITY
USA_CSV0000000000035897__25.csv,USA_CSV0000000000035897__8.csv,MUNICIPALITY,MUNICIPALITY
USA_CSV0000000000035897__4.csv,USA_CSV0000000000035897__8.csv,UNK_INJ_DEG_COUNT,UNK_INJ_DEG_COUNT
USA_CSV0000000000035897__26.csv,USA_CSV0000000000035897__8.csv,FIRE_IN_VEHICLE,FIRE_IN_VEHICLE
USA_CSV0000000000035897__25.csv,USA_CSV0000000000035897__8.csv,FIRE_IN_VEHICLE,FIRE_IN_VEHICLE
USA_CSV0000000000035897__26.csv,USA_CSV0000000000035897__8.csv,INJURY_COUNT,INJURY_COUNT
USA_CSV0000000000035897__25.csv,USA_CSV0000000000035897__8.csv,INJURY_COUNT,INJURY_COUNT
USA_CSV0000000000035897__26.csv,USA_CSV0000000000035897__8.csv,ROADWAY_COUNTY,ROADWAY_COUNTY
USA_CSV0000000000035897__25.csv,USA_CSV0000000000035897__8.csv,ROADWAY_COUNTY,ROADWAY_COUNTY
USA_CSV0000000000035897__26.csv,USA_CSV0000000000035897__8.csv,MOTORCYCLE_COUNT,MOTORCYCLE_COUNT
USA_CSV0000000000035897__25.csv,USA_CSV0000000000035897__8.csv,MOTORCYCLE_COUNT,MOTORCYCLE_COUNT
USA_CSV0000000000035897__4.csv,USA_CSV0000000000035897__8.csv,DRUGGED_DRIVER,DRUGGED_DRIVER
USA_CSV0000000000035897__26.csv,USA_CSV0000000000035897__8.csv,DRUGGED_DRIVER,DRUGGED_DRIVER
USA_CSV0000000000035897__25.csv,USA_CSV0000000000035897__8.csv,DRUGGED_DRIVER,DRUGGED_DRIVER
USA_CSV0000000000035897__26.csv,USA_CSV0000000000035897__8.csv,STOP_CONTROLLED_INT,STOP_CONTROLLED_INT
USA_CSV0000000000035897__25.csv,USA_CSV0000000000035897__8.csv,STOP_CONTROLLED_INT,STOP_CONTROLLED_INT
USA_CSV0000000000035897__44.csv,USA_CSV0000000000035897__8.csv,STOP_CONTROLLED_INT,STOP_CONTROLLED_INT
USA_CSV0000000000035897__26.csv,USA_CSV0000000000035897__8.csv,FATAL_OR_MAJ_INJ,FATAL_OR_MAJ_INJ
USA_CSV0000000000035897__25.csv,USA_CSV0000000000035897__8.csv,FATAL_OR_MAJ_INJ,FATAL_OR_MAJ_INJ
USA_CSV0000000000035897__44.csv,USA_CSV0000000000035897__8.csv,FATAL_OR_MAJ_INJ,FATAL_OR_MAJ_INJ
USA_CSV0000000000035897__44.csv,USA_CSV0000000000035897__8.csv,SHLDR_RELATED,SHLDR_RELATED
USA_CSV0000000000035897__4.csv,USA_CSV0000000000035897__8.csv,POLICE_AGCY,POLICE_AGCY
USA_CSV0000000000035897__4.csv,USA_CSV0000000000035897__8.csv,HEAVY_TRUCK_COUNT,HEAVY_TRUCK_COUNT
USA_CSV0000000000035897__4.csv,USA_CSV0000000000035897__8.csv,MAJ_INJ_COUNT,MAJ_INJ_COUNT
USA_CSV0000000000035897__26.csv,USA_CSV0000000000035897__8.csv,MAJ_INJ_COUNT,MAJ_INJ_COUNT
USA_CSV0000000000035897__25.csv,USA_CSV0000000000035897__8.csv,MAJ_INJ_COUNT,MAJ_INJ_COUNT
USA_CSV0000000000035897__26.csv,USA_CSV0000000000035897__8.csv,VEHICLE_COUNT,VEHICLE_COUNT
USA_CSV0000000000035897__25.csv,USA_CSV0000000000035897__8.csv,VEHICLE_COUNT,VEHICLE_COUNT
USA_CSV0000000000035897__4.csv,USA_CSV0000000000035897__8.csv,PSP_REPORTED,PSP_REPORTED
USA_CSV0000000000035897__44.csv,USA_CSV0000000000035897__8.csv,PSP_REPORTED,PSP_REPORTED
USA_CSV0000000000035897__26.csv,USA_CSV0000000000035897__8.csv,NON_INTERSECTION,NON_INTERSECTION
USA_CSV0000000000035897__25.csv,USA_CSV0000000000035897__8.csv,NON_INTERSECTION,NON_INTERSECTION
USA_CSV0000000000035897__44.csv,USA_CSV0000000000035897__8.csv,NON_INTERSECTION,NON_INTERSECTION
USA_CSV0000000000035897__44.csv,USA_CSV0000000000035897__8.csv,BICYCLE_COUNT,BICYCLE_COUNT
USA_CSV0000000000035897__4.csv,USA_CSV0000000000035897__8.csv,VEHICLE_TOWED,VEHICLE_TOWED
USA_CSV0000000000035897__26.csv,USA_CSV0000000000035897__8.csv,PERSON_COUNT,PERSON_COUNT
USA_CSV0000000000035897__25.csv,USA_CSV0000000000035897__8.csv,PERSON_COUNT,PERSON_COUNT
USA_CSV0000000000035897__44.csv,USA_CSV0000000000035897__8.csv,HIT_GDRAIL_END,HIT_GDRAIL_END
USA_CSV0000000000035897__4.csv,USA_CSV0000000000035897__8.csv,MCYCLE_DEATH_COUNT,MCYCLE_DEATH_COUNT
USA_CSV0000000000035897__26.csv,USA_CSV0000000000035897__8.csv,HAZARDOUS_TRUCK,HAZARDOUS_TRUCK
USA_CSV0000000000035897__25.csv,USA_CSV0000000000035897__8.csv,HAZARDOUS_TRUCK,HAZARDOUS_TRUCK
USA_CSV0000000000035897__26.csv,USA_CSV0000000000035897__8.csv,CRASH_YEAR,CRASH_YEAR
USA_CSV0000000000035897__44.csv,USA_CSV0000000000035897__8.csv,DRIVER_COUNT_20YR,DRIVER_COUNT_20YR
USA_CSV0000000000034882__26.csv,USA_CSV0000000000037101__35.csv,STD_VOLUME_GROUP,STD_VOLUME_GROUP
USA_CSV0000000000037101__3.csv,USA_CSV0000000000037101__35.csv,STD_VOLUME_GROUP,STD_VOLUME_GROUP
USA_CSV0000000000034882__14.csv,USA_CSV0000000000037101__35.csv,STD_VOLUME_GROUP,STD_VOLUME_GROUP
USA_CSV0000000000037101__16.csv,USA_CSV0000000000037101__35.csv,STD_VOLUME_GROUP,STD_VOLUME_GROUP
USA_CSV0000000000034882__26.csv,USA_CSV0000000000037101__35.csv,LANE_WIDTH,LANE_WIDTH
USA_CSV0000000000037101__3.csv,USA_CSV0000000000037101__35.csv,NONATT_CODE,NONATT_CODE
USA_CSV0000000000034882__9.csv,USA_CSV0000000000037101__35.csv,NONATT_CODE,NONATT_CODE
USA_CSV0000000000037101__3.csv,USA_CSV0000000000037101__35.csv,TYPE_TERRAIN,TYPE_TERRAIN
USA_CSV0000000000037101__16.csv,USA_CSV0000000000037101__35.csv,TYPE_TERRAIN,TYPE_TERRAIN
USA_CSV0000000000034882__26.csv,USA_CSV0000000000037101__35.csv,THROUGH_LANES,THROUGH_LANES
USA_CSV0000000000033847__5.csv,USA_CSV0000000000037101__35.csv,PERC_COMBINATION,PERC_COMBINATION
USA_CSV0000000000034882__14.csv,USA_CSV0000000000037101__35.csv,PERC_COMBINATION,PERC_COMBINATION
USA_CSV0000000000034882__22.csv,USA_CSV0000000000037101__35.csv,PERC_COMBINATION,PERC_COMBINATION
USA_CSV0000000000033847__4.csv,USA_CSV0000000000037101__35.csv,PERC_COMBINATION,PERC_COMBINATION
USA_CSV0000000000034882__12.csv,USA_CSV0000000000037101__35.csv,PERC_COMBINATION,PERC_COMBINATION
USA_CSV0000000000034882__14.csv,USA_CSV0000000000037101__35.csv,PEAK_PARKING,PEAK_PARKING
USA_CSV0000000000034882__26.csv,USA_CSV0000000000037101__35.csv,PAVEMENT_TYPE,PAVEMENT_TYPE
USA_CSV0000000000034882__14.csv,USA_CSV0000000000037101__35.csv,PAVEMENT_TYPE,PAVEMENT_TYPE
USA_CSV0000000000033847__5.csv,USA_CSV0000000000037101__35.csv,PERC_SIGHT,PERC_SIGHT
USA_CSV0000000000037101__20.csv,USA_CSV0000000000037101__35.csv,PERC_SIGHT,PERC_SIGHT
USA_CSV0000000000033847__5.csv,USA_CSV0000000000037101__35.csv,YEAR_RECORD,YEAR_RECORD
USA_CSV0000000000034882__26.csv,USA_CSV0000000000037101__35.csv,YEAR_RECORD,YEAR_RECORD
CAN_CSV0000000000001797__47.csv,CAN_CSV0000000000001797__5.csv,RentLocation,RentLocation
CAN_CSV0000000000001724__45.csv,CAN_CSV0000000000001797__47.csv,RentLocation,RentLocation
UK_CSV0000000000004838__14.csv,UK_CSV0000000000004838__3.csv,PARENT_UID,PARENT_UID
CAN_CSV0000000000027349__23.csv,CAN_CSV0000000000027354__7.csv,DATA_ATTRIB_NOT,DATA_ATTRIB_NOT
CAN_CSV0000000000027349__20.csv,CAN_CSV0000000000027354__7.csv,DATA_ATTRIB_NOT,DATA_ATTRIB_NOT
CAN_CSV0000000000001487__25.csv,CAN_CSV0000000000027354__7.csv,DATA_ATTRIB_NOT,DATA_ATTRIB_NOT
CAN_CSV0000000000027354__6.csv,CAN_CSV0000000000027354__7.csv,DATA_ATTRIB_NOT,DATA_ATTRIB_NOT
CAN_CSV0000000000027349__21.csv,CAN_CSV0000000000027354__7.csv,DATA_ATTRIB_NOT,DATA_ATTRIB_NOT
CAN_CSV0000000000027353__2.csv,CAN_CSV0000000000027354__7.csv,DATA_ATTRIB_NOT,DATA_ATTRIB_NOT
CAN_CSV0000000000001487__28.csv,CAN_CSV0000000000027354__7.csv,DATA_ATTRIB_NOT,DATA_ATTRIB_NOT
CAN_CSV0000000000027349__23.csv,CAN_CSV0000000000027354__7.csv,LTNG_DIS_RMK,LTNG_DIS_RMK
CAN_CSV0000000000027349__20.csv,CAN_CSV0000000000027354__7.csv,LTNG_DIS_RMK,LTNG_DIS_RMK
CAN_CSV0000000000027354__6.csv,CAN_CSV0000000000027354__7.csv,LTNG_DIS_RMK,LTNG_DIS_RMK
CAN_CSV0000000000027349__21.csv,CAN_CSV0000000000027354__7.csv,LTNG_DIS_RMK,LTNG_DIS_RMK
CAN_CSV0000000000027353__17.csv,CAN_CSV0000000000027354__7.csv,LTNG_DIS_RMK,LTNG_DIS_RMK
CAN_CSV0000000000027354__6.csv,CAN_CSV0000000000027354__7.csv,MIN_AIR_TEMP_PST1HR,MIN_AIR_TEMP_PST1HR
CAN_CSV0000000000027346__14.csv,CAN_CSV0000000000027354__7.csv,MIN_AIR_TEMP_PST1HR,MIN_AIR_TEMP_PST1HR
CAN_CSV0000000000027353__2.csv,CAN_CSV0000000000027354__7.csv,MIN_AIR_TEMP_PST1HR,MIN_AIR_TEMP_PST1HR
CAN_CSV0000000000027354__7.csv,CAN_CSV0000000000027355__11.csv,MIN_AIR_TEMP_PST1HR,MIN_AIR_TEMP_PST1HR
CAN_CSV0000000000027349__23.csv,CAN_CSV0000000000027354__7.csv,OBS_DATETIME_UTC,OBS_DATETIME_UTC
CAN_CSV0000000000027349__20.csv,CAN_CSV0000000000027354__7.csv,OBS_DATETIME_UTC,OBS_DATETIME_UTC
CAN_CSV0000000000027346__12.csv,CAN_CSV0000000000027354__7.csv,OBS_DATETIME_UTC,OBS_DATETIME_UTC
CAN_CSV0000000000027354__6.csv,CAN_CSV0000000000027354__7.csv,OBS_DATETIME_UTC,OBS_DATETIME_UTC
CAN_CSV0000000000027349__21.csv,CAN_CSV0000000000027354__7.csv,OBS_DATETIME_UTC,OBS_DATETIME_UTC
CAN_CSV0000000000027346__14.csv,CAN_CSV0000000000027354__7.csv,OBS_DATETIME_UTC,OBS_DATETIME_UTC
CAN_CSV0000000000027349__23.csv,CAN_CSV0000000000027354__6.csv,DATA_ATTRIB_NOT,DATA_ATTRIB_NOT
CAN_CSV0000000000027349__20.csv,CAN_CSV0000000000027354__6.csv,DATA_ATTRIB_NOT,DATA_ATTRIB_NOT
CAN_CSV0000000000001487__25.csv,CAN_CSV0000000000027354__6.csv,DATA_ATTRIB_NOT,DATA_ATTRIB_NOT
CAN_CSV0000000000027349__21.csv,CAN_CSV0000000000027354__6.csv,DATA_ATTRIB_NOT,DATA_ATTRIB_NOT
CAN_CSV0000000000027353__2.csv,CAN_CSV0000000000027354__6.csv,DATA_ATTRIB_NOT,DATA_ATTRIB_NOT
CAN_CSV0000000000001487__28.csv,CAN_CSV0000000000027354__6.csv,DATA_ATTRIB_NOT,DATA_ATTRIB_NOT
CAN_CSV0000000000027349__23.csv,CAN_CSV0000000000027354__6.csv,LTNG_DIS_RMK,LTNG_DIS_RMK
CAN_CSV0000000000027349__20.csv,CAN_CSV0000000000027354__6.csv,LTNG_DIS_RMK,LTNG_DIS_RMK
CAN_CSV0000000000027349__21.csv,CAN_CSV0000000000027354__6.csv,LTNG_DIS_RMK,LTNG_DIS_RMK
CAN_CSV0000000000027346__14.csv,CAN_CSV0000000000027354__6.csv,MIN_AIR_TEMP_PST1HR,MIN_AIR_TEMP_PST1HR
CAN_CSV0000000000027353__2.csv,CAN_CSV0000000000027354__6.csv,MIN_AIR_TEMP_PST1HR,MIN_AIR_TEMP_PST1HR
CAN_CSV0000000000027354__6.csv,CAN_CSV0000000000027355__11.csv,MIN_AIR_TEMP_PST1HR,MIN_AIR_TEMP_PST1HR
CAN_CSV0000000000027349__23.csv,CAN_CSV0000000000027354__6.csv,OBS_DATETIME_UTC,OBS_DATETIME_UTC
CAN_CSV0000000000027349__20.csv,CAN_CSV0000000000027354__6.csv,OBS_DATETIME_UTC,OBS_DATETIME_UTC
CAN_CSV0000000000027346__12.csv,CAN_CSV0000000000027354__6.csv,OBS_DATETIME_UTC,OBS_DATETIME_UTC
CAN_CSV0000000000027349__21.csv,CAN_CSV0000000000027354__6.csv,OBS_DATETIME_UTC,OBS_DATETIME_UTC
UK_CSV0000000000005621__10.csv,UK_CSV0000000000005621__13.csv,Variable Type,Variable Type
UK_CSV0000000000005621__10.csv,UK_CSV0000000000005621__8.csv,Variable Type,Variable Type
UK_CSV0000000000000964__7.csv,UK_CSV0000000000002064__4.csv,received_date,received_date
CAN_CSV0000000000001487__9.csv,CAN_CSV0000000000027349__23.csv,DATA_PAYLOAD_URI,DATA_PAYLOAD_URI
CAN_CSV0000000000027349__20.csv,CAN_CSV0000000000027349__23.csv,DATA_PAYLOAD_URI,DATA_PAYLOAD_URI
CAN_CSV0000000000001487__25.csv,CAN_CSV0000000000027349__23.csv,DATA_PAYLOAD_URI,DATA_PAYLOAD_URI
CAN_CSV0000000000027349__21.csv,CAN_CSV0000000000027349__23.csv,DATA_PAYLOAD_URI,DATA_PAYLOAD_URI
CAN_CSV0000000000027349__23.csv,CAN_CSV0000000000027353__2.csv,DATA_PAYLOAD_URI,DATA_PAYLOAD_URI
CAN_CSV0000000000027349__23.csv,CAN_CSV0000000000027355__11.csv,DATA_PAYLOAD_URI,DATA_PAYLOAD_URI
CAN_CSV0000000000001487__28.csv,CAN_CSV0000000000027349__23.csv,DATA_PAYLOAD_URI,DATA_PAYLOAD_URI
CAN_CSV0000000000027349__20.csv,CAN_CSV0000000000027349__23.csv,PCPN_AMT_PST6HRS,PCPN_AMT_PST6HRS
CAN_CSV0000000000027349__21.csv,CAN_CSV0000000000027349__23.csv,PCPN_AMT_PST6HRS,PCPN_AMT_PST6HRS
CAN_CSV0000000000027349__20.csv,CAN_CSV0000000000027349__23.csv,LTNG_DIS_RMK,LTNG_DIS_RMK
CAN_CSV0000000000027349__23.csv,CAN_CSV0000000000027354__6.csv,LTNG_DIS_RMK,LTNG_DIS_RMK
CAN_CSV0000000000027349__21.csv,CAN_CSV0000000000027349__23.csv,LTNG_DIS_RMK,LTNG_DIS_RMK
CAN_CSV0000000000027349__23.csv,CAN_CSV0000000000027353__17.csv,LTNG_DIS_RMK,LTNG_DIS_RMK
CAN_CSV0000000000027349__20.csv,CAN_CSV0000000000027349__23.csv,AVG_VIS_PST1MT,AVG_VIS_PST1MT
CAN_CSV0000000000001487__25.csv,CAN_CSV0000000000027349__23.csv,AVG_VIS_PST1MT,AVG_VIS_PST1MT
CAN_CSV0000000000027349__21.csv,CAN_CSV0000000000027349__23.csv,AVG_VIS_PST1MT,AVG_VIS_PST1MT
CAN_CSV0000000000001487__28.csv,CAN_CSV0000000000027349__23.csv,AVG_VIS_PST1MT,AVG_VIS_PST1MT
CAN_CSV0000000000001487__26.csv,CAN_CSV0000000000027349__23.csv,AVG_VIS_PST1MT,AVG_VIS_PST1MT
CAN_CSV0000000000001487__35.csv,CAN_CSV0000000000027349__23.csv,DNSTY_ALTD,DNSTY_ALTD
CAN_CSV0000000000027349__20.csv,CAN_CSV0000000000027349__23.csv,DNSTY_ALTD,DNSTY_ALTD
CAN_CSV0000000000001487__25.csv,CAN_CSV0000000000027349__23.csv,DNSTY_ALTD,DNSTY_ALTD
CAN_CSV0000000000027349__21.csv,CAN_CSV0000000000027349__23.csv,DNSTY_ALTD,DNSTY_ALTD
CAN_CSV0000000000001487__28.csv,CAN_CSV0000000000027349__23.csv,DNSTY_ALTD,DNSTY_ALTD
CAN_CSV0000000000001487__34.csv,CAN_CSV0000000000027349__23.csv,DNSTY_ALTD,DNSTY_ALTD
CAN_CSV0000000000001487__26.csv,CAN_CSV0000000000027349__23.csv,DNSTY_ALTD,DNSTY_ALTD
CAN_CSV0000000000001909__0.csv,CAN_CSV0000000000001909__5.csv,contract-value,contract-value
CAN_CSV0000000000001909__0.csv,CAN_CSV0000000000001909__4.csv,contract-value,contract-value
CAN_CSV0000000000001926__13.csv,CAN_CSV0000000000027405__5.csv,Visibility (km),Visibility (km)
CAN_CSV0000000000001780__1.csv,CAN_CSV0000000000001780__4.csv,4B16P Shedin Creek,4B16P Shedin Creek
CAN_CSV0000000000001780__12.csv,CAN_CSV0000000000001780__4.csv,4B16P Shedin Creek,4B16P Shedin Creek
CAN_CSV0000000000001780__1.csv,CAN_CSV0000000000001780__4.csv,2A21P Molson Creek,2A21P Molson Creek
CAN_CSV0000000000001780__12.csv,CAN_CSV0000000000001780__4.csv,2A21P Molson Creek,2A21P Molson Creek
SG_CSV0000000000000035__8.csv,SG_CSV0000000000000044__6.csv,issuance_agency_id,issuance_agency_id
SG_CSV0000000000000030__8.csv,SG_CSV0000000000000035__8.csv,address_type,address_type
SG_CSV0000000000000030__4.csv,SG_CSV0000000000000035__8.csv,address_type,address_type
UK_CSV0000000000002183__1.csv,UK_CSV0000000000002183__4.csv,NetflixHD24hr,NetflixHD24hr
UK_CSV0000000000002183__4.csv,UK_CSV0000000000002183__9.csv,NetflixHD24hr,NetflixHD24hr
UK_CSV0000000000002183__4.csv,UK_CSV0000000000002183__8.csv,NetflixHD24hr,NetflixHD24hr
UK_CSV0000000000002183__1.csv,UK_CSV0000000000002183__4.csv,iPlayerUHDPeak,iPlayerUHDPeak
UK_CSV0000000000002183__4.csv,UK_CSV0000000000002183__8.csv,iPlayerUHDPeak,iPlayerUHDPeak
UK_CSV0000000000002183__1.csv,UK_CSV0000000000002183__4.csv,Packet Loss - peak,Packet Loss - peak
UK_CSV0000000000002183__1.csv,UK_CSV0000000000002183__4.csv,NetflixFailedPeak,NetflixFailedPeak
UK_CSV0000000000002183__4.csv,UK_CSV0000000000002183__8.csv,NetflixFailedPeak,NetflixFailedPeak
UK_CSV0000000000002183__1.csv,UK_CSV0000000000002183__4.csv,YouTubeSD24hr,YouTubeSD24hr
UK_CSV0000000000002183__4.csv,UK_CSV0000000000002183__9.csv,YouTubeSD24hr,YouTubeSD24hr
UK_CSV0000000000002183__4.csv,UK_CSV0000000000002183__8.csv,YouTubeSD24hr,YouTubeSD24hr
UK_CSV0000000000002183__1.csv,UK_CSV0000000000002183__4.csv,DNS Rate - peak,DNS Rate - peak
UK_CSV0000000000002183__4.csv,UK_CSV0000000000002183__9.csv,DNS Rate - peak,DNS Rate - peak
UK_CSV0000000000002183__4.csv,UK_CSV0000000000002183__8.csv,DNS Rate - peak,DNS Rate - peak
UK_CSV0000000000002183__1.csv,UK_CSV0000000000002183__4.csv,Download - 20-21pm,Download - 20-21pm
UK_CSV0000000000002183__1.csv,UK_CSV0000000000002183__4.csv,iPlayerSD24hr,iPlayerSD24hr
UK_CSV0000000000002183__4.csv,UK_CSV0000000000002183__8.csv,iPlayerSD24hr,iPlayerSD24hr
UK_CSV0000000000002183__4.csv,UK_CSV0000000000002183__9.csv,iPlayerSD24hr,iPlayerSD24hr
UK_CSV0000000000002183__16.csv,UK_CSV0000000000002183__4.csv,iPlayerSD24hr,iPlayerSD24hr
UK_CSV0000000000002183__1.csv,UK_CSV0000000000002183__4.csv,DNS Failure peak,DNS Failure peak
UK_CSV0000000000002183__16.csv,UK_CSV0000000000002183__4.csv,DNS Failure peak,DNS Failure peak
UK_CSV0000000000002183__1.csv,UK_CSV0000000000002183__4.csv,iPlayerSDPeak,iPlayerSDPeak
UK_CSV0000000000002183__4.csv,UK_CSV0000000000002183__9.csv,iPlayerSDPeak,iPlayerSDPeak
UK_CSV0000000000002183__1.csv,UK_CSV0000000000002183__4.csv,Download - 19-20pm,Download - 19-20pm
UK_CSV0000000000002183__4.csv,UK_CSV0000000000002183__9.csv,Download - 19-20pm,Download - 19-20pm
UK_CSV0000000000002183__4.csv,UK_CSV0000000000002183__8.csv,Download - 19-20pm,Download - 19-20pm
UK_CSV0000000000002183__1.csv,UK_CSV0000000000002183__4.csv,Technology,Technology
UK_CSV0000000000002183__1.csv,UK_CSV0000000000002183__4.csv,iPlayerUHD24hr,iPlayerUHD24hr
UK_CSV0000000000002183__4.csv,UK_CSV0000000000002183__9.csv,iPlayerUHD24hr,iPlayerUHD24hr
UK_CSV0000000000002183__4.csv,UK_CSV0000000000002183__8.csv,iPlayerUHD24hr,iPlayerUHD24hr
UK_CSV0000000000002183__1.csv,UK_CSV0000000000002183__4.csv,Latency - 24h,Latency - 24h
UK_CSV0000000000002183__16.csv,UK_CSV0000000000002183__4.csv,Latency - 24h,Latency - 24h
UK_CSV0000000000002183__1.csv,UK_CSV0000000000002183__4.csv,Web loading - 24h,Web loading - 24h
UK_CSV0000000000002183__1.csv,UK_CSV0000000000002183__4.csv,NetflixSD24hr,NetflixSD24hr
UK_CSV0000000000002183__1.csv,UK_CSV0000000000002183__4.csv,NetflixHDPeak,NetflixHDPeak
UK_CSV0000000000002183__1.csv,UK_CSV0000000000002183__4.csv,YouTubeUHD24hr,YouTubeUHD24hr
CAN_CSV0000000000001787__7.csv,CAN_CSV0000000000001797__5.csv,RentLocation,RentLocation
CAN_CSV0000000000001724__45.csv,CAN_CSV0000000000001787__7.csv,RentLocation,RentLocation
CAN_CSV0000000000001787__7.csv,CAN_CSV0000000000001797__43.csv,RentLocation,RentLocation
USA_CSV0000000000034882__25.csv,USA_CSV0000000000034882__26.csv,STD_VOLUME_GROUP,STD_VOLUME_GROUP
USA_CSV0000000000034882__25.csv,USA_CSV0000000000037101__3.csv,STD_VOLUME_GROUP,STD_VOLUME_GROUP
USA_CSV0000000000034882__14.csv,USA_CSV0000000000034882__25.csv,STD_VOLUME_GROUP,STD_VOLUME_GROUP
USA_CSV0000000000034882__25.csv,USA_CSV0000000000034882__26.csv,LANE_WIDTH,LANE_WIDTH
USA_CSV0000000000033847__17.csv,USA_CSV0000000000034882__25.csv,LANE_WIDTH,LANE_WIDTH
USA_CSV0000000000034882__25.csv,USA_CSV0000000000034882__26.csv,TYPE_FACILITY,TYPE_FACILITY
USA_CSV0000000000034882__25.csv,USA_CSV0000000000037101__16.csv,TYPE_FACILITY,TYPE_FACILITY
USA_CSV0000000000034882__25.csv,USA_CSV0000000000037101__3.csv,ACCESS_CONTROL,ACCESS_CONTROL
USA_CSV0000000000034882__25.csv,USA_CSV0000000000034882__26.csv,ACCESS_CONTROL,ACCESS_CONTROL
USA_CSV0000000000034882__14.csv,USA_CSV0000000000034882__25.csv,ACCESS_CONTROL,ACCESS_CONTROL
USA_CSV0000000000034882__25.csv,USA_CSV0000000000034882__26.csv,DIR_FACTOR,DIR_FACTOR
USA_CSV0000000000034882__25.csv,USA_CSV0000000000037101__16.csv,DIR_FACTOR,DIR_FACTOR
USA_CSV0000000000034882__22.csv,USA_CSV0000000000034882__25.csv,DIR_FACTOR,DIR_FACTOR
USA_CSV0000000000034882__25.csv,USA_CSV0000000000034882__26.csv,DESIGN_SPEED,DESIGN_SPEED
USA_CSV0000000000034882__22.csv,USA_CSV0000000000034882__25.csv,DESIGN_SPEED,DESIGN_SPEED
USA_CSV0000000000034882__25.csv,USA_CSV0000000000037101__3.csv,IS_GROUPED,IS_GROUPED
USA_CSV0000000000034882__25.csv,USA_CSV0000000000034882__26.csv,IS_GROUPED,IS_GROUPED
USA_CSV0000000000034882__14.csv,USA_CSV0000000000034882__25.csv,IS_GROUPED,IS_GROUPED
USA_CSV0000000000034882__25.csv,USA_CSV0000000000034882__26.csv,PERC_GREEN,PERC_GREEN
USA_CSV0000000000034882__25.csv,USA_CSV0000000000037101__3.csv,PERC_GREEN,PERC_GREEN
USA_CSV0000000000034882__25.csv,USA_CSV0000000000034882__26.csv,MEDIAN_WIDTH,MEDIAN_WIDTH
USA_CSV0000000000034882__25.csv,USA_CSV0000000000037101__27.csv,MEDIAN_WIDTH,MEDIAN_WIDTH
USA_CSV0000000000034882__25.csv,USA_CSV0000000000034882__29.csv,MEDIAN_WIDTH,MEDIAN_WIDTH
USA_CSV0000000000034882__25.csv,USA_CSV0000000000034882__26.csv,INTER_ROUTE_NUMBER,INTER_ROUTE_NUMBER
USA_CSV0000000000034882__25.csv,USA_CSV0000000000034882__26.csv,THROUGH_LANES,THROUGH_LANES
USA_CSV0000000000034882__25.csv,USA_CSV0000000000034882__26.csv,PAVEMENT_TYPE,PAVEMENT_TYPE
USA_CSV0000000000034882__14.csv,USA_CSV0000000000034882__25.csv,PAVEMENT_TYPE,PAVEMENT_TYPE
USA_CSV0000000000034882__25.csv,USA_CSV0000000000034882__26.csv,AVG_COMBINATION,AVG_COMBINATION
USA_CSV0000000000034882__25.csv,USA_CSV0000000000037101__20.csv,AVG_COMBINATION,AVG_COMBINATION
USA_CSV0000000000034882__25.csv,USA_CSV0000000000037101__3.csv,AVG_COMBINATION,AVG_COMBINATION
USA_CSV0000000000034882__22.csv,USA_CSV0000000000034882__25.csv,AVG_COMBINATION,AVG_COMBINATION
USA_CSV0000000000034882__25.csv,USA_CSV0000000000034882__9.csv,AVG_COMBINATION,AVG_COMBINATION
USA_CSV0000000000034882__25.csv,USA_CSV0000000000034882__26.csv,UNBUILT_FACILITY,UNBUILT_FACILITY
UK_CSV0000000000005621__13.csv,UK_CSV0000000000005621__8.csv,Variable Type,Variable Type
SG_CSV0000000000000030__8.csv,SG_CSV0000000000000048__5.csv,secondary_ssic_code,secondary_ssic_code
CAN_CSV0000000000001780__1.csv,CAN_CSV0000000000001780__12.csv,4B18P Cedar-Kiteen,4B18P Cedar-Kiteen
CAN_CSV0000000000001780__12.csv,CAN_CSV0000000000001780__4.csv,4B18P Cedar-Kiteen,4B18P Cedar-Kiteen
CAN_CSV0000000000001780__1.csv,CAN_CSV0000000000001780__12.csv,2A21P Molson Creek,2A21P Molson Creek
CAN_CSV0000000000001780__12.csv,CAN_CSV0000000000001780__4.csv,2A21P Molson Creek,2A21P Molson Creek
CAN_CSV0000000000001780__12.csv,CAN_CSV0000000000001780__17.csv,2F18P Brenda Mine,2F18P Brenda Mine
CAN_CSV0000000000001780__1.csv,CAN_CSV0000000000001780__12.csv,2E07P Grano Creek,2E07P Grano Creek
CAN_CSV0000000000001780__12.csv,CAN_CSV0000000000001780__4.csv,2E07P Grano Creek,2E07P Grano Creek
CAN_CSV0000000000001759__14.csv,CAN_CSV0000000000001780__12.csv,2E07P Grano Creek,2E07P Grano Creek
UK_CSV0000000000002064__4.csv,UK_CSV0000000000002064__8.csv,trading_name,trading_name
CAN_CSV0000000000001337__0.csv,CAN_CSV0000000000001337__3.csv,DAYORNIGHT,DAYORNIGHT
CAN_CSV0000000000001337__0.csv,CAN_CSV0000000000001337__4.csv,DAYORNIGHT,DAYORNIGHT
CAN_CSV0000000000001337__0.csv,CAN_CSV0000000000001337__3.csv,OCCURRENCETIME,OCCURRENCETIME
CAN_CSV0000000000001337__0.csv,CAN_CSV0000000000001337__4.csv,OCCURRENCETIME,OCCURRENCETIME
USA_CSV0000000000033847__5.csv,USA_CSV0000000000034882__31.csv,PERC_COMBINATION,PERC_COMBINATION
USA_CSV0000000000034882__14.csv,USA_CSV0000000000034882__31.csv,PERC_COMBINATION,PERC_COMBINATION
USA_CSV0000000000034882__22.csv,USA_CSV0000000000034882__31.csv,PERC_COMBINATION,PERC_COMBINATION
USA_CSV0000000000034882__31.csv,USA_CSV0000000000037101__3.csv,CLIMATE_ZONE,CLIMATE_ZONE
USA_CSV0000000000034882__31.csv,USA_CSV0000000000034882__9.csv,CLIMATE_ZONE,CLIMATE_ZONE
USA_CSV0000000000033847__5.csv,USA_CSV0000000000034882__31.csv,PERC_SIGHT,PERC_SIGHT
USA_CSV0000000000034882__31.csv,USA_CSV0000000000037101__20.csv,PERC_SIGHT,PERC_SIGHT
USA_CSV0000000000033847__4.csv,USA_CSV0000000000034882__31.csv,PERC_SIGHT,PERC_SIGHT
USA_CSV0000000000033847__5.csv,USA_CSV0000000000037101__18.csv,DONUT_EXP_FACTOR,DONUT_EXP_FACTOR
USA_CSV0000000000037101__18.csv,USA_CSV0000000000037101__3.csv,DONUT_EXP_FACTOR,DONUT_EXP_FACTOR
USA_CSV0000000000033847__5.csv,USA_CSV0000000000037101__18.csv,ROUTE_NUMBER,ROUTE_NUMBER
USA_CSV0000000000037101__18.csv,USA_CSV0000000000037101__3.csv,ROUTE_NUMBER,ROUTE_NUMBER
USA_CSV0000000000033847__4.csv,USA_CSV0000000000037101__18.csv,ROUTE_NUMBER,ROUTE_NUMBER
USA_CSV0000000000034882__26.csv,USA_CSV0000000000037101__18.csv,AVG_COMBINATION,AVG_COMBINATION
USA_CSV0000000000037101__18.csv,USA_CSV0000000000037101__3.csv,AVG_COMBINATION,AVG_COMBINATION
USA_CSV0000000000034882__22.csv,USA_CSV0000000000037101__18.csv,AVG_COMBINATION,AVG_COMBINATION
USA_CSV0000000000033847__5.csv,USA_CSV0000000000037101__18.csv,TURN_LANES_L,TURN_LANES_L
USA_CSV0000000000034882__26.csv,USA_CSV0000000000037101__18.csv,TURN_LANES_L,TURN_LANES_L
USA_CSV0000000000037101__18.csv,USA_CSV0000000000037101__3.csv,TURN_LANES_L,TURN_LANES_L
USA_CSV0000000000033847__4.csv,USA_CSV0000000000037101__18.csv,TURN_LANES_L,TURN_LANES_L
USA_CSV0000000000037101__18.csv,USA_CSV0000000000037101__3.csv,PEAK_LANES,PEAK_LANES
USA_CSV0000000000034882__14.csv,USA_CSV0000000000037101__18.csv,PEAK_LANES,PEAK_LANES
USA_CSV0000000000037101__18.csv,USA_CSV0000000000037101__3.csv,YEAR_SURF_IMPROV,YEAR_SURF_IMPROV
USA_CSV0000000000037101__16.csv,USA_CSV0000000000037101__18.csv,YEAR_SURF_IMPROV,YEAR_SURF_IMPROV
USA_CSV0000000000037101__18.csv,USA_CSV0000000000037101__3.csv,COUNTY_CODE,COUNTY_CODE
USA_CSV0000000000037101__18.csv,USA_CSV0000000000037101__3.csv,TRUCK_ROUTE,TRUCK_ROUTE
USA_CSV0000000000034882__14.csv,USA_CSV0000000000037101__18.csv,TRUCK_ROUTE,TRUCK_ROUTE
USA_CSV0000000000033847__5.csv,USA_CSV0000000000037101__18.csv,PERC_SIGHT,PERC_SIGHT
USA_CSV0000000000033847__4.csv,USA_CSV0000000000037101__18.csv,PERC_SIGHT,PERC_SIGHT
USA_CSV0000000000037101__18.csv,USA_CSV0000000000037101__3.csv,FUT_AADT_YEAR,FUT_AADT_YEAR
USA_CSV0000000000037101__16.csv,USA_CSV0000000000037101__18.csv,FUT_AADT_YEAR,FUT_AADT_YEAR
SG_CSV0000000000000925__6.csv,SG_CSV0000000000001714__14.csv,respondent_id,respondent_id
SG_CSV0000000000000925__0.csv,SG_CSV0000000000001714__14.csv,respondent_id,respondent_id
SG_CSV0000000000000925__3.csv,SG_CSV0000000000001714__14.csv,respondent_id,respondent_id
SG_CSV0000000000000925__4.csv,SG_CSV0000000000001714__14.csv,respondent_id,respondent_id
SG_CSV0000000000001714__14.csv,SG_CSV0000000000001714__17.csv,respondent_id,respondent_id
SG_CSV0000000000001714__14.csv,SG_CSV0000000000001714__17.csv,ban_children3,ban_children3
SG_CSV0000000000000925__10.csv,SG_CSV0000000000001714__14.csv,ban_children3,ban_children3
SG_CSV0000000000000925__6.csv,SG_CSV0000000000001714__14.csv,highestlevel,highestlevel
SG_CSV0000000000000925__0.csv,SG_CSV0000000000001714__14.csv,highestlevel,highestlevel
SG_CSV0000000000000925__3.csv,SG_CSV0000000000001714__14.csv,highestlevel,highestlevel
SG_CSV0000000000000925__4.csv,SG_CSV0000000000001714__14.csv,highestlevel,highestlevel
CAN_CSV0000000000001470__14.csv,CAN_CSV0000000000001470__8.csv,Année / Year,Année / Year
CAN_CSV0000000000001470__3.csv,CAN_CSV0000000000001470__8.csv,Année / Year,Année / Year
CAN_CSV0000000000001470__0.csv,CAN_CSV0000000000001470__8.csv,Année / Year,Année / Year
USA_CSV0000000000035902__16.csv,USA_CSV0000000000035902__38.csv,TYPE OF SUBGRADE,TYPE OF SUBGRADE
USA_CSV0000000000035902__20.csv,USA_CSV0000000000035902__38.csv,TYPE OF SUBGRADE,TYPE OF SUBGRADE
USA_CSV0000000000035902__15.csv,USA_CSV0000000000035902__38.csv,TYPE OF SUBGRADE,TYPE OF SUBGRADE
USA_CSV0000000000035902__17.csv,USA_CSV0000000000035902__38.csv,TYPE OF SUBGRADE,TYPE OF SUBGRADE
USA_CSV0000000000035902__18.csv,USA_CSV0000000000035902__38.csv,TYPE OF SUBGRADE,TYPE OF SUBGRADE
UK_CSV0000000000005621__13.csv,UK_CSV0000000000005621__8.csv,Variable Type,Variable Type
UK_CSV0000000000005621__10.csv,UK_CSV0000000000005621__13.csv,Variable Type,Variable Type
CAN_CSV0000000000027353__23.csv,CAN_CSV0000000000027354__0.csv,AIR_TEMP_12HRS_AGO,AIR_TEMP_12HRS_AGO
CAN_CSV0000000000027353__23.csv,CAN_CSV0000000000027354__2.csv,AIR_TEMP_12HRS_AGO,AIR_TEMP_12HRS_AGO
CAN_CSV0000000000027349__23.csv,CAN_CSV0000000000027353__23.csv,PCPN_AMT_PST1MT,PCPN_AMT_PST1MT
CAN_CSV0000000000001487__25.csv,CAN_CSV0000000000027353__23.csv,ALTMETR_SETNG,ALTMETR_SETNG
CAN_CSV0000000000001487__28.csv,CAN_CSV0000000000027353__23.csv,ALTMETR_SETNG,ALTMETR_SETNG
CAN_CSV0000000000001487__35.csv,CAN_CSV0000000000001487__9.csv,ICAO_STN_ID,ICAO_STN_ID
CAN_CSV0000000000001487__35.csv,CAN_CSV0000000000027353__2.csv,ICAO_STN_ID,ICAO_STN_ID
CAN_CSV0000000000001487__34.csv,CAN_CSV0000000000001487__35.csv,ICAO_STN_ID,ICAO_STN_ID
CAN_CSV0000000000001487__35.csv,CAN_CSV0000000000001487__8.csv,ICAO_STN_ID,ICAO_STN_ID
CAN_CSV0000000000001487__35.csv,CAN_CSV0000000000027349__23.csv,AVG_REL_HUM_PST1MT,AVG_REL_HUM_PST1MT
CAN_CSV0000000000001487__35.csv,CAN_CSV0000000000001487__9.csv,AVG_REL_HUM_PST1MT,AVG_REL_HUM_PST1MT
CAN_CSV0000000000001487__35.csv,CAN_CSV0000000000027349__20.csv,AVG_REL_HUM_PST1MT,AVG_REL_HUM_PST1MT
CAN_CSV0000000000001487__25.csv,CAN_CSV0000000000001487__35.csv,AVG_REL_HUM_PST1MT,AVG_REL_HUM_PST1MT
CAN_CSV0000000000001487__35.csv,CAN_CSV0000000000027349__23.csv,AVG_MSLP_PST1MT,AVG_MSLP_PST1MT
CAN_CSV0000000000001487__35.csv,CAN_CSV0000000000001487__9.csv,AVG_MSLP_PST1MT,AVG_MSLP_PST1MT
CAN_CSV0000000000001487__35.csv,CAN_CSV0000000000027349__20.csv,AVG_MSLP_PST1MT,AVG_MSLP_PST1MT
CAN_CSV0000000000001487__35.csv,CAN_CSV0000000000027349__21.csv,AVG_MSLP_PST1MT,AVG_MSLP_PST1MT
CAN_CSV0000000000001487__34.csv,CAN_CSV0000000000001487__35.csv,AVG_MSLP_PST1MT,AVG_MSLP_PST1MT
CAN_CSV0000000000001487__35.csv,CAN_CSV0000000000027353__17.csv,AVG_MSLP_PST1MT,AVG_MSLP_PST1MT
CAN_CSV0000000000001487__35.csv,CAN_CSV0000000000001487__8.csv,AVG_MSLP_PST1MT,AVG_MSLP_PST1MT
CAN_CSV0000000000001487__35.csv,CAN_CSV0000000000001487__9.csv,CLD_AMT_CODE_1,CLD_AMT_CODE_1
CAN_CSV0000000000001487__35.csv,CAN_CSV0000000000027353__2.csv,CLD_AMT_CODE_1,CLD_AMT_CODE_1
CAN_CSV0000000000001487__35.csv,CAN_CSV0000000000027355__11.csv,CLD_AMT_CODE_1,CLD_AMT_CODE_1
CAN_CSV0000000000001487__34.csv,CAN_CSV0000000000001487__35.csv,CLD_AMT_CODE_1,CLD_AMT_CODE_1
CAN_CSV0000000000001487__35.csv,CAN_CSV0000000000027349__23.csv,DNSTY_ALTD,DNSTY_ALTD
CAN_CSV0000000000001487__35.csv,CAN_CSV0000000000027349__20.csv,DNSTY_ALTD,DNSTY_ALTD
CAN_CSV0000000000001487__25.csv,CAN_CSV0000000000001487__35.csv,DNSTY_ALTD,DNSTY_ALTD
CAN_CSV0000000000001487__35.csv,CAN_CSV0000000000027349__21.csv,DNSTY_ALTD,DNSTY_ALTD
CAN_CSV0000000000001487__28.csv,CAN_CSV0000000000001487__35.csv,DNSTY_ALTD,DNSTY_ALTD
CAN_CSV0000000000001487__34.csv,CAN_CSV0000000000001487__35.csv,DNSTY_ALTD,DNSTY_ALTD
CAN_CSV0000000000001487__26.csv,CAN_CSV0000000000001487__35.csv,DNSTY_ALTD,DNSTY_ALTD
CAN_CSV0000000000002115__26.csv,CAN_CSV0000000000002115__35.csv,Year Année,Year Année
CAN_CSV0000000000027405__0.csv,CAN_CSV0000000000027405__5.csv,Past Weather,Past Weather
USA_CSV0000000000033847__5.csv,USA_CSV0000000000037101__25.csv,VERT_ALIGN,VERT_ALIGN
USA_CSV0000000000034882__26.csv,USA_CSV0000000000037101__25.csv,LANE_WIDTH,LANE_WIDTH
USA_CSV0000000000037101__25.csv,USA_CSV0000000000037101__3.csv,SECTION_ID,SECTION_ID
USA_CSV0000000000034882__14.csv,USA_CSV0000000000037101__25.csv,SECTION_ID,SECTION_ID
USA_CSV0000000000034882__22.csv,USA_CSV0000000000037101__25.csv,STATE_CODE,STATE_CODE
USA_CSV0000000000037101__25.csv,USA_CSV0000000000037101__27.csv,STATE_CODE,STATE_CODE
USA_CSV0000000000037101__25.csv,USA_CSV0000000000037101__3.csv,TURN_LANES_R,TURN_LANES_R
USA_CSV0000000000037101__25.csv,USA_CSV0000000000037101__3.csv,NONATT_CODE,NONATT_CODE
USA_CSV0000000000034882__14.csv,USA_CSV0000000000037101__25.csv,AVG_SINGLE_UNIT,AVG_SINGLE_UNIT
USA_CSV0000000000034882__12.csv,USA_CSV0000000000037101__25.csv,AVG_SINGLE_UNIT,AVG_SINGLE_UNIT
USA_CSV0000000000037101__25.csv,USA_CSV0000000000037101__27.csv,AVG_SINGLE_UNIT,AVG_SINGLE_UNIT
USA_CSV0000000000034882__13.csv,USA_CSV0000000000037101__25.csv,AVG_SINGLE_UNIT,AVG_SINGLE_UNIT
USA_CSV0000000000037101__25.csv,USA_CSV0000000000037101__3.csv,ACCESS_CONTROL,ACCESS_CONTROL
USA_CSV0000000000034882__26.csv,USA_CSV0000000000037101__25.csv,ACCESS_CONTROL,ACCESS_CONTROL
USA_CSV0000000000034882__14.csv,USA_CSV0000000000037101__25.csv,ACCESS_CONTROL,ACCESS_CONTROL
USA_CSV0000000000033847__5.csv,USA_CSV0000000000037101__25.csv,PEAK_CAPACITY,PEAK_CAPACITY
USA_CSV0000000000034882__14.csv,USA_CSV0000000000037101__25.csv,PEAK_CAPACITY,PEAK_CAPACITY
USA_CSV0000000000033847__4.csv,USA_CSV0000000000037101__25.csv,PEAK_CAPACITY,PEAK_CAPACITY
USA_CSV0000000000037101__25.csv,USA_CSV0000000000037101__3.csv,IS_GROUPED,IS_GROUPED
USA_CSV0000000000034882__26.csv,USA_CSV0000000000037101__25.csv,IS_GROUPED,IS_GROUPED
USA_CSV0000000000034882__14.csv,USA_CSV0000000000037101__25.csv,IS_GROUPED,IS_GROUPED
USA_CSV0000000000037101__20.csv,USA_CSV0000000000037101__25.csv,TRUCK_ROUTE,TRUCK_ROUTE
USA_CSV0000000000037101__25.csv,USA_CSV0000000000037101__3.csv,TRUCK_ROUTE,TRUCK_ROUTE
USA_CSV0000000000034882__14.csv,USA_CSV0000000000037101__25.csv,TRUCK_ROUTE,TRUCK_ROUTE
USA_CSV0000000000034882__26.csv,USA_CSV0000000000037101__25.csv,PERC_GREEN,PERC_GREEN
USA_CSV0000000000037101__25.csv,USA_CSV0000000000037101__3.csv,PERC_GREEN,PERC_GREEN
USA_CSV0000000000034882__26.csv,USA_CSV0000000000037101__25.csv,MEDIAN_WIDTH,MEDIAN_WIDTH
USA_CSV0000000000033847__5.csv,USA_CSV0000000000037101__25.csv,SHOULDER_WIDTH_L,SHOULDER_WIDTH_L
USA_CSV0000000000037101__25.csv,USA_CSV0000000000037101__3.csv,SHOULDER_WIDTH_L,SHOULDER_WIDTH_L
USA_CSV0000000000034882__14.csv,USA_CSV0000000000037101__25.csv,SHOULDER_WIDTH_L,SHOULDER_WIDTH_L
USA_CSV0000000000034882__22.csv,USA_CSV0000000000037101__25.csv,SHOULDER_WIDTH_L,SHOULDER_WIDTH_L
USA_CSV0000000000033847__4.csv,USA_CSV0000000000037101__25.csv,SHOULDER_WIDTH_L,SHOULDER_WIDTH_L
USA_CSV0000000000034882__26.csv,USA_CSV0000000000037101__25.csv,INTER_ROUTE_NUMBER,INTER_ROUTE_NUMBER
USA_CSV0000000000033847__5.csv,USA_CSV0000000000037101__25.csv,ROUTE_SIGNING,ROUTE_SIGNING
USA_CSV0000000000037101__16.csv,USA_CSV0000000000037101__25.csv,ROUTE_SIGNING,ROUTE_SIGNING
USA_CSV0000000000034882__22.csv,USA_CSV0000000000037101__25.csv,ROUTE_SIGNING,ROUTE_SIGNING
USA_CSV0000000000033847__4.csv,USA_CSV0000000000037101__25.csv,ROUTE_SIGNING,ROUTE_SIGNING
USA_CSV0000000000034882__26.csv,USA_CSV0000000000037101__25.csv,THROUGH_LANES,THROUGH_LANES
USA_CSV0000000000037101__20.csv,USA_CSV0000000000037101__25.csv,YEAR_SURF_IMPROV,YEAR_SURF_IMPROV
USA_CSV0000000000037101__25.csv,USA_CSV0000000000037101__3.csv,YEAR_SURF_IMPROV,YEAR_SURF_IMPROV
USA_CSV0000000000037101__16.csv,USA_CSV0000000000037101__25.csv,YEAR_SURF_IMPROV,YEAR_SURF_IMPROV
USA_CSV0000000000033847__5.csv,USA_CSV0000000000037101__25.csv,DONUT_EXP_FACTOR,DONUT_EXP_FACTOR
USA_CSV0000000000037101__20.csv,USA_CSV0000000000037101__25.csv,DONUT_EXP_FACTOR,DONUT_EXP_FACTOR
USA_CSV0000000000037101__25.csv,USA_CSV0000000000037101__3.csv,DONUT_EXP_FACTOR,DONUT_EXP_FACTOR
USA_CSV0000000000037101__25.csv,USA_CSV0000000000037101__3.csv,MEDIAN_TYPE,MEDIAN_TYPE
USA_CSV0000000000034882__14.csv,USA_CSV0000000000037101__25.csv,MEDIAN_TYPE,MEDIAN_TYPE
USA_CSV0000000000034882__26.csv,USA_CSV0000000000037101__25.csv,AVG_COMBINATION,AVG_COMBINATION
USA_CSV0000000000037101__20.csv,USA_CSV0000000000037101__25.csv,AVG_COMBINATION,AVG_COMBINATION
USA_CSV0000000000037101__25.csv,USA_CSV0000000000037101__3.csv,AVG_COMBINATION,AVG_COMBINATION
USA_CSV0000000000034882__22.csv,USA_CSV0000000000037101__25.csv,AVG_COMBINATION,AVG_COMBINATION
USA_CSV0000000000034882__14.csv,USA_CSV0000000000037101__25.csv,PEAK_PARKING,PEAK_PARKING
USA_CSV0000000000034882__26.csv,USA_CSV0000000000037101__25.csv,UNBUILT_FACILITY,UNBUILT_FACILITY
USA_CSV0000000000035897__25.csv,USA_CSV0000000000035897__26.csv,LANE_CLOSED,LANE_CLOSED
USA_CSV0000000000035897__25.csv,USA_CSV0000000000035897__26.csv,MODERATE_INJURY,MODERATE_INJURY
USA_CSV0000000000035897__25.csv,USA_CSV0000000000035897__26.csv,SCHOOL_ZONE,SCHOOL_ZONE
USA_CSV0000000000035897__26.csv,USA_CSV0000000000035897__8.csv,MAJ_INJ_COUNT,MAJ_INJ_COUNT
USA_CSV0000000000035897__26.csv,USA_CSV0000000000035897__4.csv,MAJ_INJ_COUNT,MAJ_INJ_COUNT
USA_CSV0000000000035897__25.csv,USA_CSV0000000000035897__26.csv,MAJ_INJ_COUNT,MAJ_INJ_COUNT
USA_CSV0000000000035897__26.csv,USA_CSV0000000000035897__8.csv,MOTORCYCLE_COUNT,MOTORCYCLE_COUNT
USA_CSV0000000000035897__25.csv,USA_CSV0000000000035897__26.csv,MOTORCYCLE_COUNT,MOTORCYCLE_COUNT
USA_CSV0000000000035897__26.csv,USA_CSV0000000000035897__8.csv,DRUGGED_DRIVER,DRUGGED_DRIVER
USA_CSV0000000000035897__26.csv,USA_CSV0000000000035897__4.csv,DRUGGED_DRIVER,DRUGGED_DRIVER
USA_CSV0000000000035897__25.csv,USA_CSV0000000000035897__26.csv,DRUGGED_DRIVER,DRUGGED_DRIVER
USA_CSV0000000000035897__26.csv,USA_CSV0000000000035897__8.csv,STOP_CONTROLLED_INT,STOP_CONTROLLED_INT
USA_CSV0000000000035897__25.csv,USA_CSV0000000000035897__26.csv,STOP_CONTROLLED_INT,STOP_CONTROLLED_INT
USA_CSV0000000000035897__26.csv,USA_CSV0000000000035897__44.csv,STOP_CONTROLLED_INT,STOP_CONTROLLED_INT
USA_CSV0000000000035897__26.csv,USA_CSV0000000000035897__8.csv,DRIVER_COUNT_75PLUS,DRIVER_COUNT_75PLUS
USA_CSV0000000000035897__26.csv,USA_CSV0000000000035897__4.csv,DRIVER_COUNT_75PLUS,DRIVER_COUNT_75PLUS
USA_CSV0000000000035897__25.csv,USA_CSV0000000000035897__26.csv,DRIVER_COUNT_75PLUS,DRIVER_COUNT_75PLUS
USA_CSV0000000000035897__26.csv,USA_CSV0000000000035897__8.csv,VEHICLE_COUNT,VEHICLE_COUNT
USA_CSV0000000000035897__25.csv,USA_CSV0000000000035897__26.csv,VEHICLE_COUNT,VEHICLE_COUNT
USA_CSV0000000000035897__26.csv,USA_CSV0000000000035897__8.csv,DRINKING_DRIVER,DRINKING_DRIVER
USA_CSV0000000000035897__26.csv,USA_CSV0000000000035897__4.csv,DRINKING_DRIVER,DRINKING_DRIVER
USA_CSV0000000000035897__26.csv,USA_CSV0000000000035897__4.csv,HIT_BARRIER,HIT_BARRIER
USA_CSV0000000000035897__25.csv,USA_CSV0000000000035897__26.csv,SNOW_SLUSH_ROAD,SNOW_SLUSH_ROAD
USA_CSV0000000000035897__26.csv,USA_CSV0000000000035897__44.csv,DRIVER_COUNT_17YR,DRIVER_COUNT_17YR
USA_CSV0000000000035897__25.csv,USA_CSV0000000000035897__26.csv,DRIVER_COUNT_17YR,DRIVER_COUNT_17YR
USA_CSV0000000000035897__25.csv,USA_CSV0000000000035897__26.csv,TIME_OF_DAY,TIME_OF_DAY
USA_CSV0000000000035897__26.csv,USA_CSV0000000000035897__4.csv,DRIVER_75PLUS,DRIVER_75PLUS
USA_CSV0000000000035897__25.csv,USA_CSV0000000000035897__26.csv,DRIVER_75PLUS,DRIVER_75PLUS
USA_CSV0000000000035897__26.csv,USA_CSV0000000000035897__8.csv,RUNNING_STOP_SIGN,RUNNING_STOP_SIGN
USA_CSV0000000000035897__25.csv,USA_CSV0000000000035897__26.csv,RUNNING_STOP_SIGN,RUNNING_STOP_SIGN
USA_CSV0000000000035897__26.csv,USA_CSV0000000000035897__8.csv,NON_INTERSECTION,NON_INTERSECTION
USA_CSV0000000000035897__25.csv,USA_CSV0000000000035897__26.csv,NON_INTERSECTION,NON_INTERSECTION
USA_CSV0000000000035897__26.csv,USA_CSV0000000000035897__44.csv,NON_INTERSECTION,NON_INTERSECTION
USA_CSV0000000000035897__25.csv,USA_CSV0000000000035897__26.csv,HIT_PARKED_VEHICLE,HIT_PARKED_VEHICLE
USA_CSV0000000000035897__26.csv,USA_CSV0000000000035897__44.csv,HIT_PARKED_VEHICLE,HIT_PARKED_VEHICLE
USA_CSV0000000000035897__26.csv,USA_CSV0000000000035897__8.csv,MUNICIPALITY,MUNICIPALITY
USA_CSV0000000000035897__26.csv,USA_CSV0000000000035897__4.csv,MUNICIPALITY,MUNICIPALITY
USA_CSV0000000000035897__25.csv,USA_CSV0000000000035897__26.csv,MOTORCYCLE,MOTORCYCLE
USA_CSV0000000000035897__26.csv,USA_CSV0000000000035897__8.csv,PERSON_COUNT,PERSON_COUNT
USA_CSV0000000000035897__25.csv,USA_CSV0000000000035897__26.csv,PERSON_COUNT,PERSON_COUNT
USA_CSV0000000000035897__26.csv,USA_CSV0000000000035897__8.csv,DRIVER_17YR,DRIVER_17YR
USA_CSV0000000000035897__25.csv,USA_CSV0000000000035897__26.csv,DRIVER_17YR,DRIVER_17YR
USA_CSV0000000000035897__26.csv,USA_CSV0000000000035897__8.csv,FATAL_OR_MAJ_INJ,FATAL_OR_MAJ_INJ
USA_CSV0000000000035897__25.csv,USA_CSV0000000000035897__26.csv,FATAL_OR_MAJ_INJ,FATAL_OR_MAJ_INJ
USA_CSV0000000000035897__25.csv,USA_CSV0000000000035897__26.csv,MAX_SEVERITY_LEVEL,MAX_SEVERITY_LEVEL
USA_CSV0000000000035897__25.csv,USA_CSV0000000000035897__26.csv,ROADWAY_CRN,ROADWAY_CRN
USA_CSV0000000000035897__26.csv,USA_CSV0000000000035897__4.csv,BELTED_DEATH_COUNT,BELTED_DEATH_COUNT
USA_CSV0000000000035897__26.csv,USA_CSV0000000000035897__44.csv,URBAN_RURAL,URBAN_RURAL
USA_CSV0000000000035897__25.csv,USA_CSV0000000000035897__26.csv,URBAN_RURAL,URBAN_RURAL
USA_CSV0000000000035897__26.csv,USA_CSV0000000000035897__8.csv,MCYCLE_DEATH_COUNT,MCYCLE_DEATH_COUNT
USA_CSV0000000000035897__26.csv,USA_CSV0000000000035897__4.csv,MCYCLE_DEATH_COUNT,MCYCLE_DEATH_COUNT
USA_CSV0000000000035897__26.csv,USA_CSV0000000000035897__4.csv,OVERTURNED,OVERTURNED
USA_CSV0000000000035897__25.csv,USA_CSV0000000000035897__26.csv,OVERTURNED,OVERTURNED
USA_CSV0000000000035897__26.csv,USA_CSV0000000000035897__4.csv,LIMIT_65MPH,LIMIT_65MPH
USA_CSV0000000000035897__25.csv,USA_CSV0000000000035897__26.csv,LIMIT_65MPH,LIMIT_65MPH
USA_CSV0000000000035897__25.csv,USA_CSV0000000000035897__26.csv,LANE_COUNT,LANE_COUNT
USA_CSV0000000000035897__26.csv,USA_CSV0000000000035897__44.csv,LANE_COUNT,LANE_COUNT
USA_CSV0000000000035897__26.csv,USA_CSV0000000000035897__8.csv,FIRE_IN_VEHICLE,FIRE_IN_VEHICLE
USA_CSV0000000000035897__25.csv,USA_CSV0000000000035897__26.csv,FIRE_IN_VEHICLE,FIRE_IN_VEHICLE
USA_CSV0000000000035897__26.csv,USA_CSV0000000000035897__8.csv,UNK_INJ_PER_COUNT,UNK_INJ_PER_COUNT
USA_CSV0000000000035897__25.csv,USA_CSV0000000000035897__26.csv,UNK_INJ_PER_COUNT,UNK_INJ_PER_COUNT
USA_CSV0000000000035897__26.csv,USA_CSV0000000000035897__8.csv,FATIGUE_ASLEEP,FATIGUE_ASLEEP
USA_CSV0000000000035897__25.csv,USA_CSV0000000000035897__26.csv,DRIVER_20YR,DRIVER_20YR
USA_CSV0000000000035897__25.csv,USA_CSV0000000000035897__26.csv,COLLISION_TYPE,COLLISION_TYPE
USA_CSV0000000000035897__26.csv,USA_CSV0000000000035897__8.csv,HAZARDOUS_TRUCK,HAZARDOUS_TRUCK
USA_CSV0000000000035897__25.csv,USA_CSV0000000000035897__26.csv,HAZARDOUS_TRUCK,HAZARDOUS_TRUCK
USA_CSV0000000000035897__26.csv,USA_CSV0000000000035897__8.csv,SV_RUN_OFF_RD,SV_RUN_OFF_RD
USA_CSV0000000000035897__25.csv,USA_CSV0000000000035897__26.csv,SV_RUN_OFF_RD,SV_RUN_OFF_RD
USA_CSV0000000000035897__26.csv,USA_CSV0000000000035897__8.csv,CRASH_YEAR,CRASH_YEAR
USA_CSV0000000000035897__25.csv,USA_CSV0000000000035897__26.csv,CRASH_YEAR,CRASH_YEAR
USA_CSV0000000000035897__26.csv,USA_CSV0000000000035897__44.csv,DEER_RELATED,DEER_RELATED
USA_CSV0000000000035897__25.csv,USA_CSV0000000000035897__26.csv,DEER_RELATED,DEER_RELATED
USA_CSV0000000000035897__25.csv,USA_CSV0000000000035897__26.csv,ROAD_OWNER,ROAD_OWNER
USA_CSV0000000000035897__26.csv,USA_CSV0000000000035897__8.csv,TAILGATING,TAILGATING
USA_CSV0000000000035897__25.csv,USA_CSV0000000000035897__26.csv,INTERSTATE,INTERSTATE
USA_CSV0000000000035897__26.csv,USA_CSV0000000000035897__44.csv,INTERSTATE,INTERSTATE
USA_CSV0000000000035897__25.csv,USA_CSV0000000000035897__26.csv,SMALL_TRUCK_COUNT,SMALL_TRUCK_COUNT
USA_CSV0000000000035897__26.csv,USA_CSV0000000000035897__4.csv,SMALL_TRUCK_COUNT,SMALL_TRUCK_COUNT
USA_CSV0000000000035897__26.csv,USA_CSV0000000000035897__8.csv,INJURY_COUNT,INJURY_COUNT
USA_CSV0000000000035897__25.csv,USA_CSV0000000000035897__26.csv,INJURY_COUNT,INJURY_COUNT
USA_CSV0000000000035897__25.csv,USA_CSV0000000000035897__26.csv,SPEED_LIMIT,SPEED_LIMIT
USA_CSV0000000000035897__26.csv,USA_CSV0000000000035897__4.csv,MAJOR_INJURY,MAJOR_INJURY
USA_CSV0000000000035897__26.csv,USA_CSV0000000000035897__8.csv,ROADWAY_COUNTY,ROADWAY_COUNTY
USA_CSV0000000000035897__25.csv,USA_CSV0000000000035897__26.csv,ROADWAY_COUNTY,ROADWAY_COUNTY
USA_CSV0000000000033847__5.csv,USA_CSV0000000000037101__27.csv,VERT_ALIGN,VERT_ALIGN
USA_CSV0000000000034882__26.csv,USA_CSV0000000000037101__27.csv,LANE_WIDTH,LANE_WIDTH
USA_CSV0000000000033847__17.csv,USA_CSV0000000000037101__27.csv,LANE_WIDTH,LANE_WIDTH
USA_CSV0000000000037101__27.csv,USA_CSV0000000000037101__3.csv,SECTION_ID,SECTION_ID
USA_CSV0000000000034882__14.csv,USA_CSV0000000000037101__27.csv,SECTION_ID,SECTION_ID
USA_CSV0000000000034882__12.csv,USA_CSV0000000000037101__27.csv,SECTION_ID,SECTION_ID
USA_CSV0000000000034882__22.csv,USA_CSV0000000000037101__27.csv,STATE_CODE,STATE_CODE
USA_CSV0000000000037101__25.csv,USA_CSV0000000000037101__27.csv,STATE_CODE,STATE_CODE
USA_CSV0000000000037101__27.csv,USA_CSV0000000000037101__3.csv,TURN_LANES_R,TURN_LANES_R
USA_CSV0000000000034882__22.csv,USA_CSV0000000000037101__27.csv,TURN_LANES_R,TURN_LANES_R
USA_CSV0000000000033847__17.csv,USA_CSV0000000000037101__27.csv,TURN_LANES_R,TURN_LANES_R
USA_CSV0000000000037101__27.csv,USA_CSV0000000000037101__3.csv,NONATT_CODE,NONATT_CODE
USA_CSV0000000000034882__14.csv,USA_CSV0000000000037101__27.csv,AVG_SINGLE_UNIT,AVG_SINGLE_UNIT
USA_CSV0000000000034882__12.csv,USA_CSV0000000000037101__27.csv,AVG_SINGLE_UNIT,AVG_SINGLE_UNIT
USA_CSV0000000000034882__13.csv,USA_CSV0000000000037101__27.csv,AVG_SINGLE_UNIT,AVG_SINGLE_UNIT
USA_CSV0000000000037101__25.csv,USA_CSV0000000000037101__27.csv,AVG_SINGLE_UNIT,AVG_SINGLE_UNIT
USA_CSV0000000000037101__27.csv,USA_CSV0000000000037101__3.csv,ACCESS_CONTROL,ACCESS_CONTROL
USA_CSV0000000000034882__26.csv,USA_CSV0000000000037101__27.csv,ACCESS_CONTROL,ACCESS_CONTROL
USA_CSV0000000000034882__14.csv,USA_CSV0000000000037101__27.csv,ACCESS_CONTROL,ACCESS_CONTROL
USA_CSV0000000000033847__5.csv,USA_CSV0000000000037101__27.csv,PEAK_CAPACITY,PEAK_CAPACITY
USA_CSV0000000000034882__14.csv,USA_CSV0000000000037101__27.csv,PEAK_CAPACITY,PEAK_CAPACITY
USA_CSV0000000000033847__4.csv,USA_CSV0000000000037101__27.csv,PEAK_CAPACITY,PEAK_CAPACITY
USA_CSV0000000000034882__12.csv,USA_CSV0000000000037101__27.csv,PEAK_CAPACITY,PEAK_CAPACITY
USA_CSV0000000000037101__27.csv,USA_CSV0000000000037101__3.csv,IS_GROUPED,IS_GROUPED
USA_CSV0000000000034882__26.csv,USA_CSV0000000000037101__27.csv,IS_GROUPED,IS_GROUPED
USA_CSV0000000000037101__20.csv,USA_CSV0000000000037101__27.csv,TRUCK_ROUTE,TRUCK_ROUTE
USA_CSV0000000000037101__27.csv,USA_CSV0000000000037101__3.csv,TRUCK_ROUTE,TRUCK_ROUTE
USA_CSV0000000000034882__14.csv,USA_CSV0000000000037101__27.csv,TRUCK_ROUTE,TRUCK_ROUTE
USA_CSV0000000000034882__12.csv,USA_CSV0000000000037101__27.csv,TRUCK_ROUTE,TRUCK_ROUTE
USA_CSV0000000000034882__26.csv,USA_CSV0000000000037101__27.csv,PERC_GREEN,PERC_GREEN
USA_CSV0000000000037101__27.csv,USA_CSV0000000000037101__3.csv,PERC_GREEN,PERC_GREEN
USA_CSV0000000000034882__25.csv,USA_CSV0000000000037101__27.csv,PERC_GREEN,PERC_GREEN
USA_CSV0000000000034882__29.csv,USA_CSV0000000000037101__27.csv,PERC_GREEN,PERC_GREEN
USA_CSV0000000000034882__26.csv,USA_CSV0000000000037101__27.csv,MEDIAN_WIDTH,MEDIAN_WIDTH
USA_CSV0000000000034882__25.csv,USA_CSV0000000000037101__27.csv,MEDIAN_WIDTH,MEDIAN_WIDTH
USA_CSV0000000000033847__5.csv,USA_CSV0000000000037101__27.csv,SHOULDER_WIDTH_L,SHOULDER_WIDTH_L
USA_CSV0000000000037101__27.csv,USA_CSV0000000000037101__3.csv,SHOULDER_WIDTH_L,SHOULDER_WIDTH_L
USA_CSV0000000000034882__14.csv,USA_CSV0000000000037101__27.csv,SHOULDER_WIDTH_L,SHOULDER_WIDTH_L
USA_CSV0000000000034882__22.csv,USA_CSV0000000000037101__27.csv,SHOULDER_WIDTH_L,SHOULDER_WIDTH_L
USA_CSV0000000000033847__4.csv,USA_CSV0000000000037101__27.csv,SHOULDER_WIDTH_L,SHOULDER_WIDTH_L
USA_CSV0000000000034882__26.csv,USA_CSV0000000000037101__27.csv,INTER_ROUTE_NUMBER,INTER_ROUTE_NUMBER
USA_CSV0000000000033847__17.csv,USA_CSV0000000000037101__27.csv,INTER_ROUTE_NUMBER,INTER_ROUTE_NUMBER
USA_CSV0000000000033847__5.csv,USA_CSV0000000000037101__27.csv,ROUTE_SIGNING,ROUTE_SIGNING
USA_CSV0000000000037101__16.csv,USA_CSV0000000000037101__27.csv,ROUTE_SIGNING,ROUTE_SIGNING
USA_CSV0000000000034882__22.csv,USA_CSV0000000000037101__27.csv,ROUTE_SIGNING,ROUTE_SIGNING
USA_CSV0000000000033847__4.csv,USA_CSV0000000000037101__27.csv,ROUTE_SIGNING,ROUTE_SIGNING
USA_CSV0000000000034882__26.csv,USA_CSV0000000000037101__27.csv,THROUGH_LANES,THROUGH_LANES
USA_CSV0000000000037101__20.csv,USA_CSV0000000000037101__27.csv,YEAR_SURF_IMPROV,YEAR_SURF_IMPROV
USA_CSV0000000000037101__27.csv,USA_CSV0000000000037101__3.csv,YEAR_SURF_IMPROV,YEAR_SURF_IMPROV
USA_CSV0000000000033847__5.csv,USA_CSV0000000000037101__27.csv,DONUT_EXP_FACTOR,DONUT_EXP_FACTOR
USA_CSV0000000000037101__20.csv,USA_CSV0000000000037101__27.csv,DONUT_EXP_FACTOR,DONUT_EXP_FACTOR
USA_CSV0000000000037101__27.csv,USA_CSV0000000000037101__3.csv,DONUT_EXP_FACTOR,DONUT_EXP_FACTOR
USA_CSV0000000000037101__27.csv,USA_CSV0000000000037101__3.csv,MEDIAN_TYPE,MEDIAN_TYPE
USA_CSV0000000000034882__26.csv,USA_CSV0000000000037101__27.csv,AVG_COMBINATION,AVG_COMBINATION
USA_CSV0000000000037101__20.csv,USA_CSV0000000000037101__27.csv,AVG_COMBINATION,AVG_COMBINATION
USA_CSV0000000000037101__27.csv,USA_CSV0000000000037101__3.csv,AVG_COMBINATION,AVG_COMBINATION
USA_CSV0000000000034882__22.csv,USA_CSV0000000000037101__27.csv,AVG_COMBINATION,AVG_COMBINATION
USA_CSV0000000000034882__9.csv,USA_CSV0000000000037101__27.csv,AVG_COMBINATION,AVG_COMBINATION
USA_CSV0000000000034882__14.csv,USA_CSV0000000000037101__27.csv,PEAK_PARKING,PEAK_PARKING
USA_CSV0000000000034882__26.csv,USA_CSV0000000000037101__27.csv,UNBUILT_FACILITY,UNBUILT_FACILITY
USA_CSV0000000000034882__14.csv,USA_CSV0000000000037101__27.csv,UNBUILT_FACILITY,UNBUILT_FACILITY
CAN_CSV0000000000001735__1.csv,CAN_CSV0000000000002115__26.csv,Province/Canada,Province/Canada
CAN_CSV0000000000001735__1.csv,CAN_CSV0000000000001735__4.csv,Province/Canada,Province/Canada
CAN_CSV0000000000001487__5.csv,CAN_CSV0000000000027349__23.csv,DATA_ATTRIB_NOT,DATA_ATTRIB_NOT
CAN_CSV0000000000001487__5.csv,CAN_CSV0000000000027349__20.csv,DATA_ATTRIB_NOT,DATA_ATTRIB_NOT
CAN_CSV0000000000001487__25.csv,CAN_CSV0000000000001487__5.csv,DATA_ATTRIB_NOT,DATA_ATTRIB_NOT
CAN_CSV0000000000001487__5.csv,CAN_CSV0000000000027354__6.csv,DATA_ATTRIB_NOT,DATA_ATTRIB_NOT
CAN_CSV0000000000001487__5.csv,CAN_CSV0000000000027349__21.csv,DATA_ATTRIB_NOT,DATA_ATTRIB_NOT
CAN_CSV0000000000001487__5.csv,CAN_CSV0000000000027353__2.csv,DATA_ATTRIB_NOT,DATA_ATTRIB_NOT
CAN_CSV0000000000001487__25.csv,CAN_CSV0000000000001487__5.csv,CEILOMTR_ELEV,CEILOMTR_ELEV
CAN_CSV0000000000001487__5.csv,CAN_CSV0000000000027346__12.csv,CEILOMTR_ELEV,CEILOMTR_ELEV
CAN_CSV0000000000001487__5.csv,CAN_CSV0000000000027346__14.csv,CEILOMTR_ELEV,CEILOMTR_ELEV
CAN_CSV0000000000001487__28.csv,CAN_CSV0000000000001487__5.csv,CEILOMTR_ELEV,CEILOMTR_ELEV
CAN_CSV0000000000001487__35.csv,CAN_CSV0000000000001487__5.csv,PCPN_AMT_PST1MT_QA,PCPN_AMT_PST1MT_QA
CAN_CSV0000000000001487__25.csv,CAN_CSV0000000000001487__5.csv,PCPN_AMT_PST1MT_QA,PCPN_AMT_PST1MT_QA
CAN_CSV0000000000001487__28.csv,CAN_CSV0000000000001487__5.csv,PCPN_AMT_PST1MT_QA,PCPN_AMT_PST1MT_QA
CAN_CSV0000000000001487__34.csv,CAN_CSV0000000000001487__5.csv,PCPN_AMT_PST1MT_QA,PCPN_AMT_PST1MT_QA
CAN_CSV0000000000001487__26.csv,CAN_CSV0000000000001487__5.csv,PCPN_AMT_PST1MT_QA,PCPN_AMT_PST1MT_QA
CAN_CSV0000000000001487__5.csv,CAN_CSV0000000000001487__9.csv,PCPN_AMT_PST1HR,PCPN_AMT_PST1HR
CAN_CSV0000000000001487__25.csv,CAN_CSV0000000000001487__5.csv,PCPN_AMT_PST1HR,PCPN_AMT_PST1HR
CAN_CSV0000000000001487__5.csv,CAN_CSV0000000000027346__23.csv,PCPN_AMT_PST1HR,PCPN_AMT_PST1HR
CAN_CSV0000000000001487__28.csv,CAN_CSV0000000000001487__5.csv,PCPN_AMT_PST1HR,PCPN_AMT_PST1HR
CAN_CSV0000000000001487__5.csv,CAN_CSV0000000000001487__8.csv,PCPN_AMT_PST1HR,PCPN_AMT_PST1HR
CAN_CSV0000000000001487__26.csv,CAN_CSV0000000000001487__5.csv,PCPN_AMT_PST1HR,PCPN_AMT_PST1HR
CAN_CSV0000000000001724__8.csv,CAN_CSV0000000000001797__36.csv,Province/Canada,Province/Canada
CAN_CSV0000000000001787__6.csv,CAN_CSV0000000000001797__36.csv,Province/Canada,Province/Canada
CAN_CSV0000000000001787__5.csv,CAN_CSV0000000000001797__36.csv,Province/Canada,Province/Canada
CAN_CSV0000000000001787__0.csv,CAN_CSV0000000000001797__36.csv,Province/Canada,Province/Canada
UK_CSV0000000000002183__1.csv,UK_CSV0000000000002183__9.csv,Disconnections,Disconnections
UK_CSV0000000000002183__4.csv,UK_CSV0000000000002183__9.csv,Disconnections,Disconnections
UK_CSV0000000000002183__8.csv,UK_CSV0000000000002183__9.csv,Disconnections,Disconnections
UK_CSV0000000000002183__9.csv,UK_CSV0000000000003467__16.csv,Disconnections,Disconnections
UK_CSV0000000000002183__1.csv,UK_CSV0000000000002183__9.csv,iPlayerUHD24hr,iPlayerUHD24hr
UK_CSV0000000000002183__4.csv,UK_CSV0000000000002183__9.csv,iPlayerUHD24hr,iPlayerUHD24hr
UK_CSV0000000000002183__8.csv,UK_CSV0000000000002183__9.csv,iPlayerUHD24hr,iPlayerUHD24hr
UK_CSV0000000000002183__1.csv,UK_CSV0000000000002183__9.csv,NetflixFailedPeak,NetflixFailedPeak
UK_CSV0000000000002183__4.csv,UK_CSV0000000000002183__9.csv,NetflixFailedPeak,NetflixFailedPeak
UK_CSV0000000000002183__1.csv,UK_CSV0000000000002183__9.csv,YouTubeSD24hr,YouTubeSD24hr
UK_CSV0000000000002183__4.csv,UK_CSV0000000000002183__9.csv,YouTubeSD24hr,YouTubeSD24hr
UK_CSV0000000000002183__8.csv,UK_CSV0000000000002183__9.csv,YouTubeSD24hr,YouTubeSD24hr
UK_CSV0000000000002183__1.csv,UK_CSV0000000000002183__9.csv,NetflixHD24hr,NetflixHD24hr
UK_CSV0000000000002183__4.csv,UK_CSV0000000000002183__9.csv,NetflixHD24hr,NetflixHD24hr
UK_CSV0000000000002183__8.csv,UK_CSV0000000000002183__9.csv,NetflixHD24hr,NetflixHD24hr
UK_CSV0000000000002183__1.csv,UK_CSV0000000000002183__9.csv,DNS Rate - peak,DNS Rate - peak
UK_CSV0000000000002183__4.csv,UK_CSV0000000000002183__9.csv,DNS Rate - peak,DNS Rate - peak
UK_CSV0000000000002183__8.csv,UK_CSV0000000000002183__9.csv,DNS Rate - peak,DNS Rate - peak
UK_CSV0000000000002183__1.csv,UK_CSV0000000000002183__9.csv,iPlayerSD24hr,iPlayerSD24hr
UK_CSV0000000000002183__4.csv,UK_CSV0000000000002183__9.csv,iPlayerSD24hr,iPlayerSD24hr
UK_CSV0000000000002183__1.csv,UK_CSV0000000000002183__9.csv,Download - 19-20pm,Download - 19-20pm
UK_CSV0000000000002183__4.csv,UK_CSV0000000000002183__9.csv,Download - 19-20pm,Download - 19-20pm
UK_CSV0000000000002183__8.csv,UK_CSV0000000000002183__9.csv,Download - 19-20pm,Download - 19-20pm
UK_CSV0000000000002183__1.csv,UK_CSV0000000000002183__9.csv,iPlayerUHDPeak,iPlayerUHDPeak
UK_CSV0000000000002183__4.csv,UK_CSV0000000000002183__9.csv,iPlayerUHDPeak,iPlayerUHDPeak
UK_CSV0000000000002183__8.csv,UK_CSV0000000000002183__9.csv,iPlayerUHDPeak,iPlayerUHDPeak
UK_CSV0000000000002183__1.csv,UK_CSV0000000000002183__9.csv,Technology,Technology
UK_CSV0000000000002183__4.csv,UK_CSV0000000000002183__9.csv,Technology,Technology
UK_CSV0000000000002183__8.csv,UK_CSV0000000000002183__9.csv,Technology,Technology
SG_CSV0000000000000925__10.csv,SG_CSV0000000000001714__17.csv,yearbornin_1_slice,yearbornin_1_slice
SG_CSV0000000000000925__6.csv,SG_CSV0000000000001714__17.csv,yearbornin_1_slice,yearbornin_1_slice
SG_CSV0000000000000925__0.csv,SG_CSV0000000000001714__17.csv,yearbornin_1_slice,yearbornin_1_slice
SG_CSV0000000000000925__4.csv,SG_CSV0000000000001714__17.csv,yearbornin_1_slice,yearbornin_1_slice
SG_CSV0000000000001714__17.csv,SG_CSV0000000000001714__6.csv,yearbornin_1_slice,yearbornin_1_slice
SG_CSV0000000000000030__8.csv,SG_CSV0000000000000044__6.csv,secondary_ssic_code,secondary_ssic_code
SG_CSV0000000000000030__4.csv,SG_CSV0000000000000030__8.csv,address_type,address_type
CAN_CSV0000000000001487__8.csv,CAN_CSV0000000000001487__9.csv,AVG_MSLP_PST1MT_QA,AVG_MSLP_PST1MT_QA
CAN_CSV0000000000001487__8.csv,CAN_CSV0000000000027349__23.csv,DATA_PAYLOAD_URI,DATA_PAYLOAD_URI
CAN_CSV0000000000001487__8.csv,CAN_CSV0000000000001487__9.csv,DATA_PAYLOAD_URI,DATA_PAYLOAD_URI
CAN_CSV0000000000001487__8.csv,CAN_CSV0000000000027349__20.csv,DATA_PAYLOAD_URI,DATA_PAYLOAD_URI
CAN_CSV0000000000001487__25.csv,CAN_CSV0000000000001487__8.csv,DATA_PAYLOAD_URI,DATA_PAYLOAD_URI
CAN_CSV0000000000001487__8.csv,CAN_CSV0000000000027349__21.csv,DATA_PAYLOAD_URI,DATA_PAYLOAD_URI
CAN_CSV0000000000001487__8.csv,CAN_CSV0000000000027353__2.csv,DATA_PAYLOAD_URI,DATA_PAYLOAD_URI
CAN_CSV0000000000001487__8.csv,CAN_CSV0000000000027355__11.csv,DATA_PAYLOAD_URI,DATA_PAYLOAD_URI
CAN_CSV0000000000001487__28.csv,CAN_CSV0000000000001487__8.csv,DATA_PAYLOAD_URI,DATA_PAYLOAD_URI
CAN_CSV0000000000001487__8.csv,CAN_CSV0000000000001487__9.csv,PRSNT_WX_1_QA,PRSNT_WX_1_QA
CAN_CSV0000000000001487__10.csv,CAN_CSV0000000000001487__8.csv,PRSNT_WX_1_QA,PRSNT_WX_1_QA
CAN_CSV0000000000001487__20.csv,CAN_CSV0000000000001487__8.csv,PRSNT_WX_1_QA,PRSNT_WX_1_QA
CAN_CSV0000000000001487__8.csv,CAN_CSV0000000000027349__23.csv,PCPN_AMT_PST1MT,PCPN_AMT_PST1MT
CAN_CSV0000000000001487__8.csv,CAN_CSV0000000000001487__9.csv,PCPN_AMT_PST1MT,PCPN_AMT_PST1MT
CAN_CSV0000000000001487__8.csv,CAN_CSV0000000000027349__20.csv,PCPN_AMT_PST1MT,PCPN_AMT_PST1MT
CAN_CSV0000000000001487__8.csv,CAN_CSV0000000000027349__21.csv,PCPN_AMT_PST1MT,PCPN_AMT_PST1MT
CAN_CSV0000000000001487__8.csv,CAN_CSV0000000000027355__11.csv,PCPN_AMT_PST1MT,PCPN_AMT_PST1MT
CAN_CSV0000000000001487__8.csv,CAN_CSV0000000000001487__9.csv,AVG_AIR_TEMP_PST1MT,AVG_AIR_TEMP_PST1MT
CAN_CSV0000000000001487__25.csv,CAN_CSV0000000000001487__8.csv,AVG_AIR_TEMP_PST1MT,AVG_AIR_TEMP_PST1MT
CAN_CSV0000000000001487__28.csv,CAN_CSV0000000000001487__8.csv,AVG_AIR_TEMP_PST1MT,AVG_AIR_TEMP_PST1MT
CAN_CSV0000000000001487__8.csv,CAN_CSV0000000000001487__9.csv,CLD_BAS_HGT_1,CLD_BAS_HGT_1
CAN_CSV0000000000001487__25.csv,CAN_CSV0000000000001487__8.csv,CLD_BAS_HGT_1,CLD_BAS_HGT_1
CAN_CSV0000000000001487__28.csv,CAN_CSV0000000000001487__8.csv,CLD_BAS_HGT_1,CLD_BAS_HGT_1
CAN_CSV0000000000001487__26.csv,CAN_CSV0000000000001487__8.csv,CLD_BAS_HGT_1,CLD_BAS_HGT_1
CAN_CSV0000000000001487__8.csv,CAN_CSV0000000000027355__20.csv,CLD_BAS_HGT_1,CLD_BAS_HGT_1
CAN_CSV0000000000001487__35.csv,CAN_CSV0000000000001487__8.csv,CLD_AMT_CODE_1,CLD_AMT_CODE_1
CAN_CSV0000000000001487__8.csv,CAN_CSV0000000000001487__9.csv,CLD_AMT_CODE_1,CLD_AMT_CODE_1
CAN_CSV0000000000001487__8.csv,CAN_CSV0000000000027353__2.csv,CLD_AMT_CODE_1,CLD_AMT_CODE_1
CAN_CSV0000000000001487__8.csv,CAN_CSV0000000000027355__11.csv,CLD_AMT_CODE_1,CLD_AMT_CODE_1
CAN_CSV0000000000001487__34.csv,CAN_CSV0000000000001487__8.csv,CLD_AMT_CODE_1,CLD_AMT_CODE_1
CAN_CSV0000000000001487__8.csv,CAN_CSV0000000000027355__20.csv,CLD_AMT_CODE_1,CLD_AMT_CODE_1
CAN_CSV0000000000001487__8.csv,CAN_CSV0000000000001487__9.csv,AVG_VIS_PST10MTS,AVG_VIS_PST10MTS
CAN_CSV0000000000001487__25.csv,CAN_CSV0000000000001487__8.csv,AVG_VIS_PST10MTS,AVG_VIS_PST10MTS
CAN_CSV0000000000001487__8.csv,CAN_CSV0000000000027353__2.csv,AVG_VIS_PST10MTS,AVG_VIS_PST10MTS
CAN_CSV0000000000001487__28.csv,CAN_CSV0000000000001487__8.csv,AVG_VIS_PST10MTS,AVG_VIS_PST10MTS
CAN_CSV0000000000001487__26.csv,CAN_CSV0000000000001487__8.csv,AVG_VIS_PST10MTS,AVG_VIS_PST10MTS
CAN_CSV0000000000001487__35.csv,CAN_CSV0000000000001487__8.csv,ICAO_STN_ID,ICAO_STN_ID
CAN_CSV0000000000001487__8.csv,CAN_CSV0000000000001487__9.csv,ICAO_STN_ID,ICAO_STN_ID
CAN_CSV0000000000001487__8.csv,CAN_CSV0000000000027353__2.csv,ICAO_STN_ID,ICAO_STN_ID
CAN_CSV0000000000001487__34.csv,CAN_CSV0000000000001487__8.csv,ICAO_STN_ID,ICAO_STN_ID
CAN_CSV0000000000001487__8.csv,CAN_CSV0000000000001487__9.csv,CLD_AMT_CODE_1_QA,CLD_AMT_CODE_1_QA
CAN_CSV0000000000001487__6.csv,CAN_CSV0000000000001487__8.csv,CLD_AMT_CODE_1_QA,CLD_AMT_CODE_1_QA
CAN_CSV0000000000001487__7.csv,CAN_CSV0000000000001487__8.csv,CLD_AMT_CODE_1_QA,CLD_AMT_CODE_1_QA
CAN_CSV0000000000001487__10.csv,CAN_CSV0000000000001487__8.csv,CLD_AMT_CODE_1_QA,CLD_AMT_CODE_1_QA
CAN_CSV0000000000001487__8.csv,CAN_CSV0000000000027349__23.csv,AVG_REL_HUM_PST1MT,AVG_REL_HUM_PST1MT
CAN_CSV0000000000001487__35.csv,CAN_CSV0000000000001487__8.csv,AVG_REL_HUM_PST1MT,AVG_REL_HUM_PST1MT
CAN_CSV0000000000001487__8.csv,CAN_CSV0000000000027349__23.csv,AVG_MSLP_PST1MT,AVG_MSLP_PST1MT
CAN_CSV0000000000001487__35.csv,CAN_CSV0000000000001487__8.csv,AVG_MSLP_PST1MT,AVG_MSLP_PST1MT
CAN_CSV0000000000001487__8.csv,CAN_CSV0000000000001487__9.csv,AVG_MSLP_PST1MT,AVG_MSLP_PST1MT
CAN_CSV0000000000001487__8.csv,CAN_CSV0000000000027349__20.csv,AVG_MSLP_PST1MT,AVG_MSLP_PST1MT
CAN_CSV0000000000001487__8.csv,CAN_CSV0000000000027349__21.csv,AVG_MSLP_PST1MT,AVG_MSLP_PST1MT
CAN_CSV0000000000001487__34.csv,CAN_CSV0000000000001487__8.csv,AVG_MSLP_PST1MT,AVG_MSLP_PST1MT
CAN_CSV0000000000001487__8.csv,CAN_CSV0000000000027353__17.csv,AVG_MSLP_PST1MT,AVG_MSLP_PST1MT
CAN_CSV0000000000001487__8.csv,CAN_CSV0000000000001487__9.csv,AVG_VIS_PST1MT_QA,AVG_VIS_PST1MT_QA
CAN_CSV0000000000001487__25.csv,CAN_CSV0000000000001487__8.csv,AVG_VIS_PST1MT_QA,AVG_VIS_PST1MT_QA
CAN_CSV0000000000001487__8.csv,CAN_CSV0000000000027346__14.csv,AVG_VIS_PST1MT_QA,AVG_VIS_PST1MT_QA
CAN_CSV0000000000001487__28.csv,CAN_CSV0000000000001487__8.csv,AVG_VIS_PST1MT_QA,AVG_VIS_PST1MT_QA
CAN_CSV0000000000001487__26.csv,CAN_CSV0000000000001487__8.csv,AVG_VIS_PST1MT_QA,AVG_VIS_PST1MT_QA
CAN_CSV0000000000001487__10.csv,CAN_CSV0000000000001487__8.csv,AVG_VIS_PST1MT_QA,AVG_VIS_PST1MT_QA
CAN_CSV0000000000001487__29.csv,CAN_CSV0000000000001487__8.csv,AVG_VIS_PST1MT_QA,AVG_VIS_PST1MT_QA
CAN_CSV0000000000001487__24.csv,CAN_CSV0000000000001487__8.csv,AVG_VIS_PST1MT_QA,AVG_VIS_PST1MT_QA
CAN_CSV0000000000001487__6.csv,CAN_CSV0000000000001487__8.csv,AVG_VIS_PST1MT_QA,AVG_VIS_PST1MT_QA
CAN_CSV0000000000001487__8.csv,CAN_CSV0000000000001487__9.csv,PCPN_AMT_PST1HR,PCPN_AMT_PST1HR
CAN_CSV0000000000001487__25.csv,CAN_CSV0000000000001487__8.csv,PCPN_AMT_PST1HR,PCPN_AMT_PST1HR
CAN_CSV0000000000001487__8.csv,CAN_CSV0000000000027346__23.csv,PCPN_AMT_PST1HR,PCPN_AMT_PST1HR
USA_CSV0000000000033847__5.csv,USA_CSV0000000000037101__20.csv,DONUT_EXP_FACTOR,DONUT_EXP_FACTOR
USA_CSV0000000000037101__20.csv,USA_CSV0000000000037101__3.csv,DONUT_EXP_FACTOR,DONUT_EXP_FACTOR
USA_CSV0000000000033847__5.csv,USA_CSV0000000000037101__20.csv,ROUTE_NUMBER,ROUTE_NUMBER
USA_CSV0000000000037101__20.csv,USA_CSV0000000000037101__3.csv,ROUTE_NUMBER,ROUTE_NUMBER
USA_CSV0000000000033847__4.csv,USA_CSV0000000000037101__20.csv,ROUTE_NUMBER,ROUTE_NUMBER
USA_CSV0000000000034882__26.csv,USA_CSV0000000000037101__20.csv,AVG_COMBINATION,AVG_COMBINATION
USA_CSV0000000000037101__20.csv,USA_CSV0000000000037101__3.csv,AVG_COMBINATION,AVG_COMBINATION
USA_CSV0000000000033847__5.csv,USA_CSV0000000000037101__20.csv,TURN_LANES_L,TURN_LANES_L
USA_CSV0000000000034882__26.csv,USA_CSV0000000000037101__20.csv,TURN_LANES_L,TURN_LANES_L
USA_CSV0000000000037101__20.csv,USA_CSV0000000000037101__3.csv,TURN_LANES_L,TURN_LANES_L
USA_CSV0000000000033847__4.csv,USA_CSV0000000000037101__20.csv,TURN_LANES_L,TURN_LANES_L
USA_CSV0000000000037101__20.csv,USA_CSV0000000000037101__3.csv,PEAK_LANES,PEAK_LANES
USA_CSV0000000000034882__14.csv,USA_CSV0000000000037101__20.csv,PEAK_LANES,PEAK_LANES
USA_CSV0000000000034882__12.csv,USA_CSV0000000000037101__20.csv,PEAK_LANES,PEAK_LANES
USA_CSV0000000000037101__20.csv,USA_CSV0000000000037101__3.csv,YEAR_SURF_IMPROV,YEAR_SURF_IMPROV
USA_CSV0000000000037101__16.csv,USA_CSV0000000000037101__20.csv,YEAR_SURF_IMPROV,YEAR_SURF_IMPROV
USA_CSV0000000000037101__20.csv,USA_CSV0000000000037101__3.csv,COUNTY_CODE,COUNTY_CODE
USA_CSV0000000000037101__16.csv,USA_CSV0000000000037101__20.csv,COUNTY_CODE,COUNTY_CODE
USA_CSV0000000000037101__20.csv,USA_CSV0000000000037101__3.csv,TRUCK_ROUTE,TRUCK_ROUTE
USA_CSV0000000000034882__14.csv,USA_CSV0000000000037101__20.csv,TRUCK_ROUTE,TRUCK_ROUTE
USA_CSV0000000000033847__5.csv,USA_CSV0000000000037101__20.csv,PERC_SIGHT,PERC_SIGHT
USA_CSV0000000000033847__4.csv,USA_CSV0000000000037101__20.csv,PERC_SIGHT,PERC_SIGHT
USA_CSV0000000000037101__20.csv,USA_CSV0000000000037101__3.csv,FUT_AADT_YEAR,FUT_AADT_YEAR
USA_CSV0000000000037101__16.csv,USA_CSV0000000000037101__20.csv,FUT_AADT_YEAR,FUT_AADT_YEAR
CAN_CSV0000000000001487__25.csv,CAN_CSV0000000000027355__20.csv,CEILOMTR_ELEV,CEILOMTR_ELEV
CAN_CSV0000000000027346__12.csv,CAN_CSV0000000000027355__20.csv,CEILOMTR_ELEV,CEILOMTR_ELEV
CAN_CSV0000000000027346__14.csv,CAN_CSV0000000000027355__20.csv,CEILOMTR_ELEV,CEILOMTR_ELEV
CAN_CSV0000000000027349__23.csv,CAN_CSV0000000000027355__20.csv,PCPN_AMT_PST6HRS,PCPN_AMT_PST6HRS
CAN_CSV0000000000027349__20.csv,CAN_CSV0000000000027355__20.csv,PCPN_AMT_PST6HRS,PCPN_AMT_PST6HRS
CAN_CSV0000000000027349__21.csv,CAN_CSV0000000000027355__20.csv,PCPN_AMT_PST6HRS,PCPN_AMT_PST6HRS
CAN_CSV0000000000001487__9.csv,CAN_CSV0000000000027355__20.csv,CLD_BAS_HGT_1,CLD_BAS_HGT_1
CAN_CSV0000000000001487__25.csv,CAN_CSV0000000000027355__20.csv,CLD_BAS_HGT_1,CLD_BAS_HGT_1
CAN_CSV0000000000001487__28.csv,CAN_CSV0000000000027355__20.csv,CLD_BAS_HGT_1,CLD_BAS_HGT_1
CAN_CSV0000000000001487__8.csv,CAN_CSV0000000000027355__20.csv,CLD_BAS_HGT_1,CLD_BAS_HGT_1
CAN_CSV0000000000001487__26.csv,CAN_CSV0000000000027355__20.csv,CLD_BAS_HGT_1,CLD_BAS_HGT_1
CAN_CSV0000000000001487__10.csv,CAN_CSV0000000000027355__20.csv,CLD_BAS_HGT_1,CLD_BAS_HGT_1
CAN_CSV0000000000027349__23.csv,CAN_CSV0000000000027355__20.csv,DATA_PAYLOAD_URI,DATA_PAYLOAD_URI
CAN_CSV0000000000001487__9.csv,CAN_CSV0000000000027355__20.csv,DATA_PAYLOAD_URI,DATA_PAYLOAD_URI
CAN_CSV0000000000027349__20.csv,CAN_CSV0000000000027355__20.csv,DATA_PAYLOAD_URI,DATA_PAYLOAD_URI
CAN_CSV0000000000001487__25.csv,CAN_CSV0000000000027355__20.csv,DATA_PAYLOAD_URI,DATA_PAYLOAD_URI
CAN_CSV0000000000027349__21.csv,CAN_CSV0000000000027355__20.csv,DATA_PAYLOAD_URI,DATA_PAYLOAD_URI
CAN_CSV0000000000027353__2.csv,CAN_CSV0000000000027355__20.csv,DATA_PAYLOAD_URI,DATA_PAYLOAD_URI
CAN_CSV0000000000027355__11.csv,CAN_CSV0000000000027355__20.csv,DATA_PAYLOAD_URI,DATA_PAYLOAD_URI
CAN_CSV0000000000001487__28.csv,CAN_CSV0000000000027355__20.csv,DATA_PAYLOAD_URI,DATA_PAYLOAD_URI
CAN_CSV0000000000001487__8.csv,CAN_CSV0000000000027355__20.csv,DATA_PAYLOAD_URI,DATA_PAYLOAD_URI
CAN_CSV0000000000001487__35.csv,CAN_CSV0000000000027355__20.csv,CLD_AMT_CODE_1,CLD_AMT_CODE_1
CAN_CSV0000000000001487__9.csv,CAN_CSV0000000000027355__20.csv,CLD_AMT_CODE_1,CLD_AMT_CODE_1
CAN_CSV0000000000027353__2.csv,CAN_CSV0000000000027355__20.csv,CLD_AMT_CODE_1,CLD_AMT_CODE_1
CAN_CSV0000000000027355__11.csv,CAN_CSV0000000000027355__20.csv,CLD_AMT_CODE_1,CLD_AMT_CODE_1
CAN_CSV0000000000001487__34.csv,CAN_CSV0000000000027355__20.csv,CLD_AMT_CODE_1,CLD_AMT_CODE_1
CAN_CSV0000000000027349__23.csv,CAN_CSV0000000000027355__20.csv,DNSTY_ALTD,DNSTY_ALTD
CAN_CSV0000000000001487__35.csv,CAN_CSV0000000000027355__20.csv,DNSTY_ALTD,DNSTY_ALTD
CAN_CSV0000000000027349__20.csv,CAN_CSV0000000000027355__20.csv,DNSTY_ALTD,DNSTY_ALTD
CAN_CSV0000000000001487__25.csv,CAN_CSV0000000000027355__20.csv,DNSTY_ALTD,DNSTY_ALTD
CAN_CSV0000000000027349__21.csv,CAN_CSV0000000000027355__20.csv,DNSTY_ALTD,DNSTY_ALTD
CAN_CSV0000000000001487__28.csv,CAN_CSV0000000000027355__20.csv,DNSTY_ALTD,DNSTY_ALTD
CAN_CSV0000000000001313__5.csv,CAN_CSV0000000000001313__9.csv,ProvinceID,ProvinceID
CAN_CSV0000000000001313__5.csv,CAN_CSV0000000000001313__9.csv,LocationDescription,LocationDescription
CAN_CSV0000000000001313__5.csv,CAN_CSV0000000000001313__9.csv,LatEnum_DisplayEng,LatEnum_DisplayEng
CAN_CSV0000000000001313__5.csv,CAN_CSV0000000000001313__9.csv,TimeZoneID,TimeZoneID
CAN_CSV0000000000001313__23.csv,CAN_CSV0000000000001313__9.csv,TimeZoneID,TimeZoneID
CAN_CSV0000000000001313__5.csv,CAN_CSV0000000000001313__9.csv,DeployedEnum,DeployedEnum
CAN_CSV0000000000001313__5.csv,CAN_CSV0000000000001313__9.csv,TotalUnknownCount,TotalUnknownCount
USA_CSV0000000000036852__10.csv,USA_CSV0000000000036852__3.csv,Solicitation,Solicitation
USA_CSV0000000000035554__13.csv,USA_CSV0000000000035554__16.csv,ETHNICITY1,ETHNICITY1
USA_CSV0000000000035554__15.csv,USA_CSV0000000000035554__16.csv,ETHNICITY1,ETHNICITY1
USA_CSV0000000000035554__13.csv,USA_CSV0000000000035554__16.csv,EDUCATION2,EDUCATION2
USA_CSV0000000000035554__15.csv,USA_CSV0000000000035554__16.csv,EDUCATION2,EDUCATION2
UK_CSV0000000000002010__17.csv,UK_CSV0000000000002010__6.csv,Circulation,Circulation
UK_CSV0000000000002010__17.csv,UK_CSV0000000000003896__13.csv,Revision Flag,Revision Flag
UK_CSV0000000000002010__17.csv,UK_CSV0000000000003896__3.csv,Revision Flag,Revision Flag
UK_CSV0000000000002010__17.csv,UK_CSV0000000000002010__6.csv,Kidney Disease,Kidney Disease
UK_CSV0000000000002010__17.csv,UK_CSV0000000000006676__2.csv,Kidney Disease,Kidney Disease
UK_CSV0000000000002010__17.csv,UK_CSV0000000000006676__34.csv,Post-Op Q EQ VAS,Post-Op Q EQ VAS
UK_CSV0000000000002010__17.csv,UK_CSV0000000000002010__3.csv,Post-Op Q EQ VAS,Post-Op Q EQ VAS
UK_CSV0000000000002010__17.csv,UK_CSV0000000000003896__8.csv,Post-Op Q Anxiety,Post-Op Q Anxiety
UK_CSV0000000000002010__17.csv,UK_CSV0000000000003896__13.csv,Post-Op Q Anxiety,Post-Op Q Anxiety
UK_CSV0000000000002010__17.csv,UK_CSV0000000000002010__6.csv,Post-Op Q Anxiety,Post-Op Q Anxiety
UK_CSV0000000000002010__17.csv,UK_CSV0000000000002010__9.csv,Post-Op Q Anxiety,Post-Op Q Anxiety
UK_CSV0000000000002010__17.csv,UK_CSV0000000000002010__8.csv,Post-Op Q Anxiety,Post-Op Q Anxiety
UK_CSV0000000000002010__17.csv,UK_CSV0000000000002010__6.csv,Pre-Op Q Activity,Pre-Op Q Activity
UK_CSV0000000000002010__17.csv,UK_CSV0000000000003896__3.csv,Pre-Op Q Activity,Pre-Op Q Activity
UK_CSV0000000000002010__17.csv,UK_CSV0000000000002010__9.csv,Pre-Op Q Activity,Pre-Op Q Activity
UK_CSV0000000000002010__17.csv,UK_CSV0000000000002010__21.csv,Pre-Op Q Activity,Pre-Op Q Activity
UK_CSV0000000000002010__17.csv,UK_CSV0000000000002010__8.csv,Pre-Op Q Activity,Pre-Op Q Activity
UK_CSV0000000000002010__10.csv,UK_CSV0000000000002010__17.csv,Pre-Op Q Activity,Pre-Op Q Activity
CAN_CSV0000000000001313__23.csv,CAN_CSV0000000000001313__5.csv,TimeZoneID,TimeZoneID
CAN_CSV0000000000001313__23.csv,CAN_CSV0000000000001313__9.csv,TimeZoneID,TimeZoneID
CAN_CSV0000000000001313__23.csv,CAN_CSV0000000000001313__5.csv,IIC_FullName,IIC_FullName
CAN_CSV0000000000001313__23.csv,CAN_CSV0000000000001313__9.csv,IIC_FullName,IIC_FullName
CAN_CSV0000000000002323.csv,CAN_CSV0000000000027430.csv,REF_DATE,REF_DATE
CAN_CSV0000000000002323.csv,CAN_CSV0000000000027430.csv,Coordinate,Coordinate
USA_CSV0000000000034847.csv,USA_CSV0000000000035745.csv,Street Name,Street Name
USA_CSV0000000000035122.csv,USA_CSV0000000000035745.csv,Street Name,Street Name
USA_CSV0000000000015120.csv,USA_CSV0000000000035745.csv,Application Type,Application Type
USA_CSV0000000000015120.csv,USA_CSV0000000000035745.csv,Description of Work,Description of Work
USA_CSV0000000000015120.csv,USA_CSV0000000000035745.csv,Permit Number,Permit Number
USA_CSV0000000000015120.csv,USA_CSV0000000000035745.csv,Street Suffix,Street Suffix
USA_CSV0000000000034847.csv,USA_CSV0000000000035745.csv,Street Number,Street Number
USA_CSV0000000000015120.csv,USA_CSV0000000000035745.csv,Street Number,Street Number
USA_CSV0000000000031647.csv,USA_CSV0000000000035745.csv,Street Number,Street Number
CAN_CSV0000000000002323.csv,CAN_CSV0000000000027430.csv,Coordinate,Coordinate
CAN_CSV0000000000002323.csv,CAN_CSV0000000000027430.csv,REF_DATE,REF_DATE
CAN_CSV0000000000003463.csv,CAN_CSV0000000000010564.csv,Field Unit,Field Unit
CAN_CSV0000000000003463.csv,CAN_CSV0000000000010564.csv,Incident Number,Incident Number
CAN_CSV0000000000010564.csv,USA_CSV0000000000035412__0.csv,Incident Number,Incident Number
CAN_CSV0000000000002115__26.csv,CAN_CSV0000000000004583.csv,Province/Canada,Province/Canada
CAN_CSV0000000000001735__4.csv,CAN_CSV0000000000004583.csv,Province/Canada,Province/Canada
CAN_CSV0000000000008164.csv,CAN_CSV0000000000024921.csv,TERME_FR_PARAMETRE,TERME_FR_PARAMETRE
CAN_CSV0000000000008164.csv,CAN_CSV0000000000024921.csv,SUBJECT_EN,SUBJECT_EN
CAN_CSV0000000000008164.csv,CAN_CSV0000000000024921.csv,DOMAINE_FR,DOMAINE_FR
CAN_CSV0000000000008164.csv,CAN_CSV0000000000024921.csv,JUSTIFICATION_1_FR,JUSTIFICATION_1_FR
CAN_CSV0000000000008164.csv,CAN_CSV0000000000024921.csv,TERM_EN_PARAMETER,TERM_EN_PARAMETER
CAN_CSV0000000000020982.csv,CAN_CSV0000000000024893.csv,Function / Fonction,Function / Fonction
CAN_CSV0000000000004354.csv,CAN_CSV0000000000020732.csv,Variable_English,Variable_English
CAN_CSV0000000000019350.csv,CAN_CSV0000000000024695.csv,Facility details,Facility details
CAN_CSV0000000000019350.csv,CAN_CSV0000000000024695.csv,Company name,Company name
CAN_CSV0000000000019350.csv,CAN_CSV0000000000024695.csv,Report year,Report year
UK_CSV0000000000001626.csv,UK_CSV0000000000002588.csv,Projection,Projection
UK_CSV0000000000000759.csv,UK_CSV0000000000001626.csv,Projection,Projection
UK_CSV0000000000001626.csv,UK_CSV0000000000002588.csv,LocationName,LocationName
UK_CSV0000000000000759.csv,UK_CSV0000000000001626.csv,LocationName,LocationName
UK_CSV0000000000001626.csv,UK_CSV0000000000002588.csv,Abundance_SACFORN,Abundance_SACFORN
UK_CSV0000000000000759.csv,UK_CSV0000000000001626.csv,Abundance_SACFORN,Abundance_SACFORN
UK_CSV0000000000001626.csv,UK_CSV0000000000002588.csv,SurveyName,SurveyName
UK_CSV0000000000000759.csv,UK_CSV0000000000001626.csv,SurveyName,SurveyName
UK_CSV0000000000001626.csv,UK_CSV0000000000002588.csv,SampleComment,SampleComment
UK_CSV0000000000000759.csv,UK_CSV0000000000001626.csv,SampleComment,SampleComment
UK_CSV0000000000000759.csv,UK_CSV0000000000002588.csv,Projection,Projection
UK_CSV0000000000000759.csv,UK_CSV0000000000001626.csv,Projection,Projection
UK_CSV0000000000000759.csv,UK_CSV0000000000002588.csv,LocationName,LocationName
UK_CSV0000000000000759.csv,UK_CSV0000000000001626.csv,LocationName,LocationName
UK_CSV0000000000000759.csv,UK_CSV0000000000002588.csv,Abundance_SACFORN,Abundance_SACFORN
UK_CSV0000000000000759.csv,UK_CSV0000000000001626.csv,Abundance_SACFORN,Abundance_SACFORN
UK_CSV0000000000000759.csv,UK_CSV0000000000002588.csv,SurveyName,SurveyName
UK_CSV0000000000000759.csv,UK_CSV0000000000001626.csv,SurveyName,SurveyName
UK_CSV0000000000000759.csv,UK_CSV0000000000002588.csv,SampleComment,SampleComment
CAN_CSV0000000000003410.csv,CAN_CSV0000000000010564.csv,Incident Date,Incident Date
CAN_CSV0000000000003410.csv,CAN_CSV0000000000010564.csv,Incident Number,Incident Number
CAN_CSV0000000000003410.csv,USA_CSV0000000000035412__0.csv,Incident Number,Incident Number
CAN_CSV0000000000003410.csv,CAN_CSV0000000000010564.csv,Field Unit,Field Unit
USA_CSV0000000000033432.csv,USA_CSV0000000000035271.csv,year_of_enactment,year_of_enactment
USA_CSV0000000000033600.csv,USA_CSV0000000000035271.csv,year_of_enactment,year_of_enactment
USA_CSV0000000000033432.csv,USA_CSV0000000000035271.csv,program_code,program_code
USA_CSV0000000000033600.csv,USA_CSV0000000000035271.csv,program_code,program_code
USA_CSV0000000000032324.csv,USA_CSV0000000000035271.csv,program_code,program_code
USA_CSV0000000000035271.csv,USA_CSV0000000000035712.csv,program_code,program_code
USA_CSV0000000000035271.csv,USA_CSV0000000000036536.csv,program_code,program_code
USA_CSV0000000000033432.csv,USA_CSV0000000000035271.csv,vendor_name,vendor_name
USA_CSV0000000000033600.csv,USA_CSV0000000000035271.csv,vendor_name,vendor_name
USA_CSV0000000000032324.csv,USA_CSV0000000000035271.csv,vendor_name,vendor_name
USA_CSV0000000000035271.csv,USA_CSV0000000000036536.csv,vendor_name,vendor_name
USA_CSV0000000000033432.csv,USA_CSV0000000000035271.csv,program_description,program_description
USA_CSV0000000000033600.csv,USA_CSV0000000000035271.csv,program_description,program_description
USA_CSV0000000000032324.csv,USA_CSV0000000000035271.csv,program_description,program_description
USA_CSV0000000000035271.csv,USA_CSV0000000000035712.csv,program_description,program_description
USA_CSV0000000000035271.csv,USA_CSV0000000000036536.csv,program_description,program_description
USA_CSV0000000000035269.csv,USA_CSV0000000000035271.csv,program_description,program_description
USA_CSV0000000000035271.csv,USA_CSV0000000000036961.csv,program_description,program_description
USA_CSV0000000000033432.csv,USA_CSV0000000000035271.csv,budget_reference,budget_reference
USA_CSV0000000000033600.csv,USA_CSV0000000000035271.csv,budget_reference,budget_reference
USA_CSV0000000000032324.csv,USA_CSV0000000000035271.csv,budget_reference,budget_reference
USA_CSV0000000000035271.csv,USA_CSV0000000000035712.csv,budget_reference,budget_reference
USA_CSV0000000000035271.csv,USA_CSV0000000000036536.csv,budget_reference,budget_reference
USA_CSV0000000000035269.csv,USA_CSV0000000000035271.csv,budget_reference,budget_reference
USA_CSV0000000000035271.csv,USA_CSV0000000000036961.csv,budget_reference,budget_reference
USA_CSV0000000000033432.csv,USA_CSV0000000000035271.csv,agency_name,agency_name
USA_CSV0000000000033600.csv,USA_CSV0000000000035271.csv,agency_name,agency_name
USA_CSV0000000000032324.csv,USA_CSV0000000000035271.csv,agency_name,agency_name
USA_CSV0000000000035271.csv,USA_CSV0000000000035712.csv,agency_name,agency_name
USA_CSV0000000000035271.csv,USA_CSV0000000000036536.csv,agency_name,agency_name
USA_CSV0000000000033432.csv,USA_CSV0000000000035271.csv,account_description,account_description
USA_CSV0000000000033600.csv,USA_CSV0000000000035271.csv,account_description,account_description
USA_CSV0000000000032324.csv,USA_CSV0000000000035271.csv,account_description,account_description
USA_CSV0000000000035271.csv,USA_CSV0000000000036536.csv,account_description,account_description
USA_CSV0000000000033432.csv,USA_CSV0000000000035271.csv,accounting_period,accounting_period
USA_CSV0000000000033600.csv,USA_CSV0000000000035271.csv,accounting_period,accounting_period
USA_CSV0000000000032324.csv,USA_CSV0000000000035271.csv,accounting_period,accounting_period
USA_CSV0000000000035271.csv,USA_CSV0000000000035712.csv,accounting_period,accounting_period
USA_CSV0000000000035271.csv,USA_CSV0000000000036536.csv,accounting_period,accounting_period
USA_CSV0000000000033432.csv,USA_CSV0000000000035271.csv,accounting_date,accounting_date
USA_CSV0000000000033600.csv,USA_CSV0000000000035271.csv,accounting_date,accounting_date
USA_CSV0000000000032324.csv,USA_CSV0000000000035271.csv,accounting_date,accounting_date
USA_CSV0000000000035271.csv,USA_CSV0000000000035712.csv,accounting_date,accounting_date
USA_CSV0000000000035271.csv,USA_CSV0000000000036536.csv,accounting_date,accounting_date
USA_CSV0000000000033432.csv,USA_CSV0000000000035271.csv,account_type,account_type
USA_CSV0000000000033600.csv,USA_CSV0000000000035271.csv,account_type,account_type
USA_CSV0000000000032324.csv,USA_CSV0000000000035271.csv,account_type,account_type
USA_CSV0000000000035271.csv,USA_CSV0000000000036536.csv,account_type,account_type
USA_CSV0000000000033432.csv,USA_CSV0000000000035271.csv,fund_description,fund_description
USA_CSV0000000000033600.csv,USA_CSV0000000000035271.csv,fund_description,fund_description
USA_CSV0000000000032324.csv,USA_CSV0000000000035271.csv,fund_description,fund_description
USA_CSV0000000000035271.csv,USA_CSV0000000000036536.csv,fund_description,fund_description
USA_CSV0000000000035269.csv,USA_CSV0000000000035271.csv,fund_description,fund_description
USA_CSV0000000000035271.csv,USA_CSV0000000000036961.csv,fund_description,fund_description
USA_CSV0000000000035271.csv,USA_CSV0000000000035888.csv,fund_description,fund_description
USA_CSV0000000000033288.csv,USA_CSV0000000000035271.csv,fund_description,fund_description
USA_CSV0000000000033432.csv,USA_CSV0000000000035271.csv,department_name,department_name
USA_CSV0000000000033600.csv,USA_CSV0000000000035271.csv,department_name,department_name
USA_CSV0000000000032324.csv,USA_CSV0000000000035271.csv,department_name,department_name
USA_CSV0000000000035271.csv,USA_CSV0000000000035712.csv,department_name,department_name
USA_CSV0000000000035271.csv,USA_CSV0000000000036536.csv,department_name,department_name
USA_CSV0000000000033432.csv,USA_CSV0000000000035271.csv,fiscal_year_begin,fiscal_year_begin
USA_CSV0000000000033600.csv,USA_CSV0000000000035271.csv,fiscal_year_begin,fiscal_year_begin
USA_CSV0000000000032324.csv,USA_CSV0000000000035271.csv,fiscal_year_begin,fiscal_year_begin
USA_CSV0000000000035271.csv,USA_CSV0000000000035712.csv,fiscal_year_begin,fiscal_year_begin
USA_CSV0000000000035271.csv,USA_CSV0000000000036536.csv,fiscal_year_begin,fiscal_year_begin
USA_CSV0000000000033432.csv,USA_CSV0000000000035271.csv,fund_group,fund_group
USA_CSV0000000000033600.csv,USA_CSV0000000000035271.csv,fund_group,fund_group
USA_CSV0000000000032324.csv,USA_CSV0000000000035271.csv,fund_group,fund_group
USA_CSV0000000000035271.csv,USA_CSV0000000000036536.csv,fund_group,fund_group
USA_CSV0000000000033432.csv,USA_CSV0000000000035271.csv,account_category,account_category
USA_CSV0000000000033600.csv,USA_CSV0000000000035271.csv,account_category,account_category
USA_CSV0000000000032324.csv,USA_CSV0000000000035271.csv,account_category,account_category
USA_CSV0000000000035271.csv,USA_CSV0000000000036536.csv,account_category,account_category
USA_CSV0000000000035269.csv,USA_CSV0000000000035271.csv,account_category,account_category
USA_CSV0000000000035271.csv,USA_CSV0000000000036961.csv,account_category,account_category
USA_CSV0000000000035271.csv,USA_CSV0000000000035888.csv,account_category,account_category
USA_CSV0000000000033288.csv,USA_CSV0000000000035271.csv,account_category,account_category
USA_CSV0000000000033432.csv,USA_CSV0000000000035271.csv,document_id,document_id
USA_CSV0000000000033600.csv,USA_CSV0000000000035271.csv,document_id,document_id
USA_CSV0000000000032324.csv,USA_CSV0000000000035271.csv,document_id,document_id
USA_CSV0000000000035271.csv,USA_CSV0000000000035712.csv,document_id,document_id
USA_CSV0000000000035271.csv,USA_CSV0000000000036536.csv,document_id,document_id
USA_CSV0000000000033432.csv,USA_CSV0000000000035271.csv,business_unit,business_unit
USA_CSV0000000000033600.csv,USA_CSV0000000000035271.csv,business_unit,business_unit
USA_CSV0000000000032324.csv,USA_CSV0000000000035271.csv,business_unit,business_unit
USA_CSV0000000000035271.csv,USA_CSV0000000000035712.csv,business_unit,business_unit
USA_CSV0000000000035271.csv,USA_CSV0000000000036536.csv,business_unit,business_unit
USA_CSV0000000000033432.csv,USA_CSV0000000000035271.csv,monetary_amount,monetary_amount
USA_CSV0000000000033600.csv,USA_CSV0000000000035271.csv,monetary_amount,monetary_amount
USA_CSV0000000000032324.csv,USA_CSV0000000000035271.csv,monetary_amount,monetary_amount
USA_CSV0000000000035271.csv,USA_CSV0000000000035712.csv,monetary_amount,monetary_amount
USA_CSV0000000000035271.csv,USA_CSV0000000000036536.csv,monetary_amount,monetary_amount
USA_CSV0000000000018004.csv,USA_CSV0000000000035934.csv,Council District,Council District
USA_CSV0000000000018004.csv,USA_CSV0000000000036479.csv,Council District,Council District
CAN_CSV0000000000000659.csv,CAN_CSV0000000000005102.csv,Characteristics,Characteristics
CAN_CSV0000000000000581.csv,CAN_CSV0000000000000659.csv,Characteristics,Characteristics
CAN_CSV0000000000000659.csv,CAN_CSV0000000000004753.csv,Characteristics,Characteristics
CAN_CSV0000000000007832.csv,CAN_CSV0000000000009365.csv,Inspection Date,Inspection Date
CAN_CSV0000000000007832.csv,CAN_CSV0000000000009365.csv,Program City,Program City
CAN_CSV0000000000009365.csv,CAN_CSV0000000000018831.csv,Program City,Program City
CAN_CSV0000000000007832.csv,CAN_CSV0000000000009365.csv,Inspection Reason,Inspection Reason
CAN_CSV0000000000007832.csv,CAN_CSV0000000000009365.csv,Program ID,Program ID
CAN_CSV0000000000009365.csv,CAN_CSV0000000000018831.csv,Program ID,Program ID
CAN_CSV0000000000003365.csv,CAN_CSV0000000000009365.csv,Program ID,Program ID
CAN_CSV0000000000007832.csv,CAN_CSV0000000000009365.csv,Postal Code,Postal Code
CAN_CSV0000000000007832.csv,CAN_CSV0000000000009365.csv,Program Address,Program Address
CAN_CSV0000000000009365.csv,CAN_CSV0000000000018831.csv,Program Address,Program Address
CAN_CSV0000000000007832.csv,CAN_CSV0000000000009365.csv,Program Name,Program Name
CAN_CSV0000000000009365.csv,CAN_CSV0000000000018831.csv,Program Name,Program Name
SG_CSV0000000000001010.csv,SG_CSV0000000000001015.csv,issue_date,issue_date
SG_CSV0000000000001010.csv,SG_CSV0000000000001015.csv,page_number,page_number
SG_CSV0000000000001010.csv,SG_CSV0000000000001015.csv,newspaper_title,newspaper_title
CAN_CSV0000000000016419.csv,CAN_CSV0000000000026045.csv,Review Type,Review Type
CAN_CSV0000000000003274.csv,CAN_CSV0000000000026045.csv,Review Type,Review Type
CAN_CSV0000000000009663.csv,CAN_CSV0000000000026045.csv,Review Type,Review Type
CAN_CSV0000000000016419.csv,CAN_CSV0000000000026045.csv,Race Group,Race Group
CAN_CSV0000000000003274.csv,CAN_CSV0000000000026045.csv,Race Group,Race Group
CAN_CSV0000000000016419.csv,CAN_CSV0000000000026045.csv,Decision Month,Decision Month
CAN_CSV0000000000003274.csv,CAN_CSV0000000000026045.csv,Decision Month,Decision Month
CAN_CSV0000000000009663.csv,CAN_CSV0000000000026045.csv,Decision Month,Decision Month
CAN_CSV0000000000009470.csv,CAN_CSV0000000000026045.csv,Decision Month,Decision Month
CAN_CSV0000000000016419.csv,CAN_CSV0000000000026045.csv,Final Decision,Final Decision
CAN_CSV0000000000003274.csv,CAN_CSV0000000000026045.csv,Final Decision,Final Decision
CAN_CSV0000000000009470.csv,CAN_CSV0000000000026045.csv,Final Decision,Final Decision
CAN_CSV0000000000016419.csv,CAN_CSV0000000000026045.csv,Sentence Type,Sentence Type
CAN_CSV0000000000016419.csv,CAN_CSV0000000000026045.csv,Decision Category,Decision Category
CAN_CSV0000000000003274.csv,CAN_CSV0000000000026045.csv,Decision Category,Decision Category
CAN_CSV0000000000009663.csv,CAN_CSV0000000000026045.csv,Decision Category,Decision Category
CAN_CSV0000000000016419.csv,CAN_CSV0000000000026045.csv,Decision Purpose,Decision Purpose
CAN_CSV0000000000016419.csv,CAN_CSV0000000000026045.csv,Decision Type Group,Decision Type Group
CAN_CSV0000000000003274.csv,CAN_CSV0000000000026045.csv,Decision Type Group,Decision Type Group
CAN_CSV0000000000009470.csv,CAN_CSV0000000000026045.csv,Decision Type Group,Decision Type Group
CAN_CSV0000000000016419.csv,CAN_CSV0000000000026045.csv,Jurisdiction,Jurisdiction
CAN_CSV0000000000017604.csv,CAN_CSV0000000000026045.csv,Jurisdiction,Jurisdiction
CAN_CSV0000000000003274.csv,CAN_CSV0000000000026045.csv,Jurisdiction,Jurisdiction
CAN_CSV0000000000016419.csv,CAN_CSV0000000000026045.csv,Decision Type,Decision Type
CAN_CSV0000000000003274.csv,CAN_CSV0000000000026045.csv,Decision Type,Decision Type
CAN_CSV0000000000009470.csv,CAN_CSV0000000000026045.csv,Decision Type,Decision Type
CAN_CSV0000000000016419.csv,CAN_CSV0000000000026045.csv,Major Offence Group,Major Offence Group
CAN_CSV0000000000008029.csv,CAN_CSV0000000000009951.csv,CanadaProvince,CanadaProvince
USA_CSV0000000000018004.csv,USA_CSV0000000000035934.csv,Community Board,Community Board
USA_CSV0000000000035934.csv,USA_CSV0000000000036479.csv,Community Board,Community Board
UK_CSV0000000000001626.csv,UK_CSV0000000000002588.csv,Projection,Projection
UK_CSV0000000000000759.csv,UK_CSV0000000000002588.csv,Projection,Projection
UK_CSV0000000000001626.csv,UK_CSV0000000000002588.csv,LocationName,LocationName
UK_CSV0000000000000759.csv,UK_CSV0000000000002588.csv,LocationName,LocationName
UK_CSV0000000000001626.csv,UK_CSV0000000000002588.csv,Abundance_SACFORN,Abundance_SACFORN
UK_CSV0000000000000759.csv,UK_CSV0000000000002588.csv,Abundance_SACFORN,Abundance_SACFORN
UK_CSV0000000000001626.csv,UK_CSV0000000000002588.csv,SampleComment,SampleComment
UK_CSV0000000000000759.csv,UK_CSV0000000000002588.csv,SampleComment,SampleComment
CAN_CSV0000000000001465.csv,CAN_CSV0000000000027410.csv,ProvinceEN,ProvinceEN
CAN_CSV0000000000002131.csv,CAN_CSV0000000000027410.csv,ResearchSubjectCode,ResearchSubjectCode
CAN_CSV0000000000002131.csv,CAN_CSV0000000000027410.csv,ProgramNameFR,ProgramNameFR
CAN_CSV0000000000002131.csv,CAN_CSV0000000000027410.csv,CommitteeCode,CommitteeCode
CAN_CSV0000000000001465.csv,CAN_CSV0000000000027410.csv,ProgramNameEN,ProgramNameEN
CAN_CSV0000000000002131.csv,CAN_CSV0000000000027410.csv,ResearchSubjectFR,ResearchSubjectFR
CAN_CSV0000000000002131.csv,CAN_CSV0000000000027410.csv,ApplicationID,ApplicationID
CAN_CSV0000000000002131.csv,CAN_CSV0000000000027410.csv,ApplicationSummary,ApplicationSummary
CAN_CSV0000000000002131.csv,CAN_CSV0000000000027410.csv,AreaOfApplicationEN,AreaOfApplicationEN
CAN_CSV0000000000002131.csv,CAN_CSV0000000000027410.csv,AwardAmount,AwardAmount
CAN_CSV0000000000002131.csv,CAN_CSV0000000000027410.csv,AreaOfApplicationFR,AreaOfApplicationFR
CAN_CSV0000000000002131.csv,CAN_CSV0000000000027410.csv,OrganizationID,OrganizationID
CAN_CSV0000000000002131.csv,CAN_CSV0000000000027410.csv,ResearchSubjectEN,ResearchSubjectEN
USA_CSV0000000000032139.csv,USA_CSV0000000000034847.csv,Street Name,Street Name
USA_CSV0000000000032139.csv,USA_CSV0000000000035122.csv,Street Name,Street Name
USA_CSV0000000000032139.csv,USA_CSV0000000000035745.csv,Street Name,Street Name
USA_CSV0000000000015120.csv,USA_CSV0000000000032139.csv,Street Name,Street Name
USA_CSV0000000000018004.csv,USA_CSV0000000000032139.csv,Community Board,Community Board
USA_CSV0000000000018004.csv,USA_CSV0000000000032139.csv,Council District,Council District
USA_CSV0000000000032139.csv,USA_CSV0000000000035934.csv,Council District,Council District
USA_CSV0000000000032139.csv,USA_CSV0000000000036479.csv,Council District,Council District
CAN_CSV0000000000007832.csv,CAN_CSV0000000000009365.csv,Inspection Date,Inspection Date
CAN_CSV0000000000007832.csv,CAN_CSV0000000000009365.csv,Program City,Program City
CAN_CSV0000000000007832.csv,CAN_CSV0000000000009365.csv,Inspection Reason,Inspection Reason
CAN_CSV0000000000007832.csv,CAN_CSV0000000000009365.csv,Program ID,Program ID
CAN_CSV0000000000007832.csv,CAN_CSV0000000000018831.csv,Program ID,Program ID
CAN_CSV0000000000003365.csv,CAN_CSV0000000000007832.csv,Program ID,Program ID
CAN_CSV0000000000007832.csv,CAN_CSV0000000000009365.csv,Postal Code,Postal Code
CAN_CSV0000000000007832.csv,CAN_CSV0000000000009365.csv,Program Address,Program Address
CAN_CSV0000000000007832.csv,CAN_CSV0000000000009365.csv,Program Name,Program Name
CAN_CSV0000000000005080.csv,CAN_CSV0000000000005102.csv,Characteristics,Characteristics
USA_CSV0000000000033066.csv,USA_CSV0000000000036104.csv,ACCOUNT_DESCR,ACCOUNT_DESCR
USA_CSV0000000000036104.csv,USA_CSV0000000000037099.csv,ACCOUNT_DESCR,ACCOUNT_DESCR
USA_CSV0000000000033066.csv,USA_CSV0000000000036104.csv,VOUCHER_ID,VOUCHER_ID
USA_CSV0000000000036104.csv,USA_CSV0000000000037099.csv,VOUCHER_ID,VOUCHER_ID
USA_CSV0000000000033066.csv,USA_CSV0000000000036104.csv,VOUCHER_STYLE,VOUCHER_STYLE
USA_CSV0000000000036104.csv,USA_CSV0000000000037099.csv,VOUCHER_STYLE,VOUCHER_STYLE
USA_CSV0000000000033066.csv,USA_CSV0000000000036104.csv,FUND_DESCR,FUND_DESCR
USA_CSV0000000000036104.csv,USA_CSV0000000000037099.csv,FUND_DESCR,FUND_DESCR
USA_CSV0000000000033066.csv,USA_CSV0000000000036104.csv,BUSINESS_UNIT,BUSINESS_UNIT
USA_CSV0000000000036104.csv,USA_CSV0000000000037099.csv,BUSINESS_UNIT,BUSINESS_UNIT
USA_CSV0000000000024884.csv,USA_CSV0000000000036104.csv,BUSINESS_UNIT,BUSINESS_UNIT
USA_CSV0000000000033066.csv,USA_CSV0000000000036104.csv,TRANSACTION_TYPE,TRANSACTION_TYPE
USA_CSV0000000000036104.csv,USA_CSV0000000000037099.csv,TRANSACTION_TYPE,TRANSACTION_TYPE
USA_CSV0000000000033066.csv,USA_CSV0000000000036104.csv,CLASS_DESCR,CLASS_DESCR
USA_CSV0000000000036104.csv,USA_CSV0000000000037099.csv,CLASS_DESCR,CLASS_DESCR
USA_CSV0000000000033066.csv,USA_CSV0000000000036104.csv,OCP_AGNCY_NAME,OCP_AGNCY_NAME
USA_CSV0000000000036104.csv,USA_CSV0000000000037099.csv,OCP_AGNCY_NAME,OCP_AGNCY_NAME
USA_CSV0000000000024884.csv,USA_CSV0000000000036104.csv,OCP_AGNCY_NAME,OCP_AGNCY_NAME
USA_CSV0000000000033066.csv,USA_CSV0000000000036104.csv,FISCAL_YR_TAS,FISCAL_YR_TAS
USA_CSV0000000000036104.csv,USA_CSV0000000000037099.csv,FISCAL_YR_TAS,FISCAL_YR_TAS
CAN_CSV0000000000007832.csv,CAN_CSV0000000000018581.csv,Inspection Date,Inspection Date
CAN_CSV0000000000009365.csv,CAN_CSV0000000000018581.csv,Inspection Date,Inspection Date
CAN_CSV0000000000007832.csv,CAN_CSV0000000000018581.csv,Program City,Program City
CAN_CSV0000000000009365.csv,CAN_CSV0000000000018581.csv,Program City,Program City
CAN_CSV0000000000018581.csv,CAN_CSV0000000000018831.csv,Program City,Program City
CAN_CSV0000000000007832.csv,CAN_CSV0000000000018581.csv,Inspection Reason,Inspection Reason
CAN_CSV0000000000009365.csv,CAN_CSV0000000000018581.csv,Inspection Reason,Inspection Reason
CAN_CSV0000000000018581.csv,CAN_CSV0000000000018831.csv,Inspection Reason,Inspection Reason
CAN_CSV0000000000007832.csv,CAN_CSV0000000000018581.csv,Program ID,Program ID
CAN_CSV0000000000009365.csv,CAN_CSV0000000000018581.csv,Program ID,Program ID
CAN_CSV0000000000018581.csv,CAN_CSV0000000000018831.csv,Program ID,Program ID
CAN_CSV0000000000003365.csv,CAN_CSV0000000000018581.csv,Program ID,Program ID
CAN_CSV0000000000007832.csv,CAN_CSV0000000000018581.csv,Program Address,Program Address
CAN_CSV0000000000009365.csv,CAN_CSV0000000000018581.csv,Program Address,Program Address
CAN_CSV0000000000007832.csv,CAN_CSV0000000000018581.csv,Program Name,Program Name
CAN_CSV0000000000009365.csv,CAN_CSV0000000000018581.csv,Program Name,Program Name
CAN_CSV0000000000001465.csv,CAN_CSV0000000000024789.csv,ProvinceEN,ProvinceEN
CAN_CSV0000000000024789.csv,CAN_CSV0000000000024792.csv,Établissement,Établissement
CAN_CSV0000000000002131.csv,CAN_CSV0000000000024789.csv,ProgramNameFR,ProgramNameFR
CAN_CSV0000000000001465.csv,CAN_CSV0000000000024789.csv,ProvinceFR,ProvinceFR
CAN_CSV0000000000001465.csv,CAN_CSV0000000000024789.csv,ProgramNameEN,ProgramNameEN
CAN_CSV0000000000024789.csv,CAN_CSV0000000000024792.csv,Competition_Year,Competition_Year
CAN_CSV0000000000024789.csv,CAN_CSV0000000000024792.csv,Institution,Institution
CAN_CSV0000000000024789.csv,CAN_CSV0000000000024792.csv,DisciplineEN,DisciplineEN
CAN_CSV0000000000024789.csv,CAN_CSV0000000000024792.csv,MainDisciplineFR,MainDisciplineFR
CAN_CSV0000000000024789.csv,CAN_CSV0000000000024792.csv,MainDisciplineEN,MainDisciplineEN
CAN_CSV0000000000002131.csv,CAN_CSV0000000000024789.csv,AwardAmount,AwardAmount
CAN_CSV0000000000024789.csv,CAN_CSV0000000000024792.csv,DisciplineFR,DisciplineFR
USA_CSV0000000000017680.csv,USA_CSV0000000000023669.csv,School Name,School Name
CAN_CSV0000000000004354.csv,CAN_CSV0000000000021238.csv,Variable_English,Variable_English
CAN_CSV0000000000020732.csv,CAN_CSV0000000000021238.csv,Variable_English,Variable_English
CAN_CSV0000000000017519.csv,CAN_CSV0000000000024255.csv,BookingStartDate,BookingStartDate
CAN_CSV0000000000017519.csv,CAN_CSV0000000000024255.csv,BookingEnddate,BookingEnddate
CAN_CSV0000000000009470.csv,CAN_CSV0000000000016419.csv,Review Type,Review Type
CAN_CSV0000000000009470.csv,CAN_CSV0000000000026045.csv,Review Type,Review Type
CAN_CSV0000000000009470.csv,CAN_CSV0000000000016419.csv,Race Group,Race Group
CAN_CSV0000000000009470.csv,CAN_CSV0000000000026045.csv,Race Group,Race Group
CAN_CSV0000000000003274.csv,CAN_CSV0000000000009470.csv,Race Group,Race Group
CAN_CSV0000000000009470.csv,CAN_CSV0000000000009663.csv,Race Group,Race Group
CAN_CSV0000000000009470.csv,CAN_CSV0000000000016419.csv,Decision Month,Decision Month
CAN_CSV0000000000009470.csv,CAN_CSV0000000000026045.csv,Decision Month,Decision Month
CAN_CSV0000000000003274.csv,CAN_CSV0000000000009470.csv,Decision Month,Decision Month
CAN_CSV0000000000009470.csv,CAN_CSV0000000000009663.csv,Decision Month,Decision Month
CAN_CSV0000000000009470.csv,CAN_CSV0000000000016419.csv,Final Decision,Final Decision
CAN_CSV0000000000009470.csv,CAN_CSV0000000000026045.csv,Final Decision,Final Decision
CAN_CSV0000000000003274.csv,CAN_CSV0000000000009470.csv,Final Decision,Final Decision
CAN_CSV0000000000009470.csv,CAN_CSV0000000000016419.csv,Sentence Type,Sentence Type
CAN_CSV0000000000009470.csv,CAN_CSV0000000000026045.csv,Sentence Type,Sentence Type
CAN_CSV0000000000003274.csv,CAN_CSV0000000000009470.csv,Sentence Type,Sentence Type
CAN_CSV0000000000009470.csv,CAN_CSV0000000000009663.csv,Sentence Type,Sentence Type
CAN_CSV0000000000009470.csv,CAN_CSV0000000000016419.csv,Decision Category,Decision Category
CAN_CSV0000000000009470.csv,CAN_CSV0000000000026045.csv,Decision Category,Decision Category
CAN_CSV0000000000003274.csv,CAN_CSV0000000000009470.csv,Decision Category,Decision Category
CAN_CSV0000000000009470.csv,CAN_CSV0000000000009663.csv,Decision Category,Decision Category
CAN_CSV0000000000009470.csv,CAN_CSV0000000000016419.csv,Decision Purpose,Decision Purpose
CAN_CSV0000000000009470.csv,CAN_CSV0000000000026045.csv,Decision Purpose,Decision Purpose
CAN_CSV0000000000003274.csv,CAN_CSV0000000000009470.csv,Decision Purpose,Decision Purpose
CAN_CSV0000000000009470.csv,CAN_CSV0000000000009663.csv,Decision Purpose,Decision Purpose
CAN_CSV0000000000009470.csv,CAN_CSV0000000000016419.csv,Decision Type Group,Decision Type Group
CAN_CSV0000000000009470.csv,CAN_CSV0000000000026045.csv,Decision Type Group,Decision Type Group
CAN_CSV0000000000003274.csv,CAN_CSV0000000000009470.csv,Decision Type Group,Decision Type Group
CAN_CSV0000000000009470.csv,CAN_CSV0000000000016419.csv,Jurisdiction,Jurisdiction
CAN_CSV0000000000009470.csv,CAN_CSV0000000000026045.csv,Jurisdiction,Jurisdiction
CAN_CSV0000000000009470.csv,CAN_CSV0000000000016419.csv,Decision Type,Decision Type
CAN_CSV0000000000009470.csv,CAN_CSV0000000000026045.csv,Decision Type,Decision Type
CAN_CSV0000000000003274.csv,CAN_CSV0000000000009470.csv,Decision Type,Decision Type
CAN_CSV0000000000009470.csv,CAN_CSV0000000000016419.csv,Major Offence Group,Major Offence Group
CAN_CSV0000000000009470.csv,CAN_CSV0000000000026045.csv,Major Offence Group,Major Offence Group
CAN_CSV0000000000001286.csv,CAN_CSV0000000000027430.csv,REF_DATE,REF_DATE
CAN_CSV0000000000001286.csv,CAN_CSV0000000000027430.csv,Coordinate,Coordinate
CAN_CSV0000000000001286.csv,CAN_CSV0000000000002323.csv,Coordinate,Coordinate
USA_CSV0000000000023669.csv,USA_CSV0000000000034497.csv,School Name,School Name
USA_CSV0000000000033413.csv,USA_CSV0000000000034497.csv,organizationid,organizationid
CAN_CSV0000000000000581.csv,CAN_CSV0000000000013912.csv,COORDINATE,COORDINATE
CAN_CSV0000000000003356.csv,CAN_CSV0000000000015899.csv,Commercial Flow,Commercial Flow
CAN_CSV0000000000012108.csv,CAN_CSV0000000000015899.csv,Commercial Flow,Commercial Flow
CAN_CSV0000000000015899.csv,CAN_CSV0000000000022798.csv,Commercial Flow,Commercial Flow
CAN_CSV0000000000012108.csv,CAN_CSV0000000000015899.csv,Travellers Flow,Travellers Flow
CAN_CSV0000000000007832.csv,CAN_CSV0000000000018831.csv,Inspection Date,Inspection Date
CAN_CSV0000000000009365.csv,CAN_CSV0000000000018831.csv,Inspection Date,Inspection Date
CAN_CSV0000000000007832.csv,CAN_CSV0000000000018831.csv,Program City,Program City
CAN_CSV0000000000009365.csv,CAN_CSV0000000000018831.csv,Program City,Program City
CAN_CSV0000000000007832.csv,CAN_CSV0000000000018831.csv,Inspection Reason,Inspection Reason
CAN_CSV0000000000009365.csv,CAN_CSV0000000000018831.csv,Inspection Reason,Inspection Reason
CAN_CSV0000000000007832.csv,CAN_CSV0000000000018831.csv,Program ID,Program ID
CAN_CSV0000000000009365.csv,CAN_CSV0000000000018831.csv,Program ID,Program ID
CAN_CSV0000000000007832.csv,CAN_CSV0000000000018831.csv,Postal Code,Postal Code
CAN_CSV0000000000009365.csv,CAN_CSV0000000000018831.csv,Postal Code,Postal Code
CAN_CSV0000000000007832.csv,CAN_CSV0000000000018831.csv,Program Address,Program Address
CAN_CSV0000000000009365.csv,CAN_CSV0000000000018831.csv,Program Address,Program Address
CAN_CSV0000000000009365.csv,CAN_CSV0000000000018831.csv,Type of program,Type of program
CAN_CSV0000000000007832.csv,CAN_CSV0000000000018831.csv,Program Name,Program Name
CAN_CSV0000000000009365.csv,CAN_CSV0000000000018831.csv,Program Name,Program Name
CAN_CSV0000000000005102.csv,CAN_CSV0000000000027243.csv,Characteristics,Characteristics
CAN_CSV0000000000000581.csv,CAN_CSV0000000000027243.csv,Characteristics,Characteristics
CAN_CSV0000000000004753.csv,CAN_CSV0000000000027243.csv,Characteristics,Characteristics
USA_CSV0000000000033600.csv,USA_CSV0000000000036961.csv,year_of_enactment,year_of_enactment
USA_CSV0000000000032324.csv,USA_CSV0000000000036961.csv,year_of_enactment,year_of_enactment
USA_CSV0000000000036536.csv,USA_CSV0000000000036961.csv,year_of_enactment,year_of_enactment
USA_CSV0000000000035269.csv,USA_CSV0000000000036961.csv,year_of_enactment,year_of_enactment
USA_CSV0000000000035888.csv,USA_CSV0000000000036961.csv,year_of_enactment,year_of_enactment
USA_CSV0000000000033288.csv,USA_CSV0000000000036961.csv,year_of_enactment,year_of_enactment
USA_CSV0000000000033600.csv,USA_CSV0000000000036961.csv,program_code,program_code
USA_CSV0000000000032324.csv,USA_CSV0000000000036961.csv,program_code,program_code
USA_CSV0000000000035712.csv,USA_CSV0000000000036961.csv,program_code,program_code
USA_CSV0000000000036536.csv,USA_CSV0000000000036961.csv,program_code,program_code
USA_CSV0000000000033600.csv,USA_CSV0000000000036961.csv,vendor_name,vendor_name
USA_CSV0000000000032324.csv,USA_CSV0000000000036961.csv,vendor_name,vendor_name
USA_CSV0000000000036536.csv,USA_CSV0000000000036961.csv,vendor_name,vendor_name
USA_CSV0000000000033600.csv,USA_CSV0000000000036961.csv,program_description,program_description
USA_CSV0000000000032324.csv,USA_CSV0000000000036961.csv,program_description,program_description
USA_CSV0000000000035712.csv,USA_CSV0000000000036961.csv,program_description,program_description
USA_CSV0000000000036536.csv,USA_CSV0000000000036961.csv,program_description,program_description
USA_CSV0000000000033600.csv,USA_CSV0000000000036961.csv,budget_reference,budget_reference
USA_CSV0000000000032324.csv,USA_CSV0000000000036961.csv,budget_reference,budget_reference
USA_CSV0000000000035712.csv,USA_CSV0000000000036961.csv,budget_reference,budget_reference
USA_CSV0000000000036536.csv,USA_CSV0000000000036961.csv,budget_reference,budget_reference
USA_CSV0000000000035269.csv,USA_CSV0000000000036961.csv,budget_reference,budget_reference
USA_CSV0000000000035888.csv,USA_CSV0000000000036961.csv,budget_reference,budget_reference
USA_CSV0000000000033600.csv,USA_CSV0000000000036961.csv,agency_name,agency_name
USA_CSV0000000000032324.csv,USA_CSV0000000000036961.csv,agency_name,agency_name
USA_CSV0000000000035712.csv,USA_CSV0000000000036961.csv,agency_name,agency_name
USA_CSV0000000000036536.csv,USA_CSV0000000000036961.csv,agency_name,agency_name
USA_CSV0000000000033600.csv,USA_CSV0000000000036961.csv,account_description,account_description
USA_CSV0000000000032324.csv,USA_CSV0000000000036961.csv,account_description,account_description
USA_CSV0000000000036536.csv,USA_CSV0000000000036961.csv,account_description,account_description
USA_CSV0000000000033600.csv,USA_CSV0000000000036961.csv,accounting_period,accounting_period
USA_CSV0000000000032324.csv,USA_CSV0000000000036961.csv,accounting_period,accounting_period
USA_CSV0000000000035712.csv,USA_CSV0000000000036961.csv,accounting_period,accounting_period
USA_CSV0000000000036536.csv,USA_CSV0000000000036961.csv,accounting_period,accounting_period
USA_CSV0000000000035269.csv,USA_CSV0000000000036961.csv,accounting_period,accounting_period
USA_CSV0000000000033600.csv,USA_CSV0000000000036961.csv,accounting_date,accounting_date
USA_CSV0000000000032324.csv,USA_CSV0000000000036961.csv,accounting_date,accounting_date
USA_CSV0000000000035712.csv,USA_CSV0000000000036961.csv,accounting_date,accounting_date
USA_CSV0000000000036536.csv,USA_CSV0000000000036961.csv,accounting_date,accounting_date
USA_CSV0000000000033600.csv,USA_CSV0000000000036961.csv,account_type,account_type
USA_CSV0000000000032324.csv,USA_CSV0000000000036961.csv,account_type,account_type
USA_CSV0000000000036536.csv,USA_CSV0000000000036961.csv,account_type,account_type
USA_CSV0000000000035269.csv,USA_CSV0000000000036961.csv,account_type,account_type
USA_CSV0000000000035888.csv,USA_CSV0000000000036961.csv,account_type,account_type
USA_CSV0000000000033600.csv,USA_CSV0000000000036961.csv,fund_description,fund_description
USA_CSV0000000000032324.csv,USA_CSV0000000000036961.csv,fund_description,fund_description
USA_CSV0000000000036536.csv,USA_CSV0000000000036961.csv,fund_description,fund_description
USA_CSV0000000000035269.csv,USA_CSV0000000000036961.csv,fund_description,fund_description
USA_CSV0000000000035888.csv,USA_CSV0000000000036961.csv,fund_description,fund_description
USA_CSV0000000000033288.csv,USA_CSV0000000000036961.csv,fund_description,fund_description
USA_CSV0000000000033600.csv,USA_CSV0000000000036961.csv,department_name,department_name
USA_CSV0000000000032324.csv,USA_CSV0000000000036961.csv,department_name,department_name
USA_CSV0000000000035712.csv,USA_CSV0000000000036961.csv,department_name,department_name
USA_CSV0000000000036536.csv,USA_CSV0000000000036961.csv,department_name,department_name
USA_CSV0000000000033600.csv,USA_CSV0000000000036961.csv,fiscal_year_begin,fiscal_year_begin
USA_CSV0000000000032324.csv,USA_CSV0000000000036961.csv,fiscal_year_begin,fiscal_year_begin
USA_CSV0000000000035712.csv,USA_CSV0000000000036961.csv,fiscal_year_begin,fiscal_year_begin
USA_CSV0000000000036536.csv,USA_CSV0000000000036961.csv,fiscal_year_begin,fiscal_year_begin
USA_CSV0000000000035269.csv,USA_CSV0000000000036961.csv,fiscal_year_begin,fiscal_year_begin
USA_CSV0000000000033600.csv,USA_CSV0000000000036961.csv,fund_group,fund_group
USA_CSV0000000000032324.csv,USA_CSV0000000000036961.csv,fund_group,fund_group
USA_CSV0000000000036536.csv,USA_CSV0000000000036961.csv,fund_group,fund_group
USA_CSV0000000000035269.csv,USA_CSV0000000000036961.csv,fund_group,fund_group
USA_CSV0000000000035888.csv,USA_CSV0000000000036961.csv,fund_group,fund_group
USA_CSV0000000000033288.csv,USA_CSV0000000000036961.csv,fund_group,fund_group
USA_CSV0000000000033774.csv,USA_CSV0000000000036961.csv,fund_group,fund_group
USA_CSV0000000000035271.csv,USA_CSV0000000000036961.csv,fund_group,fund_group
USA_CSV0000000000033600.csv,USA_CSV0000000000036961.csv,account_category,account_category
USA_CSV0000000000032324.csv,USA_CSV0000000000036961.csv,account_category,account_category
USA_CSV0000000000036536.csv,USA_CSV0000000000036961.csv,account_category,account_category
USA_CSV0000000000033600.csv,USA_CSV0000000000036961.csv,document_id,document_id
USA_CSV0000000000032324.csv,USA_CSV0000000000036961.csv,document_id,document_id
USA_CSV0000000000035712.csv,USA_CSV0000000000036961.csv,document_id,document_id
USA_CSV0000000000036536.csv,USA_CSV0000000000036961.csv,document_id,document_id
USA_CSV0000000000033600.csv,USA_CSV0000000000036961.csv,business_unit,business_unit
USA_CSV0000000000032324.csv,USA_CSV0000000000036961.csv,business_unit,business_unit
USA_CSV0000000000035712.csv,USA_CSV0000000000036961.csv,business_unit,business_unit
USA_CSV0000000000036536.csv,USA_CSV0000000000036961.csv,business_unit,business_unit
USA_CSV0000000000033600.csv,USA_CSV0000000000036961.csv,monetary_amount,monetary_amount
USA_CSV0000000000032324.csv,USA_CSV0000000000036961.csv,monetary_amount,monetary_amount
USA_CSV0000000000035712.csv,USA_CSV0000000000036961.csv,monetary_amount,monetary_amount
USA_CSV0000000000036536.csv,USA_CSV0000000000036961.csv,monetary_amount,monetary_amount
USA_CSV0000000000033413.csv,USA_CSV0000000000035509__5.csv,OrganizationLevel,OrganizationLevel
USA_CSV0000000000033413.csv,USA_CSV0000000000034497.csv,organizationid,organizationid
USA_CSV0000000000033413.csv,USA_CSV0000000000036823.csv,ESDOrganizationId,ESDOrganizationId
USA_CSV0000000000033413.csv,USA_CSV0000000000036823.csv,SchoolName,SchoolName
USA_CSV0000000000033413.csv,USA_CSV0000000000034122.csv,SchoolName,SchoolName
USA_CSV0000000000033413.csv,USA_CSV0000000000034122.csv,SchoolCode,SchoolCode
USA_CSV0000000000033413.csv,USA_CSV0000000000033944.csv,SchoolYear,SchoolYear
USA_CSV0000000000033413.csv,USA_CSV0000000000035509__5.csv,DistrictName,DistrictName
USA_CSV0000000000033413.csv,USA_CSV0000000000036823.csv,DistrictName,DistrictName
CAN_CSV0000000000023436.csv,CAN_CSV0000000000025306.csv,Date & Time,Date & Time
CAN_CSV0000000000001370.csv,CAN_CSV0000000000002115__26.csv,Province/Canada,Province/Canada
CAN_CSV0000000000001370.csv,CAN_CSV0000000000001735__4.csv,Province/Canada,Province/Canada
CAN_CSV0000000000001370.csv,CAN_CSV0000000000002115__26.csv,Year Année,Year Année
USA_CSV0000000000032353.csv,USA_CSV0000000000034990.csv,Shape_Area,Shape_Area
USA_CSV0000000000033543.csv,USA_CSV0000000000033630.csv,First Name,First Name
USA_CSV0000000000031994.csv,USA_CSV0000000000033543.csv,First Name,First Name
USA_CSV0000000000033156.csv,USA_CSV0000000000033543.csv,First Name,First Name
USA_CSV0000000000033543.csv,USA_CSV0000000000035439.csv,First Name,First Name
USA_CSV0000000000033543.csv,USA_CSV0000000000035827.csv,First Name,First Name
USA_CSV0000000000031994.csv,USA_CSV0000000000033543.csv,Business Name,Business Name
USA_CSV0000000000033543.csv,USA_CSV0000000000035439.csv,Business Name,Business Name
USA_CSV0000000000033543.csv,USA_CSV0000000000035827.csv,Business Name,Business Name
USA_CSV0000000000033543.csv,USA_CSV0000000000033630.csv,Business Name,Business Name
USA_CSV0000000000033156.csv,USA_CSV0000000000033543.csv,Business Name,Business Name
USA_CSV0000000000033543.csv,USA_CSV0000000000033630.csv,Registry Date,Registry Date
USA_CSV0000000000031994.csv,USA_CSV0000000000033543.csv,Registry Date,Registry Date
USA_CSV0000000000033156.csv,USA_CSV0000000000033543.csv,Registry Date,Registry Date
USA_CSV0000000000033543.csv,USA_CSV0000000000035439.csv,Registry Date,Registry Date
USA_CSV0000000000033543.csv,USA_CSV0000000000035827.csv,Registry Date,Registry Date
CAN_CSV0000000000001963.csv,CAN_CSV0000000000016775.csv,service_id,service_id
CAN_CSV0000000000009256.csv,CAN_CSV0000000000016775.csv,service_id,service_id
CAN_CSV0000000000001861.csv,CAN_CSV0000000000016775.csv,service_id,service_id
CAN_CSV0000000000009256.csv,CAN_CSV0000000000016775.csv,service_std_target,service_std_target
CAN_CSV0000000000009256.csv,CAN_CSV0000000000016775.csv,service_std_type,service_std_type
CAN_CSV0000000000001963.csv,CAN_CSV0000000000016775.csv,service_name_fr,service_name_fr
CAN_CSV0000000000009256.csv,CAN_CSV0000000000016775.csv,service_name_fr,service_name_fr
CAN_CSV0000000000001861.csv,CAN_CSV0000000000016775.csv,service_name_fr,service_name_fr
CAN_CSV0000000000009256.csv,CAN_CSV0000000000016775.csv,service_std_url_en,service_std_url_en
CAN_CSV0000000000001963.csv,CAN_CSV0000000000016775.csv,department_name_en,department_name_en
CAN_CSV0000000000009256.csv,CAN_CSV0000000000016775.csv,department_name_en,department_name_en
CAN_CSV0000000000001861.csv,CAN_CSV0000000000016775.csv,department_name_en,department_name_en
CAN_CSV0000000000009256.csv,CAN_CSV0000000000016775.csv,total_volume,total_volume
CAN_CSV0000000000009256.csv,CAN_CSV0000000000016775.csv,service_std_url_fr,service_std_url_fr
CAN_CSV0000000000009256.csv,CAN_CSV0000000000016775.csv,service_std_fr,service_std_fr
CAN_CSV0000000000009256.csv,CAN_CSV0000000000016775.csv,performance,performance
CAN_CSV0000000000001963.csv,CAN_CSV0000000000016775.csv,service_name_en,service_name_en
CAN_CSV0000000000009256.csv,CAN_CSV0000000000016775.csv,service_name_en,service_name_en
CAN_CSV0000000000001861.csv,CAN_CSV0000000000016775.csv,service_name_en,service_name_en
CAN_CSV0000000000009256.csv,CAN_CSV0000000000016775.csv,target_type,target_type
CAN_CSV0000000000009256.csv,CAN_CSV0000000000016775.csv,service_std_en,service_std_en
USA_CSV0000000000033066.csv,USA_CSV0000000000037302.csv,VOUCHER_STYLE,VOUCHER_STYLE
USA_CSV0000000000033066.csv,USA_CSV0000000000037099.csv,VOUCHER_STYLE,VOUCHER_STYLE
USA_CSV0000000000033066.csv,USA_CSV0000000000036104.csv,VOUCHER_STYLE,VOUCHER_STYLE
USA_CSV0000000000033066.csv,USA_CSV0000000000037302.csv,VOUCHER_ID,VOUCHER_ID
USA_CSV0000000000033066.csv,USA_CSV0000000000037099.csv,VOUCHER_ID,VOUCHER_ID
USA_CSV0000000000033066.csv,USA_CSV0000000000036104.csv,VOUCHER_ID,VOUCHER_ID
USA_CSV0000000000033066.csv,USA_CSV0000000000037302.csv,TRANSACTION_TYPE,TRANSACTION_TYPE
USA_CSV0000000000031994.csv,USA_CSV0000000000033543.csv,First Name,First Name
USA_CSV0000000000031994.csv,USA_CSV0000000000033630.csv,First Name,First Name
USA_CSV0000000000031994.csv,USA_CSV0000000000033543.csv,Entity Type,Entity Type
USA_CSV0000000000031994.csv,USA_CSV0000000000033630.csv,Entity Type,Entity Type
USA_CSV0000000000031994.csv,USA_CSV0000000000034329.csv,Entity Type,Entity Type
USA_CSV0000000000031994.csv,USA_CSV0000000000033156.csv,Entity Type,Entity Type
USA_CSV0000000000031994.csv,USA_CSV0000000000035439.csv,Entity Type,Entity Type
USA_CSV0000000000031994.csv,USA_CSV0000000000035827.csv,Entity Type,Entity Type
USA_CSV0000000000031994.csv,USA_CSV0000000000035439.csv,Business Name,Business Name
USA_CSV0000000000031994.csv,USA_CSV0000000000033543.csv,Registry Date,Registry Date
USA_CSV0000000000031994.csv,USA_CSV0000000000033630.csv,Registry Date,Registry Date
USA_CSV0000000000031994.csv,USA_CSV0000000000034329.csv,Registry Date,Registry Date
USA_CSV0000000000031994.csv,USA_CSV0000000000033156.csv,Registry Date,Registry Date
USA_CSV0000000000031994.csv,USA_CSV0000000000035439.csv,Registry Date,Registry Date
USA_CSV0000000000031994.csv,USA_CSV0000000000035827.csv,Registry Date,Registry Date
USA_CSV0000000000031994.csv,USA_CSV0000000000033543.csv,Registry Number,Registry Number
CAN_CSV0000000000014850.csv,CAN_CSV0000000000024921.csv,TERME_FR_PARAMETRE,TERME_FR_PARAMETRE
CAN_CSV0000000000014850.csv,CAN_CSV0000000000024921.csv,SUBJECT_EN,SUBJECT_EN
CAN_CSV0000000000014850.csv,CAN_CSV0000000000024921.csv,DOMAINE_FR,DOMAINE_FR
CAN_CSV0000000000014850.csv,CAN_CSV0000000000024921.csv,JUSTIFICATION_1_FR,JUSTIFICATION_1_FR
CAN_CSV0000000000014850.csv,CAN_CSV0000000000024921.csv,TERM_EN_PARAMETER,TERM_EN_PARAMETER
CAN_CSV0000000000003365.csv,CAN_CSV0000000000007832.csv,Inspection Date,Inspection Date
CAN_CSV0000000000003365.csv,CAN_CSV0000000000009365.csv,Inspection Date,Inspection Date
CAN_CSV0000000000003365.csv,CAN_CSV0000000000007832.csv,Program City,Program City
CAN_CSV0000000000003365.csv,CAN_CSV0000000000009365.csv,Program City,Program City
CAN_CSV0000000000003365.csv,CAN_CSV0000000000018831.csv,Program City,Program City
CAN_CSV0000000000003365.csv,CAN_CSV0000000000007832.csv,Inspection Reason,Inspection Reason
CAN_CSV0000000000003365.csv,CAN_CSV0000000000009365.csv,Inspection Reason,Inspection Reason
CAN_CSV0000000000003365.csv,CAN_CSV0000000000007832.csv,Program ID,Program ID
CAN_CSV0000000000003365.csv,CAN_CSV0000000000009365.csv,Program ID,Program ID
CAN_CSV0000000000003365.csv,CAN_CSV0000000000018831.csv,Program ID,Program ID
CAN_CSV0000000000003365.csv,CAN_CSV0000000000018581.csv,Program ID,Program ID
CAN_CSV0000000000003365.csv,CAN_CSV0000000000007832.csv,Postal Code,Postal Code
CAN_CSV0000000000003365.csv,CAN_CSV0000000000009365.csv,Postal Code,Postal Code
CAN_CSV0000000000003365.csv,CAN_CSV0000000000007832.csv,Program Address,Program Address
CAN_CSV0000000000003365.csv,CAN_CSV0000000000009365.csv,Program Address,Program Address
CAN_CSV0000000000003365.csv,CAN_CSV0000000000018831.csv,Program Address,Program Address
CAN_CSV0000000000003365.csv,CAN_CSV0000000000009365.csv,Type of program,Type of program
CAN_CSV0000000000003365.csv,CAN_CSV0000000000007832.csv,Program Name,Program Name
CAN_CSV0000000000003365.csv,CAN_CSV0000000000009365.csv,Program Name,Program Name
CAN_CSV0000000000003365.csv,CAN_CSV0000000000018831.csv,Program Name,Program Name
USA_CSV0000000000024884.csv,USA_CSV0000000000037302.csv,OCP_AGNCY_NAME,OCP_AGNCY_NAME
USA_CSV0000000000024884.csv,USA_CSV0000000000033066.csv,OCP_AGNCY_NAME,OCP_AGNCY_NAME
USA_CSV0000000000024884.csv,USA_CSV0000000000037099.csv,OCP_AGNCY_NAME,OCP_AGNCY_NAME
USA_CSV0000000000024884.csv,USA_CSV0000000000036104.csv,OCP_AGNCY_NAME,OCP_AGNCY_NAME
USA_CSV0000000000024884.csv,USA_CSV0000000000037302.csv,BUSINESS_UNIT,BUSINESS_UNIT
UK_CSV0000000000000987.csv,UK_CSV0000000000001955.csv,Falls within,Falls within
UK_CSV0000000000000987.csv,UK_CSV0000000000001955.csv,Reported by,Reported by
UK_CSV0000000000000987.csv,UK_CSV0000000000001955.csv,Crime type,Crime type
CAN_CSV0000000000001861.csv,CAN_CSV0000000000001963.csv,online_comments_fr,online_comments_fr
CAN_CSV0000000000001861.csv,CAN_CSV0000000000001963.csv,calls_received,calls_received
CAN_CSV0000000000001861.csv,CAN_CSV0000000000016775.csv,service_id,service_id
CAN_CSV0000000000001861.csv,CAN_CSV0000000000001963.csv,service_id,service_id
CAN_CSV0000000000001861.csv,CAN_CSV0000000000009256.csv,service_id,service_id
CAN_CSV0000000000001861.csv,CAN_CSV0000000000001963.csv,service_fee,service_fee
CAN_CSV0000000000001861.csv,CAN_CSV0000000000001963.csv,service_scope,service_scope
CAN_CSV0000000000001861.csv,CAN_CSV0000000000001963.csv,e_decision,e_decision
CAN_CSV0000000000001861.csv,CAN_CSV0000000000001963.csv,e_registration,e_registration
CAN_CSV0000000000001861.csv,CAN_CSV0000000000016775.csv,service_name_fr,service_name_fr
CAN_CSV0000000000001861.csv,CAN_CSV0000000000001963.csv,service_name_fr,service_name_fr
CAN_CSV0000000000001861.csv,CAN_CSV0000000000009256.csv,service_name_fr,service_name_fr
CAN_CSV0000000000001861.csv,CAN_CSV0000000000001963.csv,special_remarks_en,special_remarks_en
CAN_CSV0000000000001861.csv,CAN_CSV0000000000001963.csv,e_feedback,e_feedback
CAN_CSV0000000000001861.csv,CAN_CSV0000000000001963.csv,web_visits,web_visits
CAN_CSV0000000000001861.csv,CAN_CSV0000000000016775.csv,department_name_en,department_name_en
CAN_CSV0000000000001861.csv,CAN_CSV0000000000001963.csv,department_name_en,department_name_en
CAN_CSV0000000000001861.csv,CAN_CSV0000000000009256.csv,department_name_en,department_name_en
CAN_CSV0000000000001861.csv,CAN_CSV0000000000016775.csv,department_name_fr,department_name_fr
CAN_CSV0000000000001861.csv,CAN_CSV0000000000001963.csv,department_name_fr,department_name_fr
CAN_CSV0000000000001861.csv,CAN_CSV0000000000009256.csv,department_name_fr,department_name_fr
CAN_CSV0000000000001861.csv,CAN_CSV0000000000001963.csv,e_issuance,e_issuance
CAN_CSV0000000000001861.csv,CAN_CSV0000000000016775.csv,fiscal_yr,fiscal_yr
CAN_CSV0000000000001861.csv,CAN_CSV0000000000001963.csv,fiscal_yr,fiscal_yr
CAN_CSV0000000000001861.csv,CAN_CSV0000000000009256.csv,fiscal_yr,fiscal_yr
CAN_CSV0000000000001861.csv,CAN_CSV0000000000001963.csv,special_remarks_fr,special_remarks_fr
CAN_CSV0000000000001861.csv,CAN_CSV0000000000001963.csv,e_application,e_application
CAN_CSV0000000000001861.csv,CAN_CSV0000000000001963.csv,total_applications,total_applications
CAN_CSV0000000000001861.csv,CAN_CSV0000000000001963.csv,client_feedback,client_feedback
CAN_CSV0000000000001861.csv,CAN_CSV0000000000001963.csv,other_applications,other_applications
CAN_CSV0000000000001861.csv,CAN_CSV0000000000001963.csv,e_authentication,e_authentication
CAN_CSV0000000000001861.csv,CAN_CSV0000000000001963.csv,email_applications,email_applications
CAN_CSV0000000000001861.csv,CAN_CSV0000000000001963.csv,fax_applications,fax_applications
CAN_CSV0000000000001861.csv,CAN_CSV0000000000016775.csv,service_name_en,service_name_en
CAN_CSV0000000000001286.csv,CAN_CSV0000000000027430.csv,Gender (3),Gender (3)
CAN_CSV0000000000003463.csv,CAN_CSV0000000000010564.csv,Incident Date,Incident Date
CAN_CSV0000000000003410.csv,CAN_CSV0000000000003463.csv,Incident Date,Incident Date
CAN_CSV0000000000003463.csv,CAN_CSV0000000000010564.csv,Incident Number,Incident Number
CAN_CSV0000000000003410.csv,CAN_CSV0000000000003463.csv,Incident Number,Incident Number
CAN_CSV0000000000003463.csv,USA_CSV0000000000035412__0.csv,Incident Number,Incident Number
CAN_CSV0000000000003463.csv,CAN_CSV0000000000010564.csv,Field Unit,Field Unit
CAN_CSV0000000000003410.csv,CAN_CSV0000000000003463.csv,Field Unit,Field Unit
USA_CSV0000000000034847.csv,USA_CSV0000000000037148.csv,Street Name,Street Name
USA_CSV0000000000035122.csv,USA_CSV0000000000037148.csv,Street Name,Street Name
CAN_CSV0000000000001423.csv,CAN_CSV0000000000001435.csv,LF_SEGMENT,LF_SEGMENT
USA_CSV0000000000033543.csv,USA_CSV0000000000035827.csv,First Name,First Name
USA_CSV0000000000033630.csv,USA_CSV0000000000035827.csv,First Name,First Name
USA_CSV0000000000031994.csv,USA_CSV0000000000035827.csv,First Name,First Name
USA_CSV0000000000033543.csv,USA_CSV0000000000035827.csv,Entity Type,Entity Type
USA_CSV0000000000033630.csv,USA_CSV0000000000035827.csv,Entity Type,Entity Type
USA_CSV0000000000031994.csv,USA_CSV0000000000035827.csv,Entity Type,Entity Type
USA_CSV0000000000033156.csv,USA_CSV0000000000035827.csv,Entity Type,Entity Type
USA_CSV0000000000035439.csv,USA_CSV0000000000035827.csv,Entity Type,Entity Type
USA_CSV0000000000033543.csv,USA_CSV0000000000035827.csv,Registry Date,Registry Date
USA_CSV0000000000033630.csv,USA_CSV0000000000035827.csv,Registry Date,Registry Date
USA_CSV0000000000031994.csv,USA_CSV0000000000035827.csv,Registry Date,Registry Date
USA_CSV0000000000033156.csv,USA_CSV0000000000035827.csv,Registry Date,Registry Date
USA_CSV0000000000035439.csv,USA_CSV0000000000035827.csv,Registry Date,Registry Date
CAN_CSV0000000000001286.csv,CAN_CSV0000000000027430.csv,Statistics (3),Statistics (3)
CAN_CSV0000000000016419.csv,CAN_CSV0000000000026045.csv,Review Type,Review Type
CAN_CSV0000000000003274.csv,CAN_CSV0000000000016419.csv,Review Type,Review Type
CAN_CSV0000000000009663.csv,CAN_CSV0000000000016419.csv,Review Type,Review Type
CAN_CSV0000000000016419.csv,CAN_CSV0000000000026045.csv,Race Group,Race Group
CAN_CSV0000000000003274.csv,CAN_CSV0000000000016419.csv,Race Group,Race Group
CAN_CSV0000000000009663.csv,CAN_CSV0000000000016419.csv,Race Group,Race Group
CAN_CSV0000000000016419.csv,CAN_CSV0000000000026045.csv,Decision Month,Decision Month
CAN_CSV0000000000003274.csv,CAN_CSV0000000000016419.csv,Decision Month,Decision Month
CAN_CSV0000000000009663.csv,CAN_CSV0000000000016419.csv,Decision Month,Decision Month
CAN_CSV0000000000016419.csv,CAN_CSV0000000000026045.csv,Final Decision,Final Decision
CAN_CSV0000000000016419.csv,CAN_CSV0000000000026045.csv,Sentence Type,Sentence Type
CAN_CSV0000000000016419.csv,CAN_CSV0000000000026045.csv,Decision Category,Decision Category
CAN_CSV0000000000003274.csv,CAN_CSV0000000000016419.csv,Decision Category,Decision Category
CAN_CSV0000000000009663.csv,CAN_CSV0000000000016419.csv,Decision Category,Decision Category
CAN_CSV0000000000009470.csv,CAN_CSV0000000000016419.csv,Decision Category,Decision Category
CAN_CSV0000000000016419.csv,CAN_CSV0000000000026045.csv,Decision Purpose,Decision Purpose
CAN_CSV0000000000003274.csv,CAN_CSV0000000000016419.csv,Decision Purpose,Decision Purpose
CAN_CSV0000000000009663.csv,CAN_CSV0000000000016419.csv,Decision Purpose,Decision Purpose
CAN_CSV0000000000016419.csv,CAN_CSV0000000000026045.csv,Decision Type Group,Decision Type Group
CAN_CSV0000000000003274.csv,CAN_CSV0000000000016419.csv,Decision Type Group,Decision Type Group
CAN_CSV0000000000009470.csv,CAN_CSV0000000000016419.csv,Decision Type Group,Decision Type Group
CAN_CSV0000000000016419.csv,CAN_CSV0000000000026045.csv,Decision Type,Decision Type
CAN_CSV0000000000003274.csv,CAN_CSV0000000000016419.csv,Decision Type,Decision Type
CAN_CSV0000000000009470.csv,CAN_CSV0000000000016419.csv,Decision Type,Decision Type
CAN_CSV0000000000016419.csv,CAN_CSV0000000000026045.csv,Major Offence Group,Major Offence Group
CAN_CSV0000000000003274.csv,CAN_CSV0000000000016419.csv,Major Offence Group,Major Offence Group
CAN_CSV0000000000009663.csv,CAN_CSV0000000000016419.csv,Major Offence Group,Major Offence Group
USA_CSV0000000000033543.csv,USA_CSV0000000000034329.csv,First Name,First Name
USA_CSV0000000000033630.csv,USA_CSV0000000000034329.csv,First Name,First Name
USA_CSV0000000000031994.csv,USA_CSV0000000000034329.csv,First Name,First Name
USA_CSV0000000000033156.csv,USA_CSV0000000000034329.csv,First Name,First Name
USA_CSV0000000000034329.csv,USA_CSV0000000000035439.csv,First Name,First Name
USA_CSV0000000000034329.csv,USA_CSV0000000000035827.csv,First Name,First Name
USA_CSV0000000000033543.csv,USA_CSV0000000000034329.csv,Entity Type,Entity Type
USA_CSV0000000000031994.csv,USA_CSV0000000000034329.csv,Business Name,Business Name
USA_CSV0000000000034329.csv,USA_CSV0000000000035439.csv,Business Name,Business Name
USA_CSV0000000000034329.csv,USA_CSV0000000000035827.csv,Business Name,Business Name
USA_CSV0000000000033543.csv,USA_CSV0000000000034329.csv,Business Name,Business Name
USA_CSV0000000000033630.csv,USA_CSV0000000000034329.csv,Business Name,Business Name
USA_CSV0000000000033543.csv,USA_CSV0000000000034329.csv,Registry Date,Registry Date
USA_CSV0000000000033630.csv,USA_CSV0000000000034329.csv,Registry Date,Registry Date
USA_CSV0000000000031994.csv,USA_CSV0000000000034329.csv,Registry Date,Registry Date
USA_CSV0000000000033156.csv,USA_CSV0000000000034329.csv,Registry Date,Registry Date
USA_CSV0000000000034329.csv,USA_CSV0000000000035439.csv,Registry Date,Registry Date
USA_CSV0000000000034329.csv,USA_CSV0000000000035827.csv,Registry Date,Registry Date
USA_CSV0000000000033543.csv,USA_CSV0000000000034329.csv,Registry Number,Registry Number
USA_CSV0000000000033630.csv,USA_CSV0000000000034329.csv,Registry Number,Registry Number
USA_CSV0000000000031994.csv,USA_CSV0000000000034329.csv,Registry Number,Registry Number
USA_CSV0000000000014698.csv,USA_CSV0000000000035654.csv,BOUNDARYGR,BOUNDARYGR
USA_CSV0000000000014698.csv,USA_CSV0000000000035654.csv,SCHOOL_ADD,SCHOOL_ADD
USA_CSV0000000000018004.csv,USA_CSV0000000000036479.csv,Community Board,Community Board
USA_CSV0000000000035934.csv,USA_CSV0000000000036479.csv,Community Board,Community Board
USA_CSV0000000000018004.csv,USA_CSV0000000000036479.csv,Council District,Council District
USA_CSV0000000000035934.csv,USA_CSV0000000000036479.csv,Council District,Council District
CAN_CSV0000000000003356.csv,CAN_CSV0000000000012108.csv,CBSA Office,CBSA Office
CAN_CSV0000000000012108.csv,CAN_CSV0000000000022798.csv,CBSA Office,CBSA Office
CAN_CSV0000000000012108.csv,CAN_CSV0000000000022798.csv,Travellers Flow,Travellers Flow
CAN_CSV0000000000003356.csv,CAN_CSV0000000000012108.csv,Commercial Flow,Commercial Flow
CAN_CSV0000000000012108.csv,CAN_CSV0000000000022798.csv,Commercial Flow,Commercial Flow
CAN_CSV0000000000012108.csv,CAN_CSV0000000000015899.csv,Commercial Flow,Commercial Flow
USA_CSV0000000000033432.csv,USA_CSV0000000000035712.csv,accounting_period,accounting_period
USA_CSV0000000000032324.csv,USA_CSV0000000000035712.csv,accounting_period,accounting_period
USA_CSV0000000000035712.csv,USA_CSV0000000000036536.csv,accounting_period,accounting_period
USA_CSV0000000000035269.csv,USA_CSV0000000000035712.csv,accounting_period,accounting_period
USA_CSV0000000000033432.csv,USA_CSV0000000000035712.csv,accounting_date,accounting_date
USA_CSV0000000000032324.csv,USA_CSV0000000000035712.csv,accounting_date,accounting_date
USA_CSV0000000000035712.csv,USA_CSV0000000000036536.csv,accounting_date,accounting_date
USA_CSV0000000000033432.csv,USA_CSV0000000000035712.csv,document_id,document_id
USA_CSV0000000000032324.csv,USA_CSV0000000000035712.csv,document_id,document_id
USA_CSV0000000000035712.csv,USA_CSV0000000000036536.csv,document_id,document_id
USA_CSV0000000000035269.csv,USA_CSV0000000000035712.csv,document_id,document_id
USA_CSV0000000000035712.csv,USA_CSV0000000000036961.csv,document_id,document_id
USA_CSV0000000000035712.csv,USA_CSV0000000000035888.csv,document_id,document_id
USA_CSV0000000000033432.csv,USA_CSV0000000000035712.csv,department_name,department_name
USA_CSV0000000000032324.csv,USA_CSV0000000000035712.csv,department_name,department_name
USA_CSV0000000000035712.csv,USA_CSV0000000000036536.csv,department_name,department_name
USA_CSV0000000000035269.csv,USA_CSV0000000000035712.csv,department_name,department_name
USA_CSV0000000000035712.csv,USA_CSV0000000000036961.csv,department_name,department_name
USA_CSV0000000000035712.csv,USA_CSV0000000000035888.csv,department_name,department_name
USA_CSV0000000000033288.csv,USA_CSV0000000000035712.csv,department_name,department_name
USA_CSV0000000000033432.csv,USA_CSV0000000000035712.csv,budget_reference,budget_reference
USA_CSV0000000000032324.csv,USA_CSV0000000000035712.csv,budget_reference,budget_reference
USA_CSV0000000000035712.csv,USA_CSV0000000000036536.csv,budget_reference,budget_reference
USA_CSV0000000000033432.csv,USA_CSV0000000000035712.csv,program_description,program_description
USA_CSV0000000000032324.csv,USA_CSV0000000000035712.csv,program_description,program_description
USA_CSV0000000000035712.csv,USA_CSV0000000000036536.csv,program_description,program_description
USA_CSV0000000000033432.csv,USA_CSV0000000000035712.csv,business_unit,business_unit
USA_CSV0000000000032324.csv,USA_CSV0000000000035712.csv,business_unit,business_unit
USA_CSV0000000000035712.csv,USA_CSV0000000000036536.csv,business_unit,business_unit
USA_CSV0000000000033432.csv,USA_CSV0000000000035712.csv,monetary_amount,monetary_amount
USA_CSV0000000000032324.csv,USA_CSV0000000000035712.csv,monetary_amount,monetary_amount
USA_CSV0000000000035712.csv,USA_CSV0000000000036536.csv,monetary_amount,monetary_amount
USA_CSV0000000000035269.csv,USA_CSV0000000000035712.csv,monetary_amount,monetary_amount
USA_CSV0000000000035712.csv,USA_CSV0000000000036961.csv,monetary_amount,monetary_amount
USA_CSV0000000000035712.csv,USA_CSV0000000000035888.csv,monetary_amount,monetary_amount
USA_CSV0000000000033432.csv,USA_CSV0000000000035712.csv,agency_name,agency_name
USA_CSV0000000000032324.csv,USA_CSV0000000000035712.csv,agency_name,agency_name
USA_CSV0000000000035712.csv,USA_CSV0000000000036536.csv,agency_name,agency_name
USA_CSV0000000000035269.csv,USA_CSV0000000000035712.csv,agency_name,agency_name
USA_CSV0000000000035712.csv,USA_CSV0000000000036961.csv,agency_name,agency_name
USA_CSV0000000000033432.csv,USA_CSV0000000000035712.csv,fiscal_year_begin,fiscal_year_begin
USA_CSV0000000000032324.csv,USA_CSV0000000000035712.csv,fiscal_year_begin,fiscal_year_begin
USA_CSV0000000000035712.csv,USA_CSV0000000000036536.csv,fiscal_year_begin,fiscal_year_begin
USA_CSV0000000000033288.csv,USA_CSV0000000000033432.csv,year_of_enactment,year_of_enactment
USA_CSV0000000000033288.csv,USA_CSV0000000000033600.csv,year_of_enactment,year_of_enactment
USA_CSV0000000000032324.csv,USA_CSV0000000000033288.csv,year_of_enactment,year_of_enactment
USA_CSV0000000000033288.csv,USA_CSV0000000000036536.csv,year_of_enactment,year_of_enactment
USA_CSV0000000000033288.csv,USA_CSV0000000000035269.csv,year_of_enactment,year_of_enactment
USA_CSV0000000000033288.csv,USA_CSV0000000000036961.csv,year_of_enactment,year_of_enactment
USA_CSV0000000000033288.csv,USA_CSV0000000000035888.csv,year_of_enactment,year_of_enactment
USA_CSV0000000000033288.csv,USA_CSV0000000000033774.csv,year_of_enactment,year_of_enactment
USA_CSV0000000000033288.csv,USA_CSV0000000000035271.csv,year_of_enactment,year_of_enactment
USA_CSV0000000000033288.csv,USA_CSV0000000000036844.csv,year_of_enactment,year_of_enactment
USA_CSV0000000000033288.csv,USA_CSV0000000000033432.csv,program_code,program_code
USA_CSV0000000000033288.csv,USA_CSV0000000000033600.csv,program_code,program_code
USA_CSV0000000000032324.csv,USA_CSV0000000000033288.csv,program_code,program_code
USA_CSV0000000000033288.csv,USA_CSV0000000000035712.csv,program_code,program_code
USA_CSV0000000000033288.csv,USA_CSV0000000000036536.csv,program_code,program_code
USA_CSV0000000000033288.csv,USA_CSV0000000000035269.csv,program_code,program_code
USA_CSV0000000000033288.csv,USA_CSV0000000000033432.csv,vendor_name,vendor_name
USA_CSV0000000000033288.csv,USA_CSV0000000000033600.csv,vendor_name,vendor_name
USA_CSV0000000000032324.csv,USA_CSV0000000000033288.csv,vendor_name,vendor_name
USA_CSV0000000000033288.csv,USA_CSV0000000000036536.csv,vendor_name,vendor_name
USA_CSV0000000000033288.csv,USA_CSV0000000000035269.csv,vendor_name,vendor_name
USA_CSV0000000000033288.csv,USA_CSV0000000000033432.csv,program_description,program_description
USA_CSV0000000000033288.csv,USA_CSV0000000000033600.csv,program_description,program_description
USA_CSV0000000000032324.csv,USA_CSV0000000000033288.csv,program_description,program_description
USA_CSV0000000000033288.csv,USA_CSV0000000000035712.csv,program_description,program_description
USA_CSV0000000000033288.csv,USA_CSV0000000000036536.csv,program_description,program_description
USA_CSV0000000000033288.csv,USA_CSV0000000000035269.csv,program_description,program_description
USA_CSV0000000000033288.csv,USA_CSV0000000000036961.csv,program_description,program_description
USA_CSV0000000000033288.csv,USA_CSV0000000000033432.csv,budget_reference,budget_reference
USA_CSV0000000000033288.csv,USA_CSV0000000000033600.csv,budget_reference,budget_reference
USA_CSV0000000000032324.csv,USA_CSV0000000000033288.csv,budget_reference,budget_reference
USA_CSV0000000000033288.csv,USA_CSV0000000000035712.csv,budget_reference,budget_reference
USA_CSV0000000000033288.csv,USA_CSV0000000000036536.csv,budget_reference,budget_reference
USA_CSV0000000000033288.csv,USA_CSV0000000000035269.csv,budget_reference,budget_reference
USA_CSV0000000000033288.csv,USA_CSV0000000000036961.csv,budget_reference,budget_reference
USA_CSV0000000000033288.csv,USA_CSV0000000000033432.csv,agency_name,agency_name
USA_CSV0000000000033288.csv,USA_CSV0000000000033600.csv,agency_name,agency_name
USA_CSV0000000000032324.csv,USA_CSV0000000000033288.csv,agency_name,agency_name
USA_CSV0000000000033288.csv,USA_CSV0000000000035712.csv,agency_name,agency_name
USA_CSV0000000000033288.csv,USA_CSV0000000000036536.csv,agency_name,agency_name
USA_CSV0000000000033288.csv,USA_CSV0000000000033432.csv,account_description,account_description
USA_CSV0000000000033288.csv,USA_CSV0000000000033600.csv,account_description,account_description
USA_CSV0000000000032324.csv,USA_CSV0000000000033288.csv,account_description,account_description
USA_CSV0000000000033288.csv,USA_CSV0000000000036536.csv,account_description,account_description
USA_CSV0000000000033288.csv,USA_CSV0000000000035269.csv,account_description,account_description
USA_CSV0000000000033288.csv,USA_CSV0000000000036961.csv,account_description,account_description
USA_CSV0000000000033288.csv,USA_CSV0000000000035888.csv,account_description,account_description
USA_CSV0000000000033288.csv,USA_CSV0000000000033774.csv,account_description,account_description
USA_CSV0000000000033288.csv,USA_CSV0000000000035271.csv,account_description,account_description
USA_CSV0000000000033288.csv,USA_CSV0000000000033432.csv,accounting_period,accounting_period
USA_CSV0000000000033288.csv,USA_CSV0000000000033600.csv,accounting_period,accounting_period
USA_CSV0000000000032324.csv,USA_CSV0000000000033288.csv,accounting_period,accounting_period
USA_CSV0000000000033288.csv,USA_CSV0000000000035712.csv,accounting_period,accounting_period
USA_CSV0000000000033288.csv,USA_CSV0000000000036536.csv,accounting_period,accounting_period
USA_CSV0000000000033288.csv,USA_CSV0000000000033432.csv,accounting_date,accounting_date
USA_CSV0000000000033288.csv,USA_CSV0000000000033600.csv,accounting_date,accounting_date
USA_CSV0000000000032324.csv,USA_CSV0000000000033288.csv,accounting_date,accounting_date
USA_CSV0000000000033288.csv,USA_CSV0000000000035712.csv,accounting_date,accounting_date
USA_CSV0000000000033288.csv,USA_CSV0000000000036536.csv,accounting_date,accounting_date
USA_CSV0000000000033288.csv,USA_CSV0000000000033432.csv,account_type,account_type
USA_CSV0000000000033288.csv,USA_CSV0000000000033600.csv,account_type,account_type
USA_CSV0000000000032324.csv,USA_CSV0000000000033288.csv,account_type,account_type
USA_CSV0000000000033288.csv,USA_CSV0000000000036536.csv,account_type,account_type
USA_CSV0000000000033288.csv,USA_CSV0000000000033432.csv,fund_description,fund_description
USA_CSV0000000000033288.csv,USA_CSV0000000000033600.csv,fund_description,fund_description
USA_CSV0000000000032324.csv,USA_CSV0000000000033288.csv,fund_description,fund_description
USA_CSV0000000000033288.csv,USA_CSV0000000000036536.csv,fund_description,fund_description
USA_CSV0000000000033288.csv,USA_CSV0000000000035269.csv,fund_description,fund_description
USA_CSV0000000000033288.csv,USA_CSV0000000000036961.csv,fund_description,fund_description
USA_CSV0000000000033288.csv,USA_CSV0000000000033432.csv,department_name,department_name
USA_CSV0000000000033288.csv,USA_CSV0000000000033600.csv,department_name,department_name
USA_CSV0000000000032324.csv,USA_CSV0000000000033288.csv,department_name,department_name
USA_CSV0000000000033288.csv,USA_CSV0000000000035712.csv,department_name,department_name
USA_CSV0000000000033288.csv,USA_CSV0000000000036536.csv,department_name,department_name
USA_CSV0000000000033288.csv,USA_CSV0000000000033432.csv,fiscal_year_begin,fiscal_year_begin
USA_CSV0000000000033288.csv,USA_CSV0000000000033600.csv,fiscal_year_begin,fiscal_year_begin
USA_CSV0000000000032324.csv,USA_CSV0000000000033288.csv,fiscal_year_begin,fiscal_year_begin
USA_CSV0000000000033288.csv,USA_CSV0000000000035712.csv,fiscal_year_begin,fiscal_year_begin
USA_CSV0000000000033288.csv,USA_CSV0000000000036536.csv,fiscal_year_begin,fiscal_year_begin
USA_CSV0000000000033288.csv,USA_CSV0000000000035269.csv,fiscal_year_begin,fiscal_year_begin
USA_CSV0000000000033288.csv,USA_CSV0000000000033432.csv,fund_group,fund_group
USA_CSV0000000000033288.csv,USA_CSV0000000000033600.csv,fund_group,fund_group
USA_CSV0000000000032324.csv,USA_CSV0000000000033288.csv,fund_group,fund_group
USA_CSV0000000000033288.csv,USA_CSV0000000000036536.csv,fund_group,fund_group
USA_CSV0000000000033288.csv,USA_CSV0000000000035269.csv,fund_group,fund_group
USA_CSV0000000000033288.csv,USA_CSV0000000000036961.csv,fund_group,fund_group
USA_CSV0000000000033288.csv,USA_CSV0000000000035888.csv,fund_group,fund_group
USA_CSV0000000000033288.csv,USA_CSV0000000000033432.csv,account_category,account_category
USA_CSV0000000000033288.csv,USA_CSV0000000000033600.csv,account_category,account_category
USA_CSV0000000000032324.csv,USA_CSV0000000000033288.csv,account_category,account_category
USA_CSV0000000000033288.csv,USA_CSV0000000000036536.csv,account_category,account_category
USA_CSV0000000000033288.csv,USA_CSV0000000000035269.csv,account_category,account_category
USA_CSV0000000000033288.csv,USA_CSV0000000000036961.csv,account_category,account_category
USA_CSV0000000000033288.csv,USA_CSV0000000000033432.csv,document_id,document_id
USA_CSV0000000000033288.csv,USA_CSV0000000000033600.csv,document_id,document_id
USA_CSV0000000000032324.csv,USA_CSV0000000000033288.csv,document_id,document_id
USA_CSV0000000000033288.csv,USA_CSV0000000000035712.csv,document_id,document_id
USA_CSV0000000000033288.csv,USA_CSV0000000000036536.csv,document_id,document_id
USA_CSV0000000000033288.csv,USA_CSV0000000000035269.csv,document_id,document_id
USA_CSV0000000000033288.csv,USA_CSV0000000000036961.csv,document_id,document_id
USA_CSV0000000000033288.csv,USA_CSV0000000000035888.csv,document_id,document_id
USA_CSV0000000000033288.csv,USA_CSV0000000000033432.csv,business_unit,business_unit
USA_CSV0000000000033288.csv,USA_CSV0000000000033600.csv,business_unit,business_unit
USA_CSV0000000000032324.csv,USA_CSV0000000000033288.csv,business_unit,business_unit
USA_CSV0000000000033288.csv,USA_CSV0000000000035712.csv,business_unit,business_unit
USA_CSV0000000000033288.csv,USA_CSV0000000000036536.csv,business_unit,business_unit
USA_CSV0000000000033288.csv,USA_CSV0000000000035269.csv,business_unit,business_unit
USA_CSV0000000000033288.csv,USA_CSV0000000000036961.csv,business_unit,business_unit
USA_CSV0000000000033288.csv,USA_CSV0000000000035888.csv,business_unit,business_unit
USA_CSV0000000000033288.csv,USA_CSV0000000000033432.csv,monetary_amount,monetary_amount
USA_CSV0000000000033288.csv,USA_CSV0000000000033600.csv,monetary_amount,monetary_amount
USA_CSV0000000000032324.csv,USA_CSV0000000000033288.csv,monetary_amount,monetary_amount
USA_CSV0000000000033288.csv,USA_CSV0000000000035712.csv,monetary_amount,monetary_amount
USA_CSV0000000000033288.csv,USA_CSV0000000000036536.csv,monetary_amount,monetary_amount
USA_CSV0000000000033288.csv,USA_CSV0000000000035269.csv,monetary_amount,monetary_amount
USA_CSV0000000000033288.csv,USA_CSV0000000000036961.csv,monetary_amount,monetary_amount
CAN_CSV0000000000001465.csv,CAN_CSV0000000000002131.csv,ProvinceEN,ProvinceEN
CAN_CSV0000000000002131.csv,CAN_CSV0000000000027410.csv,ResearchSubjectCode,ResearchSubjectCode
CAN_CSV0000000000002131.csv,CAN_CSV0000000000027410.csv,CommitteeCode,CommitteeCode
CAN_CSV0000000000002131.csv,CAN_CSV0000000000027410.csv,ResearchSubjectFR,ResearchSubjectFR
CAN_CSV0000000000002131.csv,CAN_CSV0000000000027410.csv,ApplicationID,ApplicationID
CAN_CSV0000000000002131.csv,CAN_CSV0000000000027410.csv,AreaOfApplicationFR,AreaOfApplicationFR
CAN_CSV0000000000002131.csv,CAN_CSV0000000000027410.csv,ResearchSubjectEN,ResearchSubjectEN
CAN_CSV0000000000004753.csv,CAN_CSV0000000000005102.csv,Characteristics,Characteristics
CAN_CSV0000000000016419.csv,CAN_CSV0000000000023229.csv,Review Type,Review Type
CAN_CSV0000000000023229.csv,CAN_CSV0000000000026045.csv,Review Type,Review Type
CAN_CSV0000000000016419.csv,CAN_CSV0000000000023229.csv,Race Group,Race Group
CAN_CSV0000000000023229.csv,CAN_CSV0000000000026045.csv,Race Group,Race Group
CAN_CSV0000000000009663.csv,CAN_CSV0000000000023229.csv,Fiscal Year,Fiscal Year
CAN_CSV0000000000016419.csv,CAN_CSV0000000000023229.csv,Decision Month,Decision Month
CAN_CSV0000000000023229.csv,CAN_CSV0000000000026045.csv,Decision Month,Decision Month
CAN_CSV0000000000003274.csv,CAN_CSV0000000000023229.csv,Decision Month,Decision Month
CAN_CSV0000000000009663.csv,CAN_CSV0000000000023229.csv,Decision Month,Decision Month
CAN_CSV0000000000009663.csv,CAN_CSV0000000000023229.csv,Review Group,Review Group
CAN_CSV0000000000016419.csv,CAN_CSV0000000000023229.csv,Sentence Type,Sentence Type
CAN_CSV0000000000023229.csv,CAN_CSV0000000000026045.csv,Sentence Type,Sentence Type
CAN_CSV0000000000016419.csv,CAN_CSV0000000000023229.csv,Decision Purpose,Decision Purpose
CAN_CSV0000000000023229.csv,CAN_CSV0000000000026045.csv,Decision Purpose,Decision Purpose
CAN_CSV0000000000003274.csv,CAN_CSV0000000000023229.csv,Decision Purpose,Decision Purpose
CAN_CSV0000000000016419.csv,CAN_CSV0000000000023229.csv,Jurisdiction,Jurisdiction
CAN_CSV0000000000023229.csv,CAN_CSV0000000000026045.csv,Jurisdiction,Jurisdiction
CAN_CSV0000000000017604.csv,CAN_CSV0000000000023229.csv,Jurisdiction,Jurisdiction
CAN_CSV0000000000016419.csv,CAN_CSV0000000000023229.csv,Decision Category,Decision Category
CAN_CSV0000000000023229.csv,CAN_CSV0000000000026045.csv,Decision Category,Decision Category
CAN_CSV0000000000016419.csv,CAN_CSV0000000000023229.csv,Major Offence Group,Major Offence Group
CAN_CSV0000000000023229.csv,CAN_CSV0000000000026045.csv,Major Offence Group,Major Offence Group
CAN_CSV0000000000003274.csv,CAN_CSV0000000000023229.csv,Major Offence Group,Major Offence Group
CAN_CSV0000000000017519.csv,CAN_CSV0000000000024255.csv,BookingStartDate,BookingStartDate
CAN_CSV0000000000017519.csv,CAN_CSV0000000000024255.csv,BookingEnddate,BookingEnddate
USA_CSV0000000000033432.csv,USA_CSV0000000000035888.csv,program_code,program_code
USA_CSV0000000000033600.csv,USA_CSV0000000000035888.csv,program_code,program_code
USA_CSV0000000000032324.csv,USA_CSV0000000000035888.csv,program_code,program_code
USA_CSV0000000000035712.csv,USA_CSV0000000000035888.csv,program_code,program_code
USA_CSV0000000000035269.csv,USA_CSV0000000000035888.csv,program_code,program_code
USA_CSV0000000000035888.csv,USA_CSV0000000000036961.csv,program_code,program_code
USA_CSV0000000000033432.csv,USA_CSV0000000000035888.csv,vendor_name,vendor_name
USA_CSV0000000000033600.csv,USA_CSV0000000000035888.csv,vendor_name,vendor_name
USA_CSV0000000000032324.csv,USA_CSV0000000000035888.csv,vendor_name,vendor_name
USA_CSV0000000000035269.csv,USA_CSV0000000000035888.csv,vendor_name,vendor_name
USA_CSV0000000000035888.csv,USA_CSV0000000000036961.csv,vendor_name,vendor_name
USA_CSV0000000000033288.csv,USA_CSV0000000000035888.csv,vendor_name,vendor_name
USA_CSV0000000000033774.csv,USA_CSV0000000000035888.csv,vendor_name,vendor_name
USA_CSV0000000000035271.csv,USA_CSV0000000000035888.csv,vendor_name,vendor_name
USA_CSV0000000000035888.csv,USA_CSV0000000000036844.csv,vendor_name,vendor_name
USA_CSV0000000000033432.csv,USA_CSV0000000000035888.csv,program_description,program_description
USA_CSV0000000000033600.csv,USA_CSV0000000000035888.csv,program_description,program_description
USA_CSV0000000000032324.csv,USA_CSV0000000000035888.csv,program_description,program_description
USA_CSV0000000000035712.csv,USA_CSV0000000000035888.csv,program_description,program_description
USA_CSV0000000000035269.csv,USA_CSV0000000000035888.csv,program_description,program_description
USA_CSV0000000000035888.csv,USA_CSV0000000000036961.csv,program_description,program_description
USA_CSV0000000000033432.csv,USA_CSV0000000000035888.csv,budget_reference,budget_reference
USA_CSV0000000000033600.csv,USA_CSV0000000000035888.csv,budget_reference,budget_reference
USA_CSV0000000000032324.csv,USA_CSV0000000000035888.csv,budget_reference,budget_reference
USA_CSV0000000000035712.csv,USA_CSV0000000000035888.csv,budget_reference,budget_reference
USA_CSV0000000000035269.csv,USA_CSV0000000000035888.csv,budget_reference,budget_reference
USA_CSV0000000000035888.csv,USA_CSV0000000000036961.csv,budget_reference,budget_reference
USA_CSV0000000000033432.csv,USA_CSV0000000000035888.csv,agency_name,agency_name
USA_CSV0000000000033600.csv,USA_CSV0000000000035888.csv,agency_name,agency_name
USA_CSV0000000000032324.csv,USA_CSV0000000000035888.csv,agency_name,agency_name
USA_CSV0000000000035712.csv,USA_CSV0000000000035888.csv,agency_name,agency_name
USA_CSV0000000000035269.csv,USA_CSV0000000000035888.csv,agency_name,agency_name
USA_CSV0000000000033432.csv,USA_CSV0000000000035888.csv,account_description,account_description
USA_CSV0000000000033600.csv,USA_CSV0000000000035888.csv,account_description,account_description
USA_CSV0000000000032324.csv,USA_CSV0000000000035888.csv,account_description,account_description
USA_CSV0000000000035269.csv,USA_CSV0000000000035888.csv,account_description,account_description
USA_CSV0000000000035888.csv,USA_CSV0000000000036961.csv,account_description,account_description
USA_CSV0000000000033288.csv,USA_CSV0000000000035888.csv,account_description,account_description
USA_CSV0000000000033432.csv,USA_CSV0000000000035888.csv,accounting_period,accounting_period
USA_CSV0000000000033600.csv,USA_CSV0000000000035888.csv,accounting_period,accounting_period
USA_CSV0000000000032324.csv,USA_CSV0000000000035888.csv,accounting_period,accounting_period
USA_CSV0000000000035712.csv,USA_CSV0000000000035888.csv,accounting_period,accounting_period
USA_CSV0000000000033432.csv,USA_CSV0000000000035888.csv,accounting_date,accounting_date
USA_CSV0000000000033600.csv,USA_CSV0000000000035888.csv,accounting_date,accounting_date
USA_CSV0000000000032324.csv,USA_CSV0000000000035888.csv,accounting_date,accounting_date
USA_CSV0000000000035712.csv,USA_CSV0000000000035888.csv,accounting_date,accounting_date
USA_CSV0000000000033432.csv,USA_CSV0000000000035888.csv,account_type,account_type
USA_CSV0000000000033600.csv,USA_CSV0000000000035888.csv,account_type,account_type
USA_CSV0000000000032324.csv,USA_CSV0000000000035888.csv,account_type,account_type
USA_CSV0000000000035269.csv,USA_CSV0000000000035888.csv,account_type,account_type
USA_CSV0000000000035888.csv,USA_CSV0000000000036961.csv,account_type,account_type
USA_CSV0000000000033288.csv,USA_CSV0000000000035888.csv,account_type,account_type
USA_CSV0000000000033774.csv,USA_CSV0000000000035888.csv,account_type,account_type
USA_CSV0000000000033432.csv,USA_CSV0000000000035888.csv,fund_description,fund_description
USA_CSV0000000000033600.csv,USA_CSV0000000000035888.csv,fund_description,fund_description
USA_CSV0000000000032324.csv,USA_CSV0000000000035888.csv,fund_description,fund_description
USA_CSV0000000000033432.csv,USA_CSV0000000000035888.csv,department_name,department_name
USA_CSV0000000000033600.csv,USA_CSV0000000000035888.csv,department_name,department_name
USA_CSV0000000000032324.csv,USA_CSV0000000000035888.csv,department_name,department_name
USA_CSV0000000000035712.csv,USA_CSV0000000000035888.csv,department_name,department_name
USA_CSV0000000000035269.csv,USA_CSV0000000000035888.csv,department_name,department_name
USA_CSV0000000000035888.csv,USA_CSV0000000000036961.csv,department_name,department_name
USA_CSV0000000000033288.csv,USA_CSV0000000000035888.csv,department_name,department_name
USA_CSV0000000000033432.csv,USA_CSV0000000000035888.csv,fiscal_year_begin,fiscal_year_begin
USA_CSV0000000000033600.csv,USA_CSV0000000000035888.csv,fiscal_year_begin,fiscal_year_begin
USA_CSV0000000000032324.csv,USA_CSV0000000000035888.csv,fiscal_year_begin,fiscal_year_begin
USA_CSV0000000000035712.csv,USA_CSV0000000000035888.csv,fiscal_year_begin,fiscal_year_begin
USA_CSV0000000000035269.csv,USA_CSV0000000000035888.csv,fiscal_year_begin,fiscal_year_begin
USA_CSV0000000000035888.csv,USA_CSV0000000000036961.csv,fiscal_year_begin,fiscal_year_begin
USA_CSV0000000000033432.csv,USA_CSV0000000000035888.csv,fund_group,fund_group
USA_CSV0000000000033600.csv,USA_CSV0000000000035888.csv,fund_group,fund_group
USA_CSV0000000000032324.csv,USA_CSV0000000000035888.csv,fund_group,fund_group
USA_CSV0000000000035269.csv,USA_CSV0000000000035888.csv,fund_group,fund_group
USA_CSV0000000000035888.csv,USA_CSV0000000000036961.csv,fund_group,fund_group
USA_CSV0000000000033288.csv,USA_CSV0000000000035888.csv,fund_group,fund_group
USA_CSV0000000000033774.csv,USA_CSV0000000000035888.csv,fund_group,fund_group
USA_CSV0000000000035271.csv,USA_CSV0000000000035888.csv,fund_group,fund_group
USA_CSV0000000000033432.csv,USA_CSV0000000000035888.csv,account_category,account_category
USA_CSV0000000000033600.csv,USA_CSV0000000000035888.csv,account_category,account_category
USA_CSV0000000000032324.csv,USA_CSV0000000000035888.csv,account_category,account_category
USA_CSV0000000000033432.csv,USA_CSV0000000000035888.csv,document_id,document_id
USA_CSV0000000000033600.csv,USA_CSV0000000000035888.csv,document_id,document_id
USA_CSV0000000000032324.csv,USA_CSV0000000000035888.csv,document_id,document_id
USA_CSV0000000000035712.csv,USA_CSV0000000000035888.csv,document_id,document_id
USA_CSV0000000000033432.csv,USA_CSV0000000000035888.csv,business_unit,business_unit
USA_CSV0000000000033600.csv,USA_CSV0000000000035888.csv,business_unit,business_unit
USA_CSV0000000000032324.csv,USA_CSV0000000000035888.csv,business_unit,business_unit
USA_CSV0000000000035712.csv,USA_CSV0000000000035888.csv,business_unit,business_unit
USA_CSV0000000000035269.csv,USA_CSV0000000000035888.csv,business_unit,business_unit
USA_CSV0000000000033432.csv,USA_CSV0000000000035888.csv,monetary_amount,monetary_amount
USA_CSV0000000000033600.csv,USA_CSV0000000000035888.csv,monetary_amount,monetary_amount
USA_CSV0000000000032324.csv,USA_CSV0000000000035888.csv,monetary_amount,monetary_amount
USA_CSV0000000000035712.csv,USA_CSV0000000000035888.csv,monetary_amount,monetary_amount
USA_CSV0000000000035269.csv,USA_CSV0000000000035888.csv,monetary_amount,monetary_amount
USA_CSV0000000000035888.csv,USA_CSV0000000000036961.csv,monetary_amount,monetary_amount
CAN_CSV0000000000004354.csv,CAN_CSV0000000000012002.csv,Variable_English,Variable_English
CAN_CSV0000000000012002.csv,CAN_CSV0000000000020732.csv,Variable_English,Variable_English
CAN_CSV0000000000012002.csv,CAN_CSV0000000000021238.csv,Variable_English,Variable_English
CAN_CSV0000000000003274.csv,CAN_CSV0000000000016419.csv,Sentence Type,Sentence Type
CAN_CSV0000000000003274.csv,CAN_CSV0000000000026045.csv,Sentence Type,Sentence Type
CAN_CSV0000000000003274.csv,CAN_CSV0000000000016419.csv,Jurisdiction,Jurisdiction
CAN_CSV0000000000003274.csv,CAN_CSV0000000000026045.csv,Jurisdiction,Jurisdiction
CAN_CSV0000000000003274.csv,CAN_CSV0000000000017604.csv,Jurisdiction,Jurisdiction
CAN_CSV0000000000003274.csv,CAN_CSV0000000000016419.csv,Major Offence Group,Major Offence Group
CAN_CSV0000000000003274.csv,CAN_CSV0000000000026045.csv,Major Offence Group,Major Offence Group
CAN_CSV0000000000003274.csv,CAN_CSV0000000000009663.csv,Major Offence Group,Major Offence Group
USA_CSV0000000000032324.csv,USA_CSV0000000000033432.csv,year_of_enactment,year_of_enactment
USA_CSV0000000000032324.csv,USA_CSV0000000000033600.csv,year_of_enactment,year_of_enactment
USA_CSV0000000000032324.csv,USA_CSV0000000000035269.csv,year_of_enactment,year_of_enactment
USA_CSV0000000000032324.csv,USA_CSV0000000000036961.csv,year_of_enactment,year_of_enactment
USA_CSV0000000000032324.csv,USA_CSV0000000000035888.csv,year_of_enactment,year_of_enactment
USA_CSV0000000000032324.csv,USA_CSV0000000000033288.csv,year_of_enactment,year_of_enactment
USA_CSV0000000000032324.csv,USA_CSV0000000000033774.csv,year_of_enactment,year_of_enactment
USA_CSV0000000000032324.csv,USA_CSV0000000000035271.csv,year_of_enactment,year_of_enactment
USA_CSV0000000000032324.csv,USA_CSV0000000000033432.csv,program_code,program_code
USA_CSV0000000000032324.csv,USA_CSV0000000000033600.csv,program_code,program_code
USA_CSV0000000000032324.csv,USA_CSV0000000000035712.csv,program_code,program_code
USA_CSV0000000000032324.csv,USA_CSV0000000000033432.csv,vendor_name,vendor_name
USA_CSV0000000000032324.csv,USA_CSV0000000000033600.csv,vendor_name,vendor_name
USA_CSV0000000000032324.csv,USA_CSV0000000000035269.csv,vendor_name,vendor_name
USA_CSV0000000000032324.csv,USA_CSV0000000000036961.csv,vendor_name,vendor_name
USA_CSV0000000000032324.csv,USA_CSV0000000000035888.csv,vendor_name,vendor_name
USA_CSV0000000000032324.csv,USA_CSV0000000000033288.csv,vendor_name,vendor_name
USA_CSV0000000000032324.csv,USA_CSV0000000000033432.csv,program_description,program_description
USA_CSV0000000000032324.csv,USA_CSV0000000000033600.csv,program_description,program_description
USA_CSV0000000000032324.csv,USA_CSV0000000000035712.csv,program_description,program_description
USA_CSV0000000000032324.csv,USA_CSV0000000000035269.csv,program_description,program_description
USA_CSV0000000000032324.csv,USA_CSV0000000000036961.csv,program_description,program_description
USA_CSV0000000000032324.csv,USA_CSV0000000000033432.csv,budget_reference,budget_reference
USA_CSV0000000000032324.csv,USA_CSV0000000000033600.csv,budget_reference,budget_reference
USA_CSV0000000000032324.csv,USA_CSV0000000000035712.csv,budget_reference,budget_reference
USA_CSV0000000000032324.csv,USA_CSV0000000000033432.csv,agency_name,agency_name
USA_CSV0000000000032324.csv,USA_CSV0000000000033600.csv,agency_name,agency_name
USA_CSV0000000000032324.csv,USA_CSV0000000000035712.csv,agency_name,agency_name
USA_CSV0000000000032324.csv,USA_CSV0000000000035269.csv,agency_name,agency_name
USA_CSV0000000000032324.csv,USA_CSV0000000000036961.csv,agency_name,agency_name
USA_CSV0000000000032324.csv,USA_CSV0000000000033432.csv,account_description,account_description
USA_CSV0000000000032324.csv,USA_CSV0000000000033600.csv,account_description,account_description
USA_CSV0000000000032324.csv,USA_CSV0000000000035269.csv,account_description,account_description
USA_CSV0000000000032324.csv,USA_CSV0000000000036961.csv,account_description,account_description
USA_CSV0000000000032324.csv,USA_CSV0000000000035888.csv,account_description,account_description
USA_CSV0000000000032324.csv,USA_CSV0000000000033288.csv,account_description,account_description
USA_CSV0000000000032324.csv,USA_CSV0000000000033432.csv,accounting_period,accounting_period
USA_CSV0000000000032324.csv,USA_CSV0000000000033600.csv,accounting_period,accounting_period
USA_CSV0000000000032324.csv,USA_CSV0000000000035712.csv,accounting_period,accounting_period
USA_CSV0000000000032324.csv,USA_CSV0000000000033432.csv,accounting_date,accounting_date
USA_CSV0000000000032324.csv,USA_CSV0000000000033600.csv,accounting_date,accounting_date
USA_CSV0000000000032324.csv,USA_CSV0000000000035712.csv,accounting_date,accounting_date
USA_CSV0000000000032324.csv,USA_CSV0000000000035269.csv,accounting_date,accounting_date
USA_CSV0000000000032324.csv,USA_CSV0000000000036961.csv,accounting_date,accounting_date
USA_CSV0000000000032324.csv,USA_CSV0000000000033432.csv,account_type,account_type
USA_CSV0000000000032324.csv,USA_CSV0000000000033600.csv,account_type,account_type
USA_CSV0000000000032324.csv,USA_CSV0000000000035269.csv,account_type,account_type
USA_CSV0000000000032324.csv,USA_CSV0000000000036961.csv,account_type,account_type
USA_CSV0000000000032324.csv,USA_CSV0000000000035888.csv,account_type,account_type
USA_CSV0000000000032324.csv,USA_CSV0000000000033288.csv,account_type,account_type
USA_CSV0000000000032324.csv,USA_CSV0000000000033774.csv,account_type,account_type
USA_CSV0000000000032324.csv,USA_CSV0000000000035271.csv,account_type,account_type
USA_CSV0000000000032324.csv,USA_CSV0000000000033432.csv,fund_description,fund_description
USA_CSV0000000000032324.csv,USA_CSV0000000000033600.csv,fund_description,fund_description
USA_CSV0000000000032324.csv,USA_CSV0000000000035269.csv,fund_description,fund_description
USA_CSV0000000000032324.csv,USA_CSV0000000000036961.csv,fund_description,fund_description
USA_CSV0000000000032324.csv,USA_CSV0000000000033432.csv,department_name,department_name
USA_CSV0000000000032324.csv,USA_CSV0000000000033600.csv,department_name,department_name
USA_CSV0000000000032324.csv,USA_CSV0000000000035712.csv,department_name,department_name
USA_CSV0000000000032324.csv,USA_CSV0000000000033432.csv,fiscal_year_begin,fiscal_year_begin
USA_CSV0000000000032324.csv,USA_CSV0000000000033600.csv,fiscal_year_begin,fiscal_year_begin
USA_CSV0000000000032324.csv,USA_CSV0000000000035712.csv,fiscal_year_begin,fiscal_year_begin
USA_CSV0000000000032324.csv,USA_CSV0000000000035269.csv,fiscal_year_begin,fiscal_year_begin
USA_CSV0000000000032324.csv,USA_CSV0000000000033432.csv,fund_group,fund_group
USA_CSV0000000000032324.csv,USA_CSV0000000000033600.csv,fund_group,fund_group
USA_CSV0000000000032324.csv,USA_CSV0000000000035269.csv,fund_group,fund_group
USA_CSV0000000000032324.csv,USA_CSV0000000000036961.csv,fund_group,fund_group
USA_CSV0000000000032324.csv,USA_CSV0000000000035888.csv,fund_group,fund_group
USA_CSV0000000000032324.csv,USA_CSV0000000000033288.csv,fund_group,fund_group
USA_CSV0000000000032324.csv,USA_CSV0000000000033774.csv,fund_group,fund_group
USA_CSV0000000000032324.csv,USA_CSV0000000000035271.csv,fund_group,fund_group
USA_CSV0000000000032324.csv,USA_CSV0000000000033432.csv,account_category,account_category
USA_CSV0000000000032324.csv,USA_CSV0000000000033600.csv,account_category,account_category
USA_CSV0000000000032324.csv,USA_CSV0000000000035269.csv,account_category,account_category
USA_CSV0000000000032324.csv,USA_CSV0000000000036961.csv,account_category,account_category
USA_CSV0000000000032324.csv,USA_CSV0000000000035888.csv,account_category,account_category
USA_CSV0000000000032324.csv,USA_CSV0000000000033288.csv,account_category,account_category
USA_CSV0000000000032324.csv,USA_CSV0000000000033774.csv,account_category,account_category
USA_CSV0000000000032324.csv,USA_CSV0000000000033432.csv,document_id,document_id
USA_CSV0000000000032324.csv,USA_CSV0000000000033600.csv,document_id,document_id
USA_CSV0000000000032324.csv,USA_CSV0000000000035712.csv,document_id,document_id
USA_CSV0000000000032324.csv,USA_CSV0000000000035269.csv,document_id,document_id
USA_CSV0000000000032324.csv,USA_CSV0000000000036961.csv,document_id,document_id
USA_CSV0000000000032324.csv,USA_CSV0000000000035888.csv,document_id,document_id
USA_CSV0000000000032324.csv,USA_CSV0000000000033432.csv,business_unit,business_unit
USA_CSV0000000000032324.csv,USA_CSV0000000000033600.csv,business_unit,business_unit
USA_CSV0000000000032324.csv,USA_CSV0000000000035712.csv,business_unit,business_unit
USA_CSV0000000000032324.csv,USA_CSV0000000000035269.csv,business_unit,business_unit
USA_CSV0000000000032324.csv,USA_CSV0000000000036961.csv,business_unit,business_unit
USA_CSV0000000000032324.csv,USA_CSV0000000000033432.csv,monetary_amount,monetary_amount
USA_CSV0000000000032324.csv,USA_CSV0000000000033600.csv,monetary_amount,monetary_amount
USA_CSV0000000000032324.csv,USA_CSV0000000000035712.csv,monetary_amount,monetary_amount
USA_CSV0000000000033413.csv,USA_CSV0000000000034122.csv,OrganizationLevel,OrganizationLevel
USA_CSV0000000000034122.csv,USA_CSV0000000000035509__5.csv,OrganizationLevel,OrganizationLevel
USA_CSV0000000000033413.csv,USA_CSV0000000000034122.csv,ESDOrganizationId,ESDOrganizationId
USA_CSV0000000000033413.csv,USA_CSV0000000000034122.csv,DistrictCode,DistrictCode
USA_CSV0000000000033413.csv,USA_CSV0000000000034122.csv,SchoolName,SchoolName
USA_CSV0000000000034122.csv,USA_CSV0000000000036823.csv,SchoolName,SchoolName
USA_CSV0000000000033413.csv,USA_CSV0000000000034122.csv,SchoolCode,SchoolCode
USA_CSV0000000000033413.csv,USA_CSV0000000000034122.csv,SchoolYear,SchoolYear
USA_CSV0000000000033413.csv,USA_CSV0000000000034122.csv,DistrictName,DistrictName
USA_CSV0000000000034122.csv,USA_CSV0000000000035509__5.csv,DistrictName,DistrictName
USA_CSV0000000000033432.csv,USA_CSV0000000000036844.csv,year_of_enactment,year_of_enactment
USA_CSV0000000000033600.csv,USA_CSV0000000000036844.csv,year_of_enactment,year_of_enactment
USA_CSV0000000000032324.csv,USA_CSV0000000000036844.csv,year_of_enactment,year_of_enactment
USA_CSV0000000000036536.csv,USA_CSV0000000000036844.csv,year_of_enactment,year_of_enactment
USA_CSV0000000000035269.csv,USA_CSV0000000000036844.csv,year_of_enactment,year_of_enactment
USA_CSV0000000000036844.csv,USA_CSV0000000000036961.csv,year_of_enactment,year_of_enactment
USA_CSV0000000000035888.csv,USA_CSV0000000000036844.csv,year_of_enactment,year_of_enactment
USA_CSV0000000000033432.csv,USA_CSV0000000000036844.csv,program_code,program_code
USA_CSV0000000000033600.csv,USA_CSV0000000000036844.csv,program_code,program_code
USA_CSV0000000000032324.csv,USA_CSV0000000000036844.csv,program_code,program_code
USA_CSV0000000000035712.csv,USA_CSV0000000000036844.csv,program_code,program_code
USA_CSV0000000000033432.csv,USA_CSV0000000000036844.csv,vendor_name,vendor_name
USA_CSV0000000000033600.csv,USA_CSV0000000000036844.csv,vendor_name,vendor_name
USA_CSV0000000000032324.csv,USA_CSV0000000000036844.csv,vendor_name,vendor_name
USA_CSV0000000000036536.csv,USA_CSV0000000000036844.csv,vendor_name,vendor_name
USA_CSV0000000000033432.csv,USA_CSV0000000000036844.csv,program_description,program_description
USA_CSV0000000000033600.csv,USA_CSV0000000000036844.csv,program_description,program_description
USA_CSV0000000000032324.csv,USA_CSV0000000000036844.csv,program_description,program_description
USA_CSV0000000000035712.csv,USA_CSV0000000000036844.csv,program_description,program_description
USA_CSV0000000000036536.csv,USA_CSV0000000000036844.csv,program_description,program_description
USA_CSV0000000000033432.csv,USA_CSV0000000000036844.csv,budget_reference,budget_reference
USA_CSV0000000000033600.csv,USA_CSV0000000000036844.csv,budget_reference,budget_reference
USA_CSV0000000000032324.csv,USA_CSV0000000000036844.csv,budget_reference,budget_reference
USA_CSV0000000000035712.csv,USA_CSV0000000000036844.csv,budget_reference,budget_reference
USA_CSV0000000000036536.csv,USA_CSV0000000000036844.csv,budget_reference,budget_reference
USA_CSV0000000000035269.csv,USA_CSV0000000000036844.csv,budget_reference,budget_reference
USA_CSV0000000000033432.csv,USA_CSV0000000000036844.csv,agency_name,agency_name
USA_CSV0000000000033600.csv,USA_CSV0000000000036844.csv,agency_name,agency_name
USA_CSV0000000000032324.csv,USA_CSV0000000000036844.csv,agency_name,agency_name
USA_CSV0000000000035712.csv,USA_CSV0000000000036844.csv,agency_name,agency_name
USA_CSV0000000000033432.csv,USA_CSV0000000000036844.csv,account_description,account_description
USA_CSV0000000000033600.csv,USA_CSV0000000000036844.csv,account_description,account_description
USA_CSV0000000000032324.csv,USA_CSV0000000000036844.csv,account_description,account_description
USA_CSV0000000000036536.csv,USA_CSV0000000000036844.csv,account_description,account_description
USA_CSV0000000000035269.csv,USA_CSV0000000000036844.csv,account_description,account_description
USA_CSV0000000000036844.csv,USA_CSV0000000000036961.csv,account_description,account_description
USA_CSV0000000000035888.csv,USA_CSV0000000000036844.csv,account_description,account_description
USA_CSV0000000000033432.csv,USA_CSV0000000000036844.csv,accounting_period,accounting_period
USA_CSV0000000000033600.csv,USA_CSV0000000000036844.csv,accounting_period,accounting_period
USA_CSV0000000000032324.csv,USA_CSV0000000000036844.csv,accounting_period,accounting_period
USA_CSV0000000000035712.csv,USA_CSV0000000000036844.csv,accounting_period,accounting_period
USA_CSV0000000000033432.csv,USA_CSV0000000000036844.csv,accounting_date,accounting_date
USA_CSV0000000000033600.csv,USA_CSV0000000000036844.csv,accounting_date,accounting_date
USA_CSV0000000000032324.csv,USA_CSV0000000000036844.csv,accounting_date,accounting_date
USA_CSV0000000000035712.csv,USA_CSV0000000000036844.csv,accounting_date,accounting_date
USA_CSV0000000000036536.csv,USA_CSV0000000000036844.csv,accounting_date,accounting_date
USA_CSV0000000000035269.csv,USA_CSV0000000000036844.csv,accounting_date,accounting_date
USA_CSV0000000000036844.csv,USA_CSV0000000000036961.csv,accounting_date,accounting_date
USA_CSV0000000000033432.csv,USA_CSV0000000000036844.csv,account_type,account_type
USA_CSV0000000000033600.csv,USA_CSV0000000000036844.csv,account_type,account_type
USA_CSV0000000000032324.csv,USA_CSV0000000000036844.csv,account_type,account_type
USA_CSV0000000000036536.csv,USA_CSV0000000000036844.csv,account_type,account_type
USA_CSV0000000000033432.csv,USA_CSV0000000000036844.csv,fund_description,fund_description
USA_CSV0000000000033600.csv,USA_CSV0000000000036844.csv,fund_description,fund_description
USA_CSV0000000000032324.csv,USA_CSV0000000000036844.csv,fund_description,fund_description
USA_CSV0000000000036536.csv,USA_CSV0000000000036844.csv,fund_description,fund_description
USA_CSV0000000000035269.csv,USA_CSV0000000000036844.csv,fund_description,fund_description
USA_CSV0000000000036844.csv,USA_CSV0000000000036961.csv,fund_description,fund_description
USA_CSV0000000000035888.csv,USA_CSV0000000000036844.csv,fund_description,fund_description
USA_CSV0000000000033432.csv,USA_CSV0000000000036844.csv,department_name,department_name
USA_CSV0000000000033600.csv,USA_CSV0000000000036844.csv,department_name,department_name
USA_CSV0000000000032324.csv,USA_CSV0000000000036844.csv,department_name,department_name
USA_CSV0000000000035712.csv,USA_CSV0000000000036844.csv,department_name,department_name
USA_CSV0000000000036536.csv,USA_CSV0000000000036844.csv,department_name,department_name
USA_CSV0000000000033432.csv,USA_CSV0000000000036844.csv,fiscal_year_begin,fiscal_year_begin
USA_CSV0000000000033600.csv,USA_CSV0000000000036844.csv,fiscal_year_begin,fiscal_year_begin
USA_CSV0000000000032324.csv,USA_CSV0000000000036844.csv,fiscal_year_begin,fiscal_year_begin
USA_CSV0000000000035712.csv,USA_CSV0000000000036844.csv,fiscal_year_begin,fiscal_year_begin
USA_CSV0000000000036536.csv,USA_CSV0000000000036844.csv,fiscal_year_begin,fiscal_year_begin
USA_CSV0000000000035269.csv,USA_CSV0000000000036844.csv,fiscal_year_begin,fiscal_year_begin
USA_CSV0000000000036844.csv,USA_CSV0000000000036961.csv,fiscal_year_begin,fiscal_year_begin
USA_CSV0000000000033432.csv,USA_CSV0000000000036844.csv,fund_group,fund_group
USA_CSV0000000000033600.csv,USA_CSV0000000000036844.csv,fund_group,fund_group
USA_CSV0000000000032324.csv,USA_CSV0000000000036844.csv,fund_group,fund_group
USA_CSV0000000000036536.csv,USA_CSV0000000000036844.csv,fund_group,fund_group
USA_CSV0000000000035269.csv,USA_CSV0000000000036844.csv,fund_group,fund_group
USA_CSV0000000000036844.csv,USA_CSV0000000000036961.csv,fund_group,fund_group
USA_CSV0000000000035888.csv,USA_CSV0000000000036844.csv,fund_group,fund_group
USA_CSV0000000000033432.csv,USA_CSV0000000000036844.csv,account_category,account_category
USA_CSV0000000000033600.csv,USA_CSV0000000000036844.csv,account_category,account_category
USA_CSV0000000000032324.csv,USA_CSV0000000000036844.csv,account_category,account_category
USA_CSV0000000000036536.csv,USA_CSV0000000000036844.csv,account_category,account_category
USA_CSV0000000000035269.csv,USA_CSV0000000000036844.csv,account_category,account_category
USA_CSV0000000000036844.csv,USA_CSV0000000000036961.csv,account_category,account_category
USA_CSV0000000000035888.csv,USA_CSV0000000000036844.csv,account_category,account_category
USA_CSV0000000000033774.csv,USA_CSV0000000000036844.csv,account_category,account_category
USA_CSV0000000000035271.csv,USA_CSV0000000000036844.csv,account_category,account_category
USA_CSV0000000000033432.csv,USA_CSV0000000000036844.csv,document_id,document_id
USA_CSV0000000000033600.csv,USA_CSV0000000000036844.csv,document_id,document_id
USA_CSV0000000000032324.csv,USA_CSV0000000000036844.csv,document_id,document_id
USA_CSV0000000000035712.csv,USA_CSV0000000000036844.csv,document_id,document_id
USA_CSV0000000000036536.csv,USA_CSV0000000000036844.csv,document_id,document_id
USA_CSV0000000000035269.csv,USA_CSV0000000000036844.csv,document_id,document_id
USA_CSV0000000000036844.csv,USA_CSV0000000000036961.csv,document_id,document_id
USA_CSV0000000000033432.csv,USA_CSV0000000000036844.csv,business_unit,business_unit
USA_CSV0000000000033600.csv,USA_CSV0000000000036844.csv,business_unit,business_unit
USA_CSV0000000000032324.csv,USA_CSV0000000000036844.csv,business_unit,business_unit
USA_CSV0000000000035712.csv,USA_CSV0000000000036844.csv,business_unit,business_unit
USA_CSV0000000000036536.csv,USA_CSV0000000000036844.csv,business_unit,business_unit
USA_CSV0000000000033432.csv,USA_CSV0000000000036844.csv,monetary_amount,monetary_amount
USA_CSV0000000000033600.csv,USA_CSV0000000000036844.csv,monetary_amount,monetary_amount
USA_CSV0000000000032324.csv,USA_CSV0000000000036844.csv,monetary_amount,monetary_amount
USA_CSV0000000000035712.csv,USA_CSV0000000000036844.csv,monetary_amount,monetary_amount
USA_CSV0000000000036536.csv,USA_CSV0000000000036844.csv,monetary_amount,monetary_amount
USA_CSV0000000000035269.csv,USA_CSV0000000000036844.csv,monetary_amount,monetary_amount
USA_CSV0000000000036844.csv,USA_CSV0000000000036961.csv,monetary_amount,monetary_amount
USA_CSV0000000000035888.csv,USA_CSV0000000000036844.csv,monetary_amount,monetary_amount
USA_CSV0000000000032353.csv,USA_CSV0000000000032785.csv,SCHOOLYEAR,SCHOOLYEAR
CAN_CSV0000000000001423.csv,CAN_CSV0000000000001435.csv,LF_SEGMENT,LF_SEGMENT
CAN_CSV0000000000009663.csv,CAN_CSV0000000000016419.csv,Review Type,Review Type
CAN_CSV0000000000009663.csv,CAN_CSV0000000000026045.csv,Review Type,Review Type
CAN_CSV0000000000003274.csv,CAN_CSV0000000000009663.csv,Review Type,Review Type
CAN_CSV0000000000009470.csv,CAN_CSV0000000000009663.csv,Review Type,Review Type
CAN_CSV0000000000009663.csv,CAN_CSV0000000000016419.csv,Race Group,Race Group
CAN_CSV0000000000009663.csv,CAN_CSV0000000000026045.csv,Race Group,Race Group
CAN_CSV0000000000003274.csv,CAN_CSV0000000000009663.csv,Race Group,Race Group
CAN_CSV0000000000009663.csv,CAN_CSV0000000000023229.csv,Fiscal Year,Fiscal Year
CAN_CSV0000000000009663.csv,CAN_CSV0000000000016419.csv,Decision Month,Decision Month
CAN_CSV0000000000009663.csv,CAN_CSV0000000000026045.csv,Decision Month,Decision Month
CAN_CSV0000000000009663.csv,CAN_CSV0000000000023229.csv,Review Group,Review Group
CAN_CSV0000000000009663.csv,CAN_CSV0000000000016419.csv,Sentence Type,Sentence Type
CAN_CSV0000000000009663.csv,CAN_CSV0000000000026045.csv,Sentence Type,Sentence Type
CAN_CSV0000000000009663.csv,CAN_CSV0000000000016419.csv,Decision Purpose,Decision Purpose
CAN_CSV0000000000009663.csv,CAN_CSV0000000000026045.csv,Decision Purpose,Decision Purpose
CAN_CSV0000000000003274.csv,CAN_CSV0000000000009663.csv,Decision Purpose,Decision Purpose
CAN_CSV0000000000009663.csv,CAN_CSV0000000000016419.csv,Jurisdiction,Jurisdiction
CAN_CSV0000000000009663.csv,CAN_CSV0000000000026045.csv,Jurisdiction,Jurisdiction
CAN_CSV0000000000009663.csv,CAN_CSV0000000000016419.csv,Decision Category,Decision Category
CAN_CSV0000000000009663.csv,CAN_CSV0000000000026045.csv,Decision Category,Decision Category
CAN_CSV0000000000003274.csv,CAN_CSV0000000000009663.csv,Decision Category,Decision Category
CAN_CSV0000000000009663.csv,CAN_CSV0000000000016419.csv,Major Offence Group,Major Offence Group
CAN_CSV0000000000009663.csv,CAN_CSV0000000000026045.csv,Major Offence Group,Major Offence Group
CAN_CSV0000000000003274.csv,CAN_CSV0000000000009663.csv,Major Offence Group,Major Offence Group
CAN_CSV0000000000024893.csv,CAN_CSV0000000000025245.csv,Unit / UnitÃ©,Unit / UnitÃ©
CAN_CSV0000000000009606.csv,CAN_CSV0000000000022699.csv,COMPANY-ENTREPRISE,COMPANY-ENTREPRISE
CAN_CSV0000000000009606.csv,CAN_CSV0000000000022699.csv,PROVINCE_FRA,PROVINCE_FRA
CAN_CSV0000000000009606.csv,CAN_CSV0000000000022699.csv,PROVINCE_ENG,PROVINCE_ENG
CAN_CSV0000000000009606.csv,CAN_CSV0000000000022699.csv,CITY-VILLE,CITY-VILLE
USA_CSV0000000000008127.csv,USA_CSV0000000000008574.csv,DATA SOURCE,DATA SOURCE
USA_CSV0000000000008127.csv,USA_CSV0000000000008574.csv,SCHOOL CODE,SCHOOL CODE
USA_CSV0000000000008127.csv,USA_CSV0000000000008574.csv,PROGRAM TYPE,PROGRAM TYPE
USA_CSV0000000000008127.csv,USA_CSV0000000000008574.csv,SCHOOL NAME,SCHOOL NAME
USA_CSV0000000000008127.csv,USA_CSV0000000000008574.csv,NUMBER OF SECTIONS,NUMBER OF SECTIONS
USA_CSV0000000000020493.csv,USA_CSV0000000000032785.csv,SCHOOLYEAR,SCHOOLYEAR
USA_CSV0000000000020493.csv,USA_CSV0000000000032353.csv,SCHOOLYEAR,SCHOOLYEAR
CAN_CSV0000000000001963.csv,CAN_CSV0000000000016775.csv,department_name_fr,department_name_fr
CAN_CSV0000000000001963.csv,CAN_CSV0000000000009256.csv,department_name_fr,department_name_fr
CAN_CSV0000000000001861.csv,CAN_CSV0000000000001963.csv,department_name_fr,department_name_fr
CAN_CSV0000000000001963.csv,CAN_CSV0000000000016775.csv,service_id,service_id
CAN_CSV0000000000001963.csv,CAN_CSV0000000000009256.csv,service_id,service_id
CAN_CSV0000000000001963.csv,CAN_CSV0000000000016775.csv,fiscal_yr,fiscal_yr
CAN_CSV0000000000001963.csv,CAN_CSV0000000000009256.csv,fiscal_yr,fiscal_yr
CAN_CSV0000000000001963.csv,CAN_CSV0000000000016775.csv,department_name_en,department_name_en
CAN_CSV0000000000001963.csv,CAN_CSV0000000000009256.csv,department_name_en,department_name_en
CAN_CSV0000000000001861.csv,CAN_CSV0000000000001963.csv,department_name_en,department_name_en
CAN_CSV0000000000004720.csv,CAN_CSV0000000000005102.csv,Characteristics,Characteristics
CAN_CSV0000000000000581.csv,CAN_CSV0000000000004720.csv,Characteristics,Characteristics
USA_CSV0000000000033432.csv,USA_CSV0000000000033534.csv,year_of_enactment,year_of_enactment
USA_CSV0000000000033534.csv,USA_CSV0000000000033600.csv,year_of_enactment,year_of_enactment
USA_CSV0000000000032324.csv,USA_CSV0000000000033534.csv,year_of_enactment,year_of_enactment
USA_CSV0000000000033534.csv,USA_CSV0000000000036536.csv,year_of_enactment,year_of_enactment
USA_CSV0000000000033534.csv,USA_CSV0000000000035269.csv,year_of_enactment,year_of_enactment
USA_CSV0000000000033534.csv,USA_CSV0000000000036961.csv,year_of_enactment,year_of_enactment
USA_CSV0000000000033534.csv,USA_CSV0000000000035888.csv,year_of_enactment,year_of_enactment
USA_CSV0000000000033534.csv,USA_CSV0000000000033774.csv,year_of_enactment,year_of_enactment
USA_CSV0000000000033432.csv,USA_CSV0000000000033534.csv,program_code,program_code
USA_CSV0000000000033534.csv,USA_CSV0000000000033600.csv,program_code,program_code
USA_CSV0000000000032324.csv,USA_CSV0000000000033534.csv,program_code,program_code
USA_CSV0000000000033534.csv,USA_CSV0000000000035712.csv,program_code,program_code
USA_CSV0000000000033534.csv,USA_CSV0000000000036536.csv,program_code,program_code
USA_CSV0000000000033534.csv,USA_CSV0000000000035269.csv,program_code,program_code
USA_CSV0000000000033534.csv,USA_CSV0000000000036961.csv,program_code,program_code
USA_CSV0000000000033432.csv,USA_CSV0000000000033534.csv,vendor_name,vendor_name
USA_CSV0000000000033534.csv,USA_CSV0000000000033600.csv,vendor_name,vendor_name
USA_CSV0000000000032324.csv,USA_CSV0000000000033534.csv,vendor_name,vendor_name
USA_CSV0000000000033534.csv,USA_CSV0000000000036536.csv,vendor_name,vendor_name
USA_CSV0000000000033534.csv,USA_CSV0000000000035269.csv,vendor_name,vendor_name
USA_CSV0000000000033534.csv,USA_CSV0000000000036961.csv,vendor_name,vendor_name
USA_CSV0000000000033534.csv,USA_CSV0000000000035888.csv,vendor_name,vendor_name
USA_CSV0000000000033534.csv,USA_CSV0000000000033774.csv,vendor_name,vendor_name
USA_CSV0000000000033432.csv,USA_CSV0000000000033534.csv,program_description,program_description
USA_CSV0000000000033534.csv,USA_CSV0000000000033600.csv,program_description,program_description
USA_CSV0000000000032324.csv,USA_CSV0000000000033534.csv,program_description,program_description
USA_CSV0000000000033534.csv,USA_CSV0000000000035712.csv,program_description,program_description
USA_CSV0000000000033534.csv,USA_CSV0000000000036536.csv,program_description,program_description
USA_CSV0000000000033534.csv,USA_CSV0000000000035269.csv,program_description,program_description
USA_CSV0000000000033534.csv,USA_CSV0000000000036961.csv,program_description,program_description
USA_CSV0000000000033432.csv,USA_CSV0000000000033534.csv,budget_reference,budget_reference
USA_CSV0000000000033534.csv,USA_CSV0000000000033600.csv,budget_reference,budget_reference
USA_CSV0000000000032324.csv,USA_CSV0000000000033534.csv,budget_reference,budget_reference
USA_CSV0000000000033534.csv,USA_CSV0000000000035712.csv,budget_reference,budget_reference
USA_CSV0000000000033432.csv,USA_CSV0000000000033534.csv,agency_name,agency_name
USA_CSV0000000000033534.csv,USA_CSV0000000000033600.csv,agency_name,agency_name
USA_CSV0000000000032324.csv,USA_CSV0000000000033534.csv,agency_name,agency_name
USA_CSV0000000000033534.csv,USA_CSV0000000000035712.csv,agency_name,agency_name
USA_CSV0000000000033534.csv,USA_CSV0000000000036536.csv,agency_name,agency_name
USA_CSV0000000000033432.csv,USA_CSV0000000000033534.csv,account_description,account_description
USA_CSV0000000000033534.csv,USA_CSV0000000000033600.csv,account_description,account_description
USA_CSV0000000000032324.csv,USA_CSV0000000000033534.csv,account_description,account_description
USA_CSV0000000000033534.csv,USA_CSV0000000000036536.csv,account_description,account_description
USA_CSV0000000000033534.csv,USA_CSV0000000000035269.csv,account_description,account_description
USA_CSV0000000000033534.csv,USA_CSV0000000000036961.csv,account_description,account_description
USA_CSV0000000000033534.csv,USA_CSV0000000000035888.csv,account_description,account_description
USA_CSV0000000000033534.csv,USA_CSV0000000000033774.csv,account_description,account_description
USA_CSV0000000000033534.csv,USA_CSV0000000000035271.csv,account_description,account_description
USA_CSV0000000000033432.csv,USA_CSV0000000000033534.csv,accounting_period,accounting_period
USA_CSV0000000000033534.csv,USA_CSV0000000000033600.csv,accounting_period,accounting_period
USA_CSV0000000000032324.csv,USA_CSV0000000000033534.csv,accounting_period,accounting_period
USA_CSV0000000000033534.csv,USA_CSV0000000000035712.csv,accounting_period,accounting_period
USA_CSV0000000000033534.csv,USA_CSV0000000000036536.csv,accounting_period,accounting_period
USA_CSV0000000000033432.csv,USA_CSV0000000000033534.csv,accounting_date,accounting_date
USA_CSV0000000000033534.csv,USA_CSV0000000000033600.csv,accounting_date,accounting_date
USA_CSV0000000000032324.csv,USA_CSV0000000000033534.csv,accounting_date,accounting_date
USA_CSV0000000000033534.csv,USA_CSV0000000000035712.csv,accounting_date,accounting_date
USA_CSV0000000000033534.csv,USA_CSV0000000000036536.csv,accounting_date,accounting_date
USA_CSV0000000000033432.csv,USA_CSV0000000000033534.csv,account_type,account_type
USA_CSV0000000000033534.csv,USA_CSV0000000000033600.csv,account_type,account_type
USA_CSV0000000000032324.csv,USA_CSV0000000000033534.csv,account_type,account_type
USA_CSV0000000000033534.csv,USA_CSV0000000000036536.csv,account_type,account_type
USA_CSV0000000000033534.csv,USA_CSV0000000000035269.csv,account_type,account_type
USA_CSV0000000000033534.csv,USA_CSV0000000000036961.csv,account_type,account_type
USA_CSV0000000000033534.csv,USA_CSV0000000000035888.csv,account_type,account_type
USA_CSV0000000000033432.csv,USA_CSV0000000000033534.csv,fund_description,fund_description
USA_CSV0000000000033534.csv,USA_CSV0000000000033600.csv,fund_description,fund_description
USA_CSV0000000000032324.csv,USA_CSV0000000000033534.csv,fund_description,fund_description
USA_CSV0000000000033534.csv,USA_CSV0000000000036536.csv,fund_description,fund_description
USA_CSV0000000000033534.csv,USA_CSV0000000000035269.csv,fund_description,fund_description
USA_CSV0000000000033534.csv,USA_CSV0000000000036961.csv,fund_description,fund_description
USA_CSV0000000000033534.csv,USA_CSV0000000000035888.csv,fund_description,fund_description
USA_CSV0000000000033534.csv,USA_CSV0000000000033774.csv,fund_description,fund_description
USA_CSV0000000000033534.csv,USA_CSV0000000000035271.csv,fund_description,fund_description
USA_CSV0000000000033534.csv,USA_CSV0000000000036844.csv,fund_description,fund_description
USA_CSV0000000000033432.csv,USA_CSV0000000000033534.csv,department_name,department_name
USA_CSV0000000000033534.csv,USA_CSV0000000000033600.csv,department_name,department_name
USA_CSV0000000000032324.csv,USA_CSV0000000000033534.csv,department_name,department_name
USA_CSV0000000000033534.csv,USA_CSV0000000000035712.csv,department_name,department_name
USA_CSV0000000000033534.csv,USA_CSV0000000000036536.csv,department_name,department_name
USA_CSV0000000000033432.csv,USA_CSV0000000000033534.csv,fiscal_year_begin,fiscal_year_begin
USA_CSV0000000000033534.csv,USA_CSV0000000000033600.csv,fiscal_year_begin,fiscal_year_begin
USA_CSV0000000000032324.csv,USA_CSV0000000000033534.csv,fiscal_year_begin,fiscal_year_begin
USA_CSV0000000000033534.csv,USA_CSV0000000000035712.csv,fiscal_year_begin,fiscal_year_begin
USA_CSV0000000000033534.csv,USA_CSV0000000000036536.csv,fiscal_year_begin,fiscal_year_begin
USA_CSV0000000000033534.csv,USA_CSV0000000000035269.csv,fiscal_year_begin,fiscal_year_begin
USA_CSV0000000000033534.csv,USA_CSV0000000000036961.csv,fiscal_year_begin,fiscal_year_begin
USA_CSV0000000000033432.csv,USA_CSV0000000000033534.csv,fund_group,fund_group
USA_CSV0000000000033534.csv,USA_CSV0000000000033600.csv,fund_group,fund_group
USA_CSV0000000000032324.csv,USA_CSV0000000000033534.csv,fund_group,fund_group
USA_CSV0000000000033534.csv,USA_CSV0000000000036536.csv,fund_group,fund_group
USA_CSV0000000000033432.csv,USA_CSV0000000000033534.csv,account_category,account_category
USA_CSV0000000000033534.csv,USA_CSV0000000000033600.csv,account_category,account_category
USA_CSV0000000000032324.csv,USA_CSV0000000000033534.csv,account_category,account_category
USA_CSV0000000000033534.csv,USA_CSV0000000000036536.csv,account_category,account_category
USA_CSV0000000000033534.csv,USA_CSV0000000000035269.csv,account_category,account_category
USA_CSV0000000000033534.csv,USA_CSV0000000000036961.csv,account_category,account_category
USA_CSV0000000000033432.csv,USA_CSV0000000000033534.csv,document_id,document_id
USA_CSV0000000000033534.csv,USA_CSV0000000000033600.csv,document_id,document_id
USA_CSV0000000000032324.csv,USA_CSV0000000000033534.csv,document_id,document_id
USA_CSV0000000000033534.csv,USA_CSV0000000000035712.csv,document_id,document_id
USA_CSV0000000000033534.csv,USA_CSV0000000000036536.csv,document_id,document_id
USA_CSV0000000000033534.csv,USA_CSV0000000000035269.csv,document_id,document_id
USA_CSV0000000000033432.csv,USA_CSV0000000000033534.csv,business_unit,business_unit
USA_CSV0000000000033534.csv,USA_CSV0000000000033600.csv,business_unit,business_unit
USA_CSV0000000000032324.csv,USA_CSV0000000000033534.csv,business_unit,business_unit
USA_CSV0000000000033534.csv,USA_CSV0000000000035712.csv,business_unit,business_unit
USA_CSV0000000000033534.csv,USA_CSV0000000000036536.csv,business_unit,business_unit
USA_CSV0000000000033534.csv,USA_CSV0000000000035269.csv,business_unit,business_unit
USA_CSV0000000000033432.csv,USA_CSV0000000000033534.csv,monetary_amount,monetary_amount
USA_CSV0000000000033534.csv,USA_CSV0000000000033600.csv,monetary_amount,monetary_amount
USA_CSV0000000000032324.csv,USA_CSV0000000000033534.csv,monetary_amount,monetary_amount
USA_CSV0000000000033534.csv,USA_CSV0000000000035712.csv,monetary_amount,monetary_amount
USA_CSV0000000000033534.csv,USA_CSV0000000000036536.csv,monetary_amount,monetary_amount
CAN_CSV0000000000007832.csv,CAN_CSV0000000000011356.csv,Program City,Program City
CAN_CSV0000000000009365.csv,CAN_CSV0000000000011356.csv,Program City,Program City
CAN_CSV0000000000011356.csv,CAN_CSV0000000000018831.csv,Program City,Program City
CAN_CSV0000000000007832.csv,CAN_CSV0000000000011356.csv,Inspection Date,Inspection Date
CAN_CSV0000000000009365.csv,CAN_CSV0000000000011356.csv,Inspection Date,Inspection Date
CAN_CSV0000000000007832.csv,CAN_CSV0000000000011356.csv,Inspection Reason,Inspection Reason
CAN_CSV0000000000009365.csv,CAN_CSV0000000000011356.csv,Inspection Reason,Inspection Reason
CAN_CSV0000000000007832.csv,CAN_CSV0000000000011356.csv,Postal Code,Postal Code
CAN_CSV0000000000009365.csv,CAN_CSV0000000000011356.csv,Postal Code,Postal Code
CAN_CSV0000000000007832.csv,CAN_CSV0000000000011356.csv,Program Address,Program Address
CAN_CSV0000000000009365.csv,CAN_CSV0000000000011356.csv,Program Address,Program Address
CAN_CSV0000000000011356.csv,CAN_CSV0000000000018831.csv,Program Address,Program Address
CAN_CSV0000000000009365.csv,CAN_CSV0000000000011356.csv,Type of program,Type of program
CAN_CSV0000000000011356.csv,CAN_CSV0000000000018831.csv,Type of program,Type of program
CAN_CSV0000000000003365.csv,CAN_CSV0000000000011356.csv,Type of program,Type of program
CAN_CSV0000000000011356.csv,CAN_CSV0000000000018831.csv,Phone Number,Phone Number
CAN_CSV0000000000007832.csv,CAN_CSV0000000000011356.csv,Program Name,Program Name
CAN_CSV0000000000009365.csv,CAN_CSV0000000000011356.csv,Program Name,Program Name
CAN_CSV0000000000016419.csv,CAN_CSV0000000000017604.csv,Jurisdiction,Jurisdiction
CAN_CSV0000000000004391.csv,CAN_CSV0000000000022085.csv,DataGroup1_Order,DataGroup1_Order
CAN_CSV0000000000004391.csv,CAN_CSV0000000000022085.csv,DataGroup1,DataGroup1
CAN_CSV0000000000004391.csv,CAN_CSV0000000000022085.csv,DataGroup2,DataGroup2
USA_CSV0000000000012886.csv,USA_CSV0000000000035934.csv,StreetName,StreetName
USA_CSV0000000000012886.csv,USA_CSV0000000000034460.csv,BusinessName,BusinessName
CAN_CSV0000000000002131.csv,CAN_CSV0000000000024792.csv,ProgramNameFR,ProgramNameFR
CAN_CSV0000000000001465.csv,CAN_CSV0000000000024792.csv,ProvinceFR,ProvinceFR
CAN_CSV0000000000001465.csv,CAN_CSV0000000000024792.csv,ProgramNameEN,ProgramNameEN
CAN_CSV0000000000024789.csv,CAN_CSV0000000000024792.csv,Competition_Year,Competition_Year
CAN_CSV0000000000024789.csv,CAN_CSV0000000000024792.csv,MainDisciplineFR,MainDisciplineFR
CAN_CSV0000000000024789.csv,CAN_CSV0000000000024792.csv,Area_of_ResearchEN,Area_of_ResearchEN
CAN_CSV0000000000002131.csv,CAN_CSV0000000000024792.csv,AwardAmount,AwardAmount
CAN_CSV0000000000024789.csv,CAN_CSV0000000000024792.csv,Area_of_ResearchFR,Area_of_ResearchFR
CAN_CSV0000000000022503.csv,CAN_CSV0000000000023436.csv,Date & Time,Date & Time
USA_CSV0000000000018004.csv,USA_CSV0000000000031647.csv,Council District,Council District
USA_CSV0000000000031647.csv,USA_CSV0000000000035934.csv,Council District,Council District
USA_CSV0000000000031647.csv,USA_CSV0000000000034847.csv,Street Name,Street Name
USA_CSV0000000000031647.csv,USA_CSV0000000000035122.csv,Street Name,Street Name
USA_CSV0000000000031647.csv,USA_CSV0000000000035745.csv,Street Name,Street Name
USA_CSV0000000000015120.csv,USA_CSV0000000000031647.csv,Street Name,Street Name
USA_CSV0000000000018004.csv,USA_CSV0000000000031647.csv,Community Board,Community Board
USA_CSV0000000000031647.csv,USA_CSV0000000000034847.csv,Street Number,Street Number
USA_CSV0000000000031647.csv,USA_CSV0000000000035745.csv,Street Number,Street Number
USA_CSV0000000000033432.csv,USA_CSV0000000000033774.csv,year_of_enactment,year_of_enactment
USA_CSV0000000000033600.csv,USA_CSV0000000000033774.csv,year_of_enactment,year_of_enactment
USA_CSV0000000000033774.csv,USA_CSV0000000000036536.csv,year_of_enactment,year_of_enactment
USA_CSV0000000000033432.csv,USA_CSV0000000000033774.csv,program_code,program_code
USA_CSV0000000000033600.csv,USA_CSV0000000000033774.csv,program_code,program_code
USA_CSV0000000000033774.csv,USA_CSV0000000000035712.csv,program_code,program_code
USA_CSV0000000000033432.csv,USA_CSV0000000000033774.csv,vendor_name,vendor_name
USA_CSV0000000000033600.csv,USA_CSV0000000000033774.csv,vendor_name,vendor_name
USA_CSV0000000000033774.csv,USA_CSV0000000000036536.csv,vendor_name,vendor_name
USA_CSV0000000000033774.csv,USA_CSV0000000000035269.csv,vendor_name,vendor_name
USA_CSV0000000000033774.csv,USA_CSV0000000000036961.csv,vendor_name,vendor_name
USA_CSV0000000000033432.csv,USA_CSV0000000000033774.csv,program_description,program_description
USA_CSV0000000000033600.csv,USA_CSV0000000000033774.csv,program_description,program_description
USA_CSV0000000000033774.csv,USA_CSV0000000000035712.csv,program_description,program_description
USA_CSV0000000000033774.csv,USA_CSV0000000000036536.csv,program_description,program_description
USA_CSV0000000000033432.csv,USA_CSV0000000000033774.csv,budget_reference,budget_reference
USA_CSV0000000000033600.csv,USA_CSV0000000000033774.csv,budget_reference,budget_reference
USA_CSV0000000000033774.csv,USA_CSV0000000000035712.csv,budget_reference,budget_reference
USA_CSV0000000000033774.csv,USA_CSV0000000000036536.csv,budget_reference,budget_reference
USA_CSV0000000000033774.csv,USA_CSV0000000000035269.csv,budget_reference,budget_reference
USA_CSV0000000000033774.csv,USA_CSV0000000000036961.csv,budget_reference,budget_reference
USA_CSV0000000000033432.csv,USA_CSV0000000000033774.csv,agency_name,agency_name
USA_CSV0000000000033600.csv,USA_CSV0000000000033774.csv,agency_name,agency_name
USA_CSV0000000000033774.csv,USA_CSV0000000000035712.csv,agency_name,agency_name
USA_CSV0000000000033774.csv,USA_CSV0000000000036536.csv,agency_name,agency_name
USA_CSV0000000000033774.csv,USA_CSV0000000000035269.csv,agency_name,agency_name
USA_CSV0000000000033432.csv,USA_CSV0000000000033774.csv,account_description,account_description
USA_CSV0000000000033600.csv,USA_CSV0000000000033774.csv,account_description,account_description
USA_CSV0000000000033774.csv,USA_CSV0000000000036536.csv,account_description,account_description
USA_CSV0000000000033774.csv,USA_CSV0000000000035269.csv,account_description,account_description
USA_CSV0000000000033774.csv,USA_CSV0000000000036961.csv,account_description,account_description
USA_CSV0000000000033774.csv,USA_CSV0000000000035888.csv,account_description,account_description
USA_CSV0000000000033288.csv,USA_CSV0000000000033774.csv,account_description,account_description
USA_CSV0000000000033432.csv,USA_CSV0000000000033774.csv,accounting_period,accounting_period
USA_CSV0000000000033600.csv,USA_CSV0000000000033774.csv,accounting_period,accounting_period
USA_CSV0000000000033774.csv,USA_CSV0000000000035712.csv,accounting_period,accounting_period
USA_CSV0000000000033774.csv,USA_CSV0000000000036536.csv,accounting_period,accounting_period
USA_CSV0000000000033432.csv,USA_CSV0000000000033774.csv,accounting_date,accounting_date
USA_CSV0000000000033600.csv,USA_CSV0000000000033774.csv,accounting_date,accounting_date
USA_CSV0000000000033774.csv,USA_CSV0000000000035712.csv,accounting_date,accounting_date
USA_CSV0000000000033774.csv,USA_CSV0000000000036536.csv,accounting_date,accounting_date
USA_CSV0000000000033432.csv,USA_CSV0000000000033774.csv,account_type,account_type
USA_CSV0000000000033600.csv,USA_CSV0000000000033774.csv,account_type,account_type
USA_CSV0000000000033774.csv,USA_CSV0000000000036536.csv,account_type,account_type
USA_CSV0000000000033774.csv,USA_CSV0000000000035269.csv,account_type,account_type
USA_CSV0000000000033774.csv,USA_CSV0000000000036961.csv,account_type,account_type
USA_CSV0000000000033774.csv,USA_CSV0000000000035888.csv,account_type,account_type
USA_CSV0000000000033288.csv,USA_CSV0000000000033774.csv,account_type,account_type
USA_CSV0000000000033432.csv,USA_CSV0000000000033774.csv,fund_description,fund_description
USA_CSV0000000000033600.csv,USA_CSV0000000000033774.csv,fund_description,fund_description
USA_CSV0000000000033774.csv,USA_CSV0000000000036536.csv,fund_description,fund_description
USA_CSV0000000000033774.csv,USA_CSV0000000000035269.csv,fund_description,fund_description
USA_CSV0000000000033774.csv,USA_CSV0000000000036961.csv,fund_description,fund_description
USA_CSV0000000000033774.csv,USA_CSV0000000000035888.csv,fund_description,fund_description
USA_CSV0000000000033288.csv,USA_CSV0000000000033774.csv,fund_description,fund_description
USA_CSV0000000000033432.csv,USA_CSV0000000000033774.csv,department_name,department_name
USA_CSV0000000000033600.csv,USA_CSV0000000000033774.csv,department_name,department_name
USA_CSV0000000000033774.csv,USA_CSV0000000000035712.csv,department_name,department_name
USA_CSV0000000000033774.csv,USA_CSV0000000000036536.csv,department_name,department_name
USA_CSV0000000000033432.csv,USA_CSV0000000000033774.csv,fiscal_year_begin,fiscal_year_begin
USA_CSV0000000000033600.csv,USA_CSV0000000000033774.csv,fiscal_year_begin,fiscal_year_begin
USA_CSV0000000000033774.csv,USA_CSV0000000000035712.csv,fiscal_year_begin,fiscal_year_begin
USA_CSV0000000000033774.csv,USA_CSV0000000000036536.csv,fiscal_year_begin,fiscal_year_begin
USA_CSV0000000000033774.csv,USA_CSV0000000000035269.csv,fiscal_year_begin,fiscal_year_begin
USA_CSV0000000000033774.csv,USA_CSV0000000000036961.csv,fiscal_year_begin,fiscal_year_begin
USA_CSV0000000000033432.csv,USA_CSV0000000000033774.csv,fund_group,fund_group
USA_CSV0000000000033600.csv,USA_CSV0000000000033774.csv,fund_group,fund_group
USA_CSV0000000000033774.csv,USA_CSV0000000000036536.csv,fund_group,fund_group
USA_CSV0000000000033774.csv,USA_CSV0000000000035269.csv,fund_group,fund_group
USA_CSV0000000000033774.csv,USA_CSV0000000000036961.csv,fund_group,fund_group
USA_CSV0000000000033432.csv,USA_CSV0000000000033774.csv,account_category,account_category
USA_CSV0000000000033600.csv,USA_CSV0000000000033774.csv,account_category,account_category
USA_CSV0000000000033774.csv,USA_CSV0000000000036536.csv,account_category,account_category
USA_CSV0000000000033774.csv,USA_CSV0000000000035269.csv,account_category,account_category
USA_CSV0000000000033774.csv,USA_CSV0000000000036961.csv,account_category,account_category
USA_CSV0000000000033432.csv,USA_CSV0000000000033774.csv,document_id,document_id
USA_CSV0000000000033600.csv,USA_CSV0000000000033774.csv,document_id,document_id
USA_CSV0000000000033774.csv,USA_CSV0000000000035712.csv,document_id,document_id
USA_CSV0000000000033774.csv,USA_CSV0000000000036536.csv,document_id,document_id
USA_CSV0000000000033432.csv,USA_CSV0000000000033774.csv,business_unit,business_unit
USA_CSV0000000000033600.csv,USA_CSV0000000000033774.csv,business_unit,business_unit
USA_CSV0000000000033774.csv,USA_CSV0000000000035712.csv,business_unit,business_unit
USA_CSV0000000000033774.csv,USA_CSV0000000000036536.csv,business_unit,business_unit
USA_CSV0000000000033774.csv,USA_CSV0000000000035269.csv,business_unit,business_unit
USA_CSV0000000000033774.csv,USA_CSV0000000000036961.csv,business_unit,business_unit
USA_CSV0000000000033774.csv,USA_CSV0000000000035888.csv,business_unit,business_unit
USA_CSV0000000000033432.csv,USA_CSV0000000000033774.csv,monetary_amount,monetary_amount
USA_CSV0000000000033600.csv,USA_CSV0000000000033774.csv,monetary_amount,monetary_amount
USA_CSV0000000000033774.csv,USA_CSV0000000000035712.csv,monetary_amount,monetary_amount
USA_CSV0000000000033774.csv,USA_CSV0000000000036536.csv,monetary_amount,monetary_amount
UK_CSV0000000000001955.csv,UK_CSV0000000000003122.csv,Falls within,Falls within
UK_CSV0000000000001955.csv,UK_CSV0000000000003122.csv,Reported by,Reported by
USA_CSV0000000000028805.csv,USA_CSV0000000000035654.csv,BOUNDARYGR,BOUNDARYGR
USA_CSV0000000000028805.csv,USA_CSV0000000000035654.csv,SCHOOL_ADD,SCHOOL_ADD
USA_CSV0000000000028805.csv,USA_CSV0000000000034990.csv,Shape_Area,Shape_Area
USA_CSV0000000000028805.csv,USA_CSV0000000000032353.csv,Shape_Area,Shape_Area
CAN_CSV0000000000009606.csv,CAN_CSV0000000000022699.csv,COMPANY-ENTREPRISE,COMPANY-ENTREPRISE
CAN_CSV0000000000009606.csv,CAN_CSV0000000000022699.csv,PROVINCE_FRA,PROVINCE_FRA
CAN_CSV0000000000009606.csv,CAN_CSV0000000000022699.csv,PROVINCE_ENG,PROVINCE_ENG
CAN_CSV0000000000009606.csv,CAN_CSV0000000000022699.csv,CITY-VILLE,CITY-VILLE
USA_CSV0000000000033432.csv,USA_CSV0000000000035269.csv,year_of_enactment,year_of_enactment
USA_CSV0000000000032324.csv,USA_CSV0000000000035269.csv,year_of_enactment,year_of_enactment
USA_CSV0000000000035269.csv,USA_CSV0000000000036536.csv,year_of_enactment,year_of_enactment
USA_CSV0000000000035269.csv,USA_CSV0000000000036961.csv,year_of_enactment,year_of_enactment
USA_CSV0000000000035269.csv,USA_CSV0000000000035888.csv,year_of_enactment,year_of_enactment
USA_CSV0000000000033288.csv,USA_CSV0000000000035269.csv,year_of_enactment,year_of_enactment
USA_CSV0000000000033774.csv,USA_CSV0000000000035269.csv,year_of_enactment,year_of_enactment
USA_CSV0000000000035269.csv,USA_CSV0000000000035271.csv,year_of_enactment,year_of_enactment
USA_CSV0000000000033432.csv,USA_CSV0000000000035269.csv,program_code,program_code
USA_CSV0000000000032324.csv,USA_CSV0000000000035269.csv,program_code,program_code
USA_CSV0000000000035269.csv,USA_CSV0000000000035712.csv,program_code,program_code
USA_CSV0000000000035269.csv,USA_CSV0000000000036536.csv,program_code,program_code
USA_CSV0000000000033432.csv,USA_CSV0000000000035269.csv,vendor_name,vendor_name
USA_CSV0000000000032324.csv,USA_CSV0000000000035269.csv,vendor_name,vendor_name
USA_CSV0000000000035269.csv,USA_CSV0000000000036536.csv,vendor_name,vendor_name
USA_CSV0000000000035269.csv,USA_CSV0000000000036961.csv,vendor_name,vendor_name
USA_CSV0000000000035269.csv,USA_CSV0000000000035888.csv,vendor_name,vendor_name
USA_CSV0000000000033288.csv,USA_CSV0000000000035269.csv,vendor_name,vendor_name
USA_CSV0000000000033774.csv,USA_CSV0000000000035269.csv,vendor_name,vendor_name
USA_CSV0000000000035269.csv,USA_CSV0000000000035271.csv,vendor_name,vendor_name
USA_CSV0000000000035269.csv,USA_CSV0000000000036844.csv,vendor_name,vendor_name
USA_CSV0000000000033432.csv,USA_CSV0000000000035269.csv,program_description,program_description
USA_CSV0000000000032324.csv,USA_CSV0000000000035269.csv,program_description,program_description
USA_CSV0000000000035269.csv,USA_CSV0000000000035712.csv,program_description,program_description
USA_CSV0000000000035269.csv,USA_CSV0000000000036536.csv,program_description,program_description
USA_CSV0000000000035269.csv,USA_CSV0000000000036961.csv,program_description,program_description
USA_CSV0000000000033432.csv,USA_CSV0000000000035269.csv,budget_reference,budget_reference
USA_CSV0000000000032324.csv,USA_CSV0000000000035269.csv,budget_reference,budget_reference
USA_CSV0000000000035269.csv,USA_CSV0000000000035712.csv,budget_reference,budget_reference
USA_CSV0000000000035269.csv,USA_CSV0000000000036536.csv,budget_reference,budget_reference
USA_CSV0000000000033432.csv,USA_CSV0000000000035269.csv,agency_name,agency_name
USA_CSV0000000000032324.csv,USA_CSV0000000000035269.csv,agency_name,agency_name
USA_CSV0000000000035269.csv,USA_CSV0000000000035712.csv,agency_name,agency_name
USA_CSV0000000000035269.csv,USA_CSV0000000000036536.csv,agency_name,agency_name
USA_CSV0000000000035269.csv,USA_CSV0000000000036961.csv,agency_name,agency_name
USA_CSV0000000000033432.csv,USA_CSV0000000000035269.csv,account_description,account_description
USA_CSV0000000000032324.csv,USA_CSV0000000000035269.csv,account_description,account_description
USA_CSV0000000000035269.csv,USA_CSV0000000000036536.csv,account_description,account_description
USA_CSV0000000000033432.csv,USA_CSV0000000000035269.csv,accounting_period,accounting_period
USA_CSV0000000000032324.csv,USA_CSV0000000000035269.csv,accounting_period,accounting_period
USA_CSV0000000000035269.csv,USA_CSV0000000000035712.csv,accounting_period,accounting_period
USA_CSV0000000000035269.csv,USA_CSV0000000000036536.csv,accounting_period,accounting_period
USA_CSV0000000000033432.csv,USA_CSV0000000000035269.csv,accounting_date,accounting_date
USA_CSV0000000000032324.csv,USA_CSV0000000000035269.csv,accounting_date,accounting_date
USA_CSV0000000000035269.csv,USA_CSV0000000000035712.csv,accounting_date,accounting_date
USA_CSV0000000000035269.csv,USA_CSV0000000000036536.csv,accounting_date,accounting_date
USA_CSV0000000000033432.csv,USA_CSV0000000000035269.csv,account_type,account_type
USA_CSV0000000000032324.csv,USA_CSV0000000000035269.csv,account_type,account_type
USA_CSV0000000000035269.csv,USA_CSV0000000000036536.csv,account_type,account_type
USA_CSV0000000000035269.csv,USA_CSV0000000000036961.csv,account_type,account_type
USA_CSV0000000000035269.csv,USA_CSV0000000000035888.csv,account_type,account_type
USA_CSV0000000000033288.csv,USA_CSV0000000000035269.csv,account_type,account_type
USA_CSV0000000000033774.csv,USA_CSV0000000000035269.csv,account_type,account_type
USA_CSV0000000000033432.csv,USA_CSV0000000000035269.csv,fund_description,fund_description
USA_CSV0000000000032324.csv,USA_CSV0000000000035269.csv,fund_description,fund_description
USA_CSV0000000000035269.csv,USA_CSV0000000000036536.csv,fund_description,fund_description
USA_CSV0000000000035269.csv,USA_CSV0000000000036961.csv,fund_description,fund_description
USA_CSV0000000000035269.csv,USA_CSV0000000000035888.csv,fund_description,fund_description
USA_CSV0000000000033288.csv,USA_CSV0000000000035269.csv,fund_description,fund_description
USA_CSV0000000000033432.csv,USA_CSV0000000000035269.csv,department_name,department_name
USA_CSV0000000000032324.csv,USA_CSV0000000000035269.csv,department_name,department_name
USA_CSV0000000000035269.csv,USA_CSV0000000000035712.csv,department_name,department_name
USA_CSV0000000000035269.csv,USA_CSV0000000000036536.csv,department_name,department_name
USA_CSV0000000000035269.csv,USA_CSV0000000000036961.csv,department_name,department_name
USA_CSV0000000000033432.csv,USA_CSV0000000000035269.csv,fiscal_year_begin,fiscal_year_begin
USA_CSV0000000000032324.csv,USA_CSV0000000000035269.csv,fiscal_year_begin,fiscal_year_begin
USA_CSV0000000000035269.csv,USA_CSV0000000000035712.csv,fiscal_year_begin,fiscal_year_begin
USA_CSV0000000000035269.csv,USA_CSV0000000000036536.csv,fiscal_year_begin,fiscal_year_begin
USA_CSV0000000000033432.csv,USA_CSV0000000000035269.csv,fund_group,fund_group
USA_CSV0000000000032324.csv,USA_CSV0000000000035269.csv,fund_group,fund_group
USA_CSV0000000000035269.csv,USA_CSV0000000000036536.csv,fund_group,fund_group
USA_CSV0000000000035269.csv,USA_CSV0000000000036961.csv,fund_group,fund_group
USA_CSV0000000000035269.csv,USA_CSV0000000000035888.csv,fund_group,fund_group
USA_CSV0000000000033432.csv,USA_CSV0000000000035269.csv,account_category,account_category
USA_CSV0000000000032324.csv,USA_CSV0000000000035269.csv,account_category,account_category
USA_CSV0000000000035269.csv,USA_CSV0000000000036536.csv,account_category,account_category
USA_CSV0000000000035269.csv,USA_CSV0000000000036961.csv,account_category,account_category
USA_CSV0000000000035269.csv,USA_CSV0000000000035888.csv,account_category,account_category
USA_CSV0000000000033432.csv,USA_CSV0000000000035269.csv,document_id,document_id
USA_CSV0000000000032324.csv,USA_CSV0000000000035269.csv,document_id,document_id
USA_CSV0000000000035269.csv,USA_CSV0000000000035712.csv,document_id,document_id
USA_CSV0000000000035269.csv,USA_CSV0000000000036536.csv,document_id,document_id
USA_CSV0000000000033432.csv,USA_CSV0000000000035269.csv,business_unit,business_unit
USA_CSV0000000000032324.csv,USA_CSV0000000000035269.csv,business_unit,business_unit
USA_CSV0000000000035269.csv,USA_CSV0000000000035712.csv,business_unit,business_unit
USA_CSV0000000000035269.csv,USA_CSV0000000000036536.csv,business_unit,business_unit
USA_CSV0000000000035269.csv,USA_CSV0000000000036961.csv,business_unit,business_unit
USA_CSV0000000000035269.csv,USA_CSV0000000000035888.csv,business_unit,business_unit
USA_CSV0000000000033288.csv,USA_CSV0000000000035269.csv,business_unit,business_unit
USA_CSV0000000000033432.csv,USA_CSV0000000000035269.csv,monetary_amount,monetary_amount
USA_CSV0000000000032324.csv,USA_CSV0000000000035269.csv,monetary_amount,monetary_amount
USA_CSV0000000000035269.csv,USA_CSV0000000000035712.csv,monetary_amount,monetary_amount
USA_CSV0000000000035269.csv,USA_CSV0000000000036536.csv,monetary_amount,monetary_amount
USA_CSV0000000000035269.csv,USA_CSV0000000000036961.csv,monetary_amount,monetary_amount
USA_CSV0000000000033066.csv,USA_CSV0000000000037302.csv,ACCOUNT_DESCR,ACCOUNT_DESCR
USA_CSV0000000000037099.csv,USA_CSV0000000000037302.csv,ACCOUNT_DESCR,ACCOUNT_DESCR
USA_CSV0000000000033066.csv,USA_CSV0000000000037302.csv,VOUCHER_ID,VOUCHER_ID
USA_CSV0000000000037099.csv,USA_CSV0000000000037302.csv,VOUCHER_ID,VOUCHER_ID
USA_CSV0000000000033066.csv,USA_CSV0000000000037302.csv,VOUCHER_STYLE,VOUCHER_STYLE
USA_CSV0000000000037099.csv,USA_CSV0000000000037302.csv,VOUCHER_STYLE,VOUCHER_STYLE
USA_CSV0000000000033066.csv,USA_CSV0000000000037302.csv,FUND_DESCR,FUND_DESCR
USA_CSV0000000000037099.csv,USA_CSV0000000000037302.csv,FUND_DESCR,FUND_DESCR
USA_CSV0000000000033066.csv,USA_CSV0000000000037302.csv,BUSINESS_UNIT,BUSINESS_UNIT
USA_CSV0000000000037099.csv,USA_CSV0000000000037302.csv,BUSINESS_UNIT,BUSINESS_UNIT
USA_CSV0000000000024884.csv,USA_CSV0000000000037302.csv,BUSINESS_UNIT,BUSINESS_UNIT
USA_CSV0000000000033066.csv,USA_CSV0000000000037302.csv,DEPTID_DESCR,DEPTID_DESCR
USA_CSV0000000000037099.csv,USA_CSV0000000000037302.csv,DEPTID_DESCR,DEPTID_DESCR
USA_CSV0000000000033066.csv,USA_CSV0000000000037302.csv,TRANSACTION_TYPE,TRANSACTION_TYPE
USA_CSV0000000000037099.csv,USA_CSV0000000000037302.csv,TRANSACTION_TYPE,TRANSACTION_TYPE
USA_CSV0000000000033066.csv,USA_CSV0000000000037302.csv,CLASS_DESCR,CLASS_DESCR
USA_CSV0000000000037099.csv,USA_CSV0000000000037302.csv,CLASS_DESCR,CLASS_DESCR
USA_CSV0000000000033066.csv,USA_CSV0000000000037302.csv,OCP_AGNCY_NAME,OCP_AGNCY_NAME
USA_CSV0000000000037099.csv,USA_CSV0000000000037302.csv,OCP_AGNCY_NAME,OCP_AGNCY_NAME
USA_CSV0000000000024884.csv,USA_CSV0000000000037302.csv,OCP_AGNCY_NAME,OCP_AGNCY_NAME
USA_CSV0000000000033066.csv,USA_CSV0000000000037302.csv,FISCAL_YR_TAS,FISCAL_YR_TAS
USA_CSV0000000000037099.csv,USA_CSV0000000000037302.csv,FISCAL_YR_TAS,FISCAL_YR_TAS
USA_CSV0000000000015120.csv,USA_CSV0000000000035745.csv,Application Type,Application Type
USA_CSV0000000000015120.csv,USA_CSV0000000000034847.csv,Street Name,Street Name
USA_CSV0000000000015120.csv,USA_CSV0000000000035122.csv,Street Name,Street Name
USA_CSV0000000000015120.csv,USA_CSV0000000000035745.csv,Street Name,Street Name
USA_CSV0000000000015120.csv,USA_CSV0000000000035745.csv,Street Suffix,Street Suffix
USA_CSV0000000000015120.csv,USA_CSV0000000000035745.csv,Description of Work,Description of Work
CAN_CSV0000000000004700.csv,CAN_CSV0000000000013725.csv,Seasonal adjustment,Seasonal adjustment
CAN_CSV0000000000003356.csv,CAN_CSV0000000000012108.csv,Commercial Flow,Commercial Flow
CAN_CSV0000000000003356.csv,CAN_CSV0000000000022798.csv,Commercial Flow,Commercial Flow
USA_CSV0000000000014698.csv,USA_CSV0000000000034990.csv,SCHOOL_NAM,SCHOOL_NAM
USA_CSV0000000000031994.csv,USA_CSV0000000000033630.csv,First Name,First Name
USA_CSV0000000000033630.csv,USA_CSV0000000000034329.csv,First Name,First Name
USA_CSV0000000000033156.csv,USA_CSV0000000000033630.csv,First Name,First Name
USA_CSV0000000000033630.csv,USA_CSV0000000000035439.csv,First Name,First Name
USA_CSV0000000000033630.csv,USA_CSV0000000000035827.csv,First Name,First Name
USA_CSV0000000000031994.csv,USA_CSV0000000000033630.csv,Entity Type,Entity Type
USA_CSV0000000000033630.csv,USA_CSV0000000000034329.csv,Entity Type,Entity Type
USA_CSV0000000000033156.csv,USA_CSV0000000000033630.csv,Entity Type,Entity Type
USA_CSV0000000000033630.csv,USA_CSV0000000000035439.csv,Entity Type,Entity Type
USA_CSV0000000000033630.csv,USA_CSV0000000000035827.csv,Entity Type,Entity Type
USA_CSV0000000000031994.csv,USA_CSV0000000000033630.csv,Business Name,Business Name
USA_CSV0000000000033630.csv,USA_CSV0000000000035439.csv,Business Name,Business Name
USA_CSV0000000000033630.csv,USA_CSV0000000000035827.csv,Business Name,Business Name
USA_CSV0000000000031994.csv,USA_CSV0000000000033630.csv,Registry Date,Registry Date
USA_CSV0000000000033630.csv,USA_CSV0000000000034329.csv,Registry Date,Registry Date
USA_CSV0000000000033156.csv,USA_CSV0000000000033630.csv,Registry Date,Registry Date
USA_CSV0000000000033630.csv,USA_CSV0000000000035439.csv,Registry Date,Registry Date
USA_CSV0000000000033630.csv,USA_CSV0000000000035827.csv,Registry Date,Registry Date
USA_CSV0000000000031994.csv,USA_CSV0000000000033630.csv,Registry Number,Registry Number
USA_CSV0000000000033630.csv,USA_CSV0000000000034329.csv,Registry Number,Registry Number
CAN_CSV0000000000000961.csv,CAN_CSV0000000000000965.csv,Employment size,Employment size
CAN_CSV0000000000008029.csv,CAN_CSV0000000000009951.csv,CanadaProvince,CanadaProvince
USA_CSV0000000000032353.csv,USA_CSV0000000000034990.csv,Shape_Area,Shape_Area
USA_CSV0000000000034395.csv,USA_CSV0000000000036419.csv,SHAPE_Length,SHAPE_Length
USA_CSV0000000000034395.csv,USA_CSV0000000000036419.csv,OBJECTID,OBJECTID
USA_CSV0000000000033413.csv,USA_CSV0000000000036823.csv,SchoolName,SchoolName
USA_CSV0000000000033413.csv,USA_CSV0000000000036823.csv,OrganizationLevel,OrganizationLevel
USA_CSV0000000000035509__5.csv,USA_CSV0000000000036823.csv,OrganizationLevel,OrganizationLevel
USA_CSV0000000000033413.csv,USA_CSV0000000000036823.csv,ESDOrganizationId,ESDOrganizationId
USA_CSV0000000000034122.csv,USA_CSV0000000000036823.csv,ESDOrganizationId,ESDOrganizationId
USA_CSV0000000000033413.csv,USA_CSV0000000000036823.csv,DistrictName,DistrictName
USA_CSV0000000000035509__5.csv,USA_CSV0000000000036823.csv,DistrictName,DistrictName
USA_CSV0000000000033432.csv,USA_CSV0000000000033600.csv,year_of_enactment,year_of_enactment
USA_CSV0000000000032324.csv,USA_CSV0000000000033432.csv,year_of_enactment,year_of_enactment
USA_CSV0000000000033432.csv,USA_CSV0000000000036536.csv,year_of_enactment,year_of_enactment
USA_CSV0000000000033432.csv,USA_CSV0000000000035269.csv,year_of_enactment,year_of_enactment
USA_CSV0000000000033432.csv,USA_CSV0000000000036961.csv,year_of_enactment,year_of_enactment
USA_CSV0000000000033432.csv,USA_CSV0000000000033600.csv,program_code,program_code
USA_CSV0000000000032324.csv,USA_CSV0000000000033432.csv,program_code,program_code
USA_CSV0000000000033432.csv,USA_CSV0000000000035712.csv,program_code,program_code
USA_CSV0000000000033432.csv,USA_CSV0000000000036536.csv,program_code,program_code
USA_CSV0000000000033432.csv,USA_CSV0000000000035269.csv,program_code,program_code
USA_CSV0000000000033432.csv,USA_CSV0000000000033600.csv,vendor_name,vendor_name
USA_CSV0000000000032324.csv,USA_CSV0000000000033432.csv,vendor_name,vendor_name
USA_CSV0000000000033432.csv,USA_CSV0000000000036536.csv,vendor_name,vendor_name
USA_CSV0000000000033432.csv,USA_CSV0000000000033600.csv,program_description,program_description
USA_CSV0000000000032324.csv,USA_CSV0000000000033432.csv,program_description,program_description
USA_CSV0000000000033432.csv,USA_CSV0000000000035712.csv,program_description,program_description
USA_CSV0000000000033432.csv,USA_CSV0000000000036536.csv,program_description,program_description
USA_CSV0000000000033432.csv,USA_CSV0000000000035269.csv,program_description,program_description
USA_CSV0000000000033432.csv,USA_CSV0000000000033600.csv,budget_reference,budget_reference
USA_CSV0000000000032324.csv,USA_CSV0000000000033432.csv,budget_reference,budget_reference
USA_CSV0000000000033432.csv,USA_CSV0000000000035712.csv,budget_reference,budget_reference
USA_CSV0000000000033432.csv,USA_CSV0000000000036536.csv,budget_reference,budget_reference
USA_CSV0000000000033432.csv,USA_CSV0000000000033600.csv,agency_name,agency_name
USA_CSV0000000000032324.csv,USA_CSV0000000000033432.csv,agency_name,agency_name
USA_CSV0000000000033432.csv,USA_CSV0000000000035712.csv,agency_name,agency_name
USA_CSV0000000000033432.csv,USA_CSV0000000000036536.csv,agency_name,agency_name
USA_CSV0000000000033432.csv,USA_CSV0000000000035269.csv,agency_name,agency_name
USA_CSV0000000000033432.csv,USA_CSV0000000000033600.csv,account_description,account_description
USA_CSV0000000000032324.csv,USA_CSV0000000000033432.csv,account_description,account_description
USA_CSV0000000000033432.csv,USA_CSV0000000000036536.csv,account_description,account_description
USA_CSV0000000000033432.csv,USA_CSV0000000000033600.csv,accounting_period,accounting_period
USA_CSV0000000000032324.csv,USA_CSV0000000000033432.csv,accounting_period,accounting_period
USA_CSV0000000000033432.csv,USA_CSV0000000000035712.csv,accounting_period,accounting_period
USA_CSV0000000000033432.csv,USA_CSV0000000000036536.csv,accounting_period,accounting_period
USA_CSV0000000000033432.csv,USA_CSV0000000000033600.csv,accounting_date,accounting_date
USA_CSV0000000000032324.csv,USA_CSV0000000000033432.csv,accounting_date,accounting_date
USA_CSV0000000000033432.csv,USA_CSV0000000000035712.csv,accounting_date,accounting_date
USA_CSV0000000000033432.csv,USA_CSV0000000000036536.csv,accounting_date,accounting_date
USA_CSV0000000000033432.csv,USA_CSV0000000000035269.csv,accounting_date,accounting_date
USA_CSV0000000000033432.csv,USA_CSV0000000000036961.csv,accounting_date,accounting_date
USA_CSV0000000000033432.csv,USA_CSV0000000000033600.csv,account_type,account_type
USA_CSV0000000000032324.csv,USA_CSV0000000000033432.csv,account_type,account_type
USA_CSV0000000000033432.csv,USA_CSV0000000000036536.csv,account_type,account_type
USA_CSV0000000000033432.csv,USA_CSV0000000000035269.csv,account_type,account_type
USA_CSV0000000000033432.csv,USA_CSV0000000000036961.csv,account_type,account_type
USA_CSV0000000000033432.csv,USA_CSV0000000000035888.csv,account_type,account_type
USA_CSV0000000000033288.csv,USA_CSV0000000000033432.csv,account_type,account_type
USA_CSV0000000000033432.csv,USA_CSV0000000000033774.csv,account_type,account_type
USA_CSV0000000000033432.csv,USA_CSV0000000000035271.csv,account_type,account_type
USA_CSV0000000000033432.csv,USA_CSV0000000000036844.csv,account_type,account_type
USA_CSV0000000000033432.csv,USA_CSV0000000000033600.csv,fund_description,fund_description
USA_CSV0000000000032324.csv,USA_CSV0000000000033432.csv,fund_description,fund_description
USA_CSV0000000000033432.csv,USA_CSV0000000000036536.csv,fund_description,fund_description
USA_CSV0000000000033432.csv,USA_CSV0000000000035269.csv,fund_description,fund_description
USA_CSV0000000000033432.csv,USA_CSV0000000000036961.csv,fund_description,fund_description
USA_CSV0000000000033432.csv,USA_CSV0000000000035888.csv,fund_description,fund_description
USA_CSV0000000000033432.csv,USA_CSV0000000000033600.csv,department_name,department_name
USA_CSV0000000000032324.csv,USA_CSV0000000000033432.csv,department_name,department_name
USA_CSV0000000000033432.csv,USA_CSV0000000000035712.csv,department_name,department_name
USA_CSV0000000000033432.csv,USA_CSV0000000000036536.csv,department_name,department_name
USA_CSV0000000000033432.csv,USA_CSV0000000000035269.csv,department_name,department_name
USA_CSV0000000000033432.csv,USA_CSV0000000000036961.csv,department_name,department_name
USA_CSV0000000000033432.csv,USA_CSV0000000000035888.csv,department_name,department_name
USA_CSV0000000000033288.csv,USA_CSV0000000000033432.csv,department_name,department_name
USA_CSV0000000000033432.csv,USA_CSV0000000000033600.csv,fiscal_year_begin,fiscal_year_begin
USA_CSV0000000000032324.csv,USA_CSV0000000000033432.csv,fiscal_year_begin,fiscal_year_begin
USA_CSV0000000000033432.csv,USA_CSV0000000000035712.csv,fiscal_year_begin,fiscal_year_begin
USA_CSV0000000000033432.csv,USA_CSV0000000000036536.csv,fiscal_year_begin,fiscal_year_begin
USA_CSV0000000000033432.csv,USA_CSV0000000000035269.csv,fiscal_year_begin,fiscal_year_begin
USA_CSV0000000000033432.csv,USA_CSV0000000000036961.csv,fiscal_year_begin,fiscal_year_begin
USA_CSV0000000000033432.csv,USA_CSV0000000000033600.csv,fund_group,fund_group
USA_CSV0000000000032324.csv,USA_CSV0000000000033432.csv,fund_group,fund_group
USA_CSV0000000000033432.csv,USA_CSV0000000000036536.csv,fund_group,fund_group
USA_CSV0000000000033432.csv,USA_CSV0000000000033600.csv,account_category,account_category
USA_CSV0000000000032324.csv,USA_CSV0000000000033432.csv,account_category,account_category
USA_CSV0000000000033432.csv,USA_CSV0000000000036536.csv,account_category,account_category
USA_CSV0000000000033432.csv,USA_CSV0000000000035269.csv,account_category,account_category
USA_CSV0000000000033432.csv,USA_CSV0000000000036961.csv,account_category,account_category
USA_CSV0000000000033432.csv,USA_CSV0000000000035888.csv,account_category,account_category
USA_CSV0000000000033288.csv,USA_CSV0000000000033432.csv,account_category,account_category
USA_CSV0000000000033432.csv,USA_CSV0000000000033600.csv,document_id,document_id
USA_CSV0000000000032324.csv,USA_CSV0000000000033432.csv,document_id,document_id
USA_CSV0000000000033432.csv,USA_CSV0000000000035712.csv,document_id,document_id
USA_CSV0000000000033432.csv,USA_CSV0000000000036536.csv,document_id,document_id
USA_CSV0000000000033432.csv,USA_CSV0000000000035269.csv,document_id,document_id
USA_CSV0000000000033432.csv,USA_CSV0000000000036961.csv,document_id,document_id
USA_CSV0000000000033432.csv,USA_CSV0000000000035888.csv,document_id,document_id
USA_CSV0000000000033432.csv,USA_CSV0000000000033600.csv,business_unit,business_unit
USA_CSV0000000000032324.csv,USA_CSV0000000000033432.csv,business_unit,business_unit
USA_CSV0000000000033432.csv,USA_CSV0000000000035712.csv,business_unit,business_unit
USA_CSV0000000000033432.csv,USA_CSV0000000000036536.csv,business_unit,business_unit
USA_CSV0000000000033432.csv,USA_CSV0000000000033600.csv,monetary_amount,monetary_amount
USA_CSV0000000000032324.csv,USA_CSV0000000000033432.csv,monetary_amount,monetary_amount
USA_CSV0000000000033432.csv,USA_CSV0000000000035712.csv,monetary_amount,monetary_amount
USA_CSV0000000000033432.csv,USA_CSV0000000000036536.csv,monetary_amount,monetary_amount
USA_CSV0000000000033432.csv,USA_CSV0000000000035269.csv,monetary_amount,monetary_amount
USA_CSV0000000000033432.csv,USA_CSV0000000000036961.csv,monetary_amount,monetary_amount
USA_CSV0000000000034847.csv,USA_CSV0000000000035122.csv,Street Name,Street Name
USA_CSV0000000000034847.csv,USA_CSV0000000000035745.csv,Street Name,Street Name
USA_CSV0000000000015120.csv,USA_CSV0000000000034847.csv,Street Name,Street Name
USA_CSV0000000000034847.csv,USA_CSV0000000000035745.csv,Street Number,Street Number
CAN_CSV0000000000022503.csv,CAN_CSV0000000000023436.csv,Date & Time,Date & Time
USA_CSV0000000000018004.csv,USA_CSV0000000000023803.csv,Community Board,Community Board
USA_CSV0000000000023803.csv,USA_CSV0000000000035934.csv,Community Board,Community Board
USA_CSV0000000000018004.csv,USA_CSV0000000000023803.csv,Council District,Council District
USA_CSV0000000000023803.csv,USA_CSV0000000000035934.csv,Council District,Council District
USA_CSV0000000000023803.csv,USA_CSV0000000000036479.csv,Council District,Council District
USA_CSV0000000000008127.csv,USA_CSV0000000000008574.csv,DATA SOURCE,DATA SOURCE
USA_CSV0000000000008127.csv,USA_CSV0000000000008574.csv,SCHOOL CODE,SCHOOL CODE
USA_CSV0000000000008127.csv,USA_CSV0000000000008574.csv,SCHOOL NAME,SCHOOL NAME
USA_CSV0000000000008127.csv,USA_CSV0000000000008574.csv,NUMBER OF SECTIONS,NUMBER OF SECTIONS
USA_CSV0000000000034395.csv,USA_CSV0000000000036419.csv,SHAPE_Length,SHAPE_Length
USA_CSV0000000000034395.csv,USA_CSV0000000000036419.csv,OBJECTID,OBJECTID
USA_CSV0000000000017680.csv,USA_CSV0000000000023669.csv,School Name,School Name
USA_CSV0000000000017680.csv,USA_CSV0000000000023669.csv,Cohort Category,Cohort Category
USA_CSV0000000000017680.csv,USA_CSV0000000000023669.csv,Cohort Year,Cohort Year
USA_CSV0000000000033432.csv,USA_CSV0000000000033600.csv,program_code,program_code
USA_CSV0000000000032324.csv,USA_CSV0000000000033600.csv,program_code,program_code
USA_CSV0000000000033600.csv,USA_CSV0000000000035712.csv,program_code,program_code
USA_CSV0000000000033600.csv,USA_CSV0000000000036536.csv,program_code,program_code
USA_CSV0000000000033600.csv,USA_CSV0000000000035269.csv,program_code,program_code
USA_CSV0000000000033600.csv,USA_CSV0000000000036961.csv,program_code,program_code
USA_CSV0000000000033600.csv,USA_CSV0000000000035888.csv,program_code,program_code
USA_CSV0000000000033432.csv,USA_CSV0000000000033600.csv,vendor_name,vendor_name
USA_CSV0000000000032324.csv,USA_CSV0000000000033600.csv,vendor_name,vendor_name
USA_CSV0000000000033600.csv,USA_CSV0000000000036536.csv,vendor_name,vendor_name
USA_CSV0000000000033600.csv,USA_CSV0000000000035269.csv,vendor_name,vendor_name
USA_CSV0000000000033600.csv,USA_CSV0000000000036961.csv,vendor_name,vendor_name
USA_CSV0000000000033432.csv,USA_CSV0000000000033600.csv,program_description,program_description
USA_CSV0000000000032324.csv,USA_CSV0000000000033600.csv,program_description,program_description
USA_CSV0000000000033600.csv,USA_CSV0000000000035712.csv,program_description,program_description
USA_CSV0000000000033600.csv,USA_CSV0000000000036536.csv,program_description,program_description
USA_CSV0000000000033600.csv,USA_CSV0000000000035269.csv,program_description,program_description
USA_CSV0000000000033600.csv,USA_CSV0000000000036961.csv,program_description,program_description
USA_CSV0000000000033600.csv,USA_CSV0000000000035888.csv,program_description,program_description
USA_CSV0000000000033432.csv,USA_CSV0000000000033600.csv,budget_reference,budget_reference
USA_CSV0000000000032324.csv,USA_CSV0000000000033600.csv,budget_reference,budget_reference
USA_CSV0000000000033600.csv,USA_CSV0000000000035712.csv,budget_reference,budget_reference
USA_CSV0000000000033600.csv,USA_CSV0000000000036536.csv,budget_reference,budget_reference
USA_CSV0000000000033432.csv,USA_CSV0000000000033600.csv,agency_name,agency_name
USA_CSV0000000000032324.csv,USA_CSV0000000000033600.csv,agency_name,agency_name
USA_CSV0000000000033600.csv,USA_CSV0000000000035712.csv,agency_name,agency_name
USA_CSV0000000000033600.csv,USA_CSV0000000000036536.csv,agency_name,agency_name
USA_CSV0000000000033432.csv,USA_CSV0000000000033600.csv,account_description,account_description
USA_CSV0000000000032324.csv,USA_CSV0000000000033600.csv,account_description,account_description
USA_CSV0000000000033600.csv,USA_CSV0000000000036536.csv,account_description,account_description
USA_CSV0000000000033600.csv,USA_CSV0000000000035269.csv,account_description,account_description
USA_CSV0000000000033600.csv,USA_CSV0000000000036961.csv,account_description,account_description
USA_CSV0000000000033600.csv,USA_CSV0000000000035888.csv,account_description,account_description
USA_CSV0000000000033288.csv,USA_CSV0000000000033600.csv,account_description,account_description
USA_CSV0000000000033600.csv,USA_CSV0000000000033774.csv,account_description,account_description
USA_CSV0000000000033600.csv,USA_CSV0000000000035271.csv,account_description,account_description
USA_CSV0000000000033600.csv,USA_CSV0000000000036844.csv,account_description,account_description
USA_CSV0000000000033432.csv,USA_CSV0000000000033600.csv,accounting_period,accounting_period
USA_CSV0000000000032324.csv,USA_CSV0000000000033600.csv,accounting_period,accounting_period
USA_CSV0000000000033600.csv,USA_CSV0000000000035712.csv,accounting_period,accounting_period
USA_CSV0000000000033600.csv,USA_CSV0000000000036536.csv,accounting_period,accounting_period
USA_CSV0000000000033432.csv,USA_CSV0000000000033600.csv,accounting_date,accounting_date
USA_CSV0000000000032324.csv,USA_CSV0000000000033600.csv,accounting_date,accounting_date
USA_CSV0000000000033600.csv,USA_CSV0000000000035712.csv,accounting_date,accounting_date
USA_CSV0000000000033600.csv,USA_CSV0000000000036536.csv,accounting_date,accounting_date
USA_CSV0000000000033432.csv,USA_CSV0000000000033600.csv,account_type,account_type
USA_CSV0000000000032324.csv,USA_CSV0000000000033600.csv,account_type,account_type
USA_CSV0000000000033600.csv,USA_CSV0000000000036536.csv,account_type,account_type
USA_CSV0000000000033600.csv,USA_CSV0000000000035269.csv,account_type,account_type
USA_CSV0000000000033600.csv,USA_CSV0000000000036961.csv,account_type,account_type
USA_CSV0000000000033600.csv,USA_CSV0000000000035888.csv,account_type,account_type
USA_CSV0000000000033288.csv,USA_CSV0000000000033600.csv,account_type,account_type
USA_CSV0000000000033600.csv,USA_CSV0000000000033774.csv,account_type,account_type
USA_CSV0000000000033600.csv,USA_CSV0000000000035271.csv,account_type,account_type
USA_CSV0000000000033600.csv,USA_CSV0000000000036844.csv,account_type,account_type
USA_CSV0000000000033432.csv,USA_CSV0000000000033600.csv,fund_description,fund_description
USA_CSV0000000000032324.csv,USA_CSV0000000000033600.csv,fund_description,fund_description
USA_CSV0000000000033600.csv,USA_CSV0000000000036536.csv,fund_description,fund_description
USA_CSV0000000000033600.csv,USA_CSV0000000000035269.csv,fund_description,fund_description
USA_CSV0000000000033600.csv,USA_CSV0000000000036961.csv,fund_description,fund_description
USA_CSV0000000000033600.csv,USA_CSV0000000000035888.csv,fund_description,fund_description
USA_CSV0000000000033288.csv,USA_CSV0000000000033600.csv,fund_description,fund_description
USA_CSV0000000000033600.csv,USA_CSV0000000000033774.csv,fund_description,fund_description
USA_CSV0000000000033600.csv,USA_CSV0000000000035271.csv,fund_description,fund_description
USA_CSV0000000000033600.csv,USA_CSV0000000000036844.csv,fund_description,fund_description
USA_CSV0000000000033432.csv,USA_CSV0000000000033600.csv,department_name,department_name
USA_CSV0000000000032324.csv,USA_CSV0000000000033600.csv,department_name,department_name
USA_CSV0000000000033600.csv,USA_CSV0000000000035712.csv,department_name,department_name
USA_CSV0000000000033600.csv,USA_CSV0000000000036536.csv,department_name,department_name
USA_CSV0000000000033432.csv,USA_CSV0000000000033600.csv,fiscal_year_begin,fiscal_year_begin
USA_CSV0000000000032324.csv,USA_CSV0000000000033600.csv,fiscal_year_begin,fiscal_year_begin
USA_CSV0000000000033600.csv,USA_CSV0000000000035712.csv,fiscal_year_begin,fiscal_year_begin
USA_CSV0000000000033600.csv,USA_CSV0000000000036536.csv,fiscal_year_begin,fiscal_year_begin
USA_CSV0000000000033600.csv,USA_CSV0000000000035269.csv,fiscal_year_begin,fiscal_year_begin
USA_CSV0000000000033600.csv,USA_CSV0000000000036961.csv,fiscal_year_begin,fiscal_year_begin
USA_CSV0000000000033432.csv,USA_CSV0000000000033600.csv,fund_group,fund_group
USA_CSV0000000000032324.csv,USA_CSV0000000000033600.csv,fund_group,fund_group
USA_CSV0000000000033600.csv,USA_CSV0000000000036536.csv,fund_group,fund_group
USA_CSV0000000000033600.csv,USA_CSV0000000000035269.csv,fund_group,fund_group
USA_CSV0000000000033600.csv,USA_CSV0000000000036961.csv,fund_group,fund_group
USA_CSV0000000000033600.csv,USA_CSV0000000000035888.csv,fund_group,fund_group
USA_CSV0000000000033288.csv,USA_CSV0000000000033600.csv,fund_group,fund_group
USA_CSV0000000000033432.csv,USA_CSV0000000000033600.csv,account_category,account_category
USA_CSV0000000000032324.csv,USA_CSV0000000000033600.csv,account_category,account_category
USA_CSV0000000000033600.csv,USA_CSV0000000000036536.csv,account_category,account_category
USA_CSV0000000000033600.csv,USA_CSV0000000000035269.csv,account_category,account_category
USA_CSV0000000000033600.csv,USA_CSV0000000000036961.csv,account_category,account_category
USA_CSV0000000000033432.csv,USA_CSV0000000000033600.csv,document_id,document_id
USA_CSV0000000000032324.csv,USA_CSV0000000000033600.csv,document_id,document_id
USA_CSV0000000000033600.csv,USA_CSV0000000000035712.csv,document_id,document_id
USA_CSV0000000000033600.csv,USA_CSV0000000000036536.csv,document_id,document_id
USA_CSV0000000000033600.csv,USA_CSV0000000000035269.csv,document_id,document_id
USA_CSV0000000000033600.csv,USA_CSV0000000000036961.csv,document_id,document_id
USA_CSV0000000000033600.csv,USA_CSV0000000000035888.csv,document_id,document_id
USA_CSV0000000000033432.csv,USA_CSV0000000000033600.csv,business_unit,business_unit
USA_CSV0000000000032324.csv,USA_CSV0000000000033600.csv,business_unit,business_unit
USA_CSV0000000000033600.csv,USA_CSV0000000000035712.csv,business_unit,business_unit
USA_CSV0000000000033600.csv,USA_CSV0000000000036536.csv,business_unit,business_unit
USA_CSV0000000000033432.csv,USA_CSV0000000000033600.csv,monetary_amount,monetary_amount
USA_CSV0000000000032324.csv,USA_CSV0000000000033600.csv,monetary_amount,monetary_amount
USA_CSV0000000000033600.csv,USA_CSV0000000000035712.csv,monetary_amount,monetary_amount
USA_CSV0000000000033600.csv,USA_CSV0000000000036536.csv,monetary_amount,monetary_amount
CAN_CSV0000000000009256.csv,CAN_CSV0000000000016775.csv,service_id,service_id
CAN_CSV0000000000001963.csv,CAN_CSV0000000000009256.csv,service_id,service_id
CAN_CSV0000000000009256.csv,CAN_CSV0000000000016775.csv,service_std_target,service_std_target
CAN_CSV0000000000009256.csv,CAN_CSV0000000000016775.csv,service_name_fr,service_name_fr
CAN_CSV0000000000001963.csv,CAN_CSV0000000000009256.csv,service_name_fr,service_name_fr
CAN_CSV0000000000001861.csv,CAN_CSV0000000000009256.csv,service_name_fr,service_name_fr
CAN_CSV0000000000009256.csv,CAN_CSV0000000000016775.csv,service_std_url_en,service_std_url_en
CAN_CSV0000000000009256.csv,CAN_CSV0000000000016775.csv,target_met,target_met
CAN_CSV0000000000009256.csv,CAN_CSV0000000000016775.csv,department_name_en,department_name_en
CAN_CSV0000000000001963.csv,CAN_CSV0000000000009256.csv,department_name_en,department_name_en
CAN_CSV0000000000001861.csv,CAN_CSV0000000000009256.csv,department_name_en,department_name_en
CAN_CSV0000000000009256.csv,CAN_CSV0000000000016775.csv,department_name_fr,department_name_fr
CAN_CSV0000000000001963.csv,CAN_CSV0000000000009256.csv,department_name_fr,department_name_fr
CAN_CSV0000000000009256.csv,CAN_CSV0000000000016775.csv,total_volume,total_volume
CAN_CSV0000000000009256.csv,CAN_CSV0000000000016775.csv,service_std_url_fr,service_std_url_fr
CAN_CSV0000000000009256.csv,CAN_CSV0000000000016775.csv,service_std_fr,service_std_fr
CAN_CSV0000000000009256.csv,CAN_CSV0000000000016775.csv,performance,performance
CAN_CSV0000000000009256.csv,CAN_CSV0000000000016775.csv,service_name_en,service_name_en
CAN_CSV0000000000001963.csv,CAN_CSV0000000000009256.csv,service_name_en,service_name_en
CAN_CSV0000000000009256.csv,CAN_CSV0000000000016775.csv,target_type,target_type
CAN_CSV0000000000009256.csv,CAN_CSV0000000000016775.csv,service_std_en,service_std_en
USA_CSV0000000000033156.csv,USA_CSV0000000000033543.csv,First Name,First Name
USA_CSV0000000000033156.csv,USA_CSV0000000000033630.csv,First Name,First Name
USA_CSV0000000000031994.csv,USA_CSV0000000000033156.csv,First Name,First Name
USA_CSV0000000000033156.csv,USA_CSV0000000000034329.csv,First Name,First Name
USA_CSV0000000000033156.csv,USA_CSV0000000000035439.csv,First Name,First Name
USA_CSV0000000000033156.csv,USA_CSV0000000000035827.csv,First Name,First Name
USA_CSV0000000000031994.csv,USA_CSV0000000000033156.csv,Business Name,Business Name
USA_CSV0000000000033156.csv,USA_CSV0000000000035439.csv,Business Name,Business Name
USA_CSV0000000000033156.csv,USA_CSV0000000000035827.csv,Business Name,Business Name
USA_CSV0000000000033156.csv,USA_CSV0000000000033543.csv,Registry Date,Registry Date
USA_CSV0000000000033156.csv,USA_CSV0000000000033630.csv,Registry Date,Registry Date
USA_CSV0000000000031994.csv,USA_CSV0000000000033156.csv,Registry Date,Registry Date
USA_CSV0000000000033156.csv,USA_CSV0000000000034329.csv,Registry Date,Registry Date
USA_CSV0000000000033156.csv,USA_CSV0000000000035439.csv,Registry Date,Registry Date
USA_CSV0000000000033156.csv,USA_CSV0000000000035827.csv,Registry Date,Registry Date
USA_CSV0000000000033156.csv,USA_CSV0000000000033543.csv,Registry Number,Registry Number
USA_CSV0000000000033156.csv,USA_CSV0000000000033630.csv,Registry Number,Registry Number
USA_CSV0000000000031994.csv,USA_CSV0000000000033156.csv,Registry Number,Registry Number
UK_CSV0000000000001955.csv,UK_CSV0000000000004295.csv,Falls within,Falls within
UK_CSV0000000000001955.csv,UK_CSV0000000000004295.csv,Reported by,Reported by
UK_CSV0000000000001955.csv,UK_CSV0000000000004295.csv,Crime type,Crime type
USA_CSV0000000000034847.csv,USA_CSV0000000000035122.csv,Street Name,Street Name
USA_CSV0000000000035122.csv,USA_CSV0000000000035745.csv,Street Name,Street Name
USA_CSV0000000000015120.csv,USA_CSV0000000000035122.csv,Street Name,Street Name
USA_CSV0000000000031647.csv,USA_CSV0000000000035122.csv,Street Name,Street Name
CAN_CSV0000000000003274.csv,CAN_CSV0000000000016419.csv,Review Type,Review Type
CAN_CSV0000000000003274.csv,CAN_CSV0000000000026045.csv,Review Type,Review Type
CAN_CSV0000000000003274.csv,CAN_CSV0000000000009663.csv,Review Type,Review Type
CAN_CSV0000000000003274.csv,CAN_CSV0000000000009470.csv,Review Type,Review Type
CAN_CSV0000000000003274.csv,CAN_CSV0000000000016419.csv,Race Group,Race Group
CAN_CSV0000000000003274.csv,CAN_CSV0000000000026045.csv,Race Group,Race Group
CAN_CSV0000000000003274.csv,CAN_CSV0000000000009663.csv,Race Group,Race Group
CAN_CSV0000000000003274.csv,CAN_CSV0000000000016419.csv,Decision Month,Decision Month
CAN_CSV0000000000003274.csv,CAN_CSV0000000000026045.csv,Decision Month,Decision Month
CAN_CSV0000000000003274.csv,CAN_CSV0000000000016419.csv,Final Decision,Final Decision
CAN_CSV0000000000003274.csv,CAN_CSV0000000000026045.csv,Final Decision,Final Decision
CAN_CSV0000000000003274.csv,CAN_CSV0000000000009470.csv,Final Decision,Final Decision
CAN_CSV0000000000003274.csv,CAN_CSV0000000000016419.csv,Decision Category,Decision Category
CAN_CSV0000000000003274.csv,CAN_CSV0000000000026045.csv,Decision Category,Decision Category
CAN_CSV0000000000003274.csv,CAN_CSV0000000000009663.csv,Decision Category,Decision Category
CAN_CSV0000000000003274.csv,CAN_CSV0000000000016419.csv,Decision Purpose,Decision Purpose
CAN_CSV0000000000003274.csv,CAN_CSV0000000000026045.csv,Decision Purpose,Decision Purpose
CAN_CSV0000000000003274.csv,CAN_CSV0000000000009663.csv,Decision Purpose,Decision Purpose
CAN_CSV0000000000003274.csv,CAN_CSV0000000000016419.csv,Decision Type Group,Decision Type Group
CAN_CSV0000000000003274.csv,CAN_CSV0000000000026045.csv,Decision Type Group,Decision Type Group
CAN_CSV0000000000003274.csv,CAN_CSV0000000000009470.csv,Decision Type Group,Decision Type Group
CAN_CSV0000000000003274.csv,CAN_CSV0000000000016419.csv,Decision Type,Decision Type
CAN_CSV0000000000003274.csv,CAN_CSV0000000000026045.csv,Decision Type,Decision Type
CAN_CSV0000000000003274.csv,CAN_CSV0000000000009470.csv,Decision Type,Decision Type
USA_CSV0000000000006400.csv,USA_CSV0000000000018004.csv,Community Board,Community Board
CAN_CSV0000000000019350.csv,CAN_CSV0000000000024695.csv,Facility details,Facility details
CAN_CSV0000000000019350.csv,CAN_CSV0000000000024695.csv,Company name,Company name
CAN_CSV0000000000019350.csv,CAN_CSV0000000000024695.csv,Facility name,Facility name
CAN_CSV0000000000008165.csv,CAN_CSV0000000000024921.csv,TERME_FR_PARAMETRE,TERME_FR_PARAMETRE
CAN_CSV0000000000008165.csv,CAN_CSV0000000000024921.csv,SUBJECT_EN,SUBJECT_EN
CAN_CSV0000000000008165.csv,CAN_CSV0000000000024921.csv,DOMAINE_FR,DOMAINE_FR
CAN_CSV0000000000008165.csv,CAN_CSV0000000000024921.csv,JUSTIFICATION_1_FR,JUSTIFICATION_1_FR
CAN_CSV0000000000008165.csv,CAN_CSV0000000000024921.csv,TERM_EN_PARAMETER,TERM_EN_PARAMETER
CAN_CSV0000000000007676.csv,CAN_CSV0000000000007677.csv,Deph/Profondeur(m),Deph/Profondeur(m)
CAN_CSV0000000000007676.csv,CAN_CSV0000000000007677.csv,Salinity/Salinité,Salinity/Salinité
CAN_CSV0000000000007676.csv,CAN_CSV0000000000007677.csv,Ship/Navire,Ship/Navire
CAN_CSV0000000000003595.csv,CAN_CSV0000000000021131.csv,Outcome Fiscal Year,Outcome Fiscal Year
CAN_CSV0000000000003595.csv,CAN_CSV0000000000021131.csv,Method of Trial,Method of Trial
CAN_CSV0000000000003595.csv,CAN_CSV0000000000021131.csv,Outcome Month,Outcome Month
CAN_CSV0000000000003595.csv,CAN_CSV0000000000021131.csv,Request Type,Request Type
USA_CSV0000000000033432.csv,USA_CSV0000000000036536.csv,year_of_enactment,year_of_enactment
USA_CSV0000000000033600.csv,USA_CSV0000000000036536.csv,year_of_enactment,year_of_enactment
USA_CSV0000000000032324.csv,USA_CSV0000000000036536.csv,year_of_enactment,year_of_enactment
USA_CSV0000000000035269.csv,USA_CSV0000000000036536.csv,year_of_enactment,year_of_enactment
USA_CSV0000000000036536.csv,USA_CSV0000000000036961.csv,year_of_enactment,year_of_enactment
USA_CSV0000000000035888.csv,USA_CSV0000000000036536.csv,year_of_enactment,year_of_enactment
USA_CSV0000000000033288.csv,USA_CSV0000000000036536.csv,year_of_enactment,year_of_enactment
USA_CSV0000000000033774.csv,USA_CSV0000000000036536.csv,year_of_enactment,year_of_enactment
USA_CSV0000000000035271.csv,USA_CSV0000000000036536.csv,year_of_enactment,year_of_enactment
USA_CSV0000000000036536.csv,USA_CSV0000000000036844.csv,year_of_enactment,year_of_enactment
USA_CSV0000000000033432.csv,USA_CSV0000000000036536.csv,program_code,program_code
USA_CSV0000000000033600.csv,USA_CSV0000000000036536.csv,program_code,program_code
USA_CSV0000000000032324.csv,USA_CSV0000000000036536.csv,program_code,program_code
USA_CSV0000000000035712.csv,USA_CSV0000000000036536.csv,program_code,program_code
USA_CSV0000000000035269.csv,USA_CSV0000000000036536.csv,program_code,program_code
USA_CSV0000000000036536.csv,USA_CSV0000000000036961.csv,program_code,program_code
USA_CSV0000000000033432.csv,USA_CSV0000000000036536.csv,vendor_name,vendor_name
USA_CSV0000000000033600.csv,USA_CSV0000000000036536.csv,vendor_name,vendor_name
USA_CSV0000000000032324.csv,USA_CSV0000000000036536.csv,vendor_name,vendor_name
USA_CSV0000000000035269.csv,USA_CSV0000000000036536.csv,vendor_name,vendor_name
USA_CSV0000000000036536.csv,USA_CSV0000000000036961.csv,vendor_name,vendor_name
USA_CSV0000000000035888.csv,USA_CSV0000000000036536.csv,vendor_name,vendor_name
USA_CSV0000000000033288.csv,USA_CSV0000000000036536.csv,vendor_name,vendor_name
USA_CSV0000000000033432.csv,USA_CSV0000000000036536.csv,program_description,program_description
USA_CSV0000000000033600.csv,USA_CSV0000000000036536.csv,program_description,program_description
USA_CSV0000000000032324.csv,USA_CSV0000000000036536.csv,program_description,program_description
USA_CSV0000000000035712.csv,USA_CSV0000000000036536.csv,program_description,program_description
USA_CSV0000000000033432.csv,USA_CSV0000000000036536.csv,budget_reference,budget_reference
USA_CSV0000000000033600.csv,USA_CSV0000000000036536.csv,budget_reference,budget_reference
USA_CSV0000000000032324.csv,USA_CSV0000000000036536.csv,budget_reference,budget_reference
USA_CSV0000000000035712.csv,USA_CSV0000000000036536.csv,budget_reference,budget_reference
USA_CSV0000000000033432.csv,USA_CSV0000000000036536.csv,agency_name,agency_name
USA_CSV0000000000033600.csv,USA_CSV0000000000036536.csv,agency_name,agency_name
USA_CSV0000000000032324.csv,USA_CSV0000000000036536.csv,agency_name,agency_name
USA_CSV0000000000035712.csv,USA_CSV0000000000036536.csv,agency_name,agency_name
USA_CSV0000000000035269.csv,USA_CSV0000000000036536.csv,agency_name,agency_name
USA_CSV0000000000036536.csv,USA_CSV0000000000036961.csv,agency_name,agency_name
USA_CSV0000000000035888.csv,USA_CSV0000000000036536.csv,agency_name,agency_name
USA_CSV0000000000033432.csv,USA_CSV0000000000036536.csv,account_description,account_description
USA_CSV0000000000033600.csv,USA_CSV0000000000036536.csv,account_description,account_description
USA_CSV0000000000032324.csv,USA_CSV0000000000036536.csv,account_description,account_description
USA_CSV0000000000035269.csv,USA_CSV0000000000036536.csv,account_description,account_description
USA_CSV0000000000036536.csv,USA_CSV0000000000036961.csv,account_description,account_description
USA_CSV0000000000035888.csv,USA_CSV0000000000036536.csv,account_description,account_description
USA_CSV0000000000033288.csv,USA_CSV0000000000036536.csv,account_description,account_description
USA_CSV0000000000033774.csv,USA_CSV0000000000036536.csv,account_description,account_description
USA_CSV0000000000035271.csv,USA_CSV0000000000036536.csv,account_description,account_description
USA_CSV0000000000033432.csv,USA_CSV0000000000036536.csv,accounting_period,accounting_period
USA_CSV0000000000033600.csv,USA_CSV0000000000036536.csv,accounting_period,accounting_period
USA_CSV0000000000032324.csv,USA_CSV0000000000036536.csv,accounting_period,accounting_period
USA_CSV0000000000035712.csv,USA_CSV0000000000036536.csv,accounting_period,accounting_period
USA_CSV0000000000033432.csv,USA_CSV0000000000036536.csv,accounting_date,accounting_date
USA_CSV0000000000033600.csv,USA_CSV0000000000036536.csv,accounting_date,accounting_date
USA_CSV0000000000032324.csv,USA_CSV0000000000036536.csv,accounting_date,accounting_date
USA_CSV0000000000035712.csv,USA_CSV0000000000036536.csv,accounting_date,accounting_date
USA_CSV0000000000033432.csv,USA_CSV0000000000036536.csv,account_type,account_type
USA_CSV0000000000033600.csv,USA_CSV0000000000036536.csv,account_type,account_type
USA_CSV0000000000032324.csv,USA_CSV0000000000036536.csv,account_type,account_type
USA_CSV0000000000033432.csv,USA_CSV0000000000036536.csv,fund_description,fund_description
USA_CSV0000000000033600.csv,USA_CSV0000000000036536.csv,fund_description,fund_description
USA_CSV0000000000032324.csv,USA_CSV0000000000036536.csv,fund_description,fund_description
USA_CSV0000000000035269.csv,USA_CSV0000000000036536.csv,fund_description,fund_description
USA_CSV0000000000036536.csv,USA_CSV0000000000036961.csv,fund_description,fund_description
USA_CSV0000000000033432.csv,USA_CSV0000000000036536.csv,department_name,department_name
USA_CSV0000000000033600.csv,USA_CSV0000000000036536.csv,department_name,department_name
USA_CSV0000000000032324.csv,USA_CSV0000000000036536.csv,department_name,department_name
USA_CSV0000000000035712.csv,USA_CSV0000000000036536.csv,department_name,department_name
USA_CSV0000000000035269.csv,USA_CSV0000000000036536.csv,department_name,department_name
USA_CSV0000000000036536.csv,USA_CSV0000000000036961.csv,department_name,department_name
USA_CSV0000000000033432.csv,USA_CSV0000000000036536.csv,fiscal_year_begin,fiscal_year_begin
USA_CSV0000000000033600.csv,USA_CSV0000000000036536.csv,fiscal_year_begin,fiscal_year_begin
USA_CSV0000000000032324.csv,USA_CSV0000000000036536.csv,fiscal_year_begin,fiscal_year_begin
USA_CSV0000000000035712.csv,USA_CSV0000000000036536.csv,fiscal_year_begin,fiscal_year_begin
USA_CSV0000000000035269.csv,USA_CSV0000000000036536.csv,fiscal_year_begin,fiscal_year_begin
USA_CSV0000000000036536.csv,USA_CSV0000000000036961.csv,fiscal_year_begin,fiscal_year_begin
USA_CSV0000000000033432.csv,USA_CSV0000000000036536.csv,fund_group,fund_group
USA_CSV0000000000033600.csv,USA_CSV0000000000036536.csv,fund_group,fund_group
USA_CSV0000000000032324.csv,USA_CSV0000000000036536.csv,fund_group,fund_group
USA_CSV0000000000035269.csv,USA_CSV0000000000036536.csv,fund_group,fund_group
USA_CSV0000000000036536.csv,USA_CSV0000000000036961.csv,fund_group,fund_group
USA_CSV0000000000035888.csv,USA_CSV0000000000036536.csv,fund_group,fund_group
USA_CSV0000000000033288.csv,USA_CSV0000000000036536.csv,fund_group,fund_group
USA_CSV0000000000033774.csv,USA_CSV0000000000036536.csv,fund_group,fund_group
USA_CSV0000000000035271.csv,USA_CSV0000000000036536.csv,fund_group,fund_group
USA_CSV0000000000033432.csv,USA_CSV0000000000036536.csv,account_category,account_category
USA_CSV0000000000033600.csv,USA_CSV0000000000036536.csv,account_category,account_category
USA_CSV0000000000032324.csv,USA_CSV0000000000036536.csv,account_category,account_category
USA_CSV0000000000035269.csv,USA_CSV0000000000036536.csv,account_category,account_category
USA_CSV0000000000036536.csv,USA_CSV0000000000036961.csv,account_category,account_category
USA_CSV0000000000035888.csv,USA_CSV0000000000036536.csv,account_category,account_category
USA_CSV0000000000033288.csv,USA_CSV0000000000036536.csv,account_category,account_category
USA_CSV0000000000033774.csv,USA_CSV0000000000036536.csv,account_category,account_category
USA_CSV0000000000035271.csv,USA_CSV0000000000036536.csv,account_category,account_category
USA_CSV0000000000033432.csv,USA_CSV0000000000036536.csv,document_id,document_id
USA_CSV0000000000033600.csv,USA_CSV0000000000036536.csv,document_id,document_id
USA_CSV0000000000032324.csv,USA_CSV0000000000036536.csv,document_id,document_id
USA_CSV0000000000035712.csv,USA_CSV0000000000036536.csv,document_id,document_id
USA_CSV0000000000033432.csv,USA_CSV0000000000036536.csv,business_unit,business_unit
USA_CSV0000000000033600.csv,USA_CSV0000000000036536.csv,business_unit,business_unit
USA_CSV0000000000032324.csv,USA_CSV0000000000036536.csv,business_unit,business_unit
USA_CSV0000000000035712.csv,USA_CSV0000000000036536.csv,business_unit,business_unit
USA_CSV0000000000033432.csv,USA_CSV0000000000036536.csv,monetary_amount,monetary_amount
USA_CSV0000000000033600.csv,USA_CSV0000000000036536.csv,monetary_amount,monetary_amount
USA_CSV0000000000032324.csv,USA_CSV0000000000036536.csv,monetary_amount,monetary_amount
USA_CSV0000000000035712.csv,USA_CSV0000000000036536.csv,monetary_amount,monetary_amount
USA_CSV0000000000035269.csv,USA_CSV0000000000036536.csv,monetary_amount,monetary_amount
CAN_CSV0000000000003595.csv,CAN_CSV0000000000021131.csv,Outcome Fiscal Year,Outcome Fiscal Year
CAN_CSV0000000000003595.csv,CAN_CSV0000000000021131.csv,Outcome Month,Outcome Month
CAN_CSV0000000000003595.csv,CAN_CSV0000000000021131.csv,Request Type,Request Type
USA_CSV0000000000037099.csv,USA_CSV0000000000037302.csv,ACCOUNT_DESCR,ACCOUNT_DESCR
USA_CSV0000000000033066.csv,USA_CSV0000000000037099.csv,ACCOUNT_DESCR,ACCOUNT_DESCR
USA_CSV0000000000036104.csv,USA_CSV0000000000037099.csv,ACCOUNT_DESCR,ACCOUNT_DESCR
USA_CSV0000000000037099.csv,USA_CSV0000000000037302.csv,VOUCHER_ID,VOUCHER_ID
USA_CSV0000000000033066.csv,USA_CSV0000000000037099.csv,VOUCHER_ID,VOUCHER_ID
USA_CSV0000000000036104.csv,USA_CSV0000000000037099.csv,VOUCHER_ID,VOUCHER_ID
USA_CSV0000000000037099.csv,USA_CSV0000000000037302.csv,FUND_DESCR,FUND_DESCR
USA_CSV0000000000033066.csv,USA_CSV0000000000037099.csv,FUND_DESCR,FUND_DESCR
USA_CSV0000000000036104.csv,USA_CSV0000000000037099.csv,FUND_DESCR,FUND_DESCR
USA_CSV0000000000037099.csv,USA_CSV0000000000037302.csv,BUSINESS_UNIT,BUSINESS_UNIT
USA_CSV0000000000033066.csv,USA_CSV0000000000037099.csv,BUSINESS_UNIT,BUSINESS_UNIT
USA_CSV0000000000024884.csv,USA_CSV0000000000037099.csv,BUSINESS_UNIT,BUSINESS_UNIT
USA_CSV0000000000036104.csv,USA_CSV0000000000037099.csv,BUSINESS_UNIT,BUSINESS_UNIT
USA_CSV0000000000037099.csv,USA_CSV0000000000037302.csv,TRANSACTION_TYPE,TRANSACTION_TYPE
USA_CSV0000000000033066.csv,USA_CSV0000000000037099.csv,TRANSACTION_TYPE,TRANSACTION_TYPE
USA_CSV0000000000036104.csv,USA_CSV0000000000037099.csv,TRANSACTION_TYPE,TRANSACTION_TYPE
USA_CSV0000000000037099.csv,USA_CSV0000000000037302.csv,CLASS_DESCR,CLASS_DESCR
USA_CSV0000000000033066.csv,USA_CSV0000000000037099.csv,CLASS_DESCR,CLASS_DESCR
USA_CSV0000000000037099.csv,USA_CSV0000000000037302.csv,OCP_AGNCY_NAME,OCP_AGNCY_NAME
USA_CSV0000000000033066.csv,USA_CSV0000000000037099.csv,OCP_AGNCY_NAME,OCP_AGNCY_NAME
USA_CSV0000000000024884.csv,USA_CSV0000000000037099.csv,OCP_AGNCY_NAME,OCP_AGNCY_NAME
USA_CSV0000000000036104.csv,USA_CSV0000000000037099.csv,OCP_AGNCY_NAME,OCP_AGNCY_NAME
USA_CSV0000000000037099.csv,USA_CSV0000000000037302.csv,FISCAL_YR_TAS,FISCAL_YR_TAS
USA_CSV0000000000033066.csv,USA_CSV0000000000037099.csv,FISCAL_YR_TAS,FISCAL_YR_TAS
USA_CSV0000000000036104.csv,USA_CSV0000000000037099.csv,FISCAL_YR_TAS,FISCAL_YR_TAS
USA_CSV0000000000033543.csv,USA_CSV0000000000035439.csv,Entity Type,Entity Type
USA_CSV0000000000033630.csv,USA_CSV0000000000035439.csv,Entity Type,Entity Type
USA_CSV0000000000031994.csv,USA_CSV0000000000035439.csv,Entity Type,Entity Type
USA_CSV0000000000034329.csv,USA_CSV0000000000035439.csv,Entity Type,Entity Type
USA_CSV0000000000033156.csv,USA_CSV0000000000035439.csv,Entity Type,Entity Type
USA_CSV0000000000035439.csv,USA_CSV0000000000035827.csv,Entity Type,Entity Type
USA_CSV0000000000031994.csv,USA_CSV0000000000035439.csv,Business Name,Business Name
USA_CSV0000000000035439.csv,USA_CSV0000000000035827.csv,Business Name,Business Name
USA_CSV0000000000033543.csv,USA_CSV0000000000035439.csv,Registry Date,Registry Date
USA_CSV0000000000033630.csv,USA_CSV0000000000035439.csv,Registry Date,Registry Date
USA_CSV0000000000031994.csv,USA_CSV0000000000035439.csv,Registry Date,Registry Date
USA_CSV0000000000034329.csv,USA_CSV0000000000035439.csv,Registry Date,Registry Date
USA_CSV0000000000033156.csv,USA_CSV0000000000035439.csv,Registry Date,Registry Date
USA_CSV0000000000035439.csv,USA_CSV0000000000035827.csv,Registry Date,Registry Date
CAN_CSV0000000000003356.csv,CAN_CSV0000000000022798.csv,CBSA Office,CBSA Office
CAN_CSV0000000000012108.csv,CAN_CSV0000000000022798.csv,CBSA Office,CBSA Office
CAN_CSV0000000000003356.csv,CAN_CSV0000000000022798.csv,Commercial Flow,Commercial Flow
CAN_CSV0000000000012108.csv,CAN_CSV0000000000022798.csv,Commercial Flow,Commercial Flow
CAN_CSV0000000000015899.csv,CAN_CSV0000000000022798.csv,Commercial Flow,Commercial Flow
USA_CSV0000000000012886.csv,USA_CSV0000000000034460.csv,BusinessName,BusinessName
