query_table,candidate_table,query_column,candidate_column,joinable_level,column_joinable
CAN_CSV0000000000001787__12.csv,CAN_CSV0000000000001797__0.csv,RentLocation,RentLocation,4,YES
CAN_CSV0000000000001787__39.csv,CAN_CSV0000000000001797__21.csv,Province/Canada,Province/Canada,4,YES
UK_CSV0000000000002010__6.csv,UK_CSV0000000000006676__5.csv,Kidney Disease,Kidney Disease,4,NO
UK_CSV0000000000002010__6.csv,UK_CSV0000000000006676__5.csv,Post-Op Q Activity,Post-Op Q Activity,4,YES
UK_CSV0000000000002010__6.csv,UK_CSV0000000000006676__5.csv,Pre-Op Q Disability,Pre-Op Q Disability,4,YES
UK_CSV0000000000002010__6.csv,UK_CSV0000000000006676__5.csv,Pre-Op Q Mobility,Pre-Op Q Mobility,4,YES
UK_CSV0000000000002010__6.csv,UK_CSV0000000000006676__5.csv,Depression,Depression,4,NO
CAN_CSV0000000000001787__40.csv,CAN_CSV0000000000001787__5.csv,Province/Canada,Province/Canada,4,YES
CAN_CSV0000000000001487__20.csv,CAN_CSV0000000000001487__26.csv,ALTMETR_SETNG,ALTMETR_SETNG,4,NO
CAN_CSV0000000000001487__20.csv,CAN_CSV0000000000001487__26.csv,PCPN_AMT_PST6HRS_QA,PCPN_AMT_PST6HRS_QA,4,NO
CAN_CSV0000000000001487__20.csv,CAN_CSV0000000000001487__26.csv,AVG_AIR_TEMP_PST1MT,AVG_AIR_TEMP_PST1MT,4,NO
CAN_CSV0000000000001487__20.csv,CAN_CSV0000000000001487__26.csv,AVG_VIS_PST10MTS,AVG_VIS_PST10MTS,4,NO
CAN_CSV0000000000001787__41.csv,CAN_CSV0000000000001787__5.csv,Province/Canada,Province/Canada,4,YES
UK_CSV0000000000006676__34.csv,UK_CSV0000000000006676__5.csv,Pre-Op Q Disability,Pre-Op Q Disability,4,YES
UK_CSV0000000000002010__6.csv,UK_CSV0000000000003896__3.csv,Provider Code,Provider Code,4,YES
UK_CSV0000000000002010__6.csv,UK_CSV0000000000003896__3.csv,Pre-Op Q Activity,Pre-Op Q Activity,4,YES
UK_CSV0000000000002010__6.csv,UK_CSV0000000000003896__3.csv,Post-Op Q Wound,Post-Op Q Wound,4,YES
CAN_CSV0000000000001724__46.csv,CAN_CSV0000000000001787__10.csv,RentLocation,RentLocation,4,YES
UK_CSV0000000000006676__2.csv,UK_CSV0000000000006676__5.csv,Pre-Op Q Disability,Pre-Op Q Disability,4,YES
CAN_CSV0000000000027349__20.csv,CAN_CSV0000000000027355__22.csv,DNSTY_ALTD,DNSTY_ALTD,4,NO
CAN_CSV0000000000001487__26.csv,CAN_CSV0000000000027346__30.csv,DATA_ATTRIB_NOT,DATA_ATTRIB_NOT,4,NO
CAN_CSV0000000000001487__26.csv,CAN_CSV0000000000027346__30.csv,AVG_VIS_PST10MTS_QA,AVG_VIS_PST10MTS_QA,4,NO
CAN_CSV0000000000001487__26.csv,CAN_CSV0000000000027346__30.csv,AVG_REL_HUM_PST1MT,AVG_REL_HUM_PST1MT,4,NO
CAN_CSV0000000000001487__26.csv,CAN_CSV0000000000027346__30.csv,PCPN_AMT_PST1MT_QA,PCPN_AMT_PST1MT_QA,4,NO
CAN_CSV0000000000001487__26.csv,CAN_CSV0000000000027346__30.csv,AVG_VIS_PST1MT,AVG_VIS_PST1MT,4,NO
CAN_CSV0000000000001487__23.csv,CAN_CSV0000000000001487__26.csv,ALTMETR_SETNG,ALTMETR_SETNG,4,NO
CAN_CSV0000000000001487__23.csv,CAN_CSV0000000000001487__26.csv,PCPN_AMT_PST6HRS_QA,PCPN_AMT_PST6HRS_QA,4,NO
CAN_CSV0000000000001487__23.csv,CAN_CSV0000000000001487__26.csv,AVG_AIR_TEMP_PST1MT,AVG_AIR_TEMP_PST1MT,4,NO
CAN_CSV0000000000001487__23.csv,CAN_CSV0000000000001487__26.csv,AVG_VIS_PST10MTS,AVG_VIS_PST10MTS,4,NO
UK_CSV0000000000003896__3.csv,UK_CSV0000000000003896__8.csv,Post-Op Q Self-Care,Post-Op Q Self-Care,4,YES
UK_CSV0000000000003896__3.csv,UK_CSV0000000000003896__8.csv,Pre-Op Q EQ5D Index,Pre-Op Q EQ5D Index,4,YES
CAN_CSV0000000000001487__20.csv,CAN_CSV0000000000001487__8.csv,AVG_MSLP_PST1MT_QA,AVG_MSLP_PST1MT_QA,4,NO
CAN_CSV0000000000001487__20.csv,CAN_CSV0000000000001487__8.csv,PRSNT_WX_1_QA,PRSNT_WX_1_QA,4,NO
CAN_CSV0000000000001487__20.csv,CAN_CSV0000000000001487__8.csv,AVG_MSLP_PST1MT,AVG_MSLP_PST1MT,4,NO
CAN_CSV0000000000001487__20.csv,CAN_CSV0000000000001487__8.csv,AVG_AIR_TEMP_PST1MT,AVG_AIR_TEMP_PST1MT,4,NO
CAN_CSV0000000000001487__20.csv,CAN_CSV0000000000001487__8.csv,AVG_VIS_PST10MTS,AVG_VIS_PST10MTS,4,NO
UK_CSV0000000000002010__10.csv,UK_CSV0000000000007396__13.csv,Post-Op Q Activity,Post-Op Q Activity,4,YES
USA_CSV0000000000033847__14.csv,USA_CSV0000000000033847__5.csv,SHOULDER_WIDTH_L,SHOULDER_WIDTH_L,4,NO
USA_CSV0000000000033847__14.csv,USA_CSV0000000000033847__5.csv,AT_GRADE_SIGNS,AT_GRADE_SIGNS,4,NO
UK_CSV0000000000003896__4.csv,UK_CSV0000000000007396__13.csv,Revision Flag,Revision Flag,4,NO
UK_CSV0000000000003896__4.csv,UK_CSV0000000000007396__13.csv,Post-Op Q Self-Care,Post-Op Q Self-Care,4,YES
UK_CSV0000000000003896__4.csv,UK_CSV0000000000007396__13.csv,Pre-Op Q EQ5D Index,Pre-Op Q EQ5D Index,4,YES
UK_CSV0000000000003896__4.csv,UK_CSV0000000000007396__13.csv,Pre-Op Q Anxiety,Pre-Op Q Anxiety,4,YES
CAN_CSV0000000000027349__19.csv,CAN_CSV0000000000027349__21.csv,AVG_REL_HUM_PST1MT,AVG_REL_HUM_PST1MT,4,NO
CAN_CSV0000000000001724__13.csv,CAN_CSV0000000000001797__36.csv,Province/Canada,Province/Canada,4,YES
UK_CSV0000000000003896__16.csv,UK_CSV0000000000007396__10.csv,Post-Op Q Sucess,Post-Op Q Sucess,4,NO
UK_CSV0000000000003896__16.csv,UK_CSV0000000000007396__10.csv,Post-Op Q Bleeding,Post-Op Q Bleeding,4,YES
UK_CSV0000000000003896__16.csv,UK_CSV0000000000007396__10.csv,Post-Op Q Self-Care,Post-Op Q Self-Care,4,YES
UK_CSV0000000000002010__31.csv,UK_CSV0000000000003896__0.csv,Pre-Op Q Activity,Pre-Op Q Activity,4,YES
UK_CSV0000000000002010__31.csv,UK_CSV0000000000003896__0.csv,Pre-Op Q Self-Care,Pre-Op Q Self-Care,4,YES
CAN_CSV0000000000027346__14.csv,CAN_CSV0000000000027346__30.csv,AVG_VIS_PST10MTS_QA,AVG_VIS_PST10MTS_QA,4,NO
USA_CSV0000000000033847__3.csv,USA_CSV0000000000034882__22.csv,SHOULDER_WIDTH_L,SHOULDER_WIDTH_L,4,NO
USA_CSV0000000000033847__3.csv,USA_CSV0000000000034882__22.csv,VERT_ALIGN,VERT_ALIGN,4,YES
USA_CSV0000000000033847__3.csv,USA_CSV0000000000034882__22.csv,STD_EXP_FACTOR,STD_EXP_FACTOR,4,NO
USA_CSV0000000000033847__3.csv,USA_CSV0000000000034882__22.csv,ROUTE_SIGNING,ROUTE_SIGNING,4,YES
USA_CSV0000000000033847__3.csv,USA_CSV0000000000034882__22.csv,PERC_COMBINATION,PERC_COMBINATION,4,NO
USA_CSV0000000000033847__3.csv,USA_CSV0000000000034882__22.csv,SPECIAL_SYSTEMS,SPECIAL_SYSTEMS,4,NO
USA_CSV0000000000033847__3.csv,USA_CSV0000000000034882__22.csv,DONUT_EXP_FACTOR,DONUT_EXP_FACTOR,4,NO
USA_CSV0000000000033847__12.csv,USA_CSV0000000000034882__26.csv,LANE_WIDTH,LANE_WIDTH,4,NO
USA_CSV0000000000033847__12.csv,USA_CSV0000000000034882__26.csv,INTER_ROUTE_NUMBER,INTER_ROUTE_NUMBER,4,YES
USA_CSV0000000000033847__12.csv,USA_CSV0000000000034882__26.csv,TYPE_FACILITY,TYPE_FACILITY,4,YES
USA_CSV0000000000033847__12.csv,USA_CSV0000000000034882__26.csv,THROUGH_LANES,THROUGH_LANES,4,YES
USA_CSV0000000000033847__12.csv,USA_CSV0000000000034882__26.csv,UNBUILT_FACILITY,UNBUILT_FACILITY,4,NO
USA_CSV0000000000033847__12.csv,USA_CSV0000000000034882__26.csv,YEAR_RECORD,YEAR_RECORD,4,YES
UK_CSV0000000000006676__5.csv,UK_CSV0000000000007396__12.csv,Post-Op Q Activity,Post-Op Q Activity,4,YES
UK_CSV0000000000006676__5.csv,UK_CSV0000000000007396__12.csv,Post-Op Q Bleeding,Post-Op Q Bleeding,4,YES
UK_CSV0000000000006676__5.csv,UK_CSV0000000000007396__12.csv,Post-Op Q Self-Care,Post-Op Q Self-Care,4,YES
UK_CSV0000000000006676__5.csv,UK_CSV0000000000007396__12.csv,Pre-Op Q EQ5D Index,Pre-Op Q EQ5D Index,4,YES
CAN_CSV0000000000001787__0.csv,CAN_CSV0000000000001787__36.csv,Province/Canada,Province/Canada,4,YES
CAN_CSV0000000000001487__6.csv,CAN_CSV0000000000027346__30.csv,AVG_MSLP_PST1MT_QA,AVG_MSLP_PST1MT_QA,4,NO
CAN_CSV0000000000001487__6.csv,CAN_CSV0000000000027346__30.csv,ICAO_STN_ID,ICAO_STN_ID,4,YES
CAN_CSV0000000000001487__6.csv,CAN_CSV0000000000027346__30.csv,AVG_REL_HUM_PST1MT,AVG_REL_HUM_PST1MT,4,NO
CAN_CSV0000000000001487__6.csv,CAN_CSV0000000000027346__30.csv,AVG_VIS_PST10MTS,AVG_VIS_PST10MTS,4,NO
CAN_CSV0000000000001487__10.csv,CAN_CSV0000000000027346__30.csv,AVG_MSLP_PST1MT_QA,AVG_MSLP_PST1MT_QA,4,NO
CAN_CSV0000000000001487__10.csv,CAN_CSV0000000000027346__30.csv,ICAO_STN_ID,ICAO_STN_ID,4,YES
CAN_CSV0000000000001487__10.csv,CAN_CSV0000000000027346__30.csv,AVG_REL_HUM_PST1MT,AVG_REL_HUM_PST1MT,4,NO
CAN_CSV0000000000001487__10.csv,CAN_CSV0000000000027346__30.csv,AVG_VIS_PST10MTS,AVG_VIS_PST10MTS,4,NO
UK_CSV0000000000007396__10.csv,UK_CSV0000000000007396__13.csv,Post-Op Q Activity,Post-Op Q Activity,4,YES
UK_CSV0000000000003896__16.csv,UK_CSV0000000000007396__13.csv,Post-Op Q Sucess,Post-Op Q Sucess,4,NO
UK_CSV0000000000003896__16.csv,UK_CSV0000000000007396__13.csv,Post-Op Q Bleeding,Post-Op Q Bleeding,4,YES
UK_CSV0000000000002010__30.csv,UK_CSV0000000000002010__6.csv,Liver Disease,Liver Disease,4,NO
UK_CSV0000000000002010__30.csv,UK_CSV0000000000002010__6.csv,Pre-Op Q Activity,Pre-Op Q Activity,4,YES
UK_CSV0000000000002010__31.csv,UK_CSV0000000000002010__9.csv,Liver Disease,Liver Disease,4,NO
SG_CSV0000000000000925__0.csv,SG_CSV0000000000000925__44.csv,ban_children4,ban_children4,4,NO
SG_CSV0000000000000925__0.csv,SG_CSV0000000000000925__44.csv,md_segment,md_segment,4,YES
SG_CSV0000000000000925__0.csv,SG_CSV0000000000000925__44.csv,highestlevel,highestlevel,4,YES
SG_CSV0000000000000925__6.csv,SG_CSV0000000000001714__6.csv,ban_q18_q191,ban_q18_q191,4,NO
SG_CSV0000000000000925__6.csv,SG_CSV0000000000001714__6.csv,occupation2,occupation2,4,YES
SG_CSV0000000000000925__44.csv,SG_CSV0000000000000925__6.csv,ban_children4,ban_children4,4,NO
SG_CSV0000000000000925__44.csv,SG_CSV0000000000000925__6.csv,md_segment,md_segment,4,YES
UK_CSV0000000000003896__4.csv,UK_CSV0000000000003896__8.csv,Post-Op Q Self-Care,Post-Op Q Self-Care,4,YES
UK_CSV0000000000003896__4.csv,UK_CSV0000000000003896__8.csv,Pre-Op Q EQ5D Index,Pre-Op Q EQ5D Index,4,YES
UK_CSV0000000000003896__4.csv,UK_CSV0000000000003896__8.csv,Post-Op Q Wound,Post-Op Q Wound,4,YES
CAN_CSV0000000000001724__45.csv,CAN_CSV0000000000001787__10.csv,RentLocation,RentLocation,4,YES
CAN_CSV0000000000001487__23.csv,CAN_CSV0000000000027353__2.csv,AVG_STN_PRES_PST1MT,AVG_STN_PRES_PST1MT,4,NO
CAN_CSV0000000000001487__23.csv,CAN_CSV0000000000027353__2.csv,MIN_AIR_TEMP_PST1HR,MIN_AIR_TEMP_PST1HR,4,NO
CAN_CSV0000000000001487__24.csv,CAN_CSV0000000000027346__35.csv,AVG_VIS_PST10MTS_QA,AVG_VIS_PST10MTS_QA,4,NO
CAN_CSV0000000000001487__24.csv,CAN_CSV0000000000027346__35.csv,PCPN_AMT_PST1MT_QA,PCPN_AMT_PST1MT_QA,4,NO
CAN_CSV0000000000001487__24.csv,CAN_CSV0000000000027346__30.csv,PCPN_AMT_PST1MT_QA,PCPN_AMT_PST1MT_QA,4,NO
USA_CSV0000000000034882__25.csv,USA_CSV0000000000037101__17.csv,STD_VOLUME_GROUP,STD_VOLUME_GROUP,4,NO
USA_CSV0000000000034882__25.csv,USA_CSV0000000000037101__17.csv,DIR_FACTOR,DIR_FACTOR,4,NO
USA_CSV0000000000034882__25.csv,USA_CSV0000000000037101__17.csv,TYPE_FACILITY,TYPE_FACILITY,4,YES
USA_CSV0000000000033847__10.csv,USA_CSV0000000000034882__12.csv,STD_VOLUME_GROUP,STD_VOLUME_GROUP,4,NO
USA_CSV0000000000033847__10.csv,USA_CSV0000000000034882__12.csv,PEAK_CAPACITY,PEAK_CAPACITY,4,NO
USA_CSV0000000000033847__10.csv,USA_CSV0000000000034882__12.csv,ACCESS_CONTROL,ACCESS_CONTROL,4,YES
USA_CSV0000000000033847__10.csv,USA_CSV0000000000034882__12.csv,URBAN_CODE,URBAN_CODE,4,YES
USA_CSV0000000000033847__10.csv,USA_CSV0000000000034882__12.csv,IS_GROUPED,IS_GROUPED,4,NO
USA_CSV0000000000033847__10.csv,USA_CSV0000000000034882__12.csv,PEAK_PARKING,PEAK_PARKING,4,NO
USA_CSV0000000000033847__10.csv,USA_CSV0000000000034882__12.csv,SECTION_ID,SECTION_ID,4,YES
USA_CSV0000000000033847__10.csv,USA_CSV0000000000034882__12.csv,TYPE_SIGNAL,TYPE_SIGNAL,4,YES
USA_CSV0000000000033847__10.csv,USA_CSV0000000000034882__12.csv,TRUCK_ROUTE,TRUCK_ROUTE,4,NO
USA_CSV0000000000033847__10.csv,USA_CSV0000000000034882__12.csv,PEAK_LANES,PEAK_LANES,4,NO
USA_CSV0000000000033847__10.csv,USA_CSV0000000000034882__12.csv,PAVEMENT_TYPE,PAVEMENT_TYPE,4,YES
USA_CSV0000000000033847__4.csv,USA_CSV0000000000034882__14.csv,PERC_COMBINATION,PERC_COMBINATION,4,NO
USA_CSV0000000000033847__4.csv,USA_CSV0000000000034882__14.csv,SHOULDER_TYPE,SHOULDER_TYPE,4,YES
USA_CSV0000000000034882__9.csv,USA_CSV0000000000037101__17.csv,SAMPLING_TECH,SAMPLING_TECH,4,YES
UK_CSV0000000000002010__17.csv,UK_CSV0000000000002010__6.csv,Post-Op Q Anxiety,Post-Op Q Anxiety,4,YES
USA_CSV0000000000037101__17.csv,USA_CSV0000000000037101__35.csv,TYPE_TERRAIN,TYPE_TERRAIN,4,YES
CAN_CSV0000000000001787__41.csv,CAN_CSV0000000000001797__26.csv,Province/Canada,Province/Canada,4,YES
CAN_CSV0000000000001787__41.csv,CAN_CSV0000000000001797__21.csv,Province/Canada,Province/Canada,4,YES
CAN_CSV0000000000001787__8.csv,CAN_CSV0000000000001797__2.csv,RentLocation,RentLocation,4,YES
CAN_CSV0000000000001797__3.csv,CAN_CSV0000000000001797__6.csv,RentLocation,RentLocation,4,YES
CAN_CSV0000000000001487__24.csv,CAN_CSV0000000000001487__28.csv,CEILOMTR_ELEV,CEILOMTR_ELEV,4,NO
CAN_CSV0000000000001487__24.csv,CAN_CSV0000000000001487__28.csv,DATA_PAYLOAD_URI,DATA_PAYLOAD_URI,4,YES
CAN_CSV0000000000001487__24.csv,CAN_CSV0000000000001487__28.csv,PCPN_AMT_PST1MT_QA,PCPN_AMT_PST1MT_QA,4,NO
CAN_CSV0000000000001487__24.csv,CAN_CSV0000000000001487__28.csv,PCPN_AMT_PST6HRS_QA,PCPN_AMT_PST6HRS_QA,4,NO
CAN_CSV0000000000001487__24.csv,CAN_CSV0000000000001487__28.csv,AVG_AIR_TEMP_PST1MT,AVG_AIR_TEMP_PST1MT,4,NO
CAN_CSV0000000000001487__24.csv,CAN_CSV0000000000001487__28.csv,CLD_BAS_HGT_1,CLD_BAS_HGT_1,4,NO
CAN_CSV0000000000001487__24.csv,CAN_CSV0000000000001487__28.csv,ALTMETR_SETNG,ALTMETR_SETNG,4,NO
CAN_CSV0000000000001487__24.csv,CAN_CSV0000000000001487__28.csv,DNSTY_ALTD,DNSTY_ALTD,4,NO
CAN_CSV0000000000001487__24.csv,CAN_CSV0000000000001487__28.csv,AVG_VIS_PST10MTS,AVG_VIS_PST10MTS,4,NO
CAN_CSV0000000000001487__24.csv,CAN_CSV0000000000001487__28.csv,DATA_ATTRIB_NOT,DATA_ATTRIB_NOT,4,NO
CAN_CSV0000000000001487__24.csv,CAN_CSV0000000000001487__28.csv,MAX_AIR_TEMP_PST1HR,MAX_AIR_TEMP_PST1HR,4,NO
CAN_CSV0000000000001487__24.csv,CAN_CSV0000000000001487__28.csv,PCPN_AMT_PST1HR_QA,PCPN_AMT_PST1HR_QA,4,NO
CAN_CSV0000000000001487__24.csv,CAN_CSV0000000000001487__28.csv,AVG_REL_HUM_PST1MT,AVG_REL_HUM_PST1MT,4,NO
CAN_CSV0000000000001487__24.csv,CAN_CSV0000000000001487__28.csv,AVG_VIS_PST1MT,AVG_VIS_PST1MT,4,NO
CAN_CSV0000000000001487__24.csv,CAN_CSV0000000000001487__28.csv,AVG_VIS_PST1MT_QA,AVG_VIS_PST1MT_QA,4,NO
CAN_CSV0000000000001487__24.csv,CAN_CSV0000000000001487__28.csv,AVG_VIS_PST10MTS_QA,AVG_VIS_PST10MTS_QA,4,NO
CAN_CSV0000000000001487__24.csv,CAN_CSV0000000000001487__28.csv,PCPN_AMT_PST1HR,PCPN_AMT_PST1HR,4,NO
USA_CSV0000000000033847__4.csv,USA_CSV0000000000034882__25.csv,HORZ_ALIGN,HORZ_ALIGN,4,YES
USA_CSV0000000000033847__4.csv,USA_CSV0000000000034882__25.csv,VERT_ALIGN,VERT_ALIGN,4,YES
USA_CSV0000000000033847__4.csv,USA_CSV0000000000034882__25.csv,SPECIAL_SYSTEMS,SPECIAL_SYSTEMS,4,NO
USA_CSV0000000000033847__4.csv,USA_CSV0000000000034882__25.csv,TURN_LANES_L,TURN_LANES_L,4,NO
USA_CSV0000000000033847__4.csv,USA_CSV0000000000034882__25.csv,YEAR_RECORD,YEAR_RECORD,4,YES
CAN_CSV0000000000027353__17.csv,CAN_CSV0000000000027353__18.csv,LTNG_DIS_RMK,LTNG_DIS_RMK,4,YES
CAN_CSV0000000000027353__17.csv,CAN_CSV0000000000027353__18.csv,OBS_DATETIME_UTC,OBS_DATETIME_UTC,4,YES
CAN_CSV0000000000027353__17.csv,CAN_CSV0000000000027353__18.csv,AVG_MSLP_PST1MT,AVG_MSLP_PST1MT,4,NO
USA_CSV0000000000033169__10.csv,USA_CSV0000000000034070__20.csv,High Blood Pressure,High Blood Pressure,4,NO
USA_CSV0000000000033169__10.csv,USA_CSV0000000000034070__20.csv,Hyperlipidemia,Hyperlipidemia,4,NO
CAN_CSV0000000000001337__3.csv,CAN_CSV0000000000001337__4.csv,SUBDIVISION_ENM,SUBDIVISION_ENM,4,YES
CAN_CSV0000000000001337__3.csv,CAN_CSV0000000000001337__4.csv,COUNTRY_FNM,COUNTRY_FNM,4,YES
CAN_CSV0000000000001337__3.csv,CAN_CSV0000000000001337__4.csv,WORLDAREANAMEE,WORLDAREANAMEE,4,YES
CAN_CSV0000000000001337__3.csv,CAN_CSV0000000000001337__4.csv,OCCURRENCETIME,OCCURRENCETIME,4,YES
CAN_CSV0000000000001337__3.csv,CAN_CSV0000000000001337__4.csv,SUBDIVISION_FNM,SUBDIVISION_FNM,4,NO
CAN_CSV0000000000001337__3.csv,CAN_CSV0000000000001337__4.csv,DAYORNIGHT,DAYORNIGHT,4,NO
CAN_CSV0000000000001337__3.csv,CAN_CSV0000000000001337__4.csv,OCCURRENCELOCATION,OCCURRENCELOCATION,4,YES
CAN_CSV0000000000001735__1.csv,CAN_CSV0000000000001735__4.csv,Province/Canada,Province/Canada,4,YES
CAN_CSV0000000000001780__12.csv,CAN_CSV0000000000001780__17.csv,4A02P Pine Pass,4A02P Pine Pass,4,NO
CAN_CSV0000000000001780__12.csv,CAN_CSV0000000000001780__17.csv,2F18P Brenda Mine,2F18P Brenda Mine,4,NO
CAN_CSV0000000000001780__12.csv,CAN_CSV0000000000001780__17.csv,4B16P Shedin Creek,4B16P Shedin Creek,4,NO
USA_CSV0000000000034882__12.csv,USA_CSV0000000000034882__14.csv,STD_VOLUME_GROUP,STD_VOLUME_GROUP,4,NO
USA_CSV0000000000034882__12.csv,USA_CSV0000000000034882__14.csv,VERT_ALIGN,VERT_ALIGN,4,YES
USA_CSV0000000000034882__12.csv,USA_CSV0000000000034882__14.csv,ROUTE_QUALIFIER,ROUTE_QUALIFIER,4,YES
USA_CSV0000000000034882__12.csv,USA_CSV0000000000034882__14.csv,SECTION_ID,SECTION_ID,4,YES
USA_CSV0000000000034882__12.csv,USA_CSV0000000000034882__14.csv,SHOULDER_TYPE,SHOULDER_TYPE,4,YES
USA_CSV0000000000034882__12.csv,USA_CSV0000000000034882__14.csv,PEAK_LANES,PEAK_LANES,4,NO
USA_CSV0000000000034882__12.csv,USA_CSV0000000000034882__14.csv,PEAK_CAPACITY,PEAK_CAPACITY,4,NO
USA_CSV0000000000034882__12.csv,USA_CSV0000000000034882__14.csv,ACCESS_CONTROL,ACCESS_CONTROL,4,YES
USA_CSV0000000000034882__12.csv,USA_CSV0000000000034882__14.csv,AVG_SINGLE_UNIT,AVG_SINGLE_UNIT,4,NO
USA_CSV0000000000034882__12.csv,USA_CSV0000000000034882__14.csv,PERC_SINGLE_UNIT,PERC_SINGLE_UNIT,4,NO
USA_CSV0000000000034882__12.csv,USA_CSV0000000000034882__14.csv,IS_GROUPED,IS_GROUPED,4,NO
USA_CSV0000000000034882__12.csv,USA_CSV0000000000034882__14.csv,SHOULDER_WIDTH_R,SHOULDER_WIDTH_R,4,NO
USA_CSV0000000000034882__12.csv,USA_CSV0000000000034882__14.csv,TRUCK_ROUTE,TRUCK_ROUTE,4,NO
USA_CSV0000000000034882__12.csv,USA_CSV0000000000034882__14.csv,TYPE_SIGNAL,TYPE_SIGNAL,4,YES
USA_CSV0000000000034882__12.csv,USA_CSV0000000000034882__14.csv,URBAN_CODE,URBAN_CODE,4,YES
USA_CSV0000000000034882__12.csv,USA_CSV0000000000034882__14.csv,SHOULDER_WIDTH_L,SHOULDER_WIDTH_L,4,NO
USA_CSV0000000000034882__12.csv,USA_CSV0000000000034882__14.csv,PAVEMENT_TYPE,PAVEMENT_TYPE,4,YES
USA_CSV0000000000034882__12.csv,USA_CSV0000000000034882__14.csv,MEDIAN_TYPE,MEDIAN_TYPE,4,YES
USA_CSV0000000000034882__12.csv,USA_CSV0000000000034882__14.csv,PERC_COMBINATION,PERC_COMBINATION,4,NO
USA_CSV0000000000034882__12.csv,USA_CSV0000000000034882__14.csv,PEAK_PARKING,PEAK_PARKING,4,NO
USA_CSV0000000000034882__12.csv,USA_CSV0000000000034882__14.csv,UNBUILT_FACILITY,UNBUILT_FACILITY,4,NO
CAN_CSV0000000000001724__46.csv,CAN_CSV0000000000001787__7.csv,RentLocation,RentLocation,4,YES
UK_CSV0000000000005621__10.csv,UK_CSV0000000000005621__8.csv,Variable Type,Variable Type,4,YES
UK_CSV0000000000005621__10.csv,UK_CSV0000000000005621__8.csv,Use of advocacy,Use of advocacy,4,NO
USA_CSV0000000000037101__18.csv,USA_CSV0000000000037101__20.csv,DONUT_EXP_FACTOR,DONUT_EXP_FACTOR,4,NO
USA_CSV0000000000037101__18.csv,USA_CSV0000000000037101__20.csv,ROUTE_NUMBER,ROUTE_NUMBER,4,YES
USA_CSV0000000000037101__18.csv,USA_CSV0000000000037101__20.csv,AVG_COMBINATION,AVG_COMBINATION,4,NO
USA_CSV0000000000037101__18.csv,USA_CSV0000000000037101__20.csv,TURN_LANES_L,TURN_LANES_L,4,NO
USA_CSV0000000000037101__18.csv,USA_CSV0000000000037101__20.csv,PEAK_LANES,PEAK_LANES,4,NO
USA_CSV0000000000037101__18.csv,USA_CSV0000000000037101__20.csv,YEAR_SURF_IMPROV,YEAR_SURF_IMPROV,4,YES
USA_CSV0000000000037101__18.csv,USA_CSV0000000000037101__20.csv,COUNTY_CODE,COUNTY_CODE,4,YES
USA_CSV0000000000037101__18.csv,USA_CSV0000000000037101__20.csv,TRUCK_ROUTE,TRUCK_ROUTE,4,NO
USA_CSV0000000000037101__18.csv,USA_CSV0000000000037101__20.csv,PERC_SIGHT,PERC_SIGHT,4,NO
USA_CSV0000000000037101__18.csv,USA_CSV0000000000037101__20.csv,FUT_AADT_YEAR,FUT_AADT_YEAR,4,YES
CAN_CSV0000000000001487__24.csv,CAN_CSV0000000000001487__5.csv,DATA_ATTRIB_NOT,DATA_ATTRIB_NOT,4,NO
CAN_CSV0000000000001487__24.csv,CAN_CSV0000000000001487__5.csv,CEILOMTR_ELEV,CEILOMTR_ELEV,4,NO
CAN_CSV0000000000001487__24.csv,CAN_CSV0000000000001487__5.csv,PCPN_AMT_PST1MT_QA,PCPN_AMT_PST1MT_QA,4,NO
CAN_CSV0000000000001487__24.csv,CAN_CSV0000000000001487__5.csv,PCPN_AMT_PST1HR,PCPN_AMT_PST1HR,4,NO
SG_CSV0000000000000925__3.csv,SG_CSV0000000000001714__17.csv,respondent_id,respondent_id,4,YES
SG_CSV0000000000000925__3.csv,SG_CSV0000000000001714__17.csv,yearbornin_1_slice,yearbornin_1_slice,4,YES
SG_CSV0000000000000925__3.csv,SG_CSV0000000000001714__17.csv,highestlevel,highestlevel,4,YES
UK_CSV0000000000002010__13.csv,UK_CSV0000000000002010__17.csv,Circulation,Circulation,4,YES
UK_CSV0000000000002010__13.csv,UK_CSV0000000000002010__17.csv,Revision Flag,Revision Flag,4,NO
UK_CSV0000000000002010__13.csv,UK_CSV0000000000002010__17.csv,Kidney Disease,Kidney Disease,4,NO
UK_CSV0000000000002010__13.csv,UK_CSV0000000000002010__17.csv,Post-Op Q EQ VAS,Post-Op Q EQ VAS,4,YES
UK_CSV0000000000002010__13.csv,UK_CSV0000000000002010__17.csv,Post-Op Q Anxiety,Post-Op Q Anxiety,4,YES
UK_CSV0000000000002010__13.csv,UK_CSV0000000000002010__17.csv,Pre-Op Q Activity,Pre-Op Q Activity,4,YES
CAN_CSV0000000000020982.csv,CAN_CSV0000000000024893.csv,Function / Fonction,Function / Fonction,4,YES
CAN_CSV0000000000001286.csv,CAN_CSV0000000000002323.csv,REF_DATE,REF_DATE,4,YES
CAN_CSV0000000000001286.csv,CAN_CSV0000000000002323.csv,Coordinate,Coordinate,4,YES
CAN_CSV0000000000003410.csv,CAN_CSV0000000000010564.csv,Field Unit,Field Unit,4,YES
CAN_CSV0000000000003410.csv,CAN_CSV0000000000010564.csv,Local Time,Local Time,4,YES
CAN_CSV0000000000003410.csv,CAN_CSV0000000000010564.csv,Incident Number,Incident Number,4,YES
CAN_CSV0000000000003410.csv,CAN_CSV0000000000010564.csv,Incident Date,Incident Date,4,YES
CAN_CSV0000000000003410.csv,CAN_CSV0000000000003463.csv,Incident Date,Incident Date,4,YES
CAN_CSV0000000000003410.csv,CAN_CSV0000000000003463.csv,Incident Number,Incident Number,4,YES
CAN_CSV0000000000003410.csv,CAN_CSV0000000000003463.csv,Field Unit,Field Unit,4,YES
USA_CSV0000000000033774.csv,USA_CSV0000000000035271.csv,year_of_enactment,year_of_enactment,4,YES
USA_CSV0000000000033774.csv,USA_CSV0000000000035271.csv,program_code,program_code,4,YES
USA_CSV0000000000033774.csv,USA_CSV0000000000035271.csv,vendor_name,vendor_name,4,YES
USA_CSV0000000000033774.csv,USA_CSV0000000000035271.csv,program_description,program_description,4,YES
USA_CSV0000000000033774.csv,USA_CSV0000000000035271.csv,budget_reference,budget_reference,4,YES
USA_CSV0000000000033774.csv,USA_CSV0000000000035271.csv,agency_name,agency_name,4,YES
USA_CSV0000000000033774.csv,USA_CSV0000000000035271.csv,account_description,account_description,4,YES
USA_CSV0000000000033774.csv,USA_CSV0000000000035271.csv,accounting_period,accounting_period,4,YES
USA_CSV0000000000033774.csv,USA_CSV0000000000035271.csv,accounting_date,accounting_date,4,YES
USA_CSV0000000000033774.csv,USA_CSV0000000000035271.csv,account_type,account_type,4,YES
USA_CSV0000000000033774.csv,USA_CSV0000000000035271.csv,fund_description,fund_description,4,YES
USA_CSV0000000000033774.csv,USA_CSV0000000000035271.csv,department_name,department_name,4,YES
USA_CSV0000000000033774.csv,USA_CSV0000000000035271.csv,fiscal_year_begin,fiscal_year_begin,4,YES
USA_CSV0000000000033774.csv,USA_CSV0000000000035271.csv,fund_group,fund_group,4,YES
USA_CSV0000000000033774.csv,USA_CSV0000000000035271.csv,account_category,account_category,4,YES
USA_CSV0000000000033774.csv,USA_CSV0000000000035271.csv,document_id,document_id,4,YES
USA_CSV0000000000033774.csv,USA_CSV0000000000035271.csv,business_unit,business_unit,4,YES
USA_CSV0000000000033774.csv,USA_CSV0000000000035271.csv,monetary_amount,monetary_amount,4,NO
CAN_CSV0000000000001024.csv,CAN_CSV0000000000007184.csv,REF_DATE,REF_DATE,4,YES
CAN_CSV0000000000001024.csv,CAN_CSV0000000000007184.csv,Coordinate,Coordinate,4,YES
CAN_CSV0000000000001024.csv,CAN_CSV0000000000007184.csv,SCALAR_FACTOR,SCALAR_FACTOR,4,YES
CAN_CSV0000000000007832.csv,CAN_CSV0000000000018581.csv,Inspection Date,Inspection Date,4,YES
CAN_CSV0000000000007832.csv,CAN_CSV0000000000018581.csv,Program City,Program City,4,YES
CAN_CSV0000000000007832.csv,CAN_CSV0000000000018581.csv,Inspection Reason,Inspection Reason,4,YES
CAN_CSV0000000000007832.csv,CAN_CSV0000000000018581.csv,Program ID,Program ID,4,YES
CAN_CSV0000000000007832.csv,CAN_CSV0000000000018581.csv,Postal Code,Postal Code,4,YES
CAN_CSV0000000000007832.csv,CAN_CSV0000000000018581.csv,Program Address,Program Address,4,YES
CAN_CSV0000000000007832.csv,CAN_CSV0000000000018581.csv,Type of Program,Type of Program,4,YES
CAN_CSV0000000000007832.csv,CAN_CSV0000000000018581.csv,Program Name,Program Name,4,YES
USA_CSV0000000000036104.csv,USA_CSV0000000000037302.csv,ACCOUNT_DESCR,ACCOUNT_DESCR,4,NO
USA_CSV0000000000036104.csv,USA_CSV0000000000037302.csv,VOUCHER_ID,VOUCHER_ID,4,YES
USA_CSV0000000000036104.csv,USA_CSV0000000000037302.csv,VOUCHER_STYLE,VOUCHER_STYLE,4,YES
USA_CSV0000000000036104.csv,USA_CSV0000000000037302.csv,FUND_DESCR,FUND_DESCR,4,NO
USA_CSV0000000000036104.csv,USA_CSV0000000000037302.csv,business_unit,business_unit,4,YES
USA_CSV0000000000036104.csv,USA_CSV0000000000037302.csv,DEPTID_DESCR,DEPTID_DESCR,4,NO
USA_CSV0000000000036104.csv,USA_CSV0000000000037302.csv,TRANSACTION_TYPE,TRANSACTION_TYPE,4,YES
USA_CSV0000000000036104.csv,USA_CSV0000000000037302.csv,CLASS_DESCR,CLASS_DESCR,4,NO
USA_CSV0000000000036104.csv,USA_CSV0000000000037302.csv,OCP_AGNCY_NAME,OCP_AGNCY_NAME,4,YES
USA_CSV0000000000036104.csv,USA_CSV0000000000037302.csv,FISCAL_YR_TAS,FISCAL_YR_TAS,4,NO
USA_CSV0000000000033432.csv,USA_CSV0000000000036961.csv,year_of_enactment,year_of_enactment,4,YES
USA_CSV0000000000033432.csv,USA_CSV0000000000036961.csv,program_code,program_code,4,YES
USA_CSV0000000000033432.csv,USA_CSV0000000000036961.csv,vendor_name,vendor_name,4,YES
USA_CSV0000000000033432.csv,USA_CSV0000000000036961.csv,program_description,program_description,4,YES
USA_CSV0000000000033432.csv,USA_CSV0000000000036961.csv,budget_reference,budget_reference,4,YES
USA_CSV0000000000033432.csv,USA_CSV0000000000036961.csv,agency_name,agency_name,4,YES
USA_CSV0000000000033432.csv,USA_CSV0000000000036961.csv,account_description,account_description,4,YES
USA_CSV0000000000033432.csv,USA_CSV0000000000036961.csv,accounting_period,accounting_period,4,YES
USA_CSV0000000000033432.csv,USA_CSV0000000000036961.csv,accounting_date,accounting_date,4,YES
USA_CSV0000000000033432.csv,USA_CSV0000000000036961.csv,account_type,account_type,4,YES
USA_CSV0000000000033432.csv,USA_CSV0000000000036961.csv,fund_description,fund_description,4,YES
USA_CSV0000000000033432.csv,USA_CSV0000000000036961.csv,department_name,department_name,4,YES
USA_CSV0000000000033432.csv,USA_CSV0000000000036961.csv,fiscal_year_begin,fiscal_year_begin,4,YES
USA_CSV0000000000033432.csv,USA_CSV0000000000036961.csv,fund_group,fund_group,4,YES
USA_CSV0000000000033432.csv,USA_CSV0000000000036961.csv,account_category,account_category,4,YES
USA_CSV0000000000033432.csv,USA_CSV0000000000036961.csv,document_id,document_id,4,YES
USA_CSV0000000000033432.csv,USA_CSV0000000000036961.csv,business_unit,business_unit,4,YES
USA_CSV0000000000033432.csv,USA_CSV0000000000036961.csv,monetary_amount,monetary_amount,4,NO
USA_CSV0000000000033543.csv,USA_CSV0000000000034329.csv,First Name,First Name,4,YES
USA_CSV0000000000033543.csv,USA_CSV0000000000034329.csv,Entity Type,Entity Type,4,YES
USA_CSV0000000000033543.csv,USA_CSV0000000000034329.csv,Business Name,Business Name,4,YES
USA_CSV0000000000033543.csv,USA_CSV0000000000034329.csv,Registry Date,Registry Date,4,YES
USA_CSV0000000000033543.csv,USA_CSV0000000000034329.csv,Registry Number,Registry Number,4,YES
USA_CSV0000000000034329.csv,USA_CSV0000000000035827.csv,First Name,First Name,4,YES
USA_CSV0000000000034329.csv,USA_CSV0000000000035827.csv,Entity Type,Entity Type,4,YES
USA_CSV0000000000034329.csv,USA_CSV0000000000035827.csv,Business Name,Business Name,4,YES
USA_CSV0000000000034329.csv,USA_CSV0000000000035827.csv,Registry Date,Registry Date,4,YES
USA_CSV0000000000034329.csv,USA_CSV0000000000035827.csv,Registry Number,Registry Number,4,YES
CAN_CSV0000000000005070.csv,CAN_CSV0000000000014315.csv,REF_DATE,REF_DATE,4,YES
CAN_CSV0000000000005070.csv,CAN_CSV0000000000014315.csv,Coordinate,Coordinate,4,YES
CAN_CSV0000000000005070.csv,CAN_CSV0000000000014315.csv,SCALAR_FACTOR,SCALAR_FACTOR,4,YES
USA_CSV0000000000033600.csv,USA_CSV0000000000035712.csv,program_code,program_code,4,YES
USA_CSV0000000000033600.csv,USA_CSV0000000000035712.csv,accounting_period,accounting_period,4,YES
USA_CSV0000000000033600.csv,USA_CSV0000000000035712.csv,accounting_date,accounting_date,4,YES
USA_CSV0000000000033600.csv,USA_CSV0000000000035712.csv,document_id,document_id,4,YES
USA_CSV0000000000033600.csv,USA_CSV0000000000035712.csv,department_name,department_name,4,YES
USA_CSV0000000000033600.csv,USA_CSV0000000000035712.csv,budget_reference,budget_reference,4,YES
USA_CSV0000000000033600.csv,USA_CSV0000000000035712.csv,program_description,program_description,4,YES
USA_CSV0000000000033600.csv,USA_CSV0000000000035712.csv,business_unit,business_unit,4,YES
USA_CSV0000000000033600.csv,USA_CSV0000000000035712.csv,monetary_amount,monetary_amount,4,NO
USA_CSV0000000000033600.csv,USA_CSV0000000000035712.csv,agency_name,agency_name,4,YES
USA_CSV0000000000033600.csv,USA_CSV0000000000035712.csv,fiscal_year_begin,fiscal_year_begin,4,YES
USA_CSV0000000000035888.csv,USA_CSV0000000000036536.csv,year_of_enactment,year_of_enactment,4,YES
USA_CSV0000000000035888.csv,USA_CSV0000000000036536.csv,program_code,program_code,4,YES
USA_CSV0000000000035888.csv,USA_CSV0000000000036536.csv,vendor_name,vendor_name,4,YES
USA_CSV0000000000035888.csv,USA_CSV0000000000036536.csv,program_description,program_description,4,YES
USA_CSV0000000000035888.csv,USA_CSV0000000000036536.csv,budget_reference,budget_reference,4,YES
USA_CSV0000000000035888.csv,USA_CSV0000000000036536.csv,agency_name,agency_name,4,YES
USA_CSV0000000000035888.csv,USA_CSV0000000000036536.csv,account_description,account_description,4,YES
USA_CSV0000000000035888.csv,USA_CSV0000000000036536.csv,accounting_period,accounting_period,4,YES
USA_CSV0000000000035888.csv,USA_CSV0000000000036536.csv,accounting_date,accounting_date,4,YES
USA_CSV0000000000035888.csv,USA_CSV0000000000036536.csv,account_type,account_type,4,YES
USA_CSV0000000000035888.csv,USA_CSV0000000000036536.csv,fund_description,fund_description,4,YES
USA_CSV0000000000035888.csv,USA_CSV0000000000036536.csv,department_name,department_name,4,YES
USA_CSV0000000000035888.csv,USA_CSV0000000000036536.csv,fiscal_year_begin,fiscal_year_begin,4,YES
USA_CSV0000000000035888.csv,USA_CSV0000000000036536.csv,fund_group,fund_group,4,YES
USA_CSV0000000000035888.csv,USA_CSV0000000000036536.csv,account_category,account_category,4,YES
USA_CSV0000000000035888.csv,USA_CSV0000000000036536.csv,document_id,document_id,4,YES
USA_CSV0000000000035888.csv,USA_CSV0000000000036536.csv,business_unit,business_unit,4,YES
USA_CSV0000000000035888.csv,USA_CSV0000000000036536.csv,monetary_amount,monetary_amount,4,NO
USA_CSV0000000000032324.csv,USA_CSV0000000000036536.csv,year_of_enactment,year_of_enactment,4,YES
USA_CSV0000000000032324.csv,USA_CSV0000000000036536.csv,program_code,program_code,4,YES
USA_CSV0000000000032324.csv,USA_CSV0000000000036536.csv,vendor_name,vendor_name,4,YES
USA_CSV0000000000032324.csv,USA_CSV0000000000036536.csv,program_description,program_description,4,YES
USA_CSV0000000000032324.csv,USA_CSV0000000000036536.csv,budget_reference,budget_reference,4,YES
USA_CSV0000000000032324.csv,USA_CSV0000000000036536.csv,agency_name,agency_name,4,YES
USA_CSV0000000000032324.csv,USA_CSV0000000000036536.csv,account_description,account_description,4,YES
USA_CSV0000000000032324.csv,USA_CSV0000000000036536.csv,accounting_period,accounting_period,4,YES
USA_CSV0000000000032324.csv,USA_CSV0000000000036536.csv,accounting_date,accounting_date,4,YES
USA_CSV0000000000032324.csv,USA_CSV0000000000036536.csv,account_type,account_type,4,YES
USA_CSV0000000000032324.csv,USA_CSV0000000000036536.csv,fund_description,fund_description,4,YES
USA_CSV0000000000032324.csv,USA_CSV0000000000036536.csv,department_name,department_name,4,YES
USA_CSV0000000000032324.csv,USA_CSV0000000000036536.csv,fiscal_year_begin,fiscal_year_begin,4,YES
USA_CSV0000000000032324.csv,USA_CSV0000000000036536.csv,fund_group,fund_group,4,YES
USA_CSV0000000000032324.csv,USA_CSV0000000000036536.csv,account_category,account_category,4,YES
USA_CSV0000000000032324.csv,USA_CSV0000000000036536.csv,document_id,document_id,4,YES
USA_CSV0000000000032324.csv,USA_CSV0000000000036536.csv,business_unit,business_unit,4,YES
USA_CSV0000000000032324.csv,USA_CSV0000000000036536.csv,monetary_amount,monetary_amount,4,NO
USA_CSV0000000000033288.csv,USA_CSV0000000000036844.csv,year_of_enactment,year_of_enactment,4,YES
USA_CSV0000000000033288.csv,USA_CSV0000000000036844.csv,program_code,program_code,4,YES
USA_CSV0000000000033288.csv,USA_CSV0000000000036844.csv,vendor_name,vendor_name,4,YES
USA_CSV0000000000033288.csv,USA_CSV0000000000036844.csv,program_description,program_description,4,YES
USA_CSV0000000000033288.csv,USA_CSV0000000000036844.csv,budget_reference,budget_reference,4,YES
USA_CSV0000000000033288.csv,USA_CSV0000000000036844.csv,agency_name,agency_name,4,YES
USA_CSV0000000000033288.csv,USA_CSV0000000000036844.csv,account_description,account_description,4,YES
USA_CSV0000000000033288.csv,USA_CSV0000000000036844.csv,accounting_period,accounting_period,4,YES
USA_CSV0000000000033288.csv,USA_CSV0000000000036844.csv,accounting_date,accounting_date,4,YES
USA_CSV0000000000033288.csv,USA_CSV0000000000036844.csv,account_type,account_type,4,YES
USA_CSV0000000000033288.csv,USA_CSV0000000000036844.csv,fund_description,fund_description,4,YES
USA_CSV0000000000033288.csv,USA_CSV0000000000036844.csv,department_name,department_name,4,YES
USA_CSV0000000000033288.csv,USA_CSV0000000000036844.csv,fiscal_year_begin,fiscal_year_begin,4,YES
USA_CSV0000000000033288.csv,USA_CSV0000000000036844.csv,fund_group,fund_group,4,YES
USA_CSV0000000000033288.csv,USA_CSV0000000000036844.csv,account_category,account_category,4,YES
USA_CSV0000000000033288.csv,USA_CSV0000000000036844.csv,document_id,document_id,4,YES
USA_CSV0000000000033288.csv,USA_CSV0000000000036844.csv,business_unit,business_unit,4,YES
USA_CSV0000000000033288.csv,USA_CSV0000000000036844.csv,monetary_amount,monetary_amount,4,NO
CAN_CSV0000000000000558.csv,CAN_CSV0000000000005070.csv,Characteristics,Characteristics,4,NO
USA_CSV0000000000033288.csv,USA_CSV0000000000033534.csv,year_of_enactment,year_of_enactment,4,YES
USA_CSV0000000000033288.csv,USA_CSV0000000000033534.csv,program_code,program_code,4,YES
USA_CSV0000000000033288.csv,USA_CSV0000000000033534.csv,vendor_name,vendor_name,4,YES
USA_CSV0000000000033288.csv,USA_CSV0000000000033534.csv,program_description,program_description,4,YES
USA_CSV0000000000033288.csv,USA_CSV0000000000033534.csv,budget_reference,budget_reference,4,YES
USA_CSV0000000000033288.csv,USA_CSV0000000000033534.csv,agency_name,agency_name,4,YES
USA_CSV0000000000033288.csv,USA_CSV0000000000033534.csv,account_description,account_description,4,YES
USA_CSV0000000000033288.csv,USA_CSV0000000000033534.csv,accounting_period,accounting_period,4,YES
USA_CSV0000000000033288.csv,USA_CSV0000000000033534.csv,accounting_date,accounting_date,4,YES
USA_CSV0000000000033288.csv,USA_CSV0000000000033534.csv,account_type,account_type,4,YES
USA_CSV0000000000033288.csv,USA_CSV0000000000033534.csv,fund_description,fund_description,4,YES
USA_CSV0000000000033288.csv,USA_CSV0000000000033534.csv,department_name,department_name,4,YES
USA_CSV0000000000033288.csv,USA_CSV0000000000033534.csv,fiscal_year_begin,fiscal_year_begin,4,YES
USA_CSV0000000000033288.csv,USA_CSV0000000000033534.csv,fund_group,fund_group,4,YES
USA_CSV0000000000033288.csv,USA_CSV0000000000033534.csv,account_category,account_category,4,YES
USA_CSV0000000000033288.csv,USA_CSV0000000000033534.csv,document_id,document_id,4,YES
USA_CSV0000000000033288.csv,USA_CSV0000000000033534.csv,business_unit,business_unit,4,YES
USA_CSV0000000000033288.csv,USA_CSV0000000000033534.csv,monetary_amount,monetary_amount,4,NO
CAN_CSV0000000000007832.csv,CAN_CSV0000000000018581.csv,Type of Program,Type of Program,4,YES
CAN_CSV0000000000001198.csv,CAN_CSV0000000000014315.csv,Statistics,Statistics,4,YES
CAN_CSV0000000000007676.csv,CAN_CSV0000000000007677.csv,Deph/Profondeur(m),Deph/Profondeur(m),4,NO
CAN_CSV0000000000007676.csv,CAN_CSV0000000000007677.csv,Salinity/Salinité,Salinity/Salinité,4,NO
CAN_CSV0000000000007676.csv,CAN_CSV0000000000007677.csv,Ship/Navire,Ship/Navire,4,YES
USA_CSV0000000000032324.csv,USA_CSV0000000000033774.csv,year_of_enactment,year_of_enactment,4,YES
USA_CSV0000000000032324.csv,USA_CSV0000000000033774.csv,program_code,program_code,4,YES
USA_CSV0000000000032324.csv,USA_CSV0000000000033774.csv,vendor_name,vendor_name,4,YES
USA_CSV0000000000032324.csv,USA_CSV0000000000033774.csv,program_description,program_description,4,YES
USA_CSV0000000000032324.csv,USA_CSV0000000000033774.csv,budget_reference,budget_reference,4,YES
USA_CSV0000000000032324.csv,USA_CSV0000000000033774.csv,agency_name,agency_name,4,YES
USA_CSV0000000000032324.csv,USA_CSV0000000000033774.csv,account_description,account_description,4,YES
USA_CSV0000000000032324.csv,USA_CSV0000000000033774.csv,accounting_period,accounting_period,4,YES
USA_CSV0000000000032324.csv,USA_CSV0000000000033774.csv,accounting_date,accounting_date,4,YES
USA_CSV0000000000032324.csv,USA_CSV0000000000033774.csv,account_type,account_type,4,YES
USA_CSV0000000000032324.csv,USA_CSV0000000000033774.csv,fund_description,fund_description,4,YES
USA_CSV0000000000032324.csv,USA_CSV0000000000033774.csv,department_name,department_name,4,YES
USA_CSV0000000000032324.csv,USA_CSV0000000000033774.csv,fiscal_year_begin,fiscal_year_begin,4,YES
USA_CSV0000000000032324.csv,USA_CSV0000000000033774.csv,fund_group,fund_group,4,YES
USA_CSV0000000000032324.csv,USA_CSV0000000000033774.csv,account_category,account_category,4,YES
USA_CSV0000000000032324.csv,USA_CSV0000000000033774.csv,document_id,document_id,4,YES
USA_CSV0000000000032324.csv,USA_CSV0000000000033774.csv,business_unit,business_unit,4,YES
USA_CSV0000000000032324.csv,USA_CSV0000000000033774.csv,monetary_amount,monetary_amount,4,NO
USA_CSV0000000000033600.csv,USA_CSV0000000000035269.csv,year_of_enactment,year_of_enactment,4,YES
USA_CSV0000000000033600.csv,USA_CSV0000000000035269.csv,program_code,program_code,4,YES
USA_CSV0000000000033600.csv,USA_CSV0000000000035269.csv,vendor_name,vendor_name,4,YES
USA_CSV0000000000033600.csv,USA_CSV0000000000035269.csv,program_description,program_description,4,YES
USA_CSV0000000000033600.csv,USA_CSV0000000000035269.csv,budget_reference,budget_reference,4,YES
USA_CSV0000000000033600.csv,USA_CSV0000000000035269.csv,agency_name,agency_name,4,YES
USA_CSV0000000000033600.csv,USA_CSV0000000000035269.csv,account_description,account_description,4,YES
USA_CSV0000000000033600.csv,USA_CSV0000000000035269.csv,accounting_period,accounting_period,4,YES
USA_CSV0000000000033600.csv,USA_CSV0000000000035269.csv,accounting_date,accounting_date,4,YES
USA_CSV0000000000033600.csv,USA_CSV0000000000035269.csv,account_type,account_type,4,YES
USA_CSV0000000000033600.csv,USA_CSV0000000000035269.csv,fund_description,fund_description,4,YES
USA_CSV0000000000033600.csv,USA_CSV0000000000035269.csv,department_name,department_name,4,YES
USA_CSV0000000000033600.csv,USA_CSV0000000000035269.csv,fiscal_year_begin,fiscal_year_begin,4,YES
USA_CSV0000000000033600.csv,USA_CSV0000000000035269.csv,fund_group,fund_group,4,YES
USA_CSV0000000000033600.csv,USA_CSV0000000000035269.csv,account_category,account_category,4,YES
USA_CSV0000000000033600.csv,USA_CSV0000000000035269.csv,document_id,document_id,4,YES
USA_CSV0000000000033600.csv,USA_CSV0000000000035269.csv,business_unit,business_unit,4,YES
USA_CSV0000000000033600.csv,USA_CSV0000000000035269.csv,monetary_amount,monetary_amount,4,NO
USA_CSV0000000000036104.csv,USA_CSV0000000000037302.csv,ACCOUNT_DESCR,ACCOUNT_DESCR,4,NO
USA_CSV0000000000036104.csv,USA_CSV0000000000037302.csv,VOUCHER_ID,VOUCHER_ID,4,YES
USA_CSV0000000000036104.csv,USA_CSV0000000000037302.csv,VOUCHER_STYLE,VOUCHER_STYLE,4,YES
USA_CSV0000000000036104.csv,USA_CSV0000000000037302.csv,FUND_DESCR,FUND_DESCR,4,NO
USA_CSV0000000000036104.csv,USA_CSV0000000000037302.csv,business_unit,business_unit,4,YES
USA_CSV0000000000036104.csv,USA_CSV0000000000037302.csv,DEPTID_DESCR,DEPTID_DESCR,4,NO
USA_CSV0000000000036104.csv,USA_CSV0000000000037302.csv,TRANSACTION_TYPE,TRANSACTION_TYPE,4,YES
USA_CSV0000000000036104.csv,USA_CSV0000000000037302.csv,CLASS_DESCR,CLASS_DESCR,4,NO
USA_CSV0000000000036104.csv,USA_CSV0000000000037302.csv,OCP_AGNCY_NAME,OCP_AGNCY_NAME,4,YES
USA_CSV0000000000036104.csv,USA_CSV0000000000037302.csv,FISCAL_YR_TAS,FISCAL_YR_TAS,4,NO
CAN_CSV0000000000003356.csv,CAN_CSV0000000000015899.csv,Commercial Flow,Commercial Flow,4,NO
CAN_CSV0000000000001058.csv,CAN_CSV0000000000013124.csv,REF_DATE,REF_DATE,4,YES
CAN_CSV0000000000001058.csv,CAN_CSV0000000000013124.csv,Coordinate,Coordinate,4,YES
CAN_CSV0000000000001058.csv,CAN_CSV0000000000013124.csv,SCALAR_FACTOR,SCALAR_FACTOR,4,YES
USA_CSV0000000000033543.csv,USA_CSV0000000000033630.csv,First Name,First Name,4,YES
USA_CSV0000000000033543.csv,USA_CSV0000000000033630.csv,Entity Type,Entity Type,4,YES
USA_CSV0000000000033543.csv,USA_CSV0000000000033630.csv,Business Name,Business Name,4,YES
USA_CSV0000000000033543.csv,USA_CSV0000000000033630.csv,Registry Date,Registry Date,4,YES
USA_CSV0000000000033543.csv,USA_CSV0000000000033630.csv,Registry Number,Registry Number,4,YES
CAN_CSV0000000000001242.csv,CAN_CSV0000000000002295.csv,REF_DATE,REF_DATE,4,YES
CAN_CSV0000000000001242.csv,CAN_CSV0000000000002295.csv,Coordinate,Coordinate,4,YES
CAN_CSV0000000000001242.csv,CAN_CSV0000000000002295.csv,SCALAR_FACTOR,SCALAR_FACTOR,4,YES
CAN_CSV0000000000001724__13.csv,CAN_CSV0000000000001797__5.csv,RentLocation,RentLocation,4,YES
CAN_CSV0000000000001724__13.csv,CAN_CSV0000000000001724__45.csv,RentLocation,RentLocation,4,YES
CAN_CSV0000000000001724__13.csv,CAN_CSV0000000000001797__43.csv,RentLocation,RentLocation,4,YES
CAN_CSV0000000000001724__13.csv,CAN_CSV0000000000001797__13.csv,RentLocation,RentLocation,4,YES
CAN_CSV0000000000001724__13.csv,CAN_CSV0000000000001787__8.csv,RentLocation,RentLocation,4,YES
CAN_CSV0000000000001724__11.csv,CAN_CSV0000000000001724__13.csv,RentLocation,RentLocation,4,YES
CAN_CSV0000000000001724__13.csv,CAN_CSV0000000000001787__7.csv,RentLocation,RentLocation,4,YES
UK_CSV0000000000003896__7.csv,UK_CSV0000000000003896__8.csv,Post-Op Q Anxiety,Post-Op Q Anxiety,4,YES
UK_CSV0000000000003896__13.csv,UK_CSV0000000000003896__7.csv,Post-Op Q Anxiety,Post-Op Q Anxiety,4,YES
UK_CSV0000000000002010__6.csv,UK_CSV0000000000003896__7.csv,Post-Op Q Anxiety,Post-Op Q Anxiety,4,YES
UK_CSV0000000000002010__9.csv,UK_CSV0000000000003896__7.csv,Post-Op Q Anxiety,Post-Op Q Anxiety,4,YES
UK_CSV0000000000002010__8.csv,UK_CSV0000000000003896__7.csv,Post-Op Q Anxiety,Post-Op Q Anxiety,4,YES
UK_CSV0000000000003896__7.csv,UK_CSV0000000000003896__8.csv,Post-Op Q Wound,Post-Op Q Wound,4,YES
UK_CSV0000000000002010__6.csv,UK_CSV0000000000003896__7.csv,Post-Op Q Wound,Post-Op Q Wound,4,YES
USA_CSV0000000000034882__26.csv,USA_CSV0000000000037101__16.csv,STD_VOLUME_GROUP,STD_VOLUME_GROUP,4,NO
USA_CSV0000000000037101__16.csv,USA_CSV0000000000037101__3.csv,STD_VOLUME_GROUP,STD_VOLUME_GROUP,4,NO
USA_CSV0000000000034882__14.csv,USA_CSV0000000000037101__16.csv,STD_VOLUME_GROUP,STD_VOLUME_GROUP,4,NO
USA_CSV0000000000033847__5.csv,USA_CSV0000000000037101__16.csv,ROUTE_SIGNING,ROUTE_SIGNING,4,YES
USA_CSV0000000000034882__22.csv,USA_CSV0000000000037101__16.csv,ROUTE_SIGNING,ROUTE_SIGNING,4,YES
USA_CSV0000000000033847__4.csv,USA_CSV0000000000037101__16.csv,ROUTE_SIGNING,ROUTE_SIGNING,4,YES
USA_CSV0000000000037101__16.csv,USA_CSV0000000000037101__3.csv,TYPE_TERRAIN,TYPE_TERRAIN,4,YES
USA_CSV0000000000034882__14.csv,USA_CSV0000000000037101__16.csv,SHOULDER_WIDTH_R,SHOULDER_WIDTH_R,4,NO
USA_CSV0000000000034882__12.csv,USA_CSV0000000000037101__16.csv,SHOULDER_WIDTH_R,SHOULDER_WIDTH_R,4,NO
USA_CSV0000000000033847__17.csv,USA_CSV0000000000037101__16.csv,SHOULDER_WIDTH_R,SHOULDER_WIDTH_R,4,NO
USA_CSV0000000000034882__22.csv,USA_CSV0000000000037101__16.csv,RURAL_URBAN,RURAL_URBAN,4,YES
USA_CSV0000000000033847__17.csv,USA_CSV0000000000037101__16.csv,RURAL_URBAN,RURAL_URBAN,4,YES
USA_CSV0000000000037101__16.csv,USA_CSV0000000000037101__20.csv,COUNTY_CODE,COUNTY_CODE,4,YES
USA_CSV0000000000037101__16.csv,USA_CSV0000000000037101__3.csv,COUNTY_CODE,COUNTY_CODE,4,YES
USA_CSV0000000000037101__16.csv,USA_CSV0000000000037101__20.csv,FUT_AADT_YEAR,FUT_AADT_YEAR,4,YES
USA_CSV0000000000037101__16.csv,USA_CSV0000000000037101__3.csv,FUT_AADT_YEAR,FUT_AADT_YEAR,4,YES
USA_CSV0000000000033847__5.csv,USA_CSV0000000000034882__26.csv,HORZ_ALIGN,HORZ_ALIGN,4,YES
USA_CSV0000000000033847__5.csv,USA_CSV0000000000037101__3.csv,VERT_ALIGN,VERT_ALIGN,4,YES
USA_CSV0000000000033847__5.csv,USA_CSV0000000000034882__26.csv,VERT_ALIGN,VERT_ALIGN,4,YES
USA_CSV0000000000033847__5.csv,USA_CSV0000000000034882__26.csv,SPECIAL_SYSTEMS,SPECIAL_SYSTEMS,4,NO
USA_CSV0000000000033847__5.csv,USA_CSV0000000000034882__22.csv,SPECIAL_SYSTEMS,SPECIAL_SYSTEMS,4,NO
USA_CSV0000000000033847__4.csv,USA_CSV0000000000033847__5.csv,SPECIAL_SYSTEMS,SPECIAL_SYSTEMS,4,NO
USA_CSV0000000000033847__5.csv,USA_CSV0000000000034882__9.csv,SPECIAL_SYSTEMS,SPECIAL_SYSTEMS,4,NO
USA_CSV0000000000033847__5.csv,USA_CSV0000000000034882__26.csv,TURN_LANES_L,TURN_LANES_L,4,NO
USA_CSV0000000000033847__5.csv,USA_CSV0000000000037101__20.csv,TURN_LANES_L,TURN_LANES_L,4,NO
USA_CSV0000000000033847__5.csv,USA_CSV0000000000037101__3.csv,TURN_LANES_L,TURN_LANES_L,4,NO
USA_CSV0000000000033847__5.csv,USA_CSV0000000000034882__26.csv,YEAR_RECORD,YEAR_RECORD,4,YES
UK_CSV0000000000003896__0.csv,UK_CSV0000000000003896__13.csv,Pre-Op Q Anxiety,Pre-Op Q Anxiety,4,YES
UK_CSV0000000000003896__0.csv,UK_CSV0000000000003896__3.csv,Pre-Op Q Anxiety,Pre-Op Q Anxiety,4,YES
UK_CSV0000000000003896__0.csv,UK_CSV0000000000006676__34.csv,Pre-Op Q Anxiety,Pre-Op Q Anxiety,4,YES
UK_CSV0000000000003896__0.csv,UK_CSV0000000000003896__13.csv,Revision Flag,Revision Flag,4,NO
UK_CSV0000000000003896__0.csv,UK_CSV0000000000003896__3.csv,Revision Flag,Revision Flag,4,NO
UK_CSV0000000000003896__0.csv,UK_CSV0000000000003896__13.csv,Provider Code,Provider Code,4,YES
UK_CSV0000000000002010__6.csv,UK_CSV0000000000003896__0.csv,Provider Code,Provider Code,4,YES
UK_CSV0000000000003896__0.csv,UK_CSV0000000000003896__3.csv,Pre-Op Q Discomfort,Pre-Op Q Discomfort,4,YES
UK_CSV0000000000003896__0.csv,UK_CSV0000000000003896__1.csv,Pre-Op Q Discomfort,Pre-Op Q Discomfort,4,YES
UK_CSV0000000000003896__0.csv,UK_CSV0000000000003896__4.csv,Pre-Op Q Discomfort,Pre-Op Q Discomfort,4,YES
UK_CSV0000000000003896__0.csv,UK_CSV0000000000003896__8.csv,Post-Op Q Self-Care,Post-Op Q Self-Care,4,YES
UK_CSV0000000000003896__0.csv,UK_CSV0000000000006676__2.csv,Post-Op Q Self-Care,Post-Op Q Self-Care,4,YES
UK_CSV0000000000003896__0.csv,UK_CSV0000000000003896__3.csv,Post-Op Q Self-Care,Post-Op Q Self-Care,4,YES
UK_CSV0000000000003896__0.csv,UK_CSV0000000000006676__9.csv,Post-Op Q Self-Care,Post-Op Q Self-Care,4,YES
UK_CSV0000000000002010__6.csv,UK_CSV0000000000003896__0.csv,Pre-Op Q Activity,Pre-Op Q Activity,4,YES
UK_CSV0000000000003896__0.csv,UK_CSV0000000000003896__3.csv,Pre-Op Q Activity,Pre-Op Q Activity,4,YES
UK_CSV0000000000002010__9.csv,UK_CSV0000000000003896__0.csv,Pre-Op Q Activity,Pre-Op Q Activity,4,YES
UK_CSV0000000000002010__21.csv,UK_CSV0000000000003896__0.csv,Pre-Op Q Activity,Pre-Op Q Activity,4,YES
UK_CSV0000000000002010__8.csv,UK_CSV0000000000003896__0.csv,Pre-Op Q Activity,Pre-Op Q Activity,4,YES
UK_CSV0000000000002010__10.csv,UK_CSV0000000000003896__0.csv,Pre-Op Q Activity,Pre-Op Q Activity,4,YES
UK_CSV0000000000003896__0.csv,UK_CSV0000000000003896__8.csv,Pre-Op Q EQ5D Index,Pre-Op Q EQ5D Index,4,YES
UK_CSV0000000000003896__0.csv,UK_CSV0000000000006676__2.csv,Pre-Op Q EQ5D Index,Pre-Op Q EQ5D Index,4,YES
UK_CSV0000000000003896__0.csv,UK_CSV0000000000003896__3.csv,Pre-Op Q EQ5D Index,Pre-Op Q EQ5D Index,4,YES
UK_CSV0000000000003896__0.csv,UK_CSV0000000000003896__8.csv,Post-Op Q Wound,Post-Op Q Wound,4,YES
UK_CSV0000000000002010__6.csv,UK_CSV0000000000003896__0.csv,Post-Op Q Wound,Post-Op Q Wound,4,YES
UK_CSV0000000000003896__0.csv,UK_CSV0000000000003896__3.csv,Post-Op Q Wound,Post-Op Q Wound,4,YES
UK_CSV0000000000003896__0.csv,UK_CSV0000000000003896__13.csv,Pre-Op Q Self-Care,Pre-Op Q Self-Care,4,YES
UK_CSV0000000000003896__0.csv,UK_CSV0000000000003896__3.csv,Pre-Op Q Self-Care,Pre-Op Q Self-Care,4,YES
UK_CSV0000000000002010__30.csv,UK_CSV0000000000003896__0.csv,Pre-Op Q Self-Care,Pre-Op Q Self-Care,4,YES
CAN_CSV0000000000001787__12.csv,CAN_CSV0000000000001797__5.csv,RentLocation,RentLocation,4,YES
CAN_CSV0000000000001724__45.csv,CAN_CSV0000000000001787__12.csv,RentLocation,RentLocation,4,YES
CAN_CSV0000000000001787__12.csv,CAN_CSV0000000000001797__43.csv,RentLocation,RentLocation,4,YES
CAN_CSV0000000000001787__12.csv,CAN_CSV0000000000001797__13.csv,RentLocation,RentLocation,4,YES
CAN_CSV0000000000001787__12.csv,CAN_CSV0000000000001787__8.csv,RentLocation,RentLocation,4,YES
CAN_CSV0000000000001724__11.csv,CAN_CSV0000000000001787__12.csv,RentLocation,RentLocation,4,YES
CAN_CSV0000000000001724__8.csv,CAN_CSV0000000000001787__35.csv,Province/Canada,Province/Canada,4,YES
CAN_CSV0000000000001787__35.csv,CAN_CSV0000000000001797__36.csv,Province/Canada,Province/Canada,4,YES
CAN_CSV0000000000001787__35.csv,CAN_CSV0000000000001787__6.csv,Province/Canada,Province/Canada,4,YES
CAN_CSV0000000000001787__35.csv,CAN_CSV0000000000001787__5.csv,Province/Canada,Province/Canada,4,YES
SG_CSV0000000000000925__10.csv,SG_CSV0000000000000925__3.csv,ban_q18_q191,ban_q18_q191,4,NO
SG_CSV0000000000000925__3.csv,SG_CSV0000000000000925__6.csv,ban_q18_q191,ban_q18_q191,4,NO
SG_CSV0000000000000925__0.csv,SG_CSV0000000000000925__3.csv,ban_q18_q191,ban_q18_q191,4,NO
SG_CSV0000000000000925__3.csv,SG_CSV0000000000000925__6.csv,occupation2,occupation2,4,YES
SG_CSV0000000000000925__0.csv,SG_CSV0000000000000925__3.csv,occupation2,occupation2,4,YES
SG_CSV0000000000000925__3.csv,SG_CSV0000000000000925__4.csv,occupation2,occupation2,4,YES
SG_CSV0000000000000925__3.csv,SG_CSV0000000000001714__6.csv,occupation2,occupation2,4,YES
SG_CSV0000000000000925__2.csv,SG_CSV0000000000000925__3.csv,occupation2,occupation2,4,YES
SG_CSV0000000000000925__10.csv,SG_CSV0000000000000925__3.csv,livinginsg_2_slice,livinginsg_2_slice,4,NO
SG_CSV0000000000000925__3.csv,SG_CSV0000000000000925__6.csv,livinginsg_2_slice,livinginsg_2_slice,4,NO
SG_CSV0000000000000925__0.csv,SG_CSV0000000000000925__3.csv,livinginsg_2_slice,livinginsg_2_slice,4,NO
SG_CSV0000000000000925__3.csv,SG_CSV0000000000000925__4.csv,livinginsg_2_slice,livinginsg_2_slice,4,NO
SG_CSV0000000000000925__3.csv,SG_CSV0000000000001714__6.csv,livinginsg_2_slice,livinginsg_2_slice,4,NO
SG_CSV0000000000000925__10.csv,SG_CSV0000000000000925__3.csv,yearbornin_1_slice,yearbornin_1_slice,4,YES
SG_CSV0000000000000925__3.csv,SG_CSV0000000000000925__6.csv,yearbornin_1_slice,yearbornin_1_slice,4,YES
SG_CSV0000000000000925__3.csv,SG_CSV0000000000000925__35.csv,ban_education4,ban_education4,4,NO
SG_CSV0000000000000925__3.csv,SG_CSV0000000000000925__6.csv,ban_education4,ban_education4,4,NO
SG_CSV0000000000000925__0.csv,SG_CSV0000000000000925__3.csv,ban_education4,ban_education4,4,NO
SG_CSV0000000000000925__3.csv,SG_CSV0000000000000925__4.csv,ban_education4,ban_education4,4,NO
SG_CSV0000000000000925__3.csv,SG_CSV0000000000001714__6.csv,ban_education4,ban_education4,4,NO
USA_CSV0000000000033847__4.csv,USA_CSV0000000000033847__5.csv,URBAN_CODE,URBAN_CODE,4,YES
USA_CSV0000000000033847__4.csv,USA_CSV0000000000037101__3.csv,URBAN_CODE,URBAN_CODE,4,YES
USA_CSV0000000000033847__4.csv,USA_CSV0000000000034882__14.csv,URBAN_CODE,URBAN_CODE,4,YES
USA_CSV0000000000033847__4.csv,USA_CSV0000000000034882__12.csv,URBAN_CODE,URBAN_CODE,4,YES
USA_CSV0000000000033847__4.csv,USA_CSV0000000000033847__5.csv,SHOULDER_WIDTH_L,SHOULDER_WIDTH_L,4,NO
USA_CSV0000000000033847__4.csv,USA_CSV0000000000037101__3.csv,SHOULDER_WIDTH_L,SHOULDER_WIDTH_L,4,NO
USA_CSV0000000000033847__4.csv,USA_CSV0000000000034882__14.csv,SHOULDER_WIDTH_L,SHOULDER_WIDTH_L,4,NO
USA_CSV0000000000033847__4.csv,USA_CSV0000000000034882__22.csv,SHOULDER_WIDTH_L,SHOULDER_WIDTH_L,4,NO
USA_CSV0000000000033847__4.csv,USA_CSV0000000000033847__5.csv,VERT_ALIGN,VERT_ALIGN,4,YES
USA_CSV0000000000033847__4.csv,USA_CSV0000000000037101__3.csv,VERT_ALIGN,VERT_ALIGN,4,YES
USA_CSV0000000000033847__4.csv,USA_CSV0000000000034882__26.csv,VERT_ALIGN,VERT_ALIGN,4,YES
USA_CSV0000000000033847__4.csv,USA_CSV0000000000034882__14.csv,VERT_ALIGN,VERT_ALIGN,4,YES
USA_CSV0000000000033847__4.csv,USA_CSV0000000000033847__5.csv,ROUTE_NUMBER,ROUTE_NUMBER,4,YES
USA_CSV0000000000033847__4.csv,USA_CSV0000000000037101__20.csv,ROUTE_NUMBER,ROUTE_NUMBER,4,YES
USA_CSV0000000000033847__4.csv,USA_CSV0000000000037101__3.csv,ROUTE_NUMBER,ROUTE_NUMBER,4,YES
USA_CSV0000000000033847__4.csv,USA_CSV0000000000033847__5.csv,TURN_LANES_L,TURN_LANES_L,4,NO
USA_CSV0000000000033847__4.csv,USA_CSV0000000000034882__26.csv,TURN_LANES_L,TURN_LANES_L,4,NO
USA_CSV0000000000033847__4.csv,USA_CSV0000000000037101__20.csv,TURN_LANES_L,TURN_LANES_L,4,NO
USA_CSV0000000000033847__4.csv,USA_CSV0000000000037101__3.csv,TURN_LANES_L,TURN_LANES_L,4,NO
USA_CSV0000000000033847__4.csv,USA_CSV0000000000033847__5.csv,DONUT_EXP_FACTOR,DONUT_EXP_FACTOR,4,NO
USA_CSV0000000000033847__4.csv,USA_CSV0000000000037101__20.csv,DONUT_EXP_FACTOR,DONUT_EXP_FACTOR,4,NO
USA_CSV0000000000033847__4.csv,USA_CSV0000000000037101__3.csv,DONUT_EXP_FACTOR,DONUT_EXP_FACTOR,4,NO
USA_CSV0000000000033847__4.csv,USA_CSV0000000000033847__5.csv,AT_GRADE_SIGNS,AT_GRADE_SIGNS,4,NO
USA_CSV0000000000033847__4.csv,USA_CSV0000000000037101__3.csv,AT_GRADE_SIGNS,AT_GRADE_SIGNS,4,NO
SG_CSV0000000000000925__4.csv,SG_CSV0000000000000925__6.csv,respondent_id,respondent_id,4,YES
SG_CSV0000000000000925__0.csv,SG_CSV0000000000000925__4.csv,respondent_id,respondent_id,4,YES
SG_CSV0000000000000925__3.csv,SG_CSV0000000000000925__4.csv,respondent_id,respondent_id,4,YES
SG_CSV0000000000000925__4.csv,SG_CSV0000000000001714__14.csv,respondent_id,respondent_id,4,YES
SG_CSV0000000000000925__10.csv,SG_CSV0000000000000925__4.csv,yearbornin_1_slice,yearbornin_1_slice,4,YES
SG_CSV0000000000000925__4.csv,SG_CSV0000000000000925__6.csv,highestlevel,highestlevel,4,YES
SG_CSV0000000000000925__0.csv,SG_CSV0000000000000925__4.csv,highestlevel,highestlevel,4,YES
UK_CSV0000000000002010__6.csv,UK_CSV0000000000006676__2.csv,Kidney Disease,Kidney Disease,4,NO
UK_CSV0000000000002010__6.csv,UK_CSV0000000000006676__2.csv,Post-Op Q Activity,Post-Op Q Activity,4,YES
UK_CSV0000000000002010__3.csv,UK_CSV0000000000006676__2.csv,Heart Disease,Heart Disease,4,NO
UK_CSV0000000000003896__8.csv,UK_CSV0000000000006676__2.csv,Post-Op Q Bleeding,Post-Op Q Bleeding,4,YES
UK_CSV0000000000002010__21.csv,UK_CSV0000000000006676__2.csv,Post-Op Q Bleeding,Post-Op Q Bleeding,4,YES
UK_CSV0000000000003896__8.csv,UK_CSV0000000000006676__2.csv,Post-Op Q Self-Care,Post-Op Q Self-Care,4,YES
UK_CSV0000000000003896__3.csv,UK_CSV0000000000006676__2.csv,Post-Op Q Self-Care,Post-Op Q Self-Care,4,YES
UK_CSV0000000000002010__6.csv,UK_CSV0000000000006676__2.csv,Depression,Depression,4,NO
UK_CSV0000000000002010__9.csv,UK_CSV0000000000006676__2.csv,Depression,Depression,4,NO
UK_CSV0000000000006676__2.csv,UK_CSV0000000000006676__9.csv,Depression,Depression,4,NO
UK_CSV0000000000002010__8.csv,UK_CSV0000000000006676__2.csv,Depression,Depression,4,NO
UK_CSV0000000000002010__10.csv,UK_CSV0000000000006676__2.csv,Depression,Depression,4,NO
UK_CSV0000000000006676__2.csv,UK_CSV0000000000006676__5.csv,Depression,Depression,4,NO
UK_CSV0000000000006676__2.csv,UK_CSV0000000000006676__9.csv,Post-Op Q Urine,Post-Op Q Urine,4,YES
USA_CSV0000000000033847__5.csv,USA_CSV0000000000034882__14.csv,PEAK_CAPACITY,PEAK_CAPACITY,4,NO
USA_CSV0000000000033847__4.csv,USA_CSV0000000000033847__5.csv,PEAK_CAPACITY,PEAK_CAPACITY,4,NO
USA_CSV0000000000033847__5.csv,USA_CSV0000000000037101__3.csv,URBAN_CODE,URBAN_CODE,4,YES
USA_CSV0000000000033847__5.csv,USA_CSV0000000000034882__14.csv,URBAN_CODE,URBAN_CODE,4,YES
USA_CSV0000000000033847__4.csv,USA_CSV0000000000033847__5.csv,URBAN_CODE,URBAN_CODE,4,YES
USA_CSV0000000000033847__5.csv,USA_CSV0000000000034882__12.csv,URBAN_CODE,URBAN_CODE,4,YES
USA_CSV0000000000033847__5.csv,USA_CSV0000000000037101__20.csv,ROUTE_NUMBER,ROUTE_NUMBER,4,YES
USA_CSV0000000000033847__5.csv,USA_CSV0000000000037101__3.csv,ROUTE_NUMBER,ROUTE_NUMBER,4,YES
USA_CSV0000000000033847__4.csv,USA_CSV0000000000033847__5.csv,ROUTE_NUMBER,ROUTE_NUMBER,4,YES
USA_CSV0000000000033847__5.csv,USA_CSV0000000000037101__16.csv,SAMPLING_TECH,SAMPLING_TECH,4,YES
USA_CSV0000000000033847__4.csv,USA_CSV0000000000033847__5.csv,SAMPLING_TECH,SAMPLING_TECH,4,YES
USA_CSV0000000000033847__5.csv,USA_CSV0000000000034882__9.csv,SAMPLING_TECH,SAMPLING_TECH,4,YES
CAN_CSV0000000000001724__8.csv,CAN_CSV0000000000001787__39.csv,Province/Canada,Province/Canada,4,YES
CAN_CSV0000000000001787__39.csv,CAN_CSV0000000000001797__36.csv,Province/Canada,Province/Canada,4,YES
CAN_CSV0000000000001787__39.csv,CAN_CSV0000000000001787__6.csv,Province/Canada,Province/Canada,4,YES
CAN_CSV0000000000001787__39.csv,CAN_CSV0000000000001787__5.csv,Province/Canada,Province/Canada,4,YES
UK_CSV0000000000002010__6.csv,UK_CSV0000000000006676__2.csv,Kidney Disease,Kidney Disease,4,NO
UK_CSV0000000000002010__6.csv,UK_CSV0000000000006676__2.csv,Post-Op Q Activity,Post-Op Q Activity,4,YES
UK_CSV0000000000002010__6.csv,UK_CSV0000000000006676__2.csv,Pre-Op Q Disability,Pre-Op Q Disability,4,YES
UK_CSV0000000000002010__6.csv,UK_CSV0000000000002010__9.csv,Pre-Op Q Disability,Pre-Op Q Disability,4,YES
UK_CSV0000000000002010__6.csv,UK_CSV0000000000006676__34.csv,Pre-Op Q Disability,Pre-Op Q Disability,4,YES
UK_CSV0000000000002010__6.csv,UK_CSV0000000000002010__8.csv,Pre-Op Q Disability,Pre-Op Q Disability,4,YES
UK_CSV0000000000002010__6.csv,UK_CSV0000000000006676__2.csv,Pre-Op Q Mobility,Pre-Op Q Mobility,4,YES
UK_CSV0000000000002010__6.csv,UK_CSV0000000000002010__9.csv,Pre-Op Q Mobility,Pre-Op Q Mobility,4,YES
UK_CSV0000000000002010__6.csv,UK_CSV0000000000006676__34.csv,Pre-Op Q Mobility,Pre-Op Q Mobility,4,YES
UK_CSV0000000000002010__6.csv,UK_CSV0000000000006676__2.csv,Depression,Depression,4,NO
UK_CSV0000000000002010__6.csv,UK_CSV0000000000002010__9.csv,Depression,Depression,4,NO
UK_CSV0000000000003896__13.csv,UK_CSV0000000000006676__34.csv,Revision Flag,Revision Flag,4,NO
UK_CSV0000000000003896__3.csv,UK_CSV0000000000006676__34.csv,Revision Flag,Revision Flag,4,NO
UK_CSV0000000000003896__13.csv,UK_CSV0000000000006676__34.csv,Provider Code,Provider Code,4,YES
UK_CSV0000000000002010__6.csv,UK_CSV0000000000006676__34.csv,Provider Code,Provider Code,4,YES
UK_CSV0000000000003896__3.csv,UK_CSV0000000000006676__34.csv,Provider Code,Provider Code,4,YES
UK_CSV0000000000002010__6.csv,UK_CSV0000000000006676__34.csv,Kidney Disease,Kidney Disease,4,NO
UK_CSV0000000000006676__2.csv,UK_CSV0000000000006676__34.csv,Kidney Disease,Kidney Disease,4,NO
UK_CSV0000000000002010__6.csv,UK_CSV0000000000006676__34.csv,Pre-Op Q Mobility,Pre-Op Q Mobility,4,YES
UK_CSV0000000000006676__2.csv,UK_CSV0000000000006676__34.csv,Pre-Op Q Mobility,Pre-Op Q Mobility,4,YES
UK_CSV0000000000002010__9.csv,UK_CSV0000000000006676__34.csv,Pre-Op Q Mobility,Pre-Op Q Mobility,4,YES
UK_CSV0000000000002010__8.csv,UK_CSV0000000000006676__34.csv,Pre-Op Q Mobility,Pre-Op Q Mobility,4,YES
UK_CSV0000000000002010__6.csv,UK_CSV0000000000006676__34.csv,Pre-Op Q Assisted,Pre-Op Q Assisted,4,NO
UK_CSV0000000000002010__9.csv,UK_CSV0000000000006676__34.csv,Pre-Op Q Assisted,Pre-Op Q Assisted,4,NO
UK_CSV0000000000002010__8.csv,UK_CSV0000000000006676__34.csv,Pre-Op Q Assisted,Pre-Op Q Assisted,4,NO
UK_CSV0000000000003896__8.csv,UK_CSV0000000000006676__34.csv,Pre-Op Q EQ VAS,Pre-Op Q EQ VAS,4,YES
UK_CSV0000000000003896__13.csv,UK_CSV0000000000006676__34.csv,Pre-Op Q EQ VAS,Pre-Op Q EQ VAS,4,YES
UK_CSV0000000000003896__13.csv,UK_CSV0000000000006676__34.csv,Pre-Op Q Anxiety,Pre-Op Q Anxiety,4,YES
UK_CSV0000000000003896__3.csv,UK_CSV0000000000006676__34.csv,Pre-Op Q Anxiety,Pre-Op Q Anxiety,4,YES
CAN_CSV0000000000001724__8.csv,CAN_CSV0000000000001787__40.csv,Province/Canada,Province/Canada,4,YES
CAN_CSV0000000000001787__40.csv,CAN_CSV0000000000001797__36.csv,Province/Canada,Province/Canada,4,YES
CAN_CSV0000000000001787__40.csv,CAN_CSV0000000000001787__6.csv,Province/Canada,Province/Canada,4,YES
CAN_CSV0000000000001787__0.csv,CAN_CSV0000000000001787__40.csv,Province/Canada,Province/Canada,4,YES
CAN_CSV0000000000001787__40.csv,CAN_CSV0000000000001797__21.csv,Province/Canada,Province/Canada,4,YES
SG_CSV0000000000000925__10.csv,SG_CSV0000000000000925__4.csv,ban_q18_q191,ban_q18_q191,4,NO
SG_CSV0000000000000925__4.csv,SG_CSV0000000000000925__6.csv,ban_q18_q191,ban_q18_q191,4,NO
SG_CSV0000000000000925__0.csv,SG_CSV0000000000000925__4.csv,ban_q18_q191,ban_q18_q191,4,NO
SG_CSV0000000000000925__3.csv,SG_CSV0000000000000925__4.csv,ban_q18_q191,ban_q18_q191,4,NO
SG_CSV0000000000000925__4.csv,SG_CSV0000000000001714__6.csv,ban_q18_q191,ban_q18_q191,4,NO
SG_CSV0000000000000925__4.csv,SG_CSV0000000000000925__6.csv,occupation2,occupation2,4,YES
SG_CSV0000000000000925__0.csv,SG_CSV0000000000000925__4.csv,occupation2,occupation2,4,YES
SG_CSV0000000000000925__3.csv,SG_CSV0000000000000925__4.csv,occupation2,occupation2,4,YES
SG_CSV0000000000000925__4.csv,SG_CSV0000000000001714__6.csv,occupation2,occupation2,4,YES
SG_CSV0000000000000925__2.csv,SG_CSV0000000000000925__4.csv,occupation2,occupation2,4,YES
SG_CSV0000000000000925__10.csv,SG_CSV0000000000000925__4.csv,livinginsg_2_slice,livinginsg_2_slice,4,NO
SG_CSV0000000000000925__4.csv,SG_CSV0000000000000925__6.csv,livinginsg_2_slice,livinginsg_2_slice,4,NO
SG_CSV0000000000000925__0.csv,SG_CSV0000000000000925__4.csv,livinginsg_2_slice,livinginsg_2_slice,4,NO
SG_CSV0000000000000925__3.csv,SG_CSV0000000000000925__4.csv,livinginsg_2_slice,livinginsg_2_slice,4,NO
SG_CSV0000000000000925__4.csv,SG_CSV0000000000001714__6.csv,livinginsg_2_slice,livinginsg_2_slice,4,NO
SG_CSV0000000000000925__35.csv,SG_CSV0000000000000925__4.csv,ban_education4,ban_education4,4,NO
SG_CSV0000000000000925__4.csv,SG_CSV0000000000000925__6.csv,ban_education4,ban_education4,4,NO
SG_CSV0000000000000925__0.csv,SG_CSV0000000000000925__4.csv,ban_education4,ban_education4,4,NO
SG_CSV0000000000000925__3.csv,SG_CSV0000000000000925__4.csv,ban_education4,ban_education4,4,NO
CAN_CSV0000000000001797__5.csv,CAN_CSV0000000000001797__6.csv,RentLocation,RentLocation,4,YES
CAN_CSV0000000000001724__45.csv,CAN_CSV0000000000001797__6.csv,RentLocation,RentLocation,4,YES
CAN_CSV0000000000001797__43.csv,CAN_CSV0000000000001797__6.csv,RentLocation,RentLocation,4,YES
CAN_CSV0000000000001797__13.csv,CAN_CSV0000000000001797__6.csv,RentLocation,RentLocation,4,YES
CAN_CSV0000000000001787__8.csv,CAN_CSV0000000000001797__6.csv,RentLocation,RentLocation,4,YES
UK_CSV0000000000003896__13.csv,UK_CSV0000000000007396__12.csv,Revision Flag,Revision Flag,4,NO
UK_CSV0000000000003896__3.csv,UK_CSV0000000000007396__12.csv,Revision Flag,Revision Flag,4,NO
CAN_CSV0000000000001487__25.csv,CAN_CSV0000000000001487__26.csv,ALTMETR_SETNG,ALTMETR_SETNG,4,NO
CAN_CSV0000000000001487__26.csv,CAN_CSV0000000000001487__28.csv,ALTMETR_SETNG,ALTMETR_SETNG,4,NO
CAN_CSV0000000000001487__25.csv,CAN_CSV0000000000001487__26.csv,PCPN_AMT_PST6HRS_QA,PCPN_AMT_PST6HRS_QA,4,NO
CAN_CSV0000000000001487__24.csv,CAN_CSV0000000000001487__26.csv,PCPN_AMT_PST6HRS_QA,PCPN_AMT_PST6HRS_QA,4,NO
CAN_CSV0000000000001487__23.csv,CAN_CSV0000000000001487__26.csv,PCPN_AMT_PST6HRS_QA,PCPN_AMT_PST6HRS_QA,4,NO
CAN_CSV0000000000001487__26.csv,CAN_CSV0000000000001487__28.csv,PCPN_AMT_PST6HRS_QA,PCPN_AMT_PST6HRS_QA,4,NO
CAN_CSV0000000000001487__26.csv,CAN_CSV0000000000001487__29.csv,PCPN_AMT_PST6HRS_QA,PCPN_AMT_PST6HRS_QA,4,NO
CAN_CSV0000000000001487__26.csv,CAN_CSV0000000000001487__9.csv,AVG_VIS_PST10MTS,AVG_VIS_PST10MTS,4,NO
CAN_CSV0000000000001487__25.csv,CAN_CSV0000000000001487__26.csv,AVG_VIS_PST10MTS,AVG_VIS_PST10MTS,4,NO
CAN_CSV0000000000001487__26.csv,CAN_CSV0000000000027353__2.csv,AVG_VIS_PST10MTS,AVG_VIS_PST10MTS,4,NO
CAN_CSV0000000000001487__26.csv,CAN_CSV0000000000001487__28.csv,AVG_VIS_PST10MTS,AVG_VIS_PST10MTS,4,NO
SG_CSV0000000000000925__10.csv,SG_CSV0000000000001714__6.csv,yearbornin_1_slice,yearbornin_1_slice,4,YES
SG_CSV0000000000000925__6.csv,SG_CSV0000000000001714__6.csv,yearbornin_1_slice,yearbornin_1_slice,4,YES
SG_CSV0000000000000925__0.csv,SG_CSV0000000000001714__6.csv,yearbornin_1_slice,yearbornin_1_slice,4,YES
SG_CSV0000000000000925__3.csv,SG_CSV0000000000001714__6.csv,yearbornin_1_slice,yearbornin_1_slice,4,YES
SG_CSV0000000000000925__10.csv,SG_CSV0000000000001714__6.csv,respondent_serial,respondent_serial,4,YES
SG_CSV0000000000000925__21.csv,SG_CSV0000000000001714__6.csv,respondent_serial,respondent_serial,4,YES
SG_CSV0000000000000925__10.csv,SG_CSV0000000000001714__6.csv,ban_children4,ban_children4,4,NO
SG_CSV0000000000000925__6.csv,SG_CSV0000000000001714__6.csv,ban_children4,ban_children4,4,NO
SG_CSV0000000000000925__0.csv,SG_CSV0000000000001714__6.csv,ban_children4,ban_children4,4,NO
SG_CSV0000000000001714__40.csv,SG_CSV0000000000001714__6.csv,ban_children4,ban_children4,4,NO
SG_CSV0000000000000925__3.csv,SG_CSV0000000000001714__6.csv,ban_children4,ban_children4,4,NO
SG_CSV0000000000000925__10.csv,SG_CSV0000000000001714__6.csv,ban_marital,ban_marital,4,YES
SG_CSV0000000000000925__10.csv,SG_CSV0000000000001714__6.csv,livinginsg_2_slice,livinginsg_2_slice,4,NO
SG_CSV0000000000000925__6.csv,SG_CSV0000000000001714__6.csv,livinginsg_2_slice,livinginsg_2_slice,4,NO
SG_CSV0000000000000925__0.csv,SG_CSV0000000000001714__6.csv,livinginsg_2_slice,livinginsg_2_slice,4,NO
SG_CSV0000000000000925__3.csv,SG_CSV0000000000001714__6.csv,livinginsg_2_slice,livinginsg_2_slice,4,NO
SG_CSV0000000000000925__4.csv,SG_CSV0000000000001714__6.csv,livinginsg_2_slice,livinginsg_2_slice,4,NO
SG_CSV0000000000000925__35.csv,SG_CSV0000000000001714__6.csv,ban_education4,ban_education4,4,NO
SG_CSV0000000000000925__6.csv,SG_CSV0000000000001714__6.csv,ban_education4,ban_education4,4,NO
SG_CSV0000000000000925__0.csv,SG_CSV0000000000001714__6.csv,ban_education4,ban_education4,4,NO
SG_CSV0000000000000925__3.csv,SG_CSV0000000000001714__6.csv,ban_education4,ban_education4,4,NO
USA_CSV0000000000037101__16.csv,USA_CSV0000000000037101__3.csv,DONUT_VOLUME_GROUP,DONUT_VOLUME_GROUP,4,YES
USA_CSV0000000000034882__22.csv,USA_CSV0000000000037101__16.csv,DONUT_VOLUME_GROUP,DONUT_VOLUME_GROUP,4,YES
USA_CSV0000000000037101__16.csv,USA_CSV0000000000037101__20.csv,YEAR_SURF_IMPROV,YEAR_SURF_IMPROV,4,YES
USA_CSV0000000000037101__16.csv,USA_CSV0000000000037101__3.csv,YEAR_SURF_IMPROV,YEAR_SURF_IMPROV,4,YES
CAN_CSV0000000000027346__30.csv,CAN_CSV0000000000027354__2.csv,AVG_STN_PRES_PST1MT,AVG_STN_PRES_PST1MT,4,NO
CAN_CSV0000000000027346__30.csv,CAN_CSV0000000000027349__23.csv,PCPN_AMT_PST6HRS,PCPN_AMT_PST6HRS,4,NO
CAN_CSV0000000000027346__30.csv,CAN_CSV0000000000027349__20.csv,PCPN_AMT_PST6HRS,PCPN_AMT_PST6HRS,4,NO
CAN_CSV0000000000027346__30.csv,CAN_CSV0000000000027349__21.csv,PCPN_AMT_PST6HRS,PCPN_AMT_PST6HRS,4,NO
CAN_CSV0000000000027346__30.csv,CAN_CSV0000000000027355__20.csv,PCPN_AMT_PST6HRS,PCPN_AMT_PST6HRS,4,NO
CAN_CSV0000000000001487__25.csv,CAN_CSV0000000000027346__30.csv,ALTMETR_SETNG,ALTMETR_SETNG,4,NO
CAN_CSV0000000000001487__28.csv,CAN_CSV0000000000027346__30.csv,ALTMETR_SETNG,ALTMETR_SETNG,4,NO
CAN_CSV0000000000001487__9.csv,CAN_CSV0000000000027346__30.csv,AVG_VIS_PST10MTS,AVG_VIS_PST10MTS,4,NO
CAN_CSV0000000000001487__25.csv,CAN_CSV0000000000027346__30.csv,AVG_VIS_PST10MTS,AVG_VIS_PST10MTS,4,NO
CAN_CSV0000000000027346__30.csv,CAN_CSV0000000000027353__2.csv,AVG_VIS_PST10MTS,AVG_VIS_PST10MTS,4,NO
CAN_CSV0000000000001487__28.csv,CAN_CSV0000000000027346__30.csv,AVG_VIS_PST10MTS,AVG_VIS_PST10MTS,4,NO
CAN_CSV0000000000001487__8.csv,CAN_CSV0000000000027346__30.csv,AVG_VIS_PST10MTS,AVG_VIS_PST10MTS,4,NO
CAN_CSV0000000000001487__26.csv,CAN_CSV0000000000027346__30.csv,AVG_VIS_PST10MTS,AVG_VIS_PST10MTS,4,NO
CAN_CSV0000000000001487__35.csv,CAN_CSV0000000000027346__30.csv,ICAO_STN_ID,ICAO_STN_ID,4,YES
CAN_CSV0000000000001487__9.csv,CAN_CSV0000000000027346__30.csv,ICAO_STN_ID,ICAO_STN_ID,4,YES
CAN_CSV0000000000027346__30.csv,CAN_CSV0000000000027353__2.csv,ICAO_STN_ID,ICAO_STN_ID,4,YES
CAN_CSV0000000000001487__34.csv,CAN_CSV0000000000027346__30.csv,ICAO_STN_ID,ICAO_STN_ID,4,YES
CAN_CSV0000000000027346__30.csv,CAN_CSV0000000000027349__23.csv,DATA_ATTRIB_NOT,DATA_ATTRIB_NOT,4,NO
CAN_CSV0000000000027346__30.csv,CAN_CSV0000000000027349__20.csv,DATA_ATTRIB_NOT,DATA_ATTRIB_NOT,4,NO
CAN_CSV0000000000001487__25.csv,CAN_CSV0000000000027346__30.csv,DATA_ATTRIB_NOT,DATA_ATTRIB_NOT,4,NO
CAN_CSV0000000000027346__30.csv,CAN_CSV0000000000027354__6.csv,DATA_ATTRIB_NOT,DATA_ATTRIB_NOT,4,NO
CAN_CSV0000000000027346__30.csv,CAN_CSV0000000000027349__21.csv,DATA_ATTRIB_NOT,DATA_ATTRIB_NOT,4,NO
CAN_CSV0000000000027346__30.csv,CAN_CSV0000000000027353__2.csv,DATA_ATTRIB_NOT,DATA_ATTRIB_NOT,4,NO
CAN_CSV0000000000027346__30.csv,CAN_CSV0000000000027349__23.csv,AVG_REL_HUM_PST1MT,AVG_REL_HUM_PST1MT,4,NO
CAN_CSV0000000000001487__35.csv,CAN_CSV0000000000027346__30.csv,AVG_REL_HUM_PST1MT,AVG_REL_HUM_PST1MT,4,NO
CAN_CSV0000000000001487__9.csv,CAN_CSV0000000000027346__30.csv,AVG_REL_HUM_PST1MT,AVG_REL_HUM_PST1MT,4,NO
CAN_CSV0000000000027346__30.csv,CAN_CSV0000000000027349__20.csv,AVG_REL_HUM_PST1MT,AVG_REL_HUM_PST1MT,4,NO
CAN_CSV0000000000001487__25.csv,CAN_CSV0000000000027346__30.csv,AVG_REL_HUM_PST1MT,AVG_REL_HUM_PST1MT,4,NO
CAN_CSV0000000000027346__30.csv,CAN_CSV0000000000027349__21.csv,AVG_REL_HUM_PST1MT,AVG_REL_HUM_PST1MT,4,NO
CAN_CSV0000000000001487__28.csv,CAN_CSV0000000000027346__30.csv,AVG_REL_HUM_PST1MT,AVG_REL_HUM_PST1MT,4,NO
CAN_CSV0000000000027346__30.csv,CAN_CSV0000000000027354__6.csv,MIN_AIR_TEMP_PST1HR,MIN_AIR_TEMP_PST1HR,4,NO
CAN_CSV0000000000027346__14.csv,CAN_CSV0000000000027346__30.csv,MIN_AIR_TEMP_PST1HR,MIN_AIR_TEMP_PST1HR,4,NO
CAN_CSV0000000000027346__30.csv,CAN_CSV0000000000027353__2.csv,MIN_AIR_TEMP_PST1HR,MIN_AIR_TEMP_PST1HR,4,NO
CAN_CSV0000000000027346__30.csv,CAN_CSV0000000000027355__11.csv,MIN_AIR_TEMP_PST1HR,MIN_AIR_TEMP_PST1HR,4,NO
CAN_CSV0000000000027346__30.csv,CAN_CSV0000000000027349__23.csv,OBS_DATETIME_UTC,OBS_DATETIME_UTC,4,YES
CAN_CSV0000000000027346__30.csv,CAN_CSV0000000000027349__20.csv,OBS_DATETIME_UTC,OBS_DATETIME_UTC,4,YES
CAN_CSV0000000000027346__12.csv,CAN_CSV0000000000027346__30.csv,OBS_DATETIME_UTC,OBS_DATETIME_UTC,4,YES
CAN_CSV0000000000027346__30.csv,CAN_CSV0000000000027354__6.csv,OBS_DATETIME_UTC,OBS_DATETIME_UTC,4,YES
CAN_CSV0000000000027346__30.csv,CAN_CSV0000000000027349__21.csv,OBS_DATETIME_UTC,OBS_DATETIME_UTC,4,YES
CAN_CSV0000000000027346__14.csv,CAN_CSV0000000000027346__30.csv,OBS_DATETIME_UTC,OBS_DATETIME_UTC,4,YES
CAN_CSV0000000000027346__30.csv,CAN_CSV0000000000027349__23.csv,AVG_VIS_PST1MT,AVG_VIS_PST1MT,4,NO
CAN_CSV0000000000027346__30.csv,CAN_CSV0000000000027349__20.csv,AVG_VIS_PST1MT,AVG_VIS_PST1MT,4,NO
CAN_CSV0000000000001487__25.csv,CAN_CSV0000000000027346__30.csv,AVG_VIS_PST1MT,AVG_VIS_PST1MT,4,NO
CAN_CSV0000000000027346__30.csv,CAN_CSV0000000000027349__21.csv,AVG_VIS_PST1MT,AVG_VIS_PST1MT,4,NO
CAN_CSV0000000000001487__28.csv,CAN_CSV0000000000027346__30.csv,AVG_VIS_PST1MT,AVG_VIS_PST1MT,4,NO
CAN_CSV0000000000027346__30.csv,CAN_CSV0000000000027349__23.csv,LTNG_DIS_RMK,LTNG_DIS_RMK,4,YES
CAN_CSV0000000000027346__30.csv,CAN_CSV0000000000027349__20.csv,LTNG_DIS_RMK,LTNG_DIS_RMK,4,YES
CAN_CSV0000000000027346__30.csv,CAN_CSV0000000000027354__6.csv,LTNG_DIS_RMK,LTNG_DIS_RMK,4,YES
CAN_CSV0000000000027346__30.csv,CAN_CSV0000000000027349__21.csv,LTNG_DIS_RMK,LTNG_DIS_RMK,4,YES
CAN_CSV0000000000001724__8.csv,CAN_CSV0000000000001787__5.csv,Province/Canada,Province/Canada,4,YES
CAN_CSV0000000000001787__5.csv,CAN_CSV0000000000001797__36.csv,Province/Canada,Province/Canada,4,YES
CAN_CSV0000000000001787__5.csv,CAN_CSV0000000000001787__6.csv,Province/Canada,Province/Canada,4,YES
CAN_CSV0000000000001787__0.csv,CAN_CSV0000000000001787__5.csv,Province/Canada,Province/Canada,4,YES
CAN_CSV0000000000001787__5.csv,CAN_CSV0000000000001797__21.csv,Province/Canada,Province/Canada,4,YES
UK_CSV0000000000002010__6.csv,UK_CSV0000000000006676__34.csv,Pre-Op Q Disability,Pre-Op Q Disability,4,YES
UK_CSV0000000000006676__2.csv,UK_CSV0000000000006676__34.csv,Pre-Op Q Disability,Pre-Op Q Disability,4,YES
UK_CSV0000000000002010__9.csv,UK_CSV0000000000006676__34.csv,Pre-Op Q Disability,Pre-Op Q Disability,4,YES
UK_CSV0000000000002010__8.csv,UK_CSV0000000000006676__34.csv,Pre-Op Q Disability,Pre-Op Q Disability,4,YES
UK_CSV0000000000002010__10.csv,UK_CSV0000000000006676__34.csv,Pre-Op Q Disability,Pre-Op Q Disability,4,YES
UK_CSV0000000000002010__30.csv,UK_CSV0000000000006676__34.csv,Pre-Op Q Disability,Pre-Op Q Disability,4,YES
UK_CSV0000000000002010__31.csv,UK_CSV0000000000006676__34.csv,Pre-Op Q Disability,Pre-Op Q Disability,4,YES
UK_CSV0000000000003896__13.csv,UK_CSV0000000000007396__10.csv,Revision Flag,Revision Flag,4,NO
UK_CSV0000000000003896__3.csv,UK_CSV0000000000007396__10.csv,Revision Flag,Revision Flag,4,NO
UK_CSV0000000000003896__8.csv,UK_CSV0000000000007396__10.csv,Pre-Op Q EQ5D Index,Pre-Op Q EQ5D Index,4,YES
UK_CSV0000000000006676__2.csv,UK_CSV0000000000007396__10.csv,Pre-Op Q EQ5D Index,Pre-Op Q EQ5D Index,4,YES
UK_CSV0000000000003896__3.csv,UK_CSV0000000000007396__10.csv,Pre-Op Q EQ5D Index,Pre-Op Q EQ5D Index,4,YES
UK_CSV0000000000003896__13.csv,UK_CSV0000000000007396__10.csv,Pre-Op Q Anxiety,Pre-Op Q Anxiety,4,YES
UK_CSV0000000000003896__3.csv,UK_CSV0000000000007396__10.csv,Pre-Op Q Anxiety,Pre-Op Q Anxiety,4,YES
UK_CSV0000000000006676__34.csv,UK_CSV0000000000007396__10.csv,Pre-Op Q Anxiety,Pre-Op Q Anxiety,4,YES
UK_CSV0000000000007396__10.csv,UK_CSV0000000000007396__13.csv,Pre-Op Q Anxiety,Pre-Op Q Anxiety,4,YES
USA_CSV0000000000034882__26.csv,USA_CSV0000000000037101__16.csv,DIR_FACTOR,DIR_FACTOR,4,NO
USA_CSV0000000000034882__22.csv,USA_CSV0000000000034882__26.csv,DIR_FACTOR,DIR_FACTOR,4,NO
USA_CSV0000000000034882__26.csv,USA_CSV0000000000034882__9.csv,DIR_FACTOR,DIR_FACTOR,4,NO
USA_CSV0000000000034882__22.csv,USA_CSV0000000000034882__26.csv,DESIGN_SPEED,DESIGN_SPEED,4,NO
USA_CSV0000000000033847__5.csv,USA_CSV0000000000034882__26.csv,VERT_ALIGN,VERT_ALIGN,4,YES
USA_CSV0000000000034882__26.csv,USA_CSV0000000000037101__3.csv,VERT_ALIGN,VERT_ALIGN,4,YES
USA_CSV0000000000034882__26.csv,USA_CSV0000000000037101__20.csv,AVG_COMBINATION,AVG_COMBINATION,4,NO
USA_CSV0000000000034882__26.csv,USA_CSV0000000000037101__3.csv,AVG_COMBINATION,AVG_COMBINATION,4,NO
USA_CSV0000000000033847__5.csv,USA_CSV0000000000034882__26.csv,SPECIAL_SYSTEMS,SPECIAL_SYSTEMS,4,NO
USA_CSV0000000000034882__22.csv,USA_CSV0000000000034882__26.csv,SPECIAL_SYSTEMS,SPECIAL_SYSTEMS,4,NO
UK_CSV0000000000003896__13.csv,UK_CSV0000000000003896__3.csv,Provider Code,Provider Code,4,YES
UK_CSV0000000000002010__9.csv,UK_CSV0000000000003896__3.csv,Pre-Op Q Activity,Pre-Op Q Activity,4,YES
UK_CSV0000000000002010__21.csv,UK_CSV0000000000003896__3.csv,Pre-Op Q Activity,Pre-Op Q Activity,4,YES
UK_CSV0000000000002010__8.csv,UK_CSV0000000000003896__3.csv,Pre-Op Q Activity,Pre-Op Q Activity,4,YES
UK_CSV0000000000003896__3.csv,UK_CSV0000000000003896__8.csv,Post-Op Q Wound,Post-Op Q Wound,4,YES
CAN_CSV0000000000001724__45.csv,CAN_CSV0000000000001797__5.csv,RentLocation,RentLocation,4,YES
CAN_CSV0000000000001797__43.csv,CAN_CSV0000000000001797__5.csv,RentLocation,RentLocation,4,YES
CAN_CSV0000000000001797__13.csv,CAN_CSV0000000000001797__5.csv,RentLocation,RentLocation,4,YES
CAN_CSV0000000000001724__46.csv,CAN_CSV0000000000001797__5.csv,RentLocation,RentLocation,4,YES
CAN_CSV0000000000001724__45.csv,CAN_CSV0000000000001724__46.csv,RentLocation,RentLocation,4,YES
SG_CSV0000000000000925__10.csv,SG_CSV0000000000000925__4.csv,ban_no_ofchildren,ban_no_ofchildren,4,YES
SG_CSV0000000000000925__4.csv,SG_CSV0000000000000925__6.csv,ban_no_ofchildren,ban_no_ofchildren,4,YES
SG_CSV0000000000000925__0.csv,SG_CSV0000000000000925__4.csv,ban_no_ofchildren,ban_no_ofchildren,4,YES
SG_CSV0000000000000925__3.csv,SG_CSV0000000000000925__4.csv,ban_no_ofchildren,ban_no_ofchildren,4,YES
SG_CSV0000000000000925__4.csv,SG_CSV0000000000000925__6.csv,livinginsg_3_slice,livinginsg_3_slice,4,NO
SG_CSV0000000000000925__0.csv,SG_CSV0000000000000925__4.csv,livinginsg_3_slice,livinginsg_3_slice,4,NO
SG_CSV0000000000000925__3.csv,SG_CSV0000000000000925__4.csv,livinginsg_3_slice,livinginsg_3_slice,4,NO
SG_CSV0000000000000925__10.csv,SG_CSV0000000000000925__4.csv,rankmostimptchild_2,rankmostimptchild_2,4,NO
SG_CSV0000000000000925__4.csv,SG_CSV0000000000000925__6.csv,rankmostimptchild_2,rankmostimptchild_2,4,NO
SG_CSV0000000000000925__0.csv,SG_CSV0000000000000925__4.csv,rankmostimptchild_2,rankmostimptchild_2,4,NO
SG_CSV0000000000000925__3.csv,SG_CSV0000000000000925__4.csv,rankmostimptchild_2,rankmostimptchild_2,4,NO
SG_CSV0000000000000925__4.csv,SG_CSV0000000000000925__6.csv,ban_education3,ban_education3,4,YES
SG_CSV0000000000000925__0.csv,SG_CSV0000000000000925__4.csv,ban_education3,ban_education3,4,YES
SG_CSV0000000000000925__3.csv,SG_CSV0000000000000925__4.csv,ban_education3,ban_education3,4,YES
SG_CSV0000000000000925__4.csv,SG_CSV0000000000000925__6.csv,md_segment,md_segment,4,YES
SG_CSV0000000000000925__0.csv,SG_CSV0000000000000925__4.csv,md_segment,md_segment,4,YES
SG_CSV0000000000000925__3.csv,SG_CSV0000000000000925__4.csv,md_segment,md_segment,4,YES
SG_CSV0000000000000925__4.csv,SG_CSV0000000000000925__44.csv,md_segment,md_segment,4,YES
SG_CSV0000000000000925__2.csv,SG_CSV0000000000000925__4.csv,md_segment,md_segment,4,YES
CAN_CSV0000000000027346__35.csv,CAN_CSV0000000000027354__2.csv,AVG_STN_PRES_PST1MT,AVG_STN_PRES_PST1MT,4,NO
CAN_CSV0000000000027346__14.csv,CAN_CSV0000000000027346__35.csv,AVG_STN_PRES_PST1MT,AVG_STN_PRES_PST1MT,4,NO
CAN_CSV0000000000027346__35.csv,CAN_CSV0000000000027353__2.csv,AVG_STN_PRES_PST1MT,AVG_STN_PRES_PST1MT,4,NO
CAN_CSV0000000000027346__35.csv,CAN_CSV0000000000027349__23.csv,PCPN_AMT_PST6HRS,PCPN_AMT_PST6HRS,4,NO
CAN_CSV0000000000027346__35.csv,CAN_CSV0000000000027349__20.csv,PCPN_AMT_PST6HRS,PCPN_AMT_PST6HRS,4,NO
CAN_CSV0000000000027346__35.csv,CAN_CSV0000000000027349__21.csv,PCPN_AMT_PST6HRS,PCPN_AMT_PST6HRS,4,NO
CAN_CSV0000000000027346__35.csv,CAN_CSV0000000000027355__20.csv,PCPN_AMT_PST6HRS,PCPN_AMT_PST6HRS,4,NO
CAN_CSV0000000000001487__25.csv,CAN_CSV0000000000027346__35.csv,ALTMETR_SETNG,ALTMETR_SETNG,4,NO
CAN_CSV0000000000001487__28.csv,CAN_CSV0000000000027346__35.csv,ALTMETR_SETNG,ALTMETR_SETNG,4,NO
CAN_CSV0000000000001487__26.csv,CAN_CSV0000000000027346__35.csv,ALTMETR_SETNG,ALTMETR_SETNG,4,NO
CAN_CSV0000000000001487__9.csv,CAN_CSV0000000000027346__35.csv,AVG_VIS_PST10MTS,AVG_VIS_PST10MTS,4,NO
CAN_CSV0000000000001487__25.csv,CAN_CSV0000000000027346__35.csv,AVG_VIS_PST10MTS,AVG_VIS_PST10MTS,4,NO
CAN_CSV0000000000027346__35.csv,CAN_CSV0000000000027353__2.csv,AVG_VIS_PST10MTS,AVG_VIS_PST10MTS,4,NO
CAN_CSV0000000000001487__28.csv,CAN_CSV0000000000027346__35.csv,AVG_VIS_PST10MTS,AVG_VIS_PST10MTS,4,NO
CAN_CSV0000000000001487__8.csv,CAN_CSV0000000000027346__35.csv,AVG_VIS_PST10MTS,AVG_VIS_PST10MTS,4,NO
CAN_CSV0000000000001487__26.csv,CAN_CSV0000000000027346__35.csv,AVG_VIS_PST10MTS,AVG_VIS_PST10MTS,4,NO
CAN_CSV0000000000001487__35.csv,CAN_CSV0000000000027346__35.csv,ICAO_STN_ID,ICAO_STN_ID,4,YES
CAN_CSV0000000000001487__9.csv,CAN_CSV0000000000027346__35.csv,ICAO_STN_ID,ICAO_STN_ID,4,YES
CAN_CSV0000000000027346__35.csv,CAN_CSV0000000000027353__2.csv,ICAO_STN_ID,ICAO_STN_ID,4,YES
CAN_CSV0000000000027346__35.csv,CAN_CSV0000000000027349__23.csv,DATA_ATTRIB_NOT,DATA_ATTRIB_NOT,4,NO
CAN_CSV0000000000027346__35.csv,CAN_CSV0000000000027349__20.csv,DATA_ATTRIB_NOT,DATA_ATTRIB_NOT,4,NO
CAN_CSV0000000000001487__25.csv,CAN_CSV0000000000027346__35.csv,DATA_ATTRIB_NOT,DATA_ATTRIB_NOT,4,NO
CAN_CSV0000000000027346__35.csv,CAN_CSV0000000000027354__6.csv,DATA_ATTRIB_NOT,DATA_ATTRIB_NOT,4,NO
CAN_CSV0000000000027346__35.csv,CAN_CSV0000000000027349__21.csv,DATA_ATTRIB_NOT,DATA_ATTRIB_NOT,4,NO
CAN_CSV0000000000027346__35.csv,CAN_CSV0000000000027353__2.csv,DATA_ATTRIB_NOT,DATA_ATTRIB_NOT,4,NO
CAN_CSV0000000000027346__35.csv,CAN_CSV0000000000027349__23.csv,AVG_REL_HUM_PST1MT,AVG_REL_HUM_PST1MT,4,NO
CAN_CSV0000000000001487__35.csv,CAN_CSV0000000000027346__35.csv,AVG_REL_HUM_PST1MT,AVG_REL_HUM_PST1MT,4,NO
CAN_CSV0000000000001487__9.csv,CAN_CSV0000000000027346__35.csv,AVG_REL_HUM_PST1MT,AVG_REL_HUM_PST1MT,4,NO
CAN_CSV0000000000027346__35.csv,CAN_CSV0000000000027349__20.csv,AVG_REL_HUM_PST1MT,AVG_REL_HUM_PST1MT,4,NO
CAN_CSV0000000000001487__25.csv,CAN_CSV0000000000027346__35.csv,AVG_REL_HUM_PST1MT,AVG_REL_HUM_PST1MT,4,NO
CAN_CSV0000000000027346__35.csv,CAN_CSV0000000000027349__21.csv,AVG_REL_HUM_PST1MT,AVG_REL_HUM_PST1MT,4,NO
CAN_CSV0000000000027346__35.csv,CAN_CSV0000000000027354__6.csv,MIN_AIR_TEMP_PST1HR,MIN_AIR_TEMP_PST1HR,4,NO
CAN_CSV0000000000027346__14.csv,CAN_CSV0000000000027346__35.csv,MIN_AIR_TEMP_PST1HR,MIN_AIR_TEMP_PST1HR,4,NO
CAN_CSV0000000000027346__35.csv,CAN_CSV0000000000027353__2.csv,MIN_AIR_TEMP_PST1HR,MIN_AIR_TEMP_PST1HR,4,NO
CAN_CSV0000000000027346__35.csv,CAN_CSV0000000000027349__23.csv,OBS_DATETIME_UTC,OBS_DATETIME_UTC,4,YES
CAN_CSV0000000000027346__35.csv,CAN_CSV0000000000027349__20.csv,OBS_DATETIME_UTC,OBS_DATETIME_UTC,4,YES
CAN_CSV0000000000027346__12.csv,CAN_CSV0000000000027346__35.csv,OBS_DATETIME_UTC,OBS_DATETIME_UTC,4,YES
CAN_CSV0000000000027346__35.csv,CAN_CSV0000000000027354__6.csv,OBS_DATETIME_UTC,OBS_DATETIME_UTC,4,YES
CAN_CSV0000000000027346__35.csv,CAN_CSV0000000000027349__21.csv,OBS_DATETIME_UTC,OBS_DATETIME_UTC,4,YES
CAN_CSV0000000000027346__35.csv,CAN_CSV0000000000027349__23.csv,AVG_VIS_PST1MT,AVG_VIS_PST1MT,4,NO
CAN_CSV0000000000027346__35.csv,CAN_CSV0000000000027349__20.csv,AVG_VIS_PST1MT,AVG_VIS_PST1MT,4,NO
CAN_CSV0000000000001487__25.csv,CAN_CSV0000000000027346__35.csv,AVG_VIS_PST1MT,AVG_VIS_PST1MT,4,NO
CAN_CSV0000000000027346__35.csv,CAN_CSV0000000000027349__21.csv,AVG_VIS_PST1MT,AVG_VIS_PST1MT,4,NO
CAN_CSV0000000000001487__28.csv,CAN_CSV0000000000027346__35.csv,AVG_VIS_PST1MT,AVG_VIS_PST1MT,4,NO
CAN_CSV0000000000001487__26.csv,CAN_CSV0000000000027346__35.csv,AVG_VIS_PST1MT,AVG_VIS_PST1MT,4,NO
CAN_CSV0000000000027346__35.csv,CAN_CSV0000000000027349__23.csv,LTNG_DIS_RMK,LTNG_DIS_RMK,4,YES
CAN_CSV0000000000027346__35.csv,CAN_CSV0000000000027349__20.csv,LTNG_DIS_RMK,LTNG_DIS_RMK,4,YES
CAN_CSV0000000000027346__35.csv,CAN_CSV0000000000027354__6.csv,LTNG_DIS_RMK,LTNG_DIS_RMK,4,YES
CAN_CSV0000000000027346__35.csv,CAN_CSV0000000000027349__21.csv,LTNG_DIS_RMK,LTNG_DIS_RMK,4,YES
UK_CSV0000000000002010__6.csv,UK_CSV0000000000006676__2.csv,Pre-Op Q Mobility,Pre-Op Q Mobility,4,YES
UK_CSV0000000000002010__9.csv,UK_CSV0000000000006676__2.csv,Pre-Op Q Mobility,Pre-Op Q Mobility,4,YES
UK_CSV0000000000003896__8.csv,UK_CSV0000000000006676__2.csv,Pre-Op Q EQ5D Index,Pre-Op Q EQ5D Index,4,YES
UK_CSV0000000000003896__3.csv,UK_CSV0000000000006676__2.csv,Pre-Op Q EQ5D Index,Pre-Op Q EQ5D Index,4,YES
CAN_CSV0000000000027349__20.csv,CAN_CSV0000000000027349__23.csv,DATA_ATTRIB_NOT,DATA_ATTRIB_NOT,4,NO
CAN_CSV0000000000001487__25.csv,CAN_CSV0000000000027349__20.csv,DATA_ATTRIB_NOT,DATA_ATTRIB_NOT,4,NO
CAN_CSV0000000000027349__20.csv,CAN_CSV0000000000027354__6.csv,DATA_ATTRIB_NOT,DATA_ATTRIB_NOT,4,NO
CAN_CSV0000000000027349__20.csv,CAN_CSV0000000000027349__21.csv,DATA_ATTRIB_NOT,DATA_ATTRIB_NOT,4,NO
CAN_CSV0000000000027349__20.csv,CAN_CSV0000000000027349__23.csv,DATA_PAYLOAD_URI,DATA_PAYLOAD_URI,4,YES
CAN_CSV0000000000001487__9.csv,CAN_CSV0000000000027349__20.csv,DATA_PAYLOAD_URI,DATA_PAYLOAD_URI,4,YES
CAN_CSV0000000000001487__25.csv,CAN_CSV0000000000027349__20.csv,DATA_PAYLOAD_URI,DATA_PAYLOAD_URI,4,YES
CAN_CSV0000000000027349__20.csv,CAN_CSV0000000000027349__21.csv,DATA_PAYLOAD_URI,DATA_PAYLOAD_URI,4,YES
CAN_CSV0000000000027349__20.csv,CAN_CSV0000000000027353__2.csv,DATA_PAYLOAD_URI,DATA_PAYLOAD_URI,4,YES
USA_CSV0000000000033847__12.csv,USA_CSV0000000000037101__3.csv,TURN_LANES_R,TURN_LANES_R,4,NO
USA_CSV0000000000033847__12.csv,USA_CSV0000000000034882__22.csv,TURN_LANES_R,TURN_LANES_R,4,NO
USA_CSV0000000000033847__12.csv,USA_CSV0000000000034882__26.csv,UNBUILT_FACILITY,UNBUILT_FACILITY,4,NO
USA_CSV0000000000033847__12.csv,USA_CSV0000000000034882__26.csv,LANE_WIDTH,LANE_WIDTH,4,NO
USA_CSV0000000000033847__12.csv,USA_CSV0000000000033847__17.csv,LANE_WIDTH,LANE_WIDTH,4,NO
USA_CSV0000000000033847__12.csv,USA_CSV0000000000033847__17.csv,AT_GRADE_SIGNAL,AT_GRADE_SIGNAL,4,NO
USA_CSV0000000000033847__12.csv,USA_CSV0000000000034882__14.csv,SHOULDER_WIDTH_R,SHOULDER_WIDTH_R,4,NO
USA_CSV0000000000033847__12.csv,USA_CSV0000000000037101__16.csv,SHOULDER_WIDTH_R,SHOULDER_WIDTH_R,4,NO
USA_CSV0000000000033847__12.csv,USA_CSV0000000000034882__12.csv,SHOULDER_WIDTH_R,SHOULDER_WIDTH_R,4,NO
USA_CSV0000000000033847__12.csv,USA_CSV0000000000033847__17.csv,SHOULDER_WIDTH_R,SHOULDER_WIDTH_R,4,NO
USA_CSV0000000000033847__12.csv,USA_CSV0000000000034882__26.csv,THROUGH_LANES,THROUGH_LANES,4,YES
USA_CSV0000000000033847__12.csv,USA_CSV0000000000034882__14.csv,PEAK_PARKING,PEAK_PARKING,4,NO
USA_CSV0000000000033847__12.csv,USA_CSV0000000000033847__5.csv,YEAR_RECORD,YEAR_RECORD,4,YES
USA_CSV0000000000033847__12.csv,USA_CSV0000000000034882__26.csv,YEAR_RECORD,YEAR_RECORD,4,YES
USA_CSV0000000000033847__12.csv,USA_CSV0000000000033847__5.csv,AT_GRADE_SIGNS,AT_GRADE_SIGNS,4,NO
USA_CSV0000000000033847__12.csv,USA_CSV0000000000037101__3.csv,AT_GRADE_SIGNS,AT_GRADE_SIGNS,4,NO
USA_CSV0000000000033847__12.csv,USA_CSV0000000000033847__4.csv,AT_GRADE_SIGNS,AT_GRADE_SIGNS,4,NO
USA_CSV0000000000034882__26.csv,USA_CSV0000000000034882__29.csv,STD_VOLUME_GROUP,STD_VOLUME_GROUP,4,NO
USA_CSV0000000000034882__29.csv,USA_CSV0000000000037101__3.csv,STD_VOLUME_GROUP,STD_VOLUME_GROUP,4,NO
USA_CSV0000000000034882__14.csv,USA_CSV0000000000034882__29.csv,STD_VOLUME_GROUP,STD_VOLUME_GROUP,4,NO
USA_CSV0000000000034882__29.csv,USA_CSV0000000000037101__16.csv,STD_VOLUME_GROUP,STD_VOLUME_GROUP,4,NO
USA_CSV0000000000034882__26.csv,USA_CSV0000000000034882__29.csv,PAVEMENT_TYPE,PAVEMENT_TYPE,4,YES
USA_CSV0000000000034882__14.csv,USA_CSV0000000000034882__29.csv,PAVEMENT_TYPE,PAVEMENT_TYPE,4,YES
USA_CSV0000000000034882__29.csv,USA_CSV0000000000037101__3.csv,ACCESS_CONTROL,ACCESS_CONTROL,4,YES
USA_CSV0000000000034882__26.csv,USA_CSV0000000000034882__29.csv,ACCESS_CONTROL,ACCESS_CONTROL,4,YES
USA_CSV0000000000034882__14.csv,USA_CSV0000000000034882__29.csv,ACCESS_CONTROL,ACCESS_CONTROL,4,YES
USA_CSV0000000000033847__5.csv,USA_CSV0000000000034882__29.csv,VERT_ALIGN,VERT_ALIGN,4,YES
USA_CSV0000000000034882__29.csv,USA_CSV0000000000037101__3.csv,VERT_ALIGN,VERT_ALIGN,4,YES
USA_CSV0000000000034882__26.csv,USA_CSV0000000000034882__29.csv,VERT_ALIGN,VERT_ALIGN,4,YES
USA_CSV0000000000034882__29.csv,USA_CSV0000000000037101__3.csv,IS_GROUPED,IS_GROUPED,4,NO
USA_CSV0000000000034882__26.csv,USA_CSV0000000000034882__29.csv,IS_GROUPED,IS_GROUPED,4,NO
USA_CSV0000000000034882__14.csv,USA_CSV0000000000034882__29.csv,IS_GROUPED,IS_GROUPED,4,NO
USA_CSV0000000000034882__26.csv,USA_CSV0000000000034882__29.csv,UNBUILT_FACILITY,UNBUILT_FACILITY,4,NO
UK_CSV0000000000003896__13.csv,UK_CSV0000000000006676__9.csv,Revision Flag,Revision Flag,4,NO
UK_CSV0000000000003896__3.csv,UK_CSV0000000000006676__9.csv,Revision Flag,Revision Flag,4,NO
UK_CSV0000000000003896__8.csv,UK_CSV0000000000006676__9.csv,Post-Op Q Wound,Post-Op Q Wound,4,YES
UK_CSV0000000000002010__6.csv,UK_CSV0000000000006676__9.csv,Post-Op Q Wound,Post-Op Q Wound,4,YES
UK_CSV0000000000003896__3.csv,UK_CSV0000000000006676__9.csv,Post-Op Q Wound,Post-Op Q Wound,4,YES
UK_CSV0000000000003896__8.csv,UK_CSV0000000000006676__9.csv,Post-Op Q Self-Care,Post-Op Q Self-Care,4,YES
UK_CSV0000000000006676__2.csv,UK_CSV0000000000006676__9.csv,Post-Op Q Self-Care,Post-Op Q Self-Care,4,YES
UK_CSV0000000000003896__3.csv,UK_CSV0000000000006676__9.csv,Post-Op Q Self-Care,Post-Op Q Self-Care,4,YES
UK_CSV0000000000003896__13.csv,UK_CSV0000000000006676__9.csv,Provider Code,Provider Code,4,YES
UK_CSV0000000000002010__6.csv,UK_CSV0000000000006676__9.csv,Provider Code,Provider Code,4,YES
USA_CSV0000000000034882__13.csv,USA_CSV0000000000034882__26.csv,UNBUILT_FACILITY,UNBUILT_FACILITY,4,NO
USA_CSV0000000000034882__13.csv,USA_CSV0000000000034882__14.csv,UNBUILT_FACILITY,UNBUILT_FACILITY,4,NO
USA_CSV0000000000034882__13.csv,USA_CSV0000000000037101__3.csv,PERC_SINGLE_UNIT,PERC_SINGLE_UNIT,4,NO
USA_CSV0000000000034882__13.csv,USA_CSV0000000000034882__14.csv,PERC_SINGLE_UNIT,PERC_SINGLE_UNIT,4,NO
USA_CSV0000000000034882__12.csv,USA_CSV0000000000034882__13.csv,PERC_SINGLE_UNIT,PERC_SINGLE_UNIT,4,NO
USA_CSV0000000000033847__17.csv,USA_CSV0000000000034882__13.csv,PERC_SINGLE_UNIT,PERC_SINGLE_UNIT,4,NO
USA_CSV0000000000033847__14.csv,USA_CSV0000000000034882__13.csv,PERC_SINGLE_UNIT,PERC_SINGLE_UNIT,4,NO
USA_CSV0000000000033847__5.csv,USA_CSV0000000000034882__13.csv,SHOULDER_WIDTH_L,SHOULDER_WIDTH_L,4,NO
USA_CSV0000000000034882__13.csv,USA_CSV0000000000037101__3.csv,SHOULDER_WIDTH_L,SHOULDER_WIDTH_L,4,NO
USA_CSV0000000000034882__13.csv,USA_CSV0000000000034882__14.csv,SHOULDER_WIDTH_L,SHOULDER_WIDTH_L,4,NO
USA_CSV0000000000034882__13.csv,USA_CSV0000000000037101__3.csv,SECTION_ID,SECTION_ID,4,YES
USA_CSV0000000000034882__13.csv,USA_CSV0000000000034882__14.csv,SECTION_ID,SECTION_ID,4,YES
USA_CSV0000000000034882__13.csv,USA_CSV0000000000034882__14.csv,SHOULDER_WIDTH_R,SHOULDER_WIDTH_R,4,NO
USA_CSV0000000000034882__13.csv,USA_CSV0000000000037101__16.csv,SHOULDER_WIDTH_R,SHOULDER_WIDTH_R,4,NO
USA_CSV0000000000034882__13.csv,USA_CSV0000000000034882__14.csv,PEAK_PARKING,PEAK_PARKING,4,NO
USA_CSV0000000000034882__13.csv,USA_CSV0000000000034882__26.csv,STD_VOLUME_GROUP,STD_VOLUME_GROUP,4,NO
USA_CSV0000000000034882__13.csv,USA_CSV0000000000037101__3.csv,STD_VOLUME_GROUP,STD_VOLUME_GROUP,4,NO
USA_CSV0000000000034882__13.csv,USA_CSV0000000000034882__14.csv,STD_VOLUME_GROUP,STD_VOLUME_GROUP,4,NO
USA_CSV0000000000034882__13.csv,USA_CSV0000000000037101__16.csv,STD_VOLUME_GROUP,STD_VOLUME_GROUP,4,NO
USA_CSV0000000000034882__13.csv,USA_CSV0000000000034882__26.csv,PAVEMENT_TYPE,PAVEMENT_TYPE,4,YES
USA_CSV0000000000034882__13.csv,USA_CSV0000000000034882__14.csv,PAVEMENT_TYPE,PAVEMENT_TYPE,4,YES
USA_CSV0000000000034882__12.csv,USA_CSV0000000000034882__13.csv,PAVEMENT_TYPE,PAVEMENT_TYPE,4,YES
USA_CSV0000000000034882__13.csv,USA_CSV0000000000037101__3.csv,ACCESS_CONTROL,ACCESS_CONTROL,4,YES
USA_CSV0000000000034882__13.csv,USA_CSV0000000000034882__26.csv,ACCESS_CONTROL,ACCESS_CONTROL,4,YES
USA_CSV0000000000034882__13.csv,USA_CSV0000000000034882__14.csv,ACCESS_CONTROL,ACCESS_CONTROL,4,YES
USA_CSV0000000000033847__5.csv,USA_CSV0000000000034882__13.csv,URBAN_CODE,URBAN_CODE,4,YES
USA_CSV0000000000034882__13.csv,USA_CSV0000000000037101__3.csv,URBAN_CODE,URBAN_CODE,4,YES
USA_CSV0000000000034882__13.csv,USA_CSV0000000000034882__14.csv,URBAN_CODE,URBAN_CODE,4,YES
USA_CSV0000000000033847__4.csv,USA_CSV0000000000034882__13.csv,URBAN_CODE,URBAN_CODE,4,YES
USA_CSV0000000000034882__12.csv,USA_CSV0000000000034882__13.csv,URBAN_CODE,URBAN_CODE,4,YES
USA_CSV0000000000033847__5.csv,USA_CSV0000000000034882__13.csv,VERT_ALIGN,VERT_ALIGN,4,YES
USA_CSV0000000000034882__13.csv,USA_CSV0000000000037101__3.csv,VERT_ALIGN,VERT_ALIGN,4,YES
USA_CSV0000000000034882__13.csv,USA_CSV0000000000034882__26.csv,VERT_ALIGN,VERT_ALIGN,4,YES
USA_CSV0000000000034882__13.csv,USA_CSV0000000000037101__3.csv,ROUTE_QUALIFIER,ROUTE_QUALIFIER,4,YES
USA_CSV0000000000034882__13.csv,USA_CSV0000000000034882__14.csv,ROUTE_QUALIFIER,ROUTE_QUALIFIER,4,YES
USA_CSV0000000000034882__12.csv,USA_CSV0000000000034882__13.csv,ROUTE_QUALIFIER,ROUTE_QUALIFIER,4,YES
USA_CSV0000000000034882__13.csv,USA_CSV0000000000037101__20.csv,TRUCK_ROUTE,TRUCK_ROUTE,4,NO
USA_CSV0000000000034882__13.csv,USA_CSV0000000000037101__3.csv,TRUCK_ROUTE,TRUCK_ROUTE,4,NO
USA_CSV0000000000034882__26.csv,USA_CSV0000000000034882__29.csv,DIR_FACTOR,DIR_FACTOR,4,NO
USA_CSV0000000000034882__29.csv,USA_CSV0000000000037101__16.csv,DIR_FACTOR,DIR_FACTOR,4,NO
USA_CSV0000000000034882__22.csv,USA_CSV0000000000034882__29.csv,DIR_FACTOR,DIR_FACTOR,4,NO
USA_CSV0000000000034882__26.csv,USA_CSV0000000000034882__29.csv,AVG_COMBINATION,AVG_COMBINATION,4,NO
USA_CSV0000000000034882__29.csv,USA_CSV0000000000037101__20.csv,AVG_COMBINATION,AVG_COMBINATION,4,NO
USA_CSV0000000000034882__29.csv,USA_CSV0000000000037101__3.csv,AVG_COMBINATION,AVG_COMBINATION,4,NO
USA_CSV0000000000033847__5.csv,USA_CSV0000000000034882__29.csv,SPECIAL_SYSTEMS,SPECIAL_SYSTEMS,4,NO
USA_CSV0000000000034882__26.csv,USA_CSV0000000000034882__29.csv,SPECIAL_SYSTEMS,SPECIAL_SYSTEMS,4,NO
USA_CSV0000000000033847__4.csv,USA_CSV0000000000033847__5.csv,SAMPLING_TECH,SAMPLING_TECH,4,YES
USA_CSV0000000000033847__4.csv,USA_CSV0000000000037101__16.csv,SAMPLING_TECH,SAMPLING_TECH,4,YES
USA_CSV0000000000033847__4.csv,USA_CSV0000000000034882__9.csv,SAMPLING_TECH,SAMPLING_TECH,4,YES
USA_CSV0000000000033847__4.csv,USA_CSV0000000000033847__5.csv,YEAR_RECORD,YEAR_RECORD,4,YES
USA_CSV0000000000033847__4.csv,USA_CSV0000000000034882__26.csv,YEAR_RECORD,YEAR_RECORD,4,YES
USA_CSV0000000000034882__26.csv,USA_CSV0000000000034882__29.csv,LANE_WIDTH,LANE_WIDTH,4,NO
USA_CSV0000000000034882__26.csv,USA_CSV0000000000034882__29.csv,INTER_ROUTE_NUMBER,INTER_ROUTE_NUMBER,4,YES
USA_CSV0000000000033847__17.csv,USA_CSV0000000000034882__29.csv,INTER_ROUTE_NUMBER,INTER_ROUTE_NUMBER,4,YES
USA_CSV0000000000034882__26.csv,USA_CSV0000000000034882__29.csv,PERC_GREEN,PERC_GREEN,4,NO
USA_CSV0000000000034882__29.csv,USA_CSV0000000000037101__3.csv,PERC_GREEN,PERC_GREEN,4,NO
USA_CSV0000000000034882__26.csv,USA_CSV0000000000034882__29.csv,MEDIAN_WIDTH,MEDIAN_WIDTH,4,NO
USA_CSV0000000000034882__29.csv,USA_CSV0000000000037101__27.csv,MEDIAN_WIDTH,MEDIAN_WIDTH,4,NO
USA_CSV0000000000034882__25.csv,USA_CSV0000000000034882__29.csv,MEDIAN_WIDTH,MEDIAN_WIDTH,4,NO
CAN_CSV0000000000027349__20.csv,CAN_CSV0000000000027349__23.csv,PCPN_AMT_PST6HRS,PCPN_AMT_PST6HRS,4,NO
CAN_CSV0000000000027349__20.csv,CAN_CSV0000000000027349__21.csv,PCPN_AMT_PST6HRS,PCPN_AMT_PST6HRS,4,NO
CAN_CSV0000000000027349__20.csv,CAN_CSV0000000000027349__23.csv,AVG_REL_HUM_PST1MT,AVG_REL_HUM_PST1MT,4,NO
CAN_CSV0000000000001487__35.csv,CAN_CSV0000000000027349__20.csv,AVG_REL_HUM_PST1MT,AVG_REL_HUM_PST1MT,4,NO
CAN_CSV0000000000001487__9.csv,CAN_CSV0000000000027349__20.csv,AVG_REL_HUM_PST1MT,AVG_REL_HUM_PST1MT,4,NO
CAN_CSV0000000000001487__25.csv,CAN_CSV0000000000027349__20.csv,AVG_REL_HUM_PST1MT,AVG_REL_HUM_PST1MT,4,NO
CAN_CSV0000000000027349__20.csv,CAN_CSV0000000000027349__21.csv,AVG_REL_HUM_PST1MT,AVG_REL_HUM_PST1MT,4,NO
CAN_CSV0000000000001487__28.csv,CAN_CSV0000000000027349__20.csv,AVG_REL_HUM_PST1MT,AVG_REL_HUM_PST1MT,4,NO
CAN_CSV0000000000027349__20.csv,CAN_CSV0000000000027349__23.csv,LTNG_DIS_RMK,LTNG_DIS_RMK,4,YES
CAN_CSV0000000000027349__20.csv,CAN_CSV0000000000027354__6.csv,LTNG_DIS_RMK,LTNG_DIS_RMK,4,YES
CAN_CSV0000000000027349__20.csv,CAN_CSV0000000000027349__21.csv,LTNG_DIS_RMK,LTNG_DIS_RMK,4,YES
CAN_CSV0000000000027349__20.csv,CAN_CSV0000000000027349__23.csv,OBS_DATETIME_UTC,OBS_DATETIME_UTC,4,YES
CAN_CSV0000000000027346__12.csv,CAN_CSV0000000000027349__20.csv,OBS_DATETIME_UTC,OBS_DATETIME_UTC,4,YES
CAN_CSV0000000000027349__20.csv,CAN_CSV0000000000027354__6.csv,OBS_DATETIME_UTC,OBS_DATETIME_UTC,4,YES
CAN_CSV0000000000027349__20.csv,CAN_CSV0000000000027349__21.csv,OBS_DATETIME_UTC,OBS_DATETIME_UTC,4,YES
CAN_CSV0000000000027346__14.csv,CAN_CSV0000000000027349__20.csv,OBS_DATETIME_UTC,OBS_DATETIME_UTC,4,YES
CAN_CSV0000000000027349__20.csv,CAN_CSV0000000000027349__23.csv,AVG_VIS_PST1MT,AVG_VIS_PST1MT,4,NO
CAN_CSV0000000000001487__25.csv,CAN_CSV0000000000027349__20.csv,AVG_VIS_PST1MT,AVG_VIS_PST1MT,4,NO
CAN_CSV0000000000027349__20.csv,CAN_CSV0000000000027349__21.csv,AVG_VIS_PST1MT,AVG_VIS_PST1MT,4,NO
CAN_CSV0000000000001487__28.csv,CAN_CSV0000000000027349__20.csv,AVG_VIS_PST1MT,AVG_VIS_PST1MT,4,NO
USA_CSV0000000000033847__12.csv,USA_CSV0000000000033847__5.csv,SHOULDER_WIDTH_L,SHOULDER_WIDTH_L,4,NO
USA_CSV0000000000033847__12.csv,USA_CSV0000000000037101__3.csv,SHOULDER_WIDTH_L,SHOULDER_WIDTH_L,4,NO
USA_CSV0000000000033847__12.csv,USA_CSV0000000000034882__14.csv,SHOULDER_WIDTH_L,SHOULDER_WIDTH_L,4,NO
USA_CSV0000000000033847__12.csv,USA_CSV0000000000034882__26.csv,TYPE_FACILITY,TYPE_FACILITY,4,YES
USA_CSV0000000000033847__12.csv,USA_CSV0000000000037101__16.csv,TYPE_FACILITY,TYPE_FACILITY,4,YES
USA_CSV0000000000033847__12.csv,USA_CSV0000000000033847__17.csv,TYPE_FACILITY,TYPE_FACILITY,4,YES
USA_CSV0000000000033847__12.csv,USA_CSV0000000000037101__3.csv,SECTION_ID,SECTION_ID,4,YES
USA_CSV0000000000033847__12.csv,USA_CSV0000000000034882__14.csv,SECTION_ID,SECTION_ID,4,YES
USA_CSV0000000000033847__12.csv,USA_CSV0000000000034882__12.csv,SECTION_ID,SECTION_ID,4,YES
USA_CSV0000000000033847__12.csv,USA_CSV0000000000037101__16.csv,RURAL_URBAN,RURAL_URBAN,4,YES
USA_CSV0000000000033847__12.csv,USA_CSV0000000000034882__22.csv,RURAL_URBAN,RURAL_URBAN,4,YES
USA_CSV0000000000033847__12.csv,USA_CSV0000000000037101__20.csv,COUNTY_CODE,COUNTY_CODE,4,YES
USA_CSV0000000000033847__12.csv,USA_CSV0000000000037101__3.csv,COUNTY_CODE,COUNTY_CODE,4,YES
USA_CSV0000000000033847__12.csv,USA_CSV0000000000037101__16.csv,COUNTY_CODE,COUNTY_CODE,4,YES
UK_CSV0000000000002010__6.csv,UK_CSV0000000000006676__2.csv,Pre-Op Q Disability,Pre-Op Q Disability,4,YES
UK_CSV0000000000002010__9.csv,UK_CSV0000000000006676__2.csv,Pre-Op Q Disability,Pre-Op Q Disability,4,YES
UK_CSV0000000000006676__2.csv,UK_CSV0000000000006676__34.csv,Pre-Op Q Disability,Pre-Op Q Disability,4,YES
UK_CSV0000000000002010__8.csv,UK_CSV0000000000006676__2.csv,Pre-Op Q Disability,Pre-Op Q Disability,4,YES
UK_CSV0000000000002010__10.csv,UK_CSV0000000000006676__2.csv,Pre-Op Q Disability,Pre-Op Q Disability,4,YES
UK_CSV0000000000002010__30.csv,UK_CSV0000000000006676__2.csv,Pre-Op Q Disability,Pre-Op Q Disability,4,YES
CAN_CSV0000000000027349__20.csv,CAN_CSV0000000000027349__23.csv,DNSTY_ALTD,DNSTY_ALTD,4,NO
CAN_CSV0000000000001487__35.csv,CAN_CSV0000000000027349__20.csv,DNSTY_ALTD,DNSTY_ALTD,4,NO
CAN_CSV0000000000001487__25.csv,CAN_CSV0000000000027349__20.csv,DNSTY_ALTD,DNSTY_ALTD,4,NO
CAN_CSV0000000000027349__20.csv,CAN_CSV0000000000027349__21.csv,DNSTY_ALTD,DNSTY_ALTD,4,NO
CAN_CSV0000000000001487__26.csv,CAN_CSV0000000000027349__23.csv,DATA_ATTRIB_NOT,DATA_ATTRIB_NOT,4,NO
CAN_CSV0000000000001487__26.csv,CAN_CSV0000000000027349__20.csv,DATA_ATTRIB_NOT,DATA_ATTRIB_NOT,4,NO
CAN_CSV0000000000001487__25.csv,CAN_CSV0000000000001487__26.csv,DATA_ATTRIB_NOT,DATA_ATTRIB_NOT,4,NO
CAN_CSV0000000000001487__26.csv,CAN_CSV0000000000027354__6.csv,DATA_ATTRIB_NOT,DATA_ATTRIB_NOT,4,NO
CAN_CSV0000000000001487__26.csv,CAN_CSV0000000000027349__21.csv,DATA_ATTRIB_NOT,DATA_ATTRIB_NOT,4,NO
CAN_CSV0000000000001487__26.csv,CAN_CSV0000000000027353__2.csv,DATA_ATTRIB_NOT,DATA_ATTRIB_NOT,4,NO
CAN_CSV0000000000001487__26.csv,CAN_CSV0000000000001487__28.csv,DATA_ATTRIB_NOT,DATA_ATTRIB_NOT,4,NO
CAN_CSV0000000000001487__25.csv,CAN_CSV0000000000001487__26.csv,AVG_VIS_PST10MTS_QA,AVG_VIS_PST10MTS_QA,4,NO
CAN_CSV0000000000001487__26.csv,CAN_CSV0000000000027346__14.csv,AVG_VIS_PST10MTS_QA,AVG_VIS_PST10MTS_QA,4,NO
CAN_CSV0000000000001487__26.csv,CAN_CSV0000000000001487__28.csv,AVG_VIS_PST10MTS_QA,AVG_VIS_PST10MTS_QA,4,NO
CAN_CSV0000000000001487__26.csv,CAN_CSV0000000000001487__29.csv,AVG_VIS_PST10MTS_QA,AVG_VIS_PST10MTS_QA,4,NO
CAN_CSV0000000000001487__26.csv,CAN_CSV0000000000027346__35.csv,AVG_VIS_PST10MTS_QA,AVG_VIS_PST10MTS_QA,4,NO
CAN_CSV0000000000001487__24.csv,CAN_CSV0000000000001487__26.csv,AVG_VIS_PST10MTS_QA,AVG_VIS_PST10MTS_QA,4,NO
CAN_CSV0000000000001487__26.csv,CAN_CSV0000000000027346__12.csv,AVG_VIS_PST10MTS_QA,AVG_VIS_PST10MTS_QA,4,NO
CAN_CSV0000000000001487__26.csv,CAN_CSV0000000000027349__23.csv,AVG_REL_HUM_PST1MT,AVG_REL_HUM_PST1MT,4,NO
CAN_CSV0000000000001487__26.csv,CAN_CSV0000000000001487__35.csv,AVG_REL_HUM_PST1MT,AVG_REL_HUM_PST1MT,4,NO
CAN_CSV0000000000001487__26.csv,CAN_CSV0000000000001487__9.csv,AVG_REL_HUM_PST1MT,AVG_REL_HUM_PST1MT,4,NO
CAN_CSV0000000000001487__26.csv,CAN_CSV0000000000027349__20.csv,AVG_REL_HUM_PST1MT,AVG_REL_HUM_PST1MT,4,NO
CAN_CSV0000000000001487__25.csv,CAN_CSV0000000000001487__26.csv,AVG_REL_HUM_PST1MT,AVG_REL_HUM_PST1MT,4,NO
CAN_CSV0000000000001487__26.csv,CAN_CSV0000000000027349__21.csv,AVG_REL_HUM_PST1MT,AVG_REL_HUM_PST1MT,4,NO
CAN_CSV0000000000001487__26.csv,CAN_CSV0000000000001487__28.csv,AVG_REL_HUM_PST1MT,AVG_REL_HUM_PST1MT,4,NO
CAN_CSV0000000000001487__26.csv,CAN_CSV0000000000001487__34.csv,AVG_REL_HUM_PST1MT,AVG_REL_HUM_PST1MT,4,NO
CAN_CSV0000000000001487__26.csv,CAN_CSV0000000000001487__35.csv,PCPN_AMT_PST1MT_QA,PCPN_AMT_PST1MT_QA,4,NO
CAN_CSV0000000000001487__25.csv,CAN_CSV0000000000001487__26.csv,PCPN_AMT_PST1MT_QA,PCPN_AMT_PST1MT_QA,4,NO
CAN_CSV0000000000001487__26.csv,CAN_CSV0000000000001487__28.csv,PCPN_AMT_PST1MT_QA,PCPN_AMT_PST1MT_QA,4,NO
CAN_CSV0000000000001487__26.csv,CAN_CSV0000000000001487__34.csv,PCPN_AMT_PST1MT_QA,PCPN_AMT_PST1MT_QA,4,NO
CAN_CSV0000000000001487__26.csv,CAN_CSV0000000000001487__31.csv,PCPN_AMT_PST1MT_QA,PCPN_AMT_PST1MT_QA,4,NO
CAN_CSV0000000000001487__26.csv,CAN_CSV0000000000001487__29.csv,PCPN_AMT_PST1MT_QA,PCPN_AMT_PST1MT_QA,4,NO
CAN_CSV0000000000001487__26.csv,CAN_CSV0000000000027346__35.csv,PCPN_AMT_PST1MT_QA,PCPN_AMT_PST1MT_QA,4,NO
CAN_CSV0000000000001487__24.csv,CAN_CSV0000000000001487__26.csv,PCPN_AMT_PST1MT_QA,PCPN_AMT_PST1MT_QA,4,NO
CAN_CSV0000000000001487__26.csv,CAN_CSV0000000000027349__23.csv,AVG_VIS_PST1MT,AVG_VIS_PST1MT,4,NO
CAN_CSV0000000000001487__26.csv,CAN_CSV0000000000027349__20.csv,AVG_VIS_PST1MT,AVG_VIS_PST1MT,4,NO
CAN_CSV0000000000001487__25.csv,CAN_CSV0000000000001487__26.csv,AVG_VIS_PST1MT,AVG_VIS_PST1MT,4,NO
CAN_CSV0000000000001487__26.csv,CAN_CSV0000000000027349__21.csv,AVG_VIS_PST1MT,AVG_VIS_PST1MT,4,NO
CAN_CSV0000000000001487__26.csv,CAN_CSV0000000000001487__28.csv,AVG_VIS_PST1MT,AVG_VIS_PST1MT,4,NO
CAN_CSV0000000000001487__9.csv,CAN_CSV0000000000027346__32.csv,AVG_MSLP_PST1MT_QA,AVG_MSLP_PST1MT_QA,4,NO
CAN_CSV0000000000001487__8.csv,CAN_CSV0000000000027346__32.csv,AVG_MSLP_PST1MT_QA,AVG_MSLP_PST1MT_QA,4,NO
CAN_CSV0000000000001487__10.csv,CAN_CSV0000000000027346__32.csv,AVG_MSLP_PST1MT_QA,AVG_MSLP_PST1MT_QA,4,NO
CAN_CSV0000000000001487__20.csv,CAN_CSV0000000000027346__32.csv,AVG_MSLP_PST1MT_QA,AVG_MSLP_PST1MT_QA,4,NO
CAN_CSV0000000000027346__32.csv,CAN_CSV0000000000027354__2.csv,AVG_STN_PRES_PST1MT,AVG_STN_PRES_PST1MT,4,NO
CAN_CSV0000000000027346__14.csv,CAN_CSV0000000000027346__32.csv,AVG_STN_PRES_PST1MT,AVG_STN_PRES_PST1MT,4,NO
CAN_CSV0000000000027346__32.csv,CAN_CSV0000000000027353__2.csv,AVG_STN_PRES_PST1MT,AVG_STN_PRES_PST1MT,4,NO
CAN_CSV0000000000027346__32.csv,CAN_CSV0000000000027349__23.csv,LTNG_DIS_RMK,LTNG_DIS_RMK,4,YES
CAN_CSV0000000000027346__32.csv,CAN_CSV0000000000027349__20.csv,LTNG_DIS_RMK,LTNG_DIS_RMK,4,YES
CAN_CSV0000000000027346__32.csv,CAN_CSV0000000000027354__6.csv,LTNG_DIS_RMK,LTNG_DIS_RMK,4,YES
CAN_CSV0000000000027346__32.csv,CAN_CSV0000000000027349__21.csv,LTNG_DIS_RMK,LTNG_DIS_RMK,4,YES
CAN_CSV0000000000027346__32.csv,CAN_CSV0000000000027354__6.csv,MIN_AIR_TEMP_PST1HR,MIN_AIR_TEMP_PST1HR,4,NO
CAN_CSV0000000000027346__14.csv,CAN_CSV0000000000027346__32.csv,MIN_AIR_TEMP_PST1HR,MIN_AIR_TEMP_PST1HR,4,NO
CAN_CSV0000000000027346__32.csv,CAN_CSV0000000000027353__2.csv,MIN_AIR_TEMP_PST1HR,MIN_AIR_TEMP_PST1HR,4,NO
CAN_CSV0000000000027346__32.csv,CAN_CSV0000000000027355__11.csv,MIN_AIR_TEMP_PST1HR,MIN_AIR_TEMP_PST1HR,4,NO
CAN_CSV0000000000001487__25.csv,CAN_CSV0000000000027346__32.csv,ALTMETR_SETNG,ALTMETR_SETNG,4,NO
CAN_CSV0000000000001487__28.csv,CAN_CSV0000000000027346__32.csv,ALTMETR_SETNG,ALTMETR_SETNG,4,NO
CAN_CSV0000000000001487__9.csv,CAN_CSV0000000000027346__32.csv,AVG_VIS_PST10MTS,AVG_VIS_PST10MTS,4,NO
CAN_CSV0000000000001487__25.csv,CAN_CSV0000000000027346__32.csv,AVG_VIS_PST10MTS,AVG_VIS_PST10MTS,4,NO
CAN_CSV0000000000027346__32.csv,CAN_CSV0000000000027353__2.csv,AVG_VIS_PST10MTS,AVG_VIS_PST10MTS,4,NO
CAN_CSV0000000000001487__28.csv,CAN_CSV0000000000027346__32.csv,AVG_VIS_PST10MTS,AVG_VIS_PST10MTS,4,NO
CAN_CSV0000000000001724__8.csv,CAN_CSV0000000000001787__6.csv,Province/Canada,Province/Canada,4,YES
CAN_CSV0000000000001787__6.csv,CAN_CSV0000000000001797__36.csv,Province/Canada,Province/Canada,4,YES
CAN_CSV0000000000001787__5.csv,CAN_CSV0000000000001787__6.csv,Province/Canada,Province/Canada,4,YES
USA_CSV0000000000033847__14.csv,USA_CSV0000000000037101__3.csv,TURN_LANES_R,TURN_LANES_R,4,NO
USA_CSV0000000000033847__14.csv,USA_CSV0000000000034882__22.csv,TURN_LANES_R,TURN_LANES_R,4,NO
USA_CSV0000000000033847__14.csv,USA_CSV0000000000037101__3.csv,PERC_SINGLE_UNIT,PERC_SINGLE_UNIT,4,NO
USA_CSV0000000000033847__14.csv,USA_CSV0000000000034882__14.csv,PERC_SINGLE_UNIT,PERC_SINGLE_UNIT,4,NO
USA_CSV0000000000033847__14.csv,USA_CSV0000000000034882__12.csv,PERC_SINGLE_UNIT,PERC_SINGLE_UNIT,4,NO
USA_CSV0000000000033847__14.csv,USA_CSV0000000000033847__17.csv,PERC_SINGLE_UNIT,PERC_SINGLE_UNIT,4,NO
USA_CSV0000000000033847__14.csv,USA_CSV0000000000033847__5.csv,SHOULDER_WIDTH_L,SHOULDER_WIDTH_L,4,NO
USA_CSV0000000000033847__14.csv,USA_CSV0000000000037101__3.csv,SHOULDER_WIDTH_L,SHOULDER_WIDTH_L,4,NO
USA_CSV0000000000033847__14.csv,USA_CSV0000000000034882__14.csv,SHOULDER_WIDTH_L,SHOULDER_WIDTH_L,4,NO
USA_CSV0000000000033847__14.csv,USA_CSV0000000000037101__3.csv,SECTION_ID,SECTION_ID,4,YES
USA_CSV0000000000033847__14.csv,USA_CSV0000000000034882__14.csv,SECTION_ID,SECTION_ID,4,YES
USA_CSV0000000000033847__14.csv,USA_CSV0000000000034882__12.csv,SECTION_ID,SECTION_ID,4,YES
USA_CSV0000000000033847__14.csv,USA_CSV0000000000037101__20.csv,COUNTY_CODE,COUNTY_CODE,4,YES
USA_CSV0000000000033847__14.csv,USA_CSV0000000000037101__3.csv,COUNTY_CODE,COUNTY_CODE,4,YES
USA_CSV0000000000033847__14.csv,USA_CSV0000000000037101__16.csv,COUNTY_CODE,COUNTY_CODE,4,YES
USA_CSV0000000000033847__14.csv,USA_CSV0000000000033847__5.csv,AT_GRADE_SIGNS,AT_GRADE_SIGNS,4,NO
USA_CSV0000000000033847__14.csv,USA_CSV0000000000037101__3.csv,AT_GRADE_SIGNS,AT_GRADE_SIGNS,4,NO
USA_CSV0000000000033847__14.csv,USA_CSV0000000000033847__4.csv,AT_GRADE_SIGNS,AT_GRADE_SIGNS,4,NO
UK_CSV0000000000005907__42.csv,UK_CSV0000000000005907__48.csv,qd12_8_other,qd12_8_other,4,NO
UK_CSV0000000000005907__42.csv,UK_CSV0000000000005907__43.csv,qd12_8_other,qd12_8_other,4,NO
UK_CSV0000000000005907__42.csv,UK_CSV0000000000005907__46.csv,qd12_8_other,qd12_8_other,4,NO
CAN_CSV0000000000001487__23.csv,CAN_CSV0000000000001487__25.csv,ALTMETR_SETNG,ALTMETR_SETNG,4,NO
CAN_CSV0000000000001487__23.csv,CAN_CSV0000000000001487__28.csv,ALTMETR_SETNG,ALTMETR_SETNG,4,NO
CAN_CSV0000000000001487__23.csv,CAN_CSV0000000000001487__25.csv,PCPN_AMT_PST6HRS_QA,PCPN_AMT_PST6HRS_QA,4,NO
CAN_CSV0000000000001487__23.csv,CAN_CSV0000000000001487__24.csv,PCPN_AMT_PST6HRS_QA,PCPN_AMT_PST6HRS_QA,4,NO
CAN_CSV0000000000001487__20.csv,CAN_CSV0000000000001487__23.csv,PCPN_AMT_PST6HRS_QA,PCPN_AMT_PST6HRS_QA,4,NO
CAN_CSV0000000000001487__23.csv,CAN_CSV0000000000001487__28.csv,PCPN_AMT_PST6HRS_QA,PCPN_AMT_PST6HRS_QA,4,NO
CAN_CSV0000000000001487__23.csv,CAN_CSV0000000000001487__9.csv,AVG_AIR_TEMP_PST1MT,AVG_AIR_TEMP_PST1MT,4,NO
CAN_CSV0000000000001487__23.csv,CAN_CSV0000000000001487__25.csv,AVG_AIR_TEMP_PST1MT,AVG_AIR_TEMP_PST1MT,4,NO
CAN_CSV0000000000001487__23.csv,CAN_CSV0000000000001487__28.csv,AVG_AIR_TEMP_PST1MT,AVG_AIR_TEMP_PST1MT,4,NO
CAN_CSV0000000000001487__23.csv,CAN_CSV0000000000001487__9.csv,AVG_VIS_PST10MTS,AVG_VIS_PST10MTS,4,NO
CAN_CSV0000000000001487__23.csv,CAN_CSV0000000000001487__25.csv,AVG_VIS_PST10MTS,AVG_VIS_PST10MTS,4,NO
CAN_CSV0000000000001487__23.csv,CAN_CSV0000000000027353__2.csv,AVG_VIS_PST10MTS,AVG_VIS_PST10MTS,4,NO
CAN_CSV0000000000001487__23.csv,CAN_CSV0000000000001487__28.csv,AVG_VIS_PST10MTS,AVG_VIS_PST10MTS,4,NO
CAN_CSV0000000000001487__23.csv,CAN_CSV0000000000001487__8.csv,AVG_VIS_PST10MTS,AVG_VIS_PST10MTS,4,NO
CAN_CSV0000000000001724__11.csv,CAN_CSV0000000000001724__8.csv,Province/Canada,Province/Canada,4,YES
CAN_CSV0000000000001724__11.csv,CAN_CSV0000000000001797__36.csv,Province/Canada,Province/Canada,4,YES
CAN_CSV0000000000001724__11.csv,CAN_CSV0000000000001787__6.csv,Province/Canada,Province/Canada,4,YES
CAN_CSV0000000000001724__11.csv,CAN_CSV0000000000001787__5.csv,Province/Canada,Province/Canada,4,YES
CAN_CSV0000000000001724__11.csv,CAN_CSV0000000000001797__5.csv,RentLocation,RentLocation,4,YES
CAN_CSV0000000000001724__11.csv,CAN_CSV0000000000001724__45.csv,RentLocation,RentLocation,4,YES
CAN_CSV0000000000001724__11.csv,CAN_CSV0000000000001797__43.csv,RentLocation,RentLocation,4,YES
UK_CSV0000000000002010__6.csv,UK_CSV0000000000002010__9.csv,Pre-Op Q Assisted,Pre-Op Q Assisted,4,NO
UK_CSV0000000000002010__6.csv,UK_CSV0000000000006676__34.csv,Pre-Op Q Assisted,Pre-Op Q Assisted,4,NO
UK_CSV0000000000002010__6.csv,UK_CSV0000000000002010__8.csv,Pre-Op Q Assisted,Pre-Op Q Assisted,4,NO
UK_CSV0000000000002010__6.csv,UK_CSV0000000000003896__13.csv,Provider Code,Provider Code,4,YES
UK_CSV0000000000002010__6.csv,UK_CSV0000000000003896__3.csv,Provider Code,Provider Code,4,YES
CAN_CSV0000000000001724__8.csv,CAN_CSV0000000000001787__2.csv,Province/Canada,Province/Canada,4,YES
CAN_CSV0000000000001787__2.csv,CAN_CSV0000000000001797__36.csv,Province/Canada,Province/Canada,4,YES
CAN_CSV0000000000001787__2.csv,CAN_CSV0000000000001787__6.csv,Province/Canada,Province/Canada,4,YES
CAN_CSV0000000000001787__2.csv,CAN_CSV0000000000001787__5.csv,Province/Canada,Province/Canada,4,YES
CAN_CSV0000000000001787__0.csv,CAN_CSV0000000000001787__2.csv,Province/Canada,Province/Canada,4,YES
CAN_CSV0000000000001787__2.csv,CAN_CSV0000000000001797__21.csv,Province/Canada,Province/Canada,4,YES
CAN_CSV0000000000001797__0.csv,CAN_CSV0000000000001797__5.csv,RentLocation,RentLocation,4,YES
CAN_CSV0000000000001724__45.csv,CAN_CSV0000000000001797__0.csv,RentLocation,RentLocation,4,YES
CAN_CSV0000000000001797__0.csv,CAN_CSV0000000000001797__43.csv,RentLocation,RentLocation,4,YES
USA_CSV0000000000035902__16.csv,USA_CSV0000000000035902__34.csv,TYPE OF IMPROVEMENT,TYPE OF IMPROVEMENT,4,YES
USA_CSV0000000000035902__16.csv,USA_CSV0000000000035902__20.csv,TYPE OF IMPROVEMENT,TYPE OF IMPROVEMENT,4,YES
USA_CSV0000000000035902__15.csv,USA_CSV0000000000035902__16.csv,PEAK CAPACITY,PEAK CAPACITY,4,NO
USA_CSV0000000000035902__16.csv,USA_CSV0000000000035902__18.csv,PEAK CAPACITY,PEAK CAPACITY,4,NO
USA_CSV0000000000035902__16.csv,USA_CSV0000000000035902__20.csv,PEAK CAPACITY,PEAK CAPACITY,4,NO
USA_CSV0000000000035902__16.csv,USA_CSV0000000000035902__17.csv,PEAK CAPACITY,PEAK CAPACITY,4,NO
USA_CSV0000000000035902__15.csv,USA_CSV0000000000035902__16.csv,RIGHT OF WAY WIDTH,RIGHT OF WAY WIDTH,4,NO
USA_CSV0000000000035902__16.csv,USA_CSV0000000000035902__20.csv,RIGHT OF WAY WIDTH,RIGHT OF WAY WIDTH,4,NO
USA_CSV0000000000035902__16.csv,USA_CSV0000000000035902__18.csv,RIGHT OF WAY WIDTH,RIGHT OF WAY WIDTH,4,NO
USA_CSV0000000000035902__16.csv,USA_CSV0000000000035902__17.csv,RIGHT OF WAY WIDTH,RIGHT OF WAY WIDTH,4,NO
UK_CSV0000000000003896__3.csv,UK_CSV0000000000006676__2.csv,Post-Op Q Self-Care,Post-Op Q Self-Care,4,YES
UK_CSV0000000000003896__3.csv,UK_CSV0000000000006676__2.csv,Pre-Op Q EQ5D Index,Pre-Op Q EQ5D Index,4,YES
UK_CSV0000000000005907__43.csv,UK_CSV0000000000005907__48.csv,qd12_8_other,qd12_8_other,4,NO
UK_CSV0000000000005907__42.csv,UK_CSV0000000000005907__48.csv,qd12_8_other,qd12_8_other,4,NO
UK_CSV0000000000005907__46.csv,UK_CSV0000000000005907__48.csv,qd12_8_other,qd12_8_other,4,NO
CAN_CSV0000000000001487__9.csv,CAN_CSV0000000000027349__23.csv,DATA_PAYLOAD_URI,DATA_PAYLOAD_URI,4,YES
CAN_CSV0000000000001487__9.csv,CAN_CSV0000000000027349__20.csv,DATA_PAYLOAD_URI,DATA_PAYLOAD_URI,4,YES
CAN_CSV0000000000001487__25.csv,CAN_CSV0000000000001487__9.csv,DATA_PAYLOAD_URI,DATA_PAYLOAD_URI,4,YES
CAN_CSV0000000000001487__9.csv,CAN_CSV0000000000027349__21.csv,DATA_PAYLOAD_URI,DATA_PAYLOAD_URI,4,YES
CAN_CSV0000000000001487__9.csv,CAN_CSV0000000000027353__2.csv,DATA_PAYLOAD_URI,DATA_PAYLOAD_URI,4,YES
CAN_CSV0000000000001487__9.csv,CAN_CSV0000000000027355__11.csv,DATA_PAYLOAD_URI,DATA_PAYLOAD_URI,4,YES
CAN_CSV0000000000001487__28.csv,CAN_CSV0000000000001487__9.csv,DATA_PAYLOAD_URI,DATA_PAYLOAD_URI,4,YES
CAN_CSV0000000000001487__9.csv,CAN_CSV0000000000027349__23.csv,PCPN_AMT_PST1MT,PCPN_AMT_PST1MT,4,NO
CAN_CSV0000000000001487__9.csv,CAN_CSV0000000000027349__20.csv,PCPN_AMT_PST1MT,PCPN_AMT_PST1MT,4,NO
CAN_CSV0000000000001487__9.csv,CAN_CSV0000000000027349__21.csv,PCPN_AMT_PST1MT,PCPN_AMT_PST1MT,4,NO
CAN_CSV0000000000001487__9.csv,CAN_CSV0000000000027355__11.csv,PCPN_AMT_PST1MT,PCPN_AMT_PST1MT,4,NO
CAN_CSV0000000000001487__8.csv,CAN_CSV0000000000001487__9.csv,PCPN_AMT_PST1MT,PCPN_AMT_PST1MT,4,NO
CAN_CSV0000000000001487__25.csv,CAN_CSV0000000000001487__9.csv,AVG_AIR_TEMP_PST1MT,AVG_AIR_TEMP_PST1MT,4,NO
CAN_CSV0000000000001487__28.csv,CAN_CSV0000000000001487__9.csv,AVG_AIR_TEMP_PST1MT,AVG_AIR_TEMP_PST1MT,4,NO
CAN_CSV0000000000001487__25.csv,CAN_CSV0000000000001487__9.csv,CLD_BAS_HGT_1,CLD_BAS_HGT_1,4,NO
CAN_CSV0000000000001487__28.csv,CAN_CSV0000000000001487__9.csv,CLD_BAS_HGT_1,CLD_BAS_HGT_1,4,NO
CAN_CSV0000000000001487__8.csv,CAN_CSV0000000000001487__9.csv,CLD_BAS_HGT_1,CLD_BAS_HGT_1,4,NO
CAN_CSV0000000000001487__26.csv,CAN_CSV0000000000001487__9.csv,CLD_BAS_HGT_1,CLD_BAS_HGT_1,4,NO
CAN_CSV0000000000001487__9.csv,CAN_CSV0000000000027355__20.csv,CLD_BAS_HGT_1,CLD_BAS_HGT_1,4,NO
CAN_CSV0000000000001487__10.csv,CAN_CSV0000000000001487__9.csv,CLD_BAS_HGT_1,CLD_BAS_HGT_1,4,NO
CAN_CSV0000000000001487__35.csv,CAN_CSV0000000000001487__9.csv,CLD_AMT_CODE_1,CLD_AMT_CODE_1,4,YES
CAN_CSV0000000000001487__9.csv,CAN_CSV0000000000027353__2.csv,CLD_AMT_CODE_1,CLD_AMT_CODE_1,4,YES
CAN_CSV0000000000001487__9.csv,CAN_CSV0000000000027355__11.csv,CLD_AMT_CODE_1,CLD_AMT_CODE_1,4,YES
CAN_CSV0000000000001487__34.csv,CAN_CSV0000000000001487__9.csv,CLD_AMT_CODE_1,CLD_AMT_CODE_1,4,YES
CAN_CSV0000000000001487__8.csv,CAN_CSV0000000000001487__9.csv,CLD_AMT_CODE_1,CLD_AMT_CODE_1,4,YES
CAN_CSV0000000000001487__9.csv,CAN_CSV0000000000027355__20.csv,CLD_AMT_CODE_1,CLD_AMT_CODE_1,4,YES
CAN_CSV0000000000001487__25.csv,CAN_CSV0000000000001487__9.csv,AVG_VIS_PST10MTS,AVG_VIS_PST10MTS,4,NO
CAN_CSV0000000000001487__9.csv,CAN_CSV0000000000027353__2.csv,AVG_VIS_PST10MTS,AVG_VIS_PST10MTS,4,NO
CAN_CSV0000000000001487__28.csv,CAN_CSV0000000000001487__9.csv,AVG_VIS_PST10MTS,AVG_VIS_PST10MTS,4,NO
CAN_CSV0000000000001487__35.csv,CAN_CSV0000000000001487__9.csv,ICAO_STN_ID,ICAO_STN_ID,4,YES
CAN_CSV0000000000001487__9.csv,CAN_CSV0000000000027353__2.csv,ICAO_STN_ID,ICAO_STN_ID,4,YES
CAN_CSV0000000000001487__9.csv,CAN_CSV0000000000027349__23.csv,AVG_REL_HUM_PST1MT,AVG_REL_HUM_PST1MT,4,NO
CAN_CSV0000000000001487__35.csv,CAN_CSV0000000000001487__9.csv,AVG_REL_HUM_PST1MT,AVG_REL_HUM_PST1MT,4,NO
CAN_CSV0000000000001487__9.csv,CAN_CSV0000000000027349__20.csv,AVG_REL_HUM_PST1MT,AVG_REL_HUM_PST1MT,4,NO
CAN_CSV0000000000001487__25.csv,CAN_CSV0000000000001487__9.csv,AVG_REL_HUM_PST1MT,AVG_REL_HUM_PST1MT,4,NO
CAN_CSV0000000000001487__9.csv,CAN_CSV0000000000027349__21.csv,AVG_REL_HUM_PST1MT,AVG_REL_HUM_PST1MT,4,NO
CAN_CSV0000000000001487__28.csv,CAN_CSV0000000000001487__9.csv,AVG_REL_HUM_PST1MT,AVG_REL_HUM_PST1MT,4,NO
CAN_CSV0000000000001487__9.csv,CAN_CSV0000000000027349__23.csv,AVG_MSLP_PST1MT,AVG_MSLP_PST1MT,4,NO
CAN_CSV0000000000001487__35.csv,CAN_CSV0000000000001487__9.csv,AVG_MSLP_PST1MT,AVG_MSLP_PST1MT,4,NO
CAN_CSV0000000000001487__9.csv,CAN_CSV0000000000027349__20.csv,AVG_MSLP_PST1MT,AVG_MSLP_PST1MT,4,NO
CAN_CSV0000000000001487__9.csv,CAN_CSV0000000000027349__21.csv,AVG_MSLP_PST1MT,AVG_MSLP_PST1MT,4,NO
CAN_CSV0000000000001487__25.csv,CAN_CSV0000000000001487__9.csv,PCPN_AMT_PST1HR,PCPN_AMT_PST1HR,4,NO
CAN_CSV0000000000001487__9.csv,CAN_CSV0000000000027346__23.csv,PCPN_AMT_PST1HR,PCPN_AMT_PST1HR,4,NO
CAN_CSV0000000000001487__28.csv,CAN_CSV0000000000001487__9.csv,PCPN_AMT_PST1HR,PCPN_AMT_PST1HR,4,NO
UK_CSV0000000000005907__43.csv,UK_CSV0000000000005907__48.csv,qd12_8_other,qd12_8_other,4,NO
UK_CSV0000000000005907__42.csv,UK_CSV0000000000005907__43.csv,qd12_8_other,qd12_8_other,4,NO
UK_CSV0000000000005907__43.csv,UK_CSV0000000000005907__46.csv,qd12_8_other,qd12_8_other,4,NO
CAN_CSV0000000000027349__21.csv,CAN_CSV0000000000027349__23.csv,DATA_PAYLOAD_URI,DATA_PAYLOAD_URI,4,YES
CAN_CSV0000000000001487__9.csv,CAN_CSV0000000000027349__21.csv,DATA_PAYLOAD_URI,DATA_PAYLOAD_URI,4,YES
CAN_CSV0000000000027349__20.csv,CAN_CSV0000000000027349__21.csv,DATA_PAYLOAD_URI,DATA_PAYLOAD_URI,4,YES
CAN_CSV0000000000001487__25.csv,CAN_CSV0000000000027349__21.csv,DATA_PAYLOAD_URI,DATA_PAYLOAD_URI,4,YES
CAN_CSV0000000000027349__21.csv,CAN_CSV0000000000027353__2.csv,DATA_PAYLOAD_URI,DATA_PAYLOAD_URI,4,YES
CAN_CSV0000000000027349__21.csv,CAN_CSV0000000000027355__11.csv,DATA_PAYLOAD_URI,DATA_PAYLOAD_URI,4,YES
CAN_CSV0000000000027349__21.csv,CAN_CSV0000000000027349__23.csv,PCPN_AMT_PST6HRS,PCPN_AMT_PST6HRS,4,NO
CAN_CSV0000000000027349__20.csv,CAN_CSV0000000000027349__21.csv,PCPN_AMT_PST6HRS,PCPN_AMT_PST6HRS,4,NO
CAN_CSV0000000000027349__21.csv,CAN_CSV0000000000027349__23.csv,LTNG_DIS_RMK,LTNG_DIS_RMK,4,YES
CAN_CSV0000000000027349__20.csv,CAN_CSV0000000000027349__21.csv,LTNG_DIS_RMK,LTNG_DIS_RMK,4,YES
CAN_CSV0000000000027349__21.csv,CAN_CSV0000000000027354__6.csv,LTNG_DIS_RMK,LTNG_DIS_RMK,4,YES
CAN_CSV0000000000027349__21.csv,CAN_CSV0000000000027349__23.csv,AVG_VIS_PST1MT,AVG_VIS_PST1MT,4,NO
CAN_CSV0000000000027349__20.csv,CAN_CSV0000000000027349__21.csv,AVG_VIS_PST1MT,AVG_VIS_PST1MT,4,NO
CAN_CSV0000000000001487__25.csv,CAN_CSV0000000000027349__21.csv,AVG_VIS_PST1MT,AVG_VIS_PST1MT,4,NO
CAN_CSV0000000000001487__28.csv,CAN_CSV0000000000027349__21.csv,AVG_VIS_PST1MT,AVG_VIS_PST1MT,4,NO
CAN_CSV0000000000027349__21.csv,CAN_CSV0000000000027349__23.csv,DNSTY_ALTD,DNSTY_ALTD,4,NO
CAN_CSV0000000000001487__35.csv,CAN_CSV0000000000027349__21.csv,DNSTY_ALTD,DNSTY_ALTD,4,NO
CAN_CSV0000000000027349__20.csv,CAN_CSV0000000000027349__21.csv,DNSTY_ALTD,DNSTY_ALTD,4,NO
CAN_CSV0000000000001487__25.csv,CAN_CSV0000000000027349__21.csv,DNSTY_ALTD,DNSTY_ALTD,4,NO
CAN_CSV0000000000001487__28.csv,CAN_CSV0000000000027349__21.csv,DNSTY_ALTD,DNSTY_ALTD,4,NO
USA_CSV0000000000035902__20.csv,USA_CSV0000000000035902__34.csv,TYPE OF IMPROVEMENT,TYPE OF IMPROVEMENT,4,YES
USA_CSV0000000000035902__16.csv,USA_CSV0000000000035902__20.csv,TYPE OF IMPROVEMENT,TYPE OF IMPROVEMENT,4,YES
USA_CSV0000000000035902__15.csv,USA_CSV0000000000035902__20.csv,MEDIAN TYPE,MEDIAN TYPE,4,YES
USA_CSV0000000000035902__18.csv,USA_CSV0000000000035902__20.csv,MEDIAN TYPE,MEDIAN TYPE,4,YES
USA_CSV0000000000035902__16.csv,USA_CSV0000000000035902__20.csv,MEDIAN TYPE,MEDIAN TYPE,4,YES
USA_CSV0000000000035902__17.csv,USA_CSV0000000000035902__20.csv,MEDIAN TYPE,MEDIAN TYPE,4,YES
USA_CSV0000000000035902__15.csv,USA_CSV0000000000035902__20.csv,RURAL/URBAN,RURAL/URBAN,4,NO
USA_CSV0000000000035902__18.csv,USA_CSV0000000000035902__20.csv,RURAL/URBAN,RURAL/URBAN,4,NO
USA_CSV0000000000035902__16.csv,USA_CSV0000000000035902__20.csv,RURAL/URBAN,RURAL/URBAN,4,NO
USA_CSV0000000000035902__17.csv,USA_CSV0000000000035902__20.csv,RURAL/URBAN,RURAL/URBAN,4,NO
USA_CSV0000000000035902__15.csv,USA_CSV0000000000035902__20.csv,SPEED LIMIT,SPEED LIMIT,4,NO
USA_CSV0000000000035902__18.csv,USA_CSV0000000000035902__20.csv,SPEED LIMIT,SPEED LIMIT,4,NO
USA_CSV0000000000035902__16.csv,USA_CSV0000000000035902__20.csv,SPEED LIMIT,SPEED LIMIT,4,NO
USA_CSV0000000000035902__17.csv,USA_CSV0000000000035902__20.csv,SPEED LIMIT,SPEED LIMIT,4,NO
USA_CSV0000000000035902__20.csv,USA_CSV0000000000035902__34.csv,FUNCTIONAL SYSTEM,FUNCTIONAL SYSTEM,4,YES
USA_CSV0000000000035902__16.csv,USA_CSV0000000000035902__20.csv,FUNCTIONAL SYSTEM,FUNCTIONAL SYSTEM,4,YES
USA_CSV0000000000035902__15.csv,USA_CSV0000000000035902__20.csv,FUNCTIONAL SYSTEM,FUNCTIONAL SYSTEM,4,YES
USA_CSV0000000000035902__17.csv,USA_CSV0000000000035902__20.csv,FUNCTIONAL SYSTEM,FUNCTIONAL SYSTEM,4,YES
USA_CSV0000000000035902__18.csv,USA_CSV0000000000035902__20.csv,FUNCTIONAL SYSTEM,FUNCTIONAL SYSTEM,4,YES
USA_CSV0000000000035902__15.csv,USA_CSV0000000000035902__20.csv,PEAK CAPACITY,PEAK CAPACITY,4,NO
USA_CSV0000000000035902__18.csv,USA_CSV0000000000035902__20.csv,PEAK CAPACITY,PEAK CAPACITY,4,NO
USA_CSV0000000000035902__15.csv,USA_CSV0000000000035902__20.csv,FEDERAL-AID SYSTEM,FEDERAL-AID SYSTEM,4,YES
USA_CSV0000000000035902__18.csv,USA_CSV0000000000035902__20.csv,FEDERAL-AID SYSTEM,FEDERAL-AID SYSTEM,4,YES
USA_CSV0000000000035902__16.csv,USA_CSV0000000000035902__20.csv,FEDERAL-AID SYSTEM,FEDERAL-AID SYSTEM,4,YES
USA_CSV0000000000035902__17.csv,USA_CSV0000000000035902__20.csv,FEDERAL-AID SYSTEM,FEDERAL-AID SYSTEM,4,YES
USA_CSV0000000000035902__15.csv,USA_CSV0000000000035902__20.csv,RIGHT OF WAY WIDTH,RIGHT OF WAY WIDTH,4,NO
USA_CSV0000000000035902__18.csv,USA_CSV0000000000035902__20.csv,RIGHT OF WAY WIDTH,RIGHT OF WAY WIDTH,4,NO
USA_CSV0000000000035902__16.csv,USA_CSV0000000000035902__20.csv,RIGHT OF WAY WIDTH,RIGHT OF WAY WIDTH,4,NO
USA_CSV0000000000035902__16.csv,USA_CSV0000000000035902__20.csv,TURNING LANES-LEFT,TURNING LANES-LEFT,4,NO
USA_CSV0000000000035902__15.csv,USA_CSV0000000000035902__20.csv,DIRECTIONAL FACTOR,DIRECTIONAL FACTOR,4,NO
USA_CSV0000000000035902__18.csv,USA_CSV0000000000035902__20.csv,DIRECTIONAL FACTOR,DIRECTIONAL FACTOR,4,NO
USA_CSV0000000000035902__16.csv,USA_CSV0000000000035902__20.csv,DIRECTIONAL FACTOR,DIRECTIONAL FACTOR,4,NO
USA_CSV0000000000035902__17.csv,USA_CSV0000000000035902__20.csv,DIRECTIONAL FACTOR,DIRECTIONAL FACTOR,4,NO
UK_CSV0000000000002010__9.csv,UK_CSV0000000000003896__8.csv,Post-Op Q Anxiety,Post-Op Q Anxiety,4,YES
UK_CSV0000000000002010__9.csv,UK_CSV0000000000003896__13.csv,Post-Op Q Anxiety,Post-Op Q Anxiety,4,YES
UK_CSV0000000000002010__6.csv,UK_CSV0000000000002010__9.csv,Post-Op Q Anxiety,Post-Op Q Anxiety,4,YES
UK_CSV0000000000002010__9.csv,UK_CSV0000000000003896__8.csv,Post-Op Q Wound,Post-Op Q Wound,4,YES
UK_CSV0000000000002010__6.csv,UK_CSV0000000000002010__9.csv,Post-Op Q Wound,Post-Op Q Wound,4,YES
UK_CSV0000000000002010__9.csv,UK_CSV0000000000003896__3.csv,Post-Op Q Wound,Post-Op Q Wound,4,YES
USA_CSV0000000000033847__17.csv,USA_CSV0000000000037101__3.csv,TURN_LANES_R,TURN_LANES_R,4,NO
USA_CSV0000000000033847__17.csv,USA_CSV0000000000034882__22.csv,TURN_LANES_R,TURN_LANES_R,4,NO
USA_CSV0000000000033847__17.csv,USA_CSV0000000000034882__26.csv,UNBUILT_FACILITY,UNBUILT_FACILITY,4,NO
USA_CSV0000000000033847__17.csv,USA_CSV0000000000034882__26.csv,LANE_WIDTH,LANE_WIDTH,4,NO
USA_CSV0000000000033847__17.csv,USA_CSV0000000000034882__26.csv,INTER_ROUTE_NUMBER,INTER_ROUTE_NUMBER,4,YES
USA_CSV0000000000033847__17.csv,USA_CSV0000000000034882__14.csv,PEAK_PARKING,PEAK_PARKING,4,NO
USA_CSV0000000000033847__17.csv,USA_CSV0000000000034882__14.csv,SHOULDER_WIDTH_R,SHOULDER_WIDTH_R,4,NO
USA_CSV0000000000033847__17.csv,USA_CSV0000000000037101__16.csv,SHOULDER_WIDTH_R,SHOULDER_WIDTH_R,4,NO
USA_CSV0000000000033847__17.csv,USA_CSV0000000000034882__12.csv,SHOULDER_WIDTH_R,SHOULDER_WIDTH_R,4,NO
USA_CSV0000000000033847__17.csv,USA_CSV0000000000037101__16.csv,RURAL_URBAN,RURAL_URBAN,4,YES
USA_CSV0000000000033847__17.csv,USA_CSV0000000000037101__20.csv,COUNTY_CODE,COUNTY_CODE,4,YES
USA_CSV0000000000033847__17.csv,USA_CSV0000000000037101__3.csv,COUNTY_CODE,COUNTY_CODE,4,YES
USA_CSV0000000000033847__17.csv,USA_CSV0000000000037101__16.csv,COUNTY_CODE,COUNTY_CODE,4,YES
CAN_CSV0000000000001487__20.csv,CAN_CSV0000000000001487__9.csv,AVG_MSLP_PST1MT_QA,AVG_MSLP_PST1MT_QA,4,NO
CAN_CSV0000000000001487__10.csv,CAN_CSV0000000000001487__20.csv,AVG_MSLP_PST1MT_QA,AVG_MSLP_PST1MT_QA,4,NO
CAN_CSV0000000000001487__20.csv,CAN_CSV0000000000001487__9.csv,PRSNT_WX_1_QA,PRSNT_WX_1_QA,4,NO
CAN_CSV0000000000001487__10.csv,CAN_CSV0000000000001487__20.csv,PRSNT_WX_1_QA,PRSNT_WX_1_QA,4,NO
CAN_CSV0000000000001487__20.csv,CAN_CSV0000000000027349__23.csv,AVG_MSLP_PST1MT,AVG_MSLP_PST1MT,4,NO
CAN_CSV0000000000001487__20.csv,CAN_CSV0000000000001487__35.csv,AVG_MSLP_PST1MT,AVG_MSLP_PST1MT,4,NO
CAN_CSV0000000000001487__20.csv,CAN_CSV0000000000001487__9.csv,AVG_MSLP_PST1MT,AVG_MSLP_PST1MT,4,NO
CAN_CSV0000000000001487__20.csv,CAN_CSV0000000000027349__20.csv,AVG_MSLP_PST1MT,AVG_MSLP_PST1MT,4,NO
CAN_CSV0000000000001487__20.csv,CAN_CSV0000000000027349__21.csv,AVG_MSLP_PST1MT,AVG_MSLP_PST1MT,4,NO
CAN_CSV0000000000001487__20.csv,CAN_CSV0000000000001487__9.csv,AVG_AIR_TEMP_PST1MT,AVG_AIR_TEMP_PST1MT,4,NO
CAN_CSV0000000000001487__20.csv,CAN_CSV0000000000001487__25.csv,AVG_AIR_TEMP_PST1MT,AVG_AIR_TEMP_PST1MT,4,NO
CAN_CSV0000000000001487__20.csv,CAN_CSV0000000000001487__28.csv,AVG_AIR_TEMP_PST1MT,AVG_AIR_TEMP_PST1MT,4,NO
CAN_CSV0000000000001487__20.csv,CAN_CSV0000000000001487__9.csv,AVG_VIS_PST10MTS,AVG_VIS_PST10MTS,4,NO
CAN_CSV0000000000001487__20.csv,CAN_CSV0000000000001487__25.csv,AVG_VIS_PST10MTS,AVG_VIS_PST10MTS,4,NO
CAN_CSV0000000000001487__20.csv,CAN_CSV0000000000027353__2.csv,AVG_VIS_PST10MTS,AVG_VIS_PST10MTS,4,NO
CAN_CSV0000000000001487__20.csv,CAN_CSV0000000000001487__28.csv,AVG_VIS_PST10MTS,AVG_VIS_PST10MTS,4,NO
CAN_CSV0000000000001487__20.csv,CAN_CSV0000000000001487__26.csv,AVG_VIS_PST10MTS,AVG_VIS_PST10MTS,4,NO
UK_CSV0000000000002010__6.csv,UK_CSV0000000000007396__13.csv,Post-Op Q Activity,Post-Op Q Activity,4,YES
UK_CSV0000000000006676__2.csv,UK_CSV0000000000007396__13.csv,Post-Op Q Activity,Post-Op Q Activity,4,YES
USA_CSV0000000000033847__5.csv,USA_CSV0000000000037101__3.csv,SHOULDER_WIDTH_L,SHOULDER_WIDTH_L,4,NO
USA_CSV0000000000033847__5.csv,USA_CSV0000000000034882__14.csv,SHOULDER_WIDTH_L,SHOULDER_WIDTH_L,4,NO
USA_CSV0000000000033847__5.csv,USA_CSV0000000000034882__22.csv,SHOULDER_WIDTH_L,SHOULDER_WIDTH_L,4,NO
USA_CSV0000000000033847__5.csv,USA_CSV0000000000037101__3.csv,AT_GRADE_SIGNS,AT_GRADE_SIGNS,4,NO
USA_CSV0000000000033847__4.csv,USA_CSV0000000000033847__5.csv,AT_GRADE_SIGNS,AT_GRADE_SIGNS,4,NO
USA_CSV0000000000033847__17.csv,USA_CSV0000000000033847__5.csv,AT_GRADE_SIGNS,AT_GRADE_SIGNS,4,NO
USA_CSV0000000000033847__3.csv,USA_CSV0000000000033847__5.csv,PEAK_CAPACITY,PEAK_CAPACITY,4,NO
USA_CSV0000000000033847__3.csv,USA_CSV0000000000034882__14.csv,PEAK_CAPACITY,PEAK_CAPACITY,4,NO
USA_CSV0000000000033847__3.csv,USA_CSV0000000000033847__5.csv,URBAN_CODE,URBAN_CODE,4,YES
USA_CSV0000000000033847__3.csv,USA_CSV0000000000037101__3.csv,URBAN_CODE,URBAN_CODE,4,YES
USA_CSV0000000000033847__3.csv,USA_CSV0000000000034882__14.csv,URBAN_CODE,URBAN_CODE,4,YES
USA_CSV0000000000033847__3.csv,USA_CSV0000000000033847__5.csv,SHOULDER_WIDTH_L,SHOULDER_WIDTH_L,4,NO
USA_CSV0000000000033847__3.csv,USA_CSV0000000000037101__3.csv,SHOULDER_WIDTH_L,SHOULDER_WIDTH_L,4,NO
USA_CSV0000000000033847__3.csv,USA_CSV0000000000034882__14.csv,SHOULDER_WIDTH_L,SHOULDER_WIDTH_L,4,NO
USA_CSV0000000000033847__3.csv,USA_CSV0000000000033847__5.csv,VERT_ALIGN,VERT_ALIGN,4,YES
USA_CSV0000000000033847__3.csv,USA_CSV0000000000037101__3.csv,VERT_ALIGN,VERT_ALIGN,4,YES
USA_CSV0000000000033847__3.csv,USA_CSV0000000000034882__26.csv,VERT_ALIGN,VERT_ALIGN,4,YES
USA_CSV0000000000033847__3.csv,USA_CSV0000000000033847__5.csv,PERC_COMBINATION,PERC_COMBINATION,4,NO
USA_CSV0000000000033847__3.csv,USA_CSV0000000000034882__14.csv,PERC_COMBINATION,PERC_COMBINATION,4,NO
USA_CSV0000000000033847__3.csv,USA_CSV0000000000034882__22.csv,PERC_COMBINATION,PERC_COMBINATION,4,NO
USA_CSV0000000000033847__3.csv,USA_CSV0000000000033847__5.csv,SHOULDER_TYPE,SHOULDER_TYPE,4,YES
USA_CSV0000000000033847__3.csv,USA_CSV0000000000034882__14.csv,SHOULDER_TYPE,SHOULDER_TYPE,4,YES
USA_CSV0000000000033847__3.csv,USA_CSV0000000000033847__4.csv,SHOULDER_TYPE,SHOULDER_TYPE,4,YES
USA_CSV0000000000033847__3.csv,USA_CSV0000000000034882__12.csv,SHOULDER_TYPE,SHOULDER_TYPE,4,YES
USA_CSV0000000000033847__17.csv,USA_CSV0000000000034882__26.csv,THROUGH_LANES,THROUGH_LANES,4,YES
USA_CSV0000000000033847__17.csv,USA_CSV0000000000033847__5.csv,YEAR_RECORD,YEAR_RECORD,4,YES
USA_CSV0000000000033847__17.csv,USA_CSV0000000000034882__26.csv,YEAR_RECORD,YEAR_RECORD,4,YES
USA_CSV0000000000033847__17.csv,USA_CSV0000000000033847__5.csv,AT_GRADE_SIGNS,AT_GRADE_SIGNS,4,NO
USA_CSV0000000000033847__17.csv,USA_CSV0000000000037101__3.csv,AT_GRADE_SIGNS,AT_GRADE_SIGNS,4,NO
USA_CSV0000000000033847__17.csv,USA_CSV0000000000033847__4.csv,AT_GRADE_SIGNS,AT_GRADE_SIGNS,4,NO
USA_CSV0000000000033847__4.csv,USA_CSV0000000000033847__5.csv,PEAK_CAPACITY,PEAK_CAPACITY,4,NO
USA_CSV0000000000033847__4.csv,USA_CSV0000000000034882__14.csv,PEAK_CAPACITY,PEAK_CAPACITY,4,NO
USA_CSV0000000000033847__4.csv,USA_CSV0000000000033847__5.csv,ROUTE_SIGNING,ROUTE_SIGNING,4,YES
USA_CSV0000000000033847__4.csv,USA_CSV0000000000037101__16.csv,ROUTE_SIGNING,ROUTE_SIGNING,4,YES
USA_CSV0000000000033847__4.csv,USA_CSV0000000000034882__22.csv,ROUTE_SIGNING,ROUTE_SIGNING,4,YES
USA_CSV0000000000033847__4.csv,USA_CSV0000000000033847__5.csv,SPECIAL_SYSTEMS,SPECIAL_SYSTEMS,4,NO
USA_CSV0000000000033847__4.csv,USA_CSV0000000000034882__26.csv,SPECIAL_SYSTEMS,SPECIAL_SYSTEMS,4,NO
USA_CSV0000000000033847__4.csv,USA_CSV0000000000034882__22.csv,SPECIAL_SYSTEMS,SPECIAL_SYSTEMS,4,NO
USA_CSV0000000000033847__4.csv,USA_CSV0000000000034882__9.csv,SPECIAL_SYSTEMS,SPECIAL_SYSTEMS,4,NO
USA_CSV0000000000033847__4.csv,USA_CSV0000000000033847__5.csv,PERC_SIGHT,PERC_SIGHT,4,NO
USA_CSV0000000000033847__4.csv,USA_CSV0000000000037101__20.csv,PERC_SIGHT,PERC_SIGHT,4,NO
USA_CSV0000000000033847__4.csv,USA_CSV0000000000037101__18.csv,PERC_SIGHT,PERC_SIGHT,4,NO
USA_CSV0000000000033847__3.csv,USA_CSV0000000000033847__5.csv,ROUTE_NUMBER,ROUTE_NUMBER,4,YES
USA_CSV0000000000033847__3.csv,USA_CSV0000000000037101__20.csv,ROUTE_NUMBER,ROUTE_NUMBER,4,YES
USA_CSV0000000000033847__3.csv,USA_CSV0000000000037101__3.csv,ROUTE_NUMBER,ROUTE_NUMBER,4,YES
USA_CSV0000000000033847__3.csv,USA_CSV0000000000033847__4.csv,ROUTE_NUMBER,ROUTE_NUMBER,4,YES
USA_CSV0000000000033847__3.csv,USA_CSV0000000000033847__5.csv,ROUTE_SIGNING,ROUTE_SIGNING,4,YES
USA_CSV0000000000033847__3.csv,USA_CSV0000000000037101__16.csv,ROUTE_SIGNING,ROUTE_SIGNING,4,YES
USA_CSV0000000000033847__3.csv,USA_CSV0000000000034882__22.csv,ROUTE_SIGNING,ROUTE_SIGNING,4,YES
USA_CSV0000000000033847__3.csv,USA_CSV0000000000033847__4.csv,ROUTE_SIGNING,ROUTE_SIGNING,4,YES
USA_CSV0000000000033847__3.csv,USA_CSV0000000000037101__27.csv,ROUTE_SIGNING,ROUTE_SIGNING,4,YES
USA_CSV0000000000033847__3.csv,USA_CSV0000000000033847__5.csv,SPECIAL_SYSTEMS,SPECIAL_SYSTEMS,4,NO
USA_CSV0000000000033847__3.csv,USA_CSV0000000000034882__26.csv,SPECIAL_SYSTEMS,SPECIAL_SYSTEMS,4,NO
USA_CSV0000000000033847__3.csv,USA_CSV0000000000034882__22.csv,SPECIAL_SYSTEMS,SPECIAL_SYSTEMS,4,NO
USA_CSV0000000000033847__3.csv,USA_CSV0000000000033847__5.csv,DONUT_EXP_FACTOR,DONUT_EXP_FACTOR,4,NO
USA_CSV0000000000033847__3.csv,USA_CSV0000000000037101__20.csv,DONUT_EXP_FACTOR,DONUT_EXP_FACTOR,4,NO
USA_CSV0000000000033847__3.csv,USA_CSV0000000000037101__3.csv,DONUT_EXP_FACTOR,DONUT_EXP_FACTOR,4,NO
USA_CSV0000000000033847__3.csv,USA_CSV0000000000033847__5.csv,PERC_SIGHT,PERC_SIGHT,4,NO
USA_CSV0000000000033847__3.csv,USA_CSV0000000000037101__20.csv,PERC_SIGHT,PERC_SIGHT,4,NO
USA_CSV0000000000033847__3.csv,USA_CSV0000000000033847__4.csv,PERC_SIGHT,PERC_SIGHT,4,NO
CAN_CSV0000000000001487__23.csv,CAN_CSV0000000000001487__9.csv,AVG_MSLP_PST1MT_QA,AVG_MSLP_PST1MT_QA,4,NO
CAN_CSV0000000000001487__23.csv,CAN_CSV0000000000001487__8.csv,AVG_MSLP_PST1MT_QA,AVG_MSLP_PST1MT_QA,4,NO
CAN_CSV0000000000001487__10.csv,CAN_CSV0000000000001487__23.csv,AVG_MSLP_PST1MT_QA,AVG_MSLP_PST1MT_QA,4,NO
CAN_CSV0000000000001487__20.csv,CAN_CSV0000000000001487__23.csv,AVG_MSLP_PST1MT_QA,AVG_MSLP_PST1MT_QA,4,NO
CAN_CSV0000000000001487__23.csv,CAN_CSV0000000000001487__9.csv,PRSNT_WX_1_QA,PRSNT_WX_1_QA,4,NO
CAN_CSV0000000000001487__23.csv,CAN_CSV0000000000001487__8.csv,PRSNT_WX_1_QA,PRSNT_WX_1_QA,4,NO
CAN_CSV0000000000001487__10.csv,CAN_CSV0000000000001487__23.csv,PRSNT_WX_1_QA,PRSNT_WX_1_QA,4,NO
CAN_CSV0000000000001487__20.csv,CAN_CSV0000000000001487__23.csv,PRSNT_WX_1_QA,PRSNT_WX_1_QA,4,NO
CAN_CSV0000000000027349__21.csv,CAN_CSV0000000000027349__23.csv,DATA_ATTRIB_NOT,DATA_ATTRIB_NOT,4,NO
CAN_CSV0000000000027349__20.csv,CAN_CSV0000000000027349__21.csv,DATA_ATTRIB_NOT,DATA_ATTRIB_NOT,4,NO
CAN_CSV0000000000001487__25.csv,CAN_CSV0000000000027349__21.csv,DATA_ATTRIB_NOT,DATA_ATTRIB_NOT,4,NO
CAN_CSV0000000000027349__21.csv,CAN_CSV0000000000027354__6.csv,DATA_ATTRIB_NOT,DATA_ATTRIB_NOT,4,NO
CAN_CSV0000000000027349__21.csv,CAN_CSV0000000000027349__23.csv,PCPN_AMT_PST1MT,PCPN_AMT_PST1MT,4,NO
CAN_CSV0000000000001487__9.csv,CAN_CSV0000000000027349__21.csv,PCPN_AMT_PST1MT,PCPN_AMT_PST1MT,4,NO
CAN_CSV0000000000027349__20.csv,CAN_CSV0000000000027349__21.csv,PCPN_AMT_PST1MT,PCPN_AMT_PST1MT,4,NO
CAN_CSV0000000000027349__21.csv,CAN_CSV0000000000027355__11.csv,PCPN_AMT_PST1MT,PCPN_AMT_PST1MT,4,NO
CAN_CSV0000000000027349__21.csv,CAN_CSV0000000000027349__23.csv,OBS_DATETIME_UTC,OBS_DATETIME_UTC,4,YES
CAN_CSV0000000000027349__20.csv,CAN_CSV0000000000027349__21.csv,OBS_DATETIME_UTC,OBS_DATETIME_UTC,4,YES
CAN_CSV0000000000027346__12.csv,CAN_CSV0000000000027349__21.csv,OBS_DATETIME_UTC,OBS_DATETIME_UTC,4,YES
CAN_CSV0000000000027349__21.csv,CAN_CSV0000000000027354__6.csv,OBS_DATETIME_UTC,OBS_DATETIME_UTC,4,YES
UK_CSV0000000000003896__13.csv,UK_CSV0000000000007396__13.csv,Revision Flag,Revision Flag,4,NO
UK_CSV0000000000003896__3.csv,UK_CSV0000000000007396__13.csv,Revision Flag,Revision Flag,4,NO
UK_CSV0000000000006676__34.csv,UK_CSV0000000000007396__13.csv,Revision Flag,Revision Flag,4,NO
UK_CSV0000000000003896__8.csv,UK_CSV0000000000007396__13.csv,Post-Op Q Self-Care,Post-Op Q Self-Care,4,YES
UK_CSV0000000000006676__2.csv,UK_CSV0000000000007396__13.csv,Post-Op Q Self-Care,Post-Op Q Self-Care,4,YES
UK_CSV0000000000003896__3.csv,UK_CSV0000000000007396__13.csv,Post-Op Q Self-Care,Post-Op Q Self-Care,4,YES
UK_CSV0000000000003896__8.csv,UK_CSV0000000000007396__13.csv,Pre-Op Q EQ5D Index,Pre-Op Q EQ5D Index,4,YES
UK_CSV0000000000006676__2.csv,UK_CSV0000000000007396__13.csv,Pre-Op Q EQ5D Index,Pre-Op Q EQ5D Index,4,YES
UK_CSV0000000000003896__3.csv,UK_CSV0000000000007396__13.csv,Pre-Op Q EQ5D Index,Pre-Op Q EQ5D Index,4,YES
UK_CSV0000000000003896__13.csv,UK_CSV0000000000007396__13.csv,Pre-Op Q Anxiety,Pre-Op Q Anxiety,4,YES
UK_CSV0000000000003896__3.csv,UK_CSV0000000000007396__13.csv,Pre-Op Q Anxiety,Pre-Op Q Anxiety,4,YES
CAN_CSV0000000000027349__21.csv,CAN_CSV0000000000027349__23.csv,AVG_REL_HUM_PST1MT,AVG_REL_HUM_PST1MT,4,NO
CAN_CSV0000000000001487__35.csv,CAN_CSV0000000000027349__21.csv,AVG_REL_HUM_PST1MT,AVG_REL_HUM_PST1MT,4,NO
CAN_CSV0000000000001487__9.csv,CAN_CSV0000000000027349__21.csv,AVG_REL_HUM_PST1MT,AVG_REL_HUM_PST1MT,4,NO
CAN_CSV0000000000027349__20.csv,CAN_CSV0000000000027349__21.csv,AVG_REL_HUM_PST1MT,AVG_REL_HUM_PST1MT,4,NO
CAN_CSV0000000000001487__25.csv,CAN_CSV0000000000027349__21.csv,AVG_REL_HUM_PST1MT,AVG_REL_HUM_PST1MT,4,NO
CAN_CSV0000000000001487__28.csv,CAN_CSV0000000000027349__21.csv,AVG_REL_HUM_PST1MT,AVG_REL_HUM_PST1MT,4,NO
CAN_CSV0000000000027346__32.csv,CAN_CSV0000000000027349__23.csv,PCPN_AMT_PST6HRS,PCPN_AMT_PST6HRS,4,NO
CAN_CSV0000000000027346__32.csv,CAN_CSV0000000000027349__20.csv,PCPN_AMT_PST6HRS,PCPN_AMT_PST6HRS,4,NO
CAN_CSV0000000000027346__32.csv,CAN_CSV0000000000027349__21.csv,PCPN_AMT_PST6HRS,PCPN_AMT_PST6HRS,4,NO
CAN_CSV0000000000027346__32.csv,CAN_CSV0000000000027355__20.csv,PCPN_AMT_PST6HRS,PCPN_AMT_PST6HRS,4,NO
CAN_CSV0000000000001487__35.csv,CAN_CSV0000000000027346__32.csv,ICAO_STN_ID,ICAO_STN_ID,4,YES
CAN_CSV0000000000001487__9.csv,CAN_CSV0000000000027346__32.csv,ICAO_STN_ID,ICAO_STN_ID,4,YES
CAN_CSV0000000000027346__32.csv,CAN_CSV0000000000027353__2.csv,ICAO_STN_ID,ICAO_STN_ID,4,YES
CAN_CSV0000000000027346__32.csv,CAN_CSV0000000000027349__23.csv,DATA_ATTRIB_NOT,DATA_ATTRIB_NOT,4,NO
CAN_CSV0000000000027346__32.csv,CAN_CSV0000000000027349__20.csv,DATA_ATTRIB_NOT,DATA_ATTRIB_NOT,4,NO
CAN_CSV0000000000001487__25.csv,CAN_CSV0000000000027346__32.csv,DATA_ATTRIB_NOT,DATA_ATTRIB_NOT,4,NO
CAN_CSV0000000000027346__32.csv,CAN_CSV0000000000027354__6.csv,DATA_ATTRIB_NOT,DATA_ATTRIB_NOT,4,NO
CAN_CSV0000000000027346__32.csv,CAN_CSV0000000000027349__21.csv,DATA_ATTRIB_NOT,DATA_ATTRIB_NOT,4,NO
CAN_CSV0000000000027346__32.csv,CAN_CSV0000000000027353__2.csv,DATA_ATTRIB_NOT,DATA_ATTRIB_NOT,4,NO
CAN_CSV0000000000001487__28.csv,CAN_CSV0000000000027346__32.csv,DATA_ATTRIB_NOT,DATA_ATTRIB_NOT,4,NO
CAN_CSV0000000000027346__32.csv,CAN_CSV0000000000027349__23.csv,AVG_REL_HUM_PST1MT,AVG_REL_HUM_PST1MT,4,NO
CAN_CSV0000000000001487__35.csv,CAN_CSV0000000000027346__32.csv,AVG_REL_HUM_PST1MT,AVG_REL_HUM_PST1MT,4,NO
CAN_CSV0000000000001487__9.csv,CAN_CSV0000000000027346__32.csv,AVG_REL_HUM_PST1MT,AVG_REL_HUM_PST1MT,4,NO
CAN_CSV0000000000027346__32.csv,CAN_CSV0000000000027349__20.csv,AVG_REL_HUM_PST1MT,AVG_REL_HUM_PST1MT,4,NO
CAN_CSV0000000000001487__25.csv,CAN_CSV0000000000027346__32.csv,AVG_REL_HUM_PST1MT,AVG_REL_HUM_PST1MT,4,NO
CAN_CSV0000000000027346__32.csv,CAN_CSV0000000000027349__21.csv,AVG_REL_HUM_PST1MT,AVG_REL_HUM_PST1MT,4,NO
CAN_CSV0000000000027346__32.csv,CAN_CSV0000000000027349__23.csv,OBS_DATETIME_UTC,OBS_DATETIME_UTC,4,YES
CAN_CSV0000000000027346__32.csv,CAN_CSV0000000000027349__20.csv,OBS_DATETIME_UTC,OBS_DATETIME_UTC,4,YES
CAN_CSV0000000000027346__12.csv,CAN_CSV0000000000027346__32.csv,OBS_DATETIME_UTC,OBS_DATETIME_UTC,4,YES
CAN_CSV0000000000027346__32.csv,CAN_CSV0000000000027354__6.csv,OBS_DATETIME_UTC,OBS_DATETIME_UTC,4,YES
CAN_CSV0000000000027346__32.csv,CAN_CSV0000000000027349__21.csv,OBS_DATETIME_UTC,OBS_DATETIME_UTC,4,YES
CAN_CSV0000000000027346__32.csv,CAN_CSV0000000000027349__23.csv,AVG_VIS_PST1MT,AVG_VIS_PST1MT,4,NO
CAN_CSV0000000000027346__32.csv,CAN_CSV0000000000027349__20.csv,AVG_VIS_PST1MT,AVG_VIS_PST1MT,4,NO
CAN_CSV0000000000001487__25.csv,CAN_CSV0000000000027346__32.csv,AVG_VIS_PST1MT,AVG_VIS_PST1MT,4,NO
CAN_CSV0000000000027346__32.csv,CAN_CSV0000000000027349__21.csv,AVG_VIS_PST1MT,AVG_VIS_PST1MT,4,NO
CAN_CSV0000000000001487__28.csv,CAN_CSV0000000000027346__32.csv,AVG_VIS_PST1MT,AVG_VIS_PST1MT,4,NO
CAN_CSV0000000000001724__8.csv,CAN_CSV0000000000001787__4.csv,Province/Canada,Province/Canada,4,YES
CAN_CSV0000000000001787__4.csv,CAN_CSV0000000000001797__36.csv,Province/Canada,Province/Canada,4,YES
CAN_CSV0000000000001787__4.csv,CAN_CSV0000000000001787__6.csv,Province/Canada,Province/Canada,4,YES
CAN_CSV0000000000001787__4.csv,CAN_CSV0000000000001787__5.csv,Province/Canada,Province/Canada,4,YES
UK_CSV0000000000002010__6.csv,UK_CSV0000000000002010__9.csv,Circulation,Circulation,4,YES
UK_CSV0000000000002010__6.csv,UK_CSV0000000000006676__34.csv,Circulation,Circulation,4,YES
UK_CSV0000000000002010__6.csv,UK_CSV0000000000006676__9.csv,Circulation,Circulation,4,YES
UK_CSV0000000000002010__6.csv,UK_CSV0000000000002010__8.csv,Circulation,Circulation,4,YES
UK_CSV0000000000002010__10.csv,UK_CSV0000000000002010__6.csv,Circulation,Circulation,4,YES
UK_CSV0000000000002010__13.csv,UK_CSV0000000000002010__6.csv,Circulation,Circulation,4,YES
UK_CSV0000000000002010__6.csv,UK_CSV0000000000003896__8.csv,Post-Op Q Wound,Post-Op Q Wound,4,YES
UK_CSV0000000000002010__6.csv,UK_CSV0000000000003896__3.csv,Post-Op Q Wound,Post-Op Q Wound,4,YES
UK_CSV0000000000002010__6.csv,UK_CSV0000000000002010__9.csv,Post-Op Q Wound,Post-Op Q Wound,4,YES
UK_CSV0000000000002010__6.csv,UK_CSV0000000000007396__12.csv,Post-Op Q Activity,Post-Op Q Activity,4,YES
UK_CSV0000000000006676__2.csv,UK_CSV0000000000007396__12.csv,Post-Op Q Activity,Post-Op Q Activity,4,YES
UK_CSV0000000000002010__9.csv,UK_CSV0000000000007396__12.csv,Post-Op Q Activity,Post-Op Q Activity,4,YES
UK_CSV0000000000002010__21.csv,UK_CSV0000000000007396__12.csv,Post-Op Q Activity,Post-Op Q Activity,4,YES
UK_CSV0000000000006676__9.csv,UK_CSV0000000000007396__12.csv,Post-Op Q Activity,Post-Op Q Activity,4,YES
UK_CSV0000000000006676__34.csv,UK_CSV0000000000007396__12.csv,Post-Op Q Sucess,Post-Op Q Sucess,4,NO
UK_CSV0000000000003896__8.csv,UK_CSV0000000000007396__12.csv,Post-Op Q Bleeding,Post-Op Q Bleeding,4,YES
UK_CSV0000000000006676__2.csv,UK_CSV0000000000007396__12.csv,Post-Op Q Bleeding,Post-Op Q Bleeding,4,YES
UK_CSV0000000000003896__8.csv,UK_CSV0000000000007396__12.csv,Post-Op Q Self-Care,Post-Op Q Self-Care,4,YES
UK_CSV0000000000006676__2.csv,UK_CSV0000000000007396__12.csv,Post-Op Q Self-Care,Post-Op Q Self-Care,4,YES
UK_CSV0000000000003896__3.csv,UK_CSV0000000000007396__12.csv,Post-Op Q Self-Care,Post-Op Q Self-Care,4,YES
USA_CSV0000000000033847__3.csv,USA_CSV0000000000033847__5.csv,AT_GRADE_SIGNS,AT_GRADE_SIGNS,4,NO
USA_CSV0000000000033847__3.csv,USA_CSV0000000000037101__3.csv,AT_GRADE_SIGNS,AT_GRADE_SIGNS,4,NO
USA_CSV0000000000033847__3.csv,USA_CSV0000000000033847__4.csv,AT_GRADE_SIGNS,AT_GRADE_SIGNS,4,NO
USA_CSV0000000000033847__3.csv,USA_CSV0000000000033847__5.csv,SAMPLING_TECH,SAMPLING_TECH,4,YES
USA_CSV0000000000033847__3.csv,USA_CSV0000000000037101__16.csv,SAMPLING_TECH,SAMPLING_TECH,4,YES
USA_CSV0000000000033847__3.csv,USA_CSV0000000000033847__4.csv,SAMPLING_TECH,SAMPLING_TECH,4,YES
USA_CSV0000000000033847__3.csv,USA_CSV0000000000033847__5.csv,YEAR_RECORD,YEAR_RECORD,4,YES
USA_CSV0000000000033847__3.csv,USA_CSV0000000000034882__26.csv,YEAR_RECORD,YEAR_RECORD,4,YES
CAN_CSV0000000000001724__13.csv,CAN_CSV0000000000001724__8.csv,Province/Canada,Province/Canada,4,YES
CAN_CSV0000000000001724__13.csv,CAN_CSV0000000000001787__6.csv,Province/Canada,Province/Canada,4,YES
CAN_CSV0000000000001724__13.csv,CAN_CSV0000000000001787__5.csv,Province/Canada,Province/Canada,4,YES
CAN_CSV0000000000001724__13.csv,CAN_CSV0000000000001787__0.csv,Province/Canada,Province/Canada,4,YES
CAN_CSV0000000000001724__13.csv,CAN_CSV0000000000001797__21.csv,Province/Canada,Province/Canada,4,YES
UK_CSV0000000000003896__8.csv,UK_CSV0000000000006676__34.csv,Post-Op Q Wound,Post-Op Q Wound,4,YES
UK_CSV0000000000002010__6.csv,UK_CSV0000000000006676__34.csv,Post-Op Q Wound,Post-Op Q Wound,4,YES
USA_CSV0000000000035902__15.csv,USA_CSV0000000000035902__18.csv,MEDIAN TYPE,MEDIAN TYPE,4,YES
USA_CSV0000000000035902__18.csv,USA_CSV0000000000035902__20.csv,MEDIAN TYPE,MEDIAN TYPE,4,YES
USA_CSV0000000000035902__16.csv,USA_CSV0000000000035902__18.csv,MEDIAN TYPE,MEDIAN TYPE,4,YES
USA_CSV0000000000035902__17.csv,USA_CSV0000000000035902__18.csv,MEDIAN TYPE,MEDIAN TYPE,4,YES
USA_CSV0000000000035902__15.csv,USA_CSV0000000000035902__18.csv,SPEED LIMIT,SPEED LIMIT,4,NO
USA_CSV0000000000035902__18.csv,USA_CSV0000000000035902__20.csv,SPEED LIMIT,SPEED LIMIT,4,NO
USA_CSV0000000000035902__16.csv,USA_CSV0000000000035902__18.csv,SPEED LIMIT,SPEED LIMIT,4,NO
USA_CSV0000000000035902__17.csv,USA_CSV0000000000035902__18.csv,SPEED LIMIT,SPEED LIMIT,4,NO
USA_CSV0000000000035902__15.csv,USA_CSV0000000000035902__18.csv,DRAINAGE ADEQUACY,DRAINAGE ADEQUACY,4,NO
USA_CSV0000000000035902__15.csv,USA_CSV0000000000035902__18.csv,PEAK CAPACITY,PEAK CAPACITY,4,NO
USA_CSV0000000000035902__16.csv,USA_CSV0000000000035902__18.csv,PEAK CAPACITY,PEAK CAPACITY,4,NO
USA_CSV0000000000035902__18.csv,USA_CSV0000000000035902__20.csv,PEAK CAPACITY,PEAK CAPACITY,4,NO
USA_CSV0000000000035902__17.csv,USA_CSV0000000000035902__18.csv,PEAK CAPACITY,PEAK CAPACITY,4,NO
USA_CSV0000000000035902__15.csv,USA_CSV0000000000035902__18.csv,FEDERAL-AID SYSTEM,FEDERAL-AID SYSTEM,4,YES
USA_CSV0000000000035902__18.csv,USA_CSV0000000000035902__20.csv,FEDERAL-AID SYSTEM,FEDERAL-AID SYSTEM,4,YES
USA_CSV0000000000035902__16.csv,USA_CSV0000000000035902__18.csv,FEDERAL-AID SYSTEM,FEDERAL-AID SYSTEM,4,YES
USA_CSV0000000000035902__17.csv,USA_CSV0000000000035902__18.csv,FEDERAL-AID SYSTEM,FEDERAL-AID SYSTEM,4,YES
USA_CSV0000000000035902__15.csv,USA_CSV0000000000035902__18.csv,DIRECTIONAL FACTOR,DIRECTIONAL FACTOR,4,NO
USA_CSV0000000000035902__17.csv,USA_CSV0000000000035902__34.csv,TYPE OF IMPROVEMENT,TYPE OF IMPROVEMENT,4,YES
USA_CSV0000000000035902__16.csv,USA_CSV0000000000035902__17.csv,TYPE OF IMPROVEMENT,TYPE OF IMPROVEMENT,4,YES
USA_CSV0000000000035902__17.csv,USA_CSV0000000000035902__20.csv,TYPE OF IMPROVEMENT,TYPE OF IMPROVEMENT,4,YES
USA_CSV0000000000035902__15.csv,USA_CSV0000000000035902__17.csv,MEDIAN TYPE,MEDIAN TYPE,4,YES
USA_CSV0000000000035902__17.csv,USA_CSV0000000000035902__20.csv,MEDIAN TYPE,MEDIAN TYPE,4,YES
USA_CSV0000000000035902__17.csv,USA_CSV0000000000035902__18.csv,MEDIAN TYPE,MEDIAN TYPE,4,YES
USA_CSV0000000000035902__16.csv,USA_CSV0000000000035902__17.csv,MEDIAN TYPE,MEDIAN TYPE,4,YES
USA_CSV0000000000035902__15.csv,USA_CSV0000000000035902__17.csv,RURAL/URBAN,RURAL/URBAN,4,NO
USA_CSV0000000000035902__17.csv,USA_CSV0000000000035902__20.csv,RURAL/URBAN,RURAL/URBAN,4,NO
USA_CSV0000000000035902__17.csv,USA_CSV0000000000035902__18.csv,RURAL/URBAN,RURAL/URBAN,4,NO
USA_CSV0000000000035902__16.csv,USA_CSV0000000000035902__17.csv,TYPE OF SUBGRADE,TYPE OF SUBGRADE,4,YES
USA_CSV0000000000035902__17.csv,USA_CSV0000000000035902__20.csv,TYPE OF SUBGRADE,TYPE OF SUBGRADE,4,YES
USA_CSV0000000000035902__17.csv,USA_CSV0000000000035902__38.csv,TYPE OF SUBGRADE,TYPE OF SUBGRADE,4,YES
USA_CSV0000000000035902__15.csv,USA_CSV0000000000035902__17.csv,TYPE OF SUBGRADE,TYPE OF SUBGRADE,4,YES
USA_CSV0000000000035902__17.csv,USA_CSV0000000000035902__18.csv,TYPE OF SUBGRADE,TYPE OF SUBGRADE,4,YES
USA_CSV0000000000035902__15.csv,USA_CSV0000000000035902__17.csv,SPEED LIMIT,SPEED LIMIT,4,NO
USA_CSV0000000000035902__17.csv,USA_CSV0000000000035902__20.csv,SPEED LIMIT,SPEED LIMIT,4,NO
USA_CSV0000000000035902__17.csv,USA_CSV0000000000035902__18.csv,SPEED LIMIT,SPEED LIMIT,4,NO
USA_CSV0000000000035902__16.csv,USA_CSV0000000000035902__17.csv,SPEED LIMIT,SPEED LIMIT,4,NO
USA_CSV0000000000035902__17.csv,USA_CSV0000000000035902__34.csv,FUNCTIONAL SYSTEM,FUNCTIONAL SYSTEM,4,YES
USA_CSV0000000000035902__16.csv,USA_CSV0000000000035902__17.csv,FUNCTIONAL SYSTEM,FUNCTIONAL SYSTEM,4,YES
USA_CSV0000000000035902__17.csv,USA_CSV0000000000035902__20.csv,FUNCTIONAL SYSTEM,FUNCTIONAL SYSTEM,4,YES
USA_CSV0000000000035902__15.csv,USA_CSV0000000000035902__17.csv,PEAK CAPACITY,PEAK CAPACITY,4,NO
USA_CSV0000000000035902__17.csv,USA_CSV0000000000035902__18.csv,PEAK CAPACITY,PEAK CAPACITY,4,NO
USA_CSV0000000000035902__16.csv,USA_CSV0000000000035902__17.csv,PEAK CAPACITY,PEAK CAPACITY,4,NO
USA_CSV0000000000035902__17.csv,USA_CSV0000000000035902__20.csv,PEAK CAPACITY,PEAK CAPACITY,4,NO
USA_CSV0000000000035902__15.csv,USA_CSV0000000000035902__17.csv,RIGHT OF WAY WIDTH,RIGHT OF WAY WIDTH,4,NO
USA_CSV0000000000035902__17.csv,USA_CSV0000000000035902__20.csv,RIGHT OF WAY WIDTH,RIGHT OF WAY WIDTH,4,NO
USA_CSV0000000000035902__17.csv,USA_CSV0000000000035902__18.csv,RIGHT OF WAY WIDTH,RIGHT OF WAY WIDTH,4,NO
USA_CSV0000000000035902__16.csv,USA_CSV0000000000035902__17.csv,RIGHT OF WAY WIDTH,RIGHT OF WAY WIDTH,4,NO
USA_CSV0000000000035902__15.csv,USA_CSV0000000000035902__17.csv,DIRECTIONAL FACTOR,DIRECTIONAL FACTOR,4,NO
USA_CSV0000000000035902__17.csv,USA_CSV0000000000035902__20.csv,DIRECTIONAL FACTOR,DIRECTIONAL FACTOR,4,NO
USA_CSV0000000000035902__17.csv,USA_CSV0000000000035902__18.csv,DIRECTIONAL FACTOR,DIRECTIONAL FACTOR,4,NO
USA_CSV0000000000035902__16.csv,USA_CSV0000000000035902__17.csv,DIRECTIONAL FACTOR,DIRECTIONAL FACTOR,4,NO
UK_CSV0000000000003896__8.csv,UK_CSV0000000000007396__10.csv,Post-Op Q Bleeding,Post-Op Q Bleeding,4,YES
UK_CSV0000000000006676__2.csv,UK_CSV0000000000007396__10.csv,Post-Op Q Bleeding,Post-Op Q Bleeding,4,YES
UK_CSV0000000000003896__8.csv,UK_CSV0000000000007396__10.csv,Post-Op Q Self-Care,Post-Op Q Self-Care,4,YES
UK_CSV0000000000006676__2.csv,UK_CSV0000000000007396__10.csv,Post-Op Q Self-Care,Post-Op Q Self-Care,4,YES
UK_CSV0000000000003896__3.csv,UK_CSV0000000000007396__10.csv,Post-Op Q Self-Care,Post-Op Q Self-Care,4,YES
UK_CSV0000000000002010__31.csv,UK_CSV0000000000002010__6.csv,Pre-Op Q Activity,Pre-Op Q Activity,4,YES
UK_CSV0000000000002010__31.csv,UK_CSV0000000000003896__3.csv,Pre-Op Q Activity,Pre-Op Q Activity,4,YES
UK_CSV0000000000002010__31.csv,UK_CSV0000000000002010__9.csv,Pre-Op Q Activity,Pre-Op Q Activity,4,YES
UK_CSV0000000000002010__31.csv,UK_CSV0000000000003896__13.csv,Pre-Op Q Self-Care,Pre-Op Q Self-Care,4,YES
UK_CSV0000000000002010__31.csv,UK_CSV0000000000003896__3.csv,Pre-Op Q Self-Care,Pre-Op Q Self-Care,4,YES
UK_CSV0000000000002010__30.csv,UK_CSV0000000000002010__31.csv,Pre-Op Q Self-Care,Pre-Op Q Self-Care,4,YES
UK_CSV0000000000002010__31.csv,UK_CSV0000000000003896__1.csv,Pre-Op Q Self-Care,Pre-Op Q Self-Care,4,YES
USA_CSV0000000000033847__12.csv,USA_CSV0000000000037101__3.csv,PERC_SINGLE_UNIT,PERC_SINGLE_UNIT,4,NO
USA_CSV0000000000033847__12.csv,USA_CSV0000000000034882__14.csv,PERC_SINGLE_UNIT,PERC_SINGLE_UNIT,4,NO
USA_CSV0000000000033847__12.csv,USA_CSV0000000000034882__12.csv,PERC_SINGLE_UNIT,PERC_SINGLE_UNIT,4,NO
USA_CSV0000000000033847__12.csv,USA_CSV0000000000033847__17.csv,PERC_SINGLE_UNIT,PERC_SINGLE_UNIT,4,NO
USA_CSV0000000000033847__12.csv,USA_CSV0000000000034882__13.csv,PERC_SINGLE_UNIT,PERC_SINGLE_UNIT,4,NO
USA_CSV0000000000033847__12.csv,USA_CSV0000000000033847__14.csv,PERC_SINGLE_UNIT,PERC_SINGLE_UNIT,4,NO
CAN_CSV0000000000001724__8.csv,CAN_CSV0000000000001787__1.csv,Province/Canada,Province/Canada,4,YES
CAN_CSV0000000000001787__1.csv,CAN_CSV0000000000001797__36.csv,Province/Canada,Province/Canada,4,YES
CAN_CSV0000000000001787__1.csv,CAN_CSV0000000000001787__6.csv,Province/Canada,Province/Canada,4,YES
CAN_CSV0000000000001787__1.csv,CAN_CSV0000000000001787__5.csv,Province/Canada,Province/Canada,4,YES
CAN_CSV0000000000001787__0.csv,CAN_CSV0000000000001787__1.csv,Province/Canada,Province/Canada,4,YES
CAN_CSV0000000000001787__1.csv,CAN_CSV0000000000001797__21.csv,Province/Canada,Province/Canada,4,YES
CAN_CSV0000000000001487__25.csv,CAN_CSV0000000000001487__26.csv,CEILOMTR_ELEV,CEILOMTR_ELEV,4,NO
CAN_CSV0000000000001487__26.csv,CAN_CSV0000000000027346__12.csv,CEILOMTR_ELEV,CEILOMTR_ELEV,4,NO
CAN_CSV0000000000001487__26.csv,CAN_CSV0000000000027346__14.csv,CEILOMTR_ELEV,CEILOMTR_ELEV,4,NO
CAN_CSV0000000000001487__26.csv,CAN_CSV0000000000001487__28.csv,CEILOMTR_ELEV,CEILOMTR_ELEV,4,NO
CAN_CSV0000000000001487__26.csv,CAN_CSV0000000000027349__23.csv,DNSTY_ALTD,DNSTY_ALTD,4,NO
CAN_CSV0000000000001487__26.csv,CAN_CSV0000000000001487__35.csv,DNSTY_ALTD,DNSTY_ALTD,4,NO
CAN_CSV0000000000001487__26.csv,CAN_CSV0000000000027349__20.csv,DNSTY_ALTD,DNSTY_ALTD,4,NO
CAN_CSV0000000000001487__25.csv,CAN_CSV0000000000001487__26.csv,DNSTY_ALTD,DNSTY_ALTD,4,NO
CAN_CSV0000000000001487__26.csv,CAN_CSV0000000000027349__21.csv,DNSTY_ALTD,DNSTY_ALTD,4,NO
CAN_CSV0000000000001487__26.csv,CAN_CSV0000000000001487__28.csv,DNSTY_ALTD,DNSTY_ALTD,4,NO
CAN_CSV0000000000001487__26.csv,CAN_CSV0000000000001487__34.csv,DNSTY_ALTD,DNSTY_ALTD,4,NO
CAN_CSV0000000000001487__26.csv,CAN_CSV0000000000001487__9.csv,CLD_BAS_HGT_1,CLD_BAS_HGT_1,4,NO
CAN_CSV0000000000001487__25.csv,CAN_CSV0000000000001487__26.csv,CLD_BAS_HGT_1,CLD_BAS_HGT_1,4,NO
CAN_CSV0000000000001487__26.csv,CAN_CSV0000000000001487__28.csv,CLD_BAS_HGT_1,CLD_BAS_HGT_1,4,NO
CAN_CSV0000000000001487__26.csv,CAN_CSV0000000000001487__8.csv,CLD_BAS_HGT_1,CLD_BAS_HGT_1,4,NO
CAN_CSV0000000000001487__26.csv,CAN_CSV0000000000027355__20.csv,CLD_BAS_HGT_1,CLD_BAS_HGT_1,4,NO
CAN_CSV0000000000001487__26.csv,CAN_CSV0000000000027349__23.csv,DATA_PAYLOAD_URI,DATA_PAYLOAD_URI,4,YES
CAN_CSV0000000000001487__26.csv,CAN_CSV0000000000001487__9.csv,DATA_PAYLOAD_URI,DATA_PAYLOAD_URI,4,YES
CAN_CSV0000000000001487__26.csv,CAN_CSV0000000000027349__20.csv,DATA_PAYLOAD_URI,DATA_PAYLOAD_URI,4,YES
CAN_CSV0000000000001487__25.csv,CAN_CSV0000000000001487__26.csv,DATA_PAYLOAD_URI,DATA_PAYLOAD_URI,4,YES
CAN_CSV0000000000001487__26.csv,CAN_CSV0000000000027349__21.csv,DATA_PAYLOAD_URI,DATA_PAYLOAD_URI,4,YES
CAN_CSV0000000000001487__26.csv,CAN_CSV0000000000027353__2.csv,DATA_PAYLOAD_URI,DATA_PAYLOAD_URI,4,YES
CAN_CSV0000000000001487__26.csv,CAN_CSV0000000000027355__11.csv,DATA_PAYLOAD_URI,DATA_PAYLOAD_URI,4,YES
CAN_CSV0000000000001487__26.csv,CAN_CSV0000000000001487__28.csv,DATA_PAYLOAD_URI,DATA_PAYLOAD_URI,4,YES
CAN_CSV0000000000001487__26.csv,CAN_CSV0000000000001487__8.csv,DATA_PAYLOAD_URI,DATA_PAYLOAD_URI,4,YES
CAN_CSV0000000000001487__25.csv,CAN_CSV0000000000027346__30.csv,AVG_VIS_PST10MTS_QA,AVG_VIS_PST10MTS_QA,4,NO
CAN_CSV0000000000001487__28.csv,CAN_CSV0000000000027346__30.csv,AVG_VIS_PST10MTS_QA,AVG_VIS_PST10MTS_QA,4,NO
CAN_CSV0000000000001487__26.csv,CAN_CSV0000000000027346__30.csv,AVG_VIS_PST10MTS_QA,AVG_VIS_PST10MTS_QA,4,NO
CAN_CSV0000000000001487__29.csv,CAN_CSV0000000000027346__30.csv,AVG_VIS_PST10MTS_QA,AVG_VIS_PST10MTS_QA,4,NO
CAN_CSV0000000000027346__30.csv,CAN_CSV0000000000027346__35.csv,AVG_VIS_PST10MTS_QA,AVG_VIS_PST10MTS_QA,4,NO
CAN_CSV0000000000001487__24.csv,CAN_CSV0000000000027346__30.csv,AVG_VIS_PST10MTS_QA,AVG_VIS_PST10MTS_QA,4,NO
CAN_CSV0000000000027346__12.csv,CAN_CSV0000000000027346__30.csv,AVG_VIS_PST10MTS_QA,AVG_VIS_PST10MTS_QA,4,NO
CAN_CSV0000000000027346__30.csv,CAN_CSV0000000000027346__32.csv,AVG_VIS_PST10MTS_QA,AVG_VIS_PST10MTS_QA,4,NO
USA_CSV0000000000033847__14.csv,USA_CSV0000000000034882__26.csv,UNBUILT_FACILITY,UNBUILT_FACILITY,4,NO
USA_CSV0000000000033847__14.csv,USA_CSV0000000000034882__26.csv,LANE_WIDTH,LANE_WIDTH,4,NO
USA_CSV0000000000033847__14.csv,USA_CSV0000000000034882__26.csv,INTER_ROUTE_NUMBER,INTER_ROUTE_NUMBER,4,YES
USA_CSV0000000000033847__14.csv,USA_CSV0000000000034882__26.csv,THROUGH_LANES,THROUGH_LANES,4,YES
USA_CSV0000000000033847__14.csv,USA_CSV0000000000033847__17.csv,THROUGH_LANES,THROUGH_LANES,4,YES
USA_CSV0000000000033847__14.csv,USA_CSV0000000000034882__14.csv,PEAK_PARKING,PEAK_PARKING,4,NO
USA_CSV0000000000033847__5.csv,USA_CSV0000000000034882__22.csv,SHOULDER_WIDTH_L,SHOULDER_WIDTH_L,4,NO
USA_CSV0000000000034882__22.csv,USA_CSV0000000000037101__3.csv,SHOULDER_WIDTH_L,SHOULDER_WIDTH_L,4,NO
USA_CSV0000000000034882__14.csv,USA_CSV0000000000034882__22.csv,SHOULDER_WIDTH_L,SHOULDER_WIDTH_L,4,NO
USA_CSV0000000000033847__5.csv,USA_CSV0000000000034882__22.csv,VERT_ALIGN,VERT_ALIGN,4,YES
USA_CSV0000000000034882__22.csv,USA_CSV0000000000037101__3.csv,VERT_ALIGN,VERT_ALIGN,4,YES
USA_CSV0000000000034882__22.csv,USA_CSV0000000000034882__26.csv,VERT_ALIGN,VERT_ALIGN,4,YES
USA_CSV0000000000033847__5.csv,USA_CSV0000000000034882__22.csv,STD_EXP_FACTOR,STD_EXP_FACTOR,4,NO
USA_CSV0000000000033847__4.csv,USA_CSV0000000000034882__22.csv,STD_EXP_FACTOR,STD_EXP_FACTOR,4,NO
USA_CSV0000000000033847__5.csv,USA_CSV0000000000034882__22.csv,ROUTE_SIGNING,ROUTE_SIGNING,4,YES
USA_CSV0000000000034882__22.csv,USA_CSV0000000000037101__16.csv,ROUTE_SIGNING,ROUTE_SIGNING,4,YES
USA_CSV0000000000033847__4.csv,USA_CSV0000000000034882__22.csv,ROUTE_SIGNING,ROUTE_SIGNING,4,YES
USA_CSV0000000000034882__22.csv,USA_CSV0000000000037101__27.csv,ROUTE_SIGNING,ROUTE_SIGNING,4,YES
USA_CSV0000000000033847__5.csv,USA_CSV0000000000034882__22.csv,PERC_COMBINATION,PERC_COMBINATION,4,NO
USA_CSV0000000000034882__14.csv,USA_CSV0000000000034882__22.csv,PERC_COMBINATION,PERC_COMBINATION,4,NO
USA_CSV0000000000033847__5.csv,USA_CSV0000000000034882__22.csv,SPECIAL_SYSTEMS,SPECIAL_SYSTEMS,4,NO
USA_CSV0000000000034882__22.csv,USA_CSV0000000000034882__26.csv,SPECIAL_SYSTEMS,SPECIAL_SYSTEMS,4,NO
USA_CSV0000000000033847__4.csv,USA_CSV0000000000034882__22.csv,SPECIAL_SYSTEMS,SPECIAL_SYSTEMS,4,NO
USA_CSV0000000000033847__5.csv,USA_CSV0000000000034882__22.csv,DONUT_EXP_FACTOR,DONUT_EXP_FACTOR,4,NO
USA_CSV0000000000034882__22.csv,USA_CSV0000000000037101__20.csv,DONUT_EXP_FACTOR,DONUT_EXP_FACTOR,4,NO
USA_CSV0000000000034882__22.csv,USA_CSV0000000000037101__3.csv,DONUT_EXP_FACTOR,DONUT_EXP_FACTOR,4,NO
USA_CSV0000000000034882__26.csv,USA_CSV0000000000034882__29.csv,TYPE_FACILITY,TYPE_FACILITY,4,YES
USA_CSV0000000000034882__29.csv,USA_CSV0000000000037101__16.csv,TYPE_FACILITY,TYPE_FACILITY,4,YES
USA_CSV0000000000034882__26.csv,USA_CSV0000000000034882__29.csv,THROUGH_LANES,THROUGH_LANES,4,YES
USA_CSV0000000000033847__5.csv,USA_CSV0000000000034882__29.csv,YEAR_RECORD,YEAR_RECORD,4,YES
USA_CSV0000000000034882__26.csv,USA_CSV0000000000034882__29.csv,YEAR_RECORD,YEAR_RECORD,4,YES
USA_CSV0000000000033847__17.csv,USA_CSV0000000000034882__26.csv,INTER_ROUTE_NUMBER,INTER_ROUTE_NUMBER,4,YES
USA_CSV0000000000034882__26.csv,USA_CSV0000000000037101__16.csv,TYPE_FACILITY,TYPE_FACILITY,4,YES
USA_CSV0000000000033847__17.csv,USA_CSV0000000000034882__26.csv,THROUGH_LANES,THROUGH_LANES,4,YES
USA_CSV0000000000034882__14.csv,USA_CSV0000000000034882__26.csv,UNBUILT_FACILITY,UNBUILT_FACILITY,4,NO
USA_CSV0000000000033847__5.csv,USA_CSV0000000000034882__26.csv,YEAR_RECORD,YEAR_RECORD,4,YES
CAN_CSV0000000000001724__12.csv,CAN_CSV0000000000001797__5.csv,RentLocation,RentLocation,4,YES
CAN_CSV0000000000001724__12.csv,CAN_CSV0000000000001724__45.csv,RentLocation,RentLocation,4,YES
CAN_CSV0000000000001724__12.csv,CAN_CSV0000000000001797__43.csv,RentLocation,RentLocation,4,YES
UK_CSV0000000000002010__6.csv,UK_CSV0000000000006676__9.csv,Circulation,Circulation,4,YES
UK_CSV0000000000002010__9.csv,UK_CSV0000000000006676__9.csv,Circulation,Circulation,4,YES
UK_CSV0000000000006676__34.csv,UK_CSV0000000000006676__9.csv,Circulation,Circulation,4,YES
UK_CSV0000000000002010__8.csv,UK_CSV0000000000006676__9.csv,Circulation,Circulation,4,YES
UK_CSV0000000000002010__10.csv,UK_CSV0000000000006676__9.csv,Circulation,Circulation,4,YES
UK_CSV0000000000002010__13.csv,UK_CSV0000000000006676__9.csv,Circulation,Circulation,4,YES
UK_CSV0000000000002010__17.csv,UK_CSV0000000000006676__9.csv,Circulation,Circulation,4,YES
UK_CSV0000000000003896__8.csv,UK_CSV0000000000006676__9.csv,Pre-Op Q EQ VAS,Pre-Op Q EQ VAS,4,YES
UK_CSV0000000000003896__13.csv,UK_CSV0000000000006676__9.csv,Pre-Op Q EQ VAS,Pre-Op Q EQ VAS,4,YES
UK_CSV0000000000002010__6.csv,UK_CSV0000000000006676__9.csv,Depression,Depression,4,NO
UK_CSV0000000000006676__2.csv,UK_CSV0000000000006676__9.csv,Depression,Depression,4,NO
UK_CSV0000000000002010__9.csv,UK_CSV0000000000006676__9.csv,Depression,Depression,4,NO
UK_CSV0000000000002010__8.csv,UK_CSV0000000000006676__9.csv,Depression,Depression,4,NO
UK_CSV0000000000002010__10.csv,UK_CSV0000000000006676__9.csv,Depression,Depression,4,NO
UK_CSV0000000000006676__5.csv,UK_CSV0000000000006676__9.csv,Depression,Depression,4,NO
UK_CSV0000000000002010__30.csv,UK_CSV0000000000006676__9.csv,Depression,Depression,4,NO
UK_CSV0000000000002010__6.csv,UK_CSV0000000000006676__9.csv,Kidney Disease,Kidney Disease,4,NO
UK_CSV0000000000006676__2.csv,UK_CSV0000000000006676__9.csv,Kidney Disease,Kidney Disease,4,NO
UK_CSV0000000000002010__6.csv,UK_CSV0000000000006676__9.csv,Post-Op Q Activity,Post-Op Q Activity,4,YES
UK_CSV0000000000006676__2.csv,UK_CSV0000000000006676__9.csv,Post-Op Q Activity,Post-Op Q Activity,4,YES
UK_CSV0000000000002010__9.csv,UK_CSV0000000000006676__9.csv,Post-Op Q Activity,Post-Op Q Activity,4,YES
UK_CSV0000000000006676__2.csv,UK_CSV0000000000006676__9.csv,Heart Disease,Heart Disease,4,NO
UK_CSV0000000000002010__3.csv,UK_CSV0000000000006676__9.csv,Heart Disease,Heart Disease,4,NO
UK_CSV0000000000006676__5.csv,UK_CSV0000000000006676__9.csv,Heart Disease,Heart Disease,4,NO
UK_CSV0000000000006676__2.csv,UK_CSV0000000000006676__9.csv,Post-Op Q Urine,Post-Op Q Urine,4,YES
UK_CSV0000000000006676__5.csv,UK_CSV0000000000006676__9.csv,Post-Op Q Urine,Post-Op Q Urine,4,YES
UK_CSV0000000000006676__34.csv,UK_CSV0000000000006676__9.csv,Post-Op Q Sucess,Post-Op Q Sucess,4,NO
UK_CSV0000000000003896__8.csv,UK_CSV0000000000006676__9.csv,Post-Op Q Bleeding,Post-Op Q Bleeding,4,YES
UK_CSV0000000000006676__2.csv,UK_CSV0000000000006676__9.csv,Post-Op Q Bleeding,Post-Op Q Bleeding,4,YES
UK_CSV0000000000003896__13.csv,UK_CSV0000000000003896__3.csv,Pre-Op Q Anxiety,Pre-Op Q Anxiety,4,YES
UK_CSV0000000000003896__3.csv,UK_CSV0000000000006676__34.csv,Pre-Op Q Anxiety,Pre-Op Q Anxiety,4,YES
UK_CSV0000000000003896__3.csv,UK_CSV0000000000007396__13.csv,Pre-Op Q Anxiety,Pre-Op Q Anxiety,4,YES
UK_CSV0000000000003896__13.csv,UK_CSV0000000000003896__3.csv,Revision Flag,Revision Flag,4,NO
UK_CSV0000000000003896__13.csv,UK_CSV0000000000003896__3.csv,Pre-Op Q Self-Care,Pre-Op Q Self-Care,4,YES
CAN_CSV0000000000001724__44.csv,CAN_CSV0000000000001797__5.csv,RentLocation,RentLocation,4,YES
CAN_CSV0000000000001724__44.csv,CAN_CSV0000000000001724__45.csv,RentLocation,RentLocation,4,YES
CAN_CSV0000000000001724__44.csv,CAN_CSV0000000000001797__43.csv,RentLocation,RentLocation,4,YES
CAN_CSV0000000000001724__44.csv,CAN_CSV0000000000001797__13.csv,RentLocation,RentLocation,4,YES
CAN_CSV0000000000001724__44.csv,CAN_CSV0000000000001787__8.csv,RentLocation,RentLocation,4,YES
USA_CSV0000000000034882__13.csv,USA_CSV0000000000034882__14.csv,AVG_SINGLE_UNIT,AVG_SINGLE_UNIT,4,NO
USA_CSV0000000000034882__12.csv,USA_CSV0000000000034882__13.csv,AVG_SINGLE_UNIT,AVG_SINGLE_UNIT,4,NO
USA_CSV0000000000034882__13.csv,USA_CSV0000000000037101__27.csv,AVG_SINGLE_UNIT,AVG_SINGLE_UNIT,4,NO
USA_CSV0000000000034882__13.csv,USA_CSV0000000000037101__25.csv,AVG_SINGLE_UNIT,AVG_SINGLE_UNIT,4,NO
USA_CSV0000000000035902__15.csv,USA_CSV0000000000035902__34.csv,TYPE OF IMPROVEMENT,TYPE OF IMPROVEMENT,4,YES
USA_CSV0000000000035902__15.csv,USA_CSV0000000000035902__16.csv,TYPE OF IMPROVEMENT,TYPE OF IMPROVEMENT,4,YES
USA_CSV0000000000035902__15.csv,USA_CSV0000000000035902__20.csv,TYPE OF IMPROVEMENT,TYPE OF IMPROVEMENT,4,YES
USA_CSV0000000000035902__15.csv,USA_CSV0000000000035902__20.csv,MEDIAN TYPE,MEDIAN TYPE,4,YES
USA_CSV0000000000035902__15.csv,USA_CSV0000000000035902__18.csv,MEDIAN TYPE,MEDIAN TYPE,4,YES
USA_CSV0000000000035902__15.csv,USA_CSV0000000000035902__16.csv,MEDIAN TYPE,MEDIAN TYPE,4,YES
USA_CSV0000000000035902__15.csv,USA_CSV0000000000035902__17.csv,MEDIAN TYPE,MEDIAN TYPE,4,YES
USA_CSV0000000000035902__15.csv,USA_CSV0000000000035902__20.csv,RURAL/URBAN,RURAL/URBAN,4,NO
USA_CSV0000000000035902__15.csv,USA_CSV0000000000035902__16.csv,TYPE OF SUBGRADE,TYPE OF SUBGRADE,4,YES
USA_CSV0000000000035902__15.csv,USA_CSV0000000000035902__20.csv,TYPE OF SUBGRADE,TYPE OF SUBGRADE,4,YES
USA_CSV0000000000035902__15.csv,USA_CSV0000000000035902__20.csv,SPEED LIMIT,SPEED LIMIT,4,NO
USA_CSV0000000000035902__15.csv,USA_CSV0000000000035902__18.csv,SPEED LIMIT,SPEED LIMIT,4,NO
USA_CSV0000000000035902__15.csv,USA_CSV0000000000035902__16.csv,SPEED LIMIT,SPEED LIMIT,4,NO
USA_CSV0000000000035902__15.csv,USA_CSV0000000000035902__17.csv,SPEED LIMIT,SPEED LIMIT,4,NO
USA_CSV0000000000035902__15.csv,USA_CSV0000000000035902__34.csv,FUNCTIONAL SYSTEM,FUNCTIONAL SYSTEM,4,YES
USA_CSV0000000000035902__15.csv,USA_CSV0000000000035902__16.csv,FUNCTIONAL SYSTEM,FUNCTIONAL SYSTEM,4,YES
USA_CSV0000000000035902__15.csv,USA_CSV0000000000035902__20.csv,FUNCTIONAL SYSTEM,FUNCTIONAL SYSTEM,4,YES
USA_CSV0000000000035902__15.csv,USA_CSV0000000000035902__18.csv,PEAK CAPACITY,PEAK CAPACITY,4,NO
USA_CSV0000000000035902__15.csv,USA_CSV0000000000035902__16.csv,PEAK CAPACITY,PEAK CAPACITY,4,NO
USA_CSV0000000000035902__15.csv,USA_CSV0000000000035902__20.csv,PEAK CAPACITY,PEAK CAPACITY,4,NO
USA_CSV0000000000035902__15.csv,USA_CSV0000000000035902__17.csv,PEAK CAPACITY,PEAK CAPACITY,4,NO
USA_CSV0000000000035902__15.csv,USA_CSV0000000000035902__20.csv,FEDERAL-AID SYSTEM,FEDERAL-AID SYSTEM,4,YES
USA_CSV0000000000035902__15.csv,USA_CSV0000000000035902__18.csv,FEDERAL-AID SYSTEM,FEDERAL-AID SYSTEM,4,YES
USA_CSV0000000000035902__15.csv,USA_CSV0000000000035902__16.csv,FEDERAL-AID SYSTEM,FEDERAL-AID SYSTEM,4,YES
USA_CSV0000000000035902__15.csv,USA_CSV0000000000035902__17.csv,FEDERAL-AID SYSTEM,FEDERAL-AID SYSTEM,4,YES
USA_CSV0000000000035902__15.csv,USA_CSV0000000000035902__16.csv,TURNING LANES-LEFT,TURNING LANES-LEFT,4,NO
USA_CSV0000000000035902__15.csv,USA_CSV0000000000035902__20.csv,TURNING LANES-LEFT,TURNING LANES-LEFT,4,NO
USA_CSV0000000000035902__15.csv,USA_CSV0000000000035902__20.csv,DIRECTIONAL FACTOR,DIRECTIONAL FACTOR,4,NO
USA_CSV0000000000035902__15.csv,USA_CSV0000000000035902__18.csv,DIRECTIONAL FACTOR,DIRECTIONAL FACTOR,4,NO
USA_CSV0000000000035902__15.csv,USA_CSV0000000000035902__16.csv,DIRECTIONAL FACTOR,DIRECTIONAL FACTOR,4,NO
USA_CSV0000000000035902__15.csv,USA_CSV0000000000035902__17.csv,DIRECTIONAL FACTOR,DIRECTIONAL FACTOR,4,NO
USA_CSV0000000000033847__17.csv,USA_CSV0000000000033847__5.csv,SHOULDER_WIDTH_L,SHOULDER_WIDTH_L,4,NO
USA_CSV0000000000033847__17.csv,USA_CSV0000000000037101__3.csv,SHOULDER_WIDTH_L,SHOULDER_WIDTH_L,4,NO
CAN_CSV0000000000001487__9.csv,CAN_CSV0000000000027346__30.csv,AVG_MSLP_PST1MT_QA,AVG_MSLP_PST1MT_QA,4,NO
CAN_CSV0000000000001487__8.csv,CAN_CSV0000000000027346__30.csv,AVG_MSLP_PST1MT_QA,AVG_MSLP_PST1MT_QA,4,NO
CAN_CSV0000000000001487__10.csv,CAN_CSV0000000000027346__30.csv,AVG_MSLP_PST1MT_QA,AVG_MSLP_PST1MT_QA,4,NO
CAN_CSV0000000000001487__20.csv,CAN_CSV0000000000027346__30.csv,AVG_MSLP_PST1MT_QA,AVG_MSLP_PST1MT_QA,4,NO
CAN_CSV0000000000001724__8.csv,CAN_CSV0000000000001787__38.csv,Province/Canada,Province/Canada,4,YES
CAN_CSV0000000000001787__38.csv,CAN_CSV0000000000001797__36.csv,Province/Canada,Province/Canada,4,YES
CAN_CSV0000000000001787__38.csv,CAN_CSV0000000000001787__6.csv,Province/Canada,Province/Canada,4,YES
CAN_CSV0000000000001787__38.csv,CAN_CSV0000000000001787__5.csv,Province/Canada,Province/Canada,4,YES
CAN_CSV0000000000027349__20.csv,CAN_CSV0000000000027349__23.csv,PCPN_AMT_PST1MT,PCPN_AMT_PST1MT,4,NO
CAN_CSV0000000000001487__9.csv,CAN_CSV0000000000027349__20.csv,PCPN_AMT_PST1MT,PCPN_AMT_PST1MT,4,NO
CAN_CSV0000000000027349__20.csv,CAN_CSV0000000000027349__21.csv,PCPN_AMT_PST1MT,PCPN_AMT_PST1MT,4,NO
CAN_CSV0000000000027349__20.csv,CAN_CSV0000000000027355__11.csv,PCPN_AMT_PST1MT,PCPN_AMT_PST1MT,4,NO
USA_CSV0000000000033847__17.csv,USA_CSV0000000000034882__26.csv,TYPE_FACILITY,TYPE_FACILITY,4,YES
USA_CSV0000000000033847__17.csv,USA_CSV0000000000037101__16.csv,TYPE_FACILITY,TYPE_FACILITY,4,YES
USA_CSV0000000000033847__17.csv,USA_CSV0000000000037101__3.csv,SECTION_ID,SECTION_ID,4,YES
USA_CSV0000000000033847__17.csv,USA_CSV0000000000034882__14.csv,SECTION_ID,SECTION_ID,4,YES
USA_CSV0000000000033847__17.csv,USA_CSV0000000000034882__12.csv,SECTION_ID,SECTION_ID,4,YES
UK_CSV0000000000002010__31.csv,UK_CSV0000000000002010__6.csv,Pre-Op Q Disability,Pre-Op Q Disability,4,YES
UK_CSV0000000000002010__31.csv,UK_CSV0000000000006676__2.csv,Pre-Op Q Disability,Pre-Op Q Disability,4,YES
UK_CSV0000000000002010__31.csv,UK_CSV0000000000002010__9.csv,Pre-Op Q Disability,Pre-Op Q Disability,4,YES
UK_CSV0000000000002010__31.csv,UK_CSV0000000000006676__34.csv,Pre-Op Q Disability,Pre-Op Q Disability,4,YES
UK_CSV0000000000002010__31.csv,UK_CSV0000000000002010__8.csv,Pre-Op Q Disability,Pre-Op Q Disability,4,YES
UK_CSV0000000000002010__31.csv,UK_CSV0000000000003896__8.csv,Pre-Op Q EQ VAS,Pre-Op Q EQ VAS,4,YES
UK_CSV0000000000002010__31.csv,UK_CSV0000000000003896__13.csv,Pre-Op Q EQ VAS,Pre-Op Q EQ VAS,4,YES
UK_CSV0000000000002010__6.csv,UK_CSV0000000000006676__5.csv,Post-Op Q Activity,Post-Op Q Activity,4,YES
UK_CSV0000000000006676__2.csv,UK_CSV0000000000006676__5.csv,Post-Op Q Activity,Post-Op Q Activity,4,YES
UK_CSV0000000000003896__8.csv,UK_CSV0000000000006676__5.csv,Post-Op Q Bleeding,Post-Op Q Bleeding,4,YES
UK_CSV0000000000006676__2.csv,UK_CSV0000000000006676__5.csv,Post-Op Q Bleeding,Post-Op Q Bleeding,4,YES
UK_CSV0000000000003896__8.csv,UK_CSV0000000000006676__5.csv,Post-Op Q Self-Care,Post-Op Q Self-Care,4,YES
UK_CSV0000000000006676__2.csv,UK_CSV0000000000006676__5.csv,Post-Op Q Self-Care,Post-Op Q Self-Care,4,YES
UK_CSV0000000000003896__3.csv,UK_CSV0000000000006676__5.csv,Post-Op Q Self-Care,Post-Op Q Self-Care,4,YES
UK_CSV0000000000003896__8.csv,UK_CSV0000000000006676__5.csv,Pre-Op Q EQ5D Index,Pre-Op Q EQ5D Index,4,YES
UK_CSV0000000000006676__2.csv,UK_CSV0000000000006676__5.csv,Pre-Op Q EQ5D Index,Pre-Op Q EQ5D Index,4,YES
UK_CSV0000000000003896__3.csv,UK_CSV0000000000006676__5.csv,Pre-Op Q EQ5D Index,Pre-Op Q EQ5D Index,4,YES
UK_CSV0000000000006676__5.csv,UK_CSV0000000000007396__13.csv,Pre-Op Q EQ5D Index,Pre-Op Q EQ5D Index,4,YES
CAN_CSV0000000000001724__8.csv,CAN_CSV0000000000001787__0.csv,Province/Canada,Province/Canada,4,YES
CAN_CSV0000000000001787__0.csv,CAN_CSV0000000000001797__36.csv,Province/Canada,Province/Canada,4,YES
CAN_CSV0000000000001787__0.csv,CAN_CSV0000000000001787__6.csv,Province/Canada,Province/Canada,4,YES
CAN_CSV0000000000001787__0.csv,CAN_CSV0000000000001787__5.csv,Province/Canada,Province/Canada,4,YES
CAN_CSV0000000000001797__1.csv,CAN_CSV0000000000001797__5.csv,RentLocation,RentLocation,4,YES
CAN_CSV0000000000001724__45.csv,CAN_CSV0000000000001797__1.csv,RentLocation,RentLocation,4,YES
CAN_CSV0000000000001797__1.csv,CAN_CSV0000000000001797__43.csv,RentLocation,RentLocation,4,YES
SG_CSV0000000000000925__10.csv,SG_CSV0000000000000925__4.csv,socialnetwork_dp07,socialnetwork_dp07,4,NO
SG_CSV0000000000000925__21.csv,SG_CSV0000000000000925__4.csv,socialnetwork_dp07,socialnetwork_dp07,4,NO
SG_CSV0000000000000925__4.csv,SG_CSV0000000000000925__6.csv,socialnetwork_dp07,socialnetwork_dp07,4,NO
SG_CSV0000000000000925__0.csv,SG_CSV0000000000000925__4.csv,socialnetwork_dp07,socialnetwork_dp07,4,NO
SG_CSV0000000000000925__3.csv,SG_CSV0000000000000925__4.csv,socialnetwork_dp07,socialnetwork_dp07,4,NO
SG_CSV0000000000000925__4.csv,SG_CSV0000000000000925__6.csv,rankmostimptchild_1,rankmostimptchild_1,4,NO
SG_CSV0000000000000925__10.csv,SG_CSV0000000000000925__4.csv,rankmostimptchild_1,rankmostimptchild_1,4,NO
SG_CSV0000000000000925__0.csv,SG_CSV0000000000000925__4.csv,rankmostimptchild_1,rankmostimptchild_1,4,NO
SG_CSV0000000000000925__3.csv,SG_CSV0000000000000925__4.csv,rankmostimptchild_1,rankmostimptchild_1,4,NO
SG_CSV0000000000000925__2.csv,SG_CSV0000000000000925__4.csv,rankmostimptchild_1,rankmostimptchild_1,4,NO
UK_CSV0000000000003896__13.csv,UK_CSV0000000000007396__12.csv,Pre-Op Q Anxiety,Pre-Op Q Anxiety,4,YES
UK_CSV0000000000003896__3.csv,UK_CSV0000000000007396__12.csv,Pre-Op Q Anxiety,Pre-Op Q Anxiety,4,YES
CAN_CSV0000000000001487__6.csv,CAN_CSV0000000000001487__9.csv,AVG_MSLP_PST1MT_QA,AVG_MSLP_PST1MT_QA,4,NO
CAN_CSV0000000000001487__6.csv,CAN_CSV0000000000001487__8.csv,AVG_MSLP_PST1MT_QA,AVG_MSLP_PST1MT_QA,4,NO
CAN_CSV0000000000001487__10.csv,CAN_CSV0000000000001487__6.csv,AVG_MSLP_PST1MT_QA,AVG_MSLP_PST1MT_QA,4,NO
CAN_CSV0000000000001487__20.csv,CAN_CSV0000000000001487__6.csv,AVG_MSLP_PST1MT_QA,AVG_MSLP_PST1MT_QA,4,NO
CAN_CSV0000000000001487__35.csv,CAN_CSV0000000000001487__6.csv,ICAO_STN_ID,ICAO_STN_ID,4,YES
CAN_CSV0000000000001487__6.csv,CAN_CSV0000000000001487__9.csv,ICAO_STN_ID,ICAO_STN_ID,4,YES
CAN_CSV0000000000001487__6.csv,CAN_CSV0000000000027353__2.csv,ICAO_STN_ID,ICAO_STN_ID,4,YES
CAN_CSV0000000000001487__34.csv,CAN_CSV0000000000001487__6.csv,ICAO_STN_ID,ICAO_STN_ID,4,YES
CAN_CSV0000000000001487__6.csv,CAN_CSV0000000000027349__23.csv,AVG_REL_HUM_PST1MT,AVG_REL_HUM_PST1MT,4,NO
CAN_CSV0000000000001487__35.csv,CAN_CSV0000000000001487__6.csv,AVG_REL_HUM_PST1MT,AVG_REL_HUM_PST1MT,4,NO
CAN_CSV0000000000001487__6.csv,CAN_CSV0000000000001487__9.csv,AVG_REL_HUM_PST1MT,AVG_REL_HUM_PST1MT,4,NO
CAN_CSV0000000000001487__6.csv,CAN_CSV0000000000027349__20.csv,AVG_REL_HUM_PST1MT,AVG_REL_HUM_PST1MT,4,NO
CAN_CSV0000000000001487__25.csv,CAN_CSV0000000000001487__6.csv,AVG_REL_HUM_PST1MT,AVG_REL_HUM_PST1MT,4,NO
CAN_CSV0000000000001487__6.csv,CAN_CSV0000000000027349__21.csv,AVG_REL_HUM_PST1MT,AVG_REL_HUM_PST1MT,4,NO
CAN_CSV0000000000001487__28.csv,CAN_CSV0000000000001487__6.csv,AVG_REL_HUM_PST1MT,AVG_REL_HUM_PST1MT,4,NO
CAN_CSV0000000000001487__34.csv,CAN_CSV0000000000001487__6.csv,AVG_REL_HUM_PST1MT,AVG_REL_HUM_PST1MT,4,NO
CAN_CSV0000000000001487__6.csv,CAN_CSV0000000000001487__9.csv,AVG_VIS_PST10MTS,AVG_VIS_PST10MTS,4,NO
CAN_CSV0000000000001487__25.csv,CAN_CSV0000000000001487__6.csv,AVG_VIS_PST10MTS,AVG_VIS_PST10MTS,4,NO
CAN_CSV0000000000001487__6.csv,CAN_CSV0000000000027353__2.csv,AVG_VIS_PST10MTS,AVG_VIS_PST10MTS,4,NO
SG_CSV0000000000000925__0.csv,SG_CSV0000000000000925__6.csv,socialnetwork_dp08,socialnetwork_dp08,4,NO
SG_CSV0000000000000925__6.csv,SG_CSV0000000000001714__40.csv,socialnetwork_dp08,socialnetwork_dp08,4,NO
SG_CSV0000000000000925__3.csv,SG_CSV0000000000000925__6.csv,socialnetwork_dp08,socialnetwork_dp08,4,NO
SG_CSV0000000000000925__4.csv,SG_CSV0000000000000925__6.csv,socialnetwork_dp08,socialnetwork_dp08,4,NO
SG_CSV0000000000000925__10.csv,SG_CSV0000000000000925__6.csv,yearbornin_1_slice,yearbornin_1_slice,4,YES
SG_CSV0000000000000925__0.csv,SG_CSV0000000000000925__6.csv,highestlevel,highestlevel,4,YES
SG_CSV0000000000000925__3.csv,SG_CSV0000000000000925__6.csv,highestlevel,highestlevel,4,YES
SG_CSV0000000000000925__4.csv,SG_CSV0000000000000925__6.csv,highestlevel,highestlevel,4,YES
CAN_CSV0000000000001487__25.csv,CAN_CSV0000000000001487__9.csv,AVG_VIS_PST1MT_QA,AVG_VIS_PST1MT_QA,4,NO
CAN_CSV0000000000001487__9.csv,CAN_CSV0000000000027346__14.csv,AVG_VIS_PST1MT_QA,AVG_VIS_PST1MT_QA,4,NO
CAN_CSV0000000000001487__28.csv,CAN_CSV0000000000001487__9.csv,AVG_VIS_PST1MT_QA,AVG_VIS_PST1MT_QA,4,NO
CAN_CSV0000000000001487__8.csv,CAN_CSV0000000000001487__9.csv,AVG_VIS_PST1MT_QA,AVG_VIS_PST1MT_QA,4,NO
CAN_CSV0000000000001487__26.csv,CAN_CSV0000000000001487__9.csv,AVG_VIS_PST1MT_QA,AVG_VIS_PST1MT_QA,4,NO
CAN_CSV0000000000001487__10.csv,CAN_CSV0000000000001487__9.csv,AVG_VIS_PST1MT_QA,AVG_VIS_PST1MT_QA,4,NO
UK_CSV0000000000002010__6.csv,UK_CSV0000000000006676__5.csv,Kidney Disease,Kidney Disease,4,NO
UK_CSV0000000000006676__2.csv,UK_CSV0000000000006676__5.csv,Kidney Disease,Kidney Disease,4,NO
UK_CSV0000000000002010__6.csv,UK_CSV0000000000006676__5.csv,Pre-Op Q Disability,Pre-Op Q Disability,4,YES
UK_CSV0000000000006676__2.csv,UK_CSV0000000000006676__5.csv,Pre-Op Q Disability,Pre-Op Q Disability,4,YES
UK_CSV0000000000002010__9.csv,UK_CSV0000000000006676__5.csv,Pre-Op Q Disability,Pre-Op Q Disability,4,YES
UK_CSV0000000000006676__34.csv,UK_CSV0000000000006676__5.csv,Pre-Op Q Disability,Pre-Op Q Disability,4,YES
UK_CSV0000000000002010__8.csv,UK_CSV0000000000006676__5.csv,Pre-Op Q Disability,Pre-Op Q Disability,4,YES
UK_CSV0000000000002010__10.csv,UK_CSV0000000000006676__5.csv,Pre-Op Q Disability,Pre-Op Q Disability,4,YES
UK_CSV0000000000002010__30.csv,UK_CSV0000000000006676__5.csv,Pre-Op Q Disability,Pre-Op Q Disability,4,YES
UK_CSV0000000000002010__6.csv,UK_CSV0000000000006676__5.csv,Pre-Op Q Mobility,Pre-Op Q Mobility,4,YES
UK_CSV0000000000006676__2.csv,UK_CSV0000000000006676__5.csv,Pre-Op Q Mobility,Pre-Op Q Mobility,4,YES
UK_CSV0000000000005854__10.csv,UK_CSV0000000000005854__14.csv,% with CPA review,% with CPA review,4,NO
UK_CSV0000000000005854__10.csv,UK_CSV0000000000005854__14.csv,Intensity of care,Intensity of care,4,NO
SG_CSV0000000000000925__10.csv,SG_CSV0000000000000925__3.csv,ban_no_ofchildren,ban_no_ofchildren,4,YES
SG_CSV0000000000000925__3.csv,SG_CSV0000000000000925__6.csv,ban_no_ofchildren,ban_no_ofchildren,4,YES
SG_CSV0000000000000925__0.csv,SG_CSV0000000000000925__3.csv,ban_no_ofchildren,ban_no_ofchildren,4,YES
SG_CSV0000000000000925__3.csv,SG_CSV0000000000000925__4.csv,ban_no_ofchildren,ban_no_ofchildren,4,YES
SG_CSV0000000000000925__3.csv,SG_CSV0000000000000925__6.csv,ban_children1,ban_children1,4,NO
SG_CSV0000000000000925__0.csv,SG_CSV0000000000000925__3.csv,ban_children1,ban_children1,4,NO
SG_CSV0000000000000925__3.csv,SG_CSV0000000000000925__4.csv,ban_children1,ban_children1,4,NO
SG_CSV0000000000000925__2.csv,SG_CSV0000000000000925__3.csv,ban_children1,ban_children1,4,NO
SG_CSV0000000000000925__3.csv,SG_CSV0000000000000925__6.csv,ban_education1,ban_education1,4,YES
SG_CSV0000000000000925__0.csv,SG_CSV0000000000000925__3.csv,ban_education1,ban_education1,4,YES
SG_CSV0000000000000925__3.csv,SG_CSV0000000000000925__4.csv,ban_education1,ban_education1,4,YES
SG_CSV0000000000000925__3.csv,SG_CSV0000000000000925__6.csv,highestlevel,highestlevel,4,YES
SG_CSV0000000000000925__0.csv,SG_CSV0000000000000925__3.csv,highestlevel,highestlevel,4,YES
SG_CSV0000000000000925__3.csv,SG_CSV0000000000000925__4.csv,highestlevel,highestlevel,4,YES
SG_CSV0000000000000925__3.csv,SG_CSV0000000000000925__6.csv,livinginsg_3_slice,livinginsg_3_slice,4,NO
SG_CSV0000000000000925__0.csv,SG_CSV0000000000000925__3.csv,livinginsg_3_slice,livinginsg_3_slice,4,NO
SG_CSV0000000000000925__3.csv,SG_CSV0000000000000925__4.csv,livinginsg_3_slice,livinginsg_3_slice,4,NO
SG_CSV0000000000000925__2.csv,SG_CSV0000000000000925__3.csv,livinginsg_3_slice,livinginsg_3_slice,4,NO
SG_CSV0000000000000925__4.csv,SG_CSV0000000000000925__6.csv,socialnetwork_dp08,socialnetwork_dp08,4,NO
SG_CSV0000000000000925__0.csv,SG_CSV0000000000000925__4.csv,socialnetwork_dp08,socialnetwork_dp08,4,NO
SG_CSV0000000000000925__4.csv,SG_CSV0000000000001714__40.csv,socialnetwork_dp08,socialnetwork_dp08,4,NO
SG_CSV0000000000000925__3.csv,SG_CSV0000000000000925__4.csv,socialnetwork_dp08,socialnetwork_dp08,4,NO
USA_CSV0000000000034882__26.csv,USA_CSV0000000000034882__29.csv,DESIGN_SPEED,DESIGN_SPEED,4,NO
USA_CSV0000000000034882__22.csv,USA_CSV0000000000034882__29.csv,DESIGN_SPEED,DESIGN_SPEED,4,NO
CAN_CSV0000000000001487__10.csv,CAN_CSV0000000000001487__9.csv,AVG_MSLP_PST1MT_QA,AVG_MSLP_PST1MT_QA,4,NO
CAN_CSV0000000000001487__10.csv,CAN_CSV0000000000001487__8.csv,AVG_MSLP_PST1MT_QA,AVG_MSLP_PST1MT_QA,4,NO
CAN_CSV0000000000001487__10.csv,CAN_CSV0000000000001487__20.csv,AVG_MSLP_PST1MT_QA,AVG_MSLP_PST1MT_QA,4,NO
CAN_CSV0000000000001487__10.csv,CAN_CSV0000000000027346__35.csv,AVG_MSLP_PST1MT_QA,AVG_MSLP_PST1MT_QA,4,NO
CAN_CSV0000000000001487__10.csv,CAN_CSV0000000000001487__35.csv,ICAO_STN_ID,ICAO_STN_ID,4,YES
CAN_CSV0000000000001487__10.csv,CAN_CSV0000000000001487__9.csv,ICAO_STN_ID,ICAO_STN_ID,4,YES
CAN_CSV0000000000001487__10.csv,CAN_CSV0000000000027353__2.csv,ICAO_STN_ID,ICAO_STN_ID,4,YES
CAN_CSV0000000000001487__10.csv,CAN_CSV0000000000027349__23.csv,AVG_REL_HUM_PST1MT,AVG_REL_HUM_PST1MT,4,NO
CAN_CSV0000000000001487__10.csv,CAN_CSV0000000000001487__35.csv,AVG_REL_HUM_PST1MT,AVG_REL_HUM_PST1MT,4,NO
CAN_CSV0000000000001487__10.csv,CAN_CSV0000000000001487__9.csv,AVG_REL_HUM_PST1MT,AVG_REL_HUM_PST1MT,4,NO
CAN_CSV0000000000001487__10.csv,CAN_CSV0000000000027349__20.csv,AVG_REL_HUM_PST1MT,AVG_REL_HUM_PST1MT,4,NO
CAN_CSV0000000000001487__10.csv,CAN_CSV0000000000001487__25.csv,AVG_REL_HUM_PST1MT,AVG_REL_HUM_PST1MT,4,NO
CAN_CSV0000000000001487__10.csv,CAN_CSV0000000000027349__21.csv,AVG_REL_HUM_PST1MT,AVG_REL_HUM_PST1MT,4,NO
CAN_CSV0000000000001487__10.csv,CAN_CSV0000000000001487__28.csv,AVG_REL_HUM_PST1MT,AVG_REL_HUM_PST1MT,4,NO
CAN_CSV0000000000001487__10.csv,CAN_CSV0000000000001487__34.csv,AVG_REL_HUM_PST1MT,AVG_REL_HUM_PST1MT,4,NO
CAN_CSV0000000000001487__10.csv,CAN_CSV0000000000001487__9.csv,AVG_VIS_PST10MTS,AVG_VIS_PST10MTS,4,NO
CAN_CSV0000000000001487__10.csv,CAN_CSV0000000000001487__25.csv,AVG_VIS_PST10MTS,AVG_VIS_PST10MTS,4,NO
CAN_CSV0000000000001487__10.csv,CAN_CSV0000000000027353__2.csv,AVG_VIS_PST10MTS,AVG_VIS_PST10MTS,4,NO
UK_CSV0000000000002010__10.csv,UK_CSV0000000000003896__8.csv,Post-Op Q Anxiety,Post-Op Q Anxiety,4,YES
UK_CSV0000000000002010__10.csv,UK_CSV0000000000003896__13.csv,Post-Op Q Anxiety,Post-Op Q Anxiety,4,YES
UK_CSV0000000000002010__10.csv,UK_CSV0000000000002010__6.csv,Post-Op Q Anxiety,Post-Op Q Anxiety,4,YES
UK_CSV0000000000002010__10.csv,UK_CSV0000000000002010__9.csv,Post-Op Q Anxiety,Post-Op Q Anxiety,4,YES
UK_CSV0000000000002010__10.csv,UK_CSV0000000000002010__8.csv,Post-Op Q Anxiety,Post-Op Q Anxiety,4,YES
UK_CSV0000000000002010__10.csv,UK_CSV0000000000003896__7.csv,Post-Op Q Anxiety,Post-Op Q Anxiety,4,YES
UK_CSV0000000000002010__10.csv,UK_CSV0000000000003896__8.csv,Post-Op Q Wound,Post-Op Q Wound,4,YES
UK_CSV0000000000002010__10.csv,UK_CSV0000000000002010__6.csv,Post-Op Q Wound,Post-Op Q Wound,4,YES
USA_CSV0000000000033847__12.csv,USA_CSV0000000000034882__26.csv,INTER_ROUTE_NUMBER,INTER_ROUTE_NUMBER,4,YES
USA_CSV0000000000033847__14.csv,USA_CSV0000000000034882__26.csv,TYPE_FACILITY,TYPE_FACILITY,4,YES
USA_CSV0000000000033847__14.csv,USA_CSV0000000000037101__16.csv,TYPE_FACILITY,TYPE_FACILITY,4,YES
USA_CSV0000000000033847__14.csv,USA_CSV0000000000033847__17.csv,TYPE_FACILITY,TYPE_FACILITY,4,YES
USA_CSV0000000000033847__14.csv,USA_CSV0000000000034882__25.csv,TYPE_FACILITY,TYPE_FACILITY,4,YES
USA_CSV0000000000033847__14.csv,USA_CSV0000000000034882__14.csv,SHOULDER_WIDTH_R,SHOULDER_WIDTH_R,4,NO
USA_CSV0000000000033847__14.csv,USA_CSV0000000000037101__16.csv,SHOULDER_WIDTH_R,SHOULDER_WIDTH_R,4,NO
USA_CSV0000000000033847__14.csv,USA_CSV0000000000037101__16.csv,RURAL_URBAN,RURAL_URBAN,4,YES
USA_CSV0000000000033847__14.csv,USA_CSV0000000000033847__5.csv,YEAR_RECORD,YEAR_RECORD,4,YES
USA_CSV0000000000033847__14.csv,USA_CSV0000000000034882__26.csv,YEAR_RECORD,YEAR_RECORD,4,YES
USA_CSV0000000000033847__14.csv,USA_CSV0000000000033847__4.csv,YEAR_RECORD,YEAR_RECORD,4,YES
UK_CSV0000000000002010__6.csv,UK_CSV0000000000007396__10.csv,Post-Op Q Activity,Post-Op Q Activity,4,YES
UK_CSV0000000000006676__2.csv,UK_CSV0000000000007396__10.csv,Post-Op Q Activity,Post-Op Q Activity,4,YES
UK_CSV0000000000002010__9.csv,UK_CSV0000000000007396__10.csv,Post-Op Q Activity,Post-Op Q Activity,4,YES
UK_CSV0000000000002010__21.csv,UK_CSV0000000000007396__10.csv,Post-Op Q Activity,Post-Op Q Activity,4,YES
UK_CSV0000000000006676__9.csv,UK_CSV0000000000007396__10.csv,Post-Op Q Activity,Post-Op Q Activity,4,YES
UK_CSV0000000000002010__8.csv,UK_CSV0000000000007396__10.csv,Post-Op Q Activity,Post-Op Q Activity,4,YES
UK_CSV0000000000002010__8.csv,UK_CSV0000000000003896__8.csv,Post-Op Q Anxiety,Post-Op Q Anxiety,4,YES
UK_CSV0000000000002010__8.csv,UK_CSV0000000000003896__13.csv,Post-Op Q Anxiety,Post-Op Q Anxiety,4,YES
UK_CSV0000000000002010__6.csv,UK_CSV0000000000002010__8.csv,Post-Op Q Anxiety,Post-Op Q Anxiety,4,YES
UK_CSV0000000000002010__8.csv,UK_CSV0000000000002010__9.csv,Post-Op Q Anxiety,Post-Op Q Anxiety,4,YES
UK_CSV0000000000002010__8.csv,UK_CSV0000000000003896__8.csv,Post-Op Q Wound,Post-Op Q Wound,4,YES
UK_CSV0000000000002010__6.csv,UK_CSV0000000000002010__8.csv,Post-Op Q Wound,Post-Op Q Wound,4,YES
UK_CSV0000000000002010__8.csv,UK_CSV0000000000003896__3.csv,Post-Op Q Wound,Post-Op Q Wound,4,YES
UK_CSV0000000000003896__8.csv,UK_CSV0000000000007396__13.csv,Post-Op Q Bleeding,Post-Op Q Bleeding,4,YES
UK_CSV0000000000006676__2.csv,UK_CSV0000000000007396__13.csv,Post-Op Q Bleeding,Post-Op Q Bleeding,4,YES
UK_CSV0000000000002010__31.csv,UK_CSV0000000000002010__6.csv,Post-Op Q Activity,Post-Op Q Activity,4,YES
UK_CSV0000000000002010__31.csv,UK_CSV0000000000006676__2.csv,Post-Op Q Activity,Post-Op Q Activity,4,YES
UK_CSV0000000000002010__31.csv,UK_CSV0000000000002010__9.csv,Post-Op Q Activity,Post-Op Q Activity,4,YES
UK_CSV0000000000002010__21.csv,UK_CSV0000000000002010__31.csv,Post-Op Q Activity,Post-Op Q Activity,4,YES
UK_CSV0000000000002010__31.csv,UK_CSV0000000000002010__6.csv,Depression,Depression,4,NO
UK_CSV0000000000002010__31.csv,UK_CSV0000000000006676__2.csv,Depression,Depression,4,NO
UK_CSV0000000000002010__31.csv,UK_CSV0000000000002010__9.csv,Depression,Depression,4,NO
UK_CSV0000000000002010__31.csv,UK_CSV0000000000006676__9.csv,Depression,Depression,4,NO
UK_CSV0000000000002010__31.csv,UK_CSV0000000000002010__8.csv,Depression,Depression,4,NO
UK_CSV0000000000002010__10.csv,UK_CSV0000000000002010__31.csv,Depression,Depression,4,NO
UK_CSV0000000000002010__31.csv,UK_CSV0000000000006676__5.csv,Depression,Depression,4,NO
UK_CSV0000000000002010__30.csv,UK_CSV0000000000002010__31.csv,Depression,Depression,4,NO
UK_CSV0000000000002010__6.csv,UK_CSV0000000000002010__9.csv,Liver Disease,Liver Disease,4,NO
UK_CSV0000000000002010__6.csv,UK_CSV0000000000002010__8.csv,Liver Disease,Liver Disease,4,NO
UK_CSV0000000000002010__10.csv,UK_CSV0000000000002010__6.csv,Liver Disease,Liver Disease,4,NO
UK_CSV0000000000002010__31.csv,UK_CSV0000000000002010__6.csv,Liver Disease,Liver Disease,4,NO
UK_CSV0000000000002010__6.csv,UK_CSV0000000000003896__3.csv,Pre-Op Q Activity,Pre-Op Q Activity,4,YES
UK_CSV0000000000002010__6.csv,UK_CSV0000000000002010__9.csv,Pre-Op Q Activity,Pre-Op Q Activity,4,YES
UK_CSV0000000000002010__21.csv,UK_CSV0000000000002010__6.csv,Pre-Op Q Activity,Pre-Op Q Activity,4,YES
UK_CSV0000000000002010__6.csv,UK_CSV0000000000002010__8.csv,Pre-Op Q Activity,Pre-Op Q Activity,4,YES
UK_CSV0000000000002010__10.csv,UK_CSV0000000000002010__6.csv,Pre-Op Q Activity,Pre-Op Q Activity,4,YES
UK_CSV0000000000002010__13.csv,UK_CSV0000000000002010__6.csv,Pre-Op Q Activity,Pre-Op Q Activity,4,YES
UK_CSV0000000000002010__31.csv,UK_CSV0000000000002010__6.csv,Liver Disease,Liver Disease,4,NO
UK_CSV0000000000002010__31.csv,UK_CSV0000000000002010__8.csv,Liver Disease,Liver Disease,4,NO
UK_CSV0000000000002010__10.csv,UK_CSV0000000000002010__31.csv,Liver Disease,Liver Disease,4,NO
UK_CSV0000000000002010__30.csv,UK_CSV0000000000002010__31.csv,Liver Disease,Liver Disease,4,NO
UK_CSV0000000000002010__3.csv,UK_CSV0000000000006676__34.csv,Post-Op Q EQ VAS,Post-Op Q EQ VAS,4,YES
UK_CSV0000000000002010__13.csv,UK_CSV0000000000006676__34.csv,Post-Op Q EQ VAS,Post-Op Q EQ VAS,4,YES
UK_CSV0000000000003896__8.csv,UK_CSV0000000000006676__34.csv,Post-Op Q Mobility,Post-Op Q Mobility,4,YES
UK_CSV0000000000002010__6.csv,UK_CSV0000000000006676__5.csv,Depression,Depression,4,NO
UK_CSV0000000000006676__2.csv,UK_CSV0000000000006676__5.csv,Depression,Depression,4,NO
UK_CSV0000000000002010__9.csv,UK_CSV0000000000006676__5.csv,Depression,Depression,4,NO
UK_CSV0000000000006676__5.csv,UK_CSV0000000000006676__9.csv,Depression,Depression,4,NO
UK_CSV0000000000006676__2.csv,UK_CSV0000000000006676__5.csv,Heart Disease,Heart Disease,4,NO
UK_CSV0000000000002010__3.csv,UK_CSV0000000000006676__5.csv,Heart Disease,Heart Disease,4,NO
UK_CSV0000000000006676__2.csv,UK_CSV0000000000006676__5.csv,Post-Op Q Urine,Post-Op Q Urine,4,YES
UK_CSV0000000000006676__5.csv,UK_CSV0000000000006676__9.csv,Post-Op Q Urine,Post-Op Q Urine,4,YES
SG_CSV0000000000000925__0.csv,SG_CSV0000000000000925__10.csv,ban_children4,ban_children4,4,NO
SG_CSV0000000000000925__0.csv,SG_CSV0000000000000925__6.csv,ban_children4,ban_children4,4,NO
SG_CSV0000000000000925__0.csv,SG_CSV0000000000001714__40.csv,ban_children4,ban_children4,4,NO
SG_CSV0000000000000925__0.csv,SG_CSV0000000000000925__3.csv,ban_children4,ban_children4,4,NO
SG_CSV0000000000000925__0.csv,SG_CSV0000000000000925__6.csv,md_segment,md_segment,4,YES
SG_CSV0000000000000925__0.csv,SG_CSV0000000000000925__3.csv,md_segment,md_segment,4,YES
SG_CSV0000000000000925__0.csv,SG_CSV0000000000000925__4.csv,md_segment,md_segment,4,YES
SG_CSV0000000000000925__0.csv,SG_CSV0000000000000925__2.csv,md_segment,md_segment,4,YES
SG_CSV0000000000000925__0.csv,SG_CSV0000000000000925__18.csv,md_segment,md_segment,4,YES
SG_CSV0000000000000925__0.csv,SG_CSV0000000000000925__6.csv,highestlevel,highestlevel,4,YES
SG_CSV0000000000000925__0.csv,SG_CSV0000000000000925__3.csv,highestlevel,highestlevel,4,YES
SG_CSV0000000000000925__10.csv,SG_CSV0000000000001714__6.csv,ban_q18_q191,ban_q18_q191,4,NO
SG_CSV0000000000000925__0.csv,SG_CSV0000000000001714__6.csv,ban_q18_q191,ban_q18_q191,4,NO
SG_CSV0000000000000925__3.csv,SG_CSV0000000000001714__6.csv,ban_q18_q191,ban_q18_q191,4,NO
SG_CSV0000000000000925__0.csv,SG_CSV0000000000001714__6.csv,occupation2,occupation2,4,YES
SG_CSV0000000000000925__3.csv,SG_CSV0000000000001714__6.csv,occupation2,occupation2,4,YES
SG_CSV0000000000000925__4.csv,SG_CSV0000000000001714__6.csv,occupation2,occupation2,4,YES
SG_CSV0000000000000925__2.csv,SG_CSV0000000000001714__6.csv,occupation2,occupation2,4,YES
CAN_CSV0000000000001724__12.csv,CAN_CSV0000000000001724__8.csv,Province/Canada,Province/Canada,4,YES
CAN_CSV0000000000001724__12.csv,CAN_CSV0000000000001797__36.csv,Province/Canada,Province/Canada,4,YES
CAN_CSV0000000000001724__12.csv,CAN_CSV0000000000001787__6.csv,Province/Canada,Province/Canada,4,YES
SG_CSV0000000000000925__10.csv,SG_CSV0000000000000925__6.csv,ban_children4,ban_children4,4,NO
SG_CSV0000000000000925__0.csv,SG_CSV0000000000000925__6.csv,ban_children4,ban_children4,4,NO
SG_CSV0000000000000925__6.csv,SG_CSV0000000000001714__40.csv,ban_children4,ban_children4,4,NO
SG_CSV0000000000000925__0.csv,SG_CSV0000000000000925__6.csv,md_segment,md_segment,4,YES
SG_CSV0000000000000925__3.csv,SG_CSV0000000000000925__6.csv,md_segment,md_segment,4,YES
SG_CSV0000000000000925__4.csv,SG_CSV0000000000000925__6.csv,md_segment,md_segment,4,YES
CAN_CSV0000000000001487__8.csv,CAN_CSV0000000000001487__9.csv,PRSNT_WX_1_QA,PRSNT_WX_1_QA,4,NO
CAN_CSV0000000000001487__10.csv,CAN_CSV0000000000001487__9.csv,PRSNT_WX_1_QA,PRSNT_WX_1_QA,4,NO
CAN_CSV0000000000001487__20.csv,CAN_CSV0000000000001487__9.csv,PRSNT_WX_1_QA,PRSNT_WX_1_QA,4,NO
CAN_CSV0000000000001487__6.csv,CAN_CSV0000000000001487__9.csv,PRSNT_WX_1_QA,PRSNT_WX_1_QA,4,NO
CAN_CSV0000000000001487__7.csv,CAN_CSV0000000000001487__9.csv,PRSNT_WX_1_QA,PRSNT_WX_1_QA,4,NO
CAN_CSV0000000000001487__23.csv,CAN_CSV0000000000001487__9.csv,PRSNT_WX_1_QA,PRSNT_WX_1_QA,4,NO
UK_CSV0000000000003896__4.csv,UK_CSV0000000000006676__2.csv,Pre-Op Q EQ5D Index,Pre-Op Q EQ5D Index,4,YES
UK_CSV0000000000003896__3.csv,UK_CSV0000000000003896__4.csv,Pre-Op Q EQ5D Index,Pre-Op Q EQ5D Index,4,YES
UK_CSV0000000000002010__6.csv,UK_CSV0000000000003896__4.csv,Post-Op Q Wound,Post-Op Q Wound,4,YES
UK_CSV0000000000003896__3.csv,UK_CSV0000000000003896__4.csv,Post-Op Q Wound,Post-Op Q Wound,4,YES
CAN_CSV0000000000001724__45.csv,CAN_CSV0000000000001797__5.csv,RentLocation,RentLocation,4,YES
CAN_CSV0000000000001487__23.csv,CAN_CSV0000000000027354__2.csv,AVG_STN_PRES_PST1MT,AVG_STN_PRES_PST1MT,4,NO
CAN_CSV0000000000001487__23.csv,CAN_CSV0000000000027346__14.csv,AVG_STN_PRES_PST1MT,AVG_STN_PRES_PST1MT,4,NO
CAN_CSV0000000000001487__23.csv,CAN_CSV0000000000027354__6.csv,MIN_AIR_TEMP_PST1HR,MIN_AIR_TEMP_PST1HR,4,NO
CAN_CSV0000000000001487__23.csv,CAN_CSV0000000000027346__14.csv,MIN_AIR_TEMP_PST1HR,MIN_AIR_TEMP_PST1HR,4,NO
CAN_CSV0000000000001724__8.csv,CAN_CSV0000000000001787__37.csv,Province/Canada,Province/Canada,4,YES
CAN_CSV0000000000001787__37.csv,CAN_CSV0000000000001797__36.csv,Province/Canada,Province/Canada,4,YES
CAN_CSV0000000000001787__37.csv,CAN_CSV0000000000001787__6.csv,Province/Canada,Province/Canada,4,YES
CAN_CSV0000000000001787__37.csv,CAN_CSV0000000000001787__5.csv,Province/Canada,Province/Canada,4,YES
CAN_CSV0000000000001487__25.csv,CAN_CSV0000000000027346__35.csv,AVG_VIS_PST10MTS_QA,AVG_VIS_PST10MTS_QA,4,NO
CAN_CSV0000000000027346__14.csv,CAN_CSV0000000000027346__35.csv,AVG_VIS_PST10MTS_QA,AVG_VIS_PST10MTS_QA,4,NO
CAN_CSV0000000000001487__28.csv,CAN_CSV0000000000027346__35.csv,AVG_VIS_PST10MTS_QA,AVG_VIS_PST10MTS_QA,4,NO
CAN_CSV0000000000001487__26.csv,CAN_CSV0000000000027346__35.csv,AVG_VIS_PST10MTS_QA,AVG_VIS_PST10MTS_QA,4,NO
CAN_CSV0000000000001487__29.csv,CAN_CSV0000000000027346__35.csv,AVG_VIS_PST10MTS_QA,AVG_VIS_PST10MTS_QA,4,NO
CAN_CSV0000000000027346__30.csv,CAN_CSV0000000000027346__35.csv,AVG_VIS_PST10MTS_QA,AVG_VIS_PST10MTS_QA,4,NO
CAN_CSV0000000000027346__12.csv,CAN_CSV0000000000027346__35.csv,AVG_VIS_PST10MTS_QA,AVG_VIS_PST10MTS_QA,4,NO
CAN_CSV0000000000027346__32.csv,CAN_CSV0000000000027346__35.csv,AVG_VIS_PST10MTS_QA,AVG_VIS_PST10MTS_QA,4,NO
USA_CSV0000000000033847__17.csv,USA_CSV0000000000037101__3.csv,PERC_SINGLE_UNIT,PERC_SINGLE_UNIT,4,NO
USA_CSV0000000000033847__17.csv,USA_CSV0000000000034882__14.csv,PERC_SINGLE_UNIT,PERC_SINGLE_UNIT,4,NO
USA_CSV0000000000033847__17.csv,USA_CSV0000000000034882__12.csv,PERC_SINGLE_UNIT,PERC_SINGLE_UNIT,4,NO
USA_CSV0000000000034882__22.csv,USA_CSV0000000000037101__3.csv,TYPE_SIGNAL,TYPE_SIGNAL,4,YES
USA_CSV0000000000034882__14.csv,USA_CSV0000000000034882__22.csv,TYPE_SIGNAL,TYPE_SIGNAL,4,YES
CAN_CSV0000000000001487__23.csv,CAN_CSV0000000000027349__23.csv,AVG_MSLP_PST1MT,AVG_MSLP_PST1MT,4,NO
CAN_CSV0000000000001487__23.csv,CAN_CSV0000000000001487__35.csv,AVG_MSLP_PST1MT,AVG_MSLP_PST1MT,4,NO
CAN_CSV0000000000001487__23.csv,CAN_CSV0000000000001487__9.csv,AVG_MSLP_PST1MT,AVG_MSLP_PST1MT,4,NO
CAN_CSV0000000000001487__23.csv,CAN_CSV0000000000027349__20.csv,AVG_MSLP_PST1MT,AVG_MSLP_PST1MT,4,NO
CAN_CSV0000000000001487__23.csv,CAN_CSV0000000000027349__21.csv,AVG_MSLP_PST1MT,AVG_MSLP_PST1MT,4,NO
CAN_CSV0000000000001487__23.csv,CAN_CSV0000000000027349__23.csv,LTNG_DIS_RMK,LTNG_DIS_RMK,4,YES
CAN_CSV0000000000001487__23.csv,CAN_CSV0000000000027349__20.csv,LTNG_DIS_RMK,LTNG_DIS_RMK,4,YES
CAN_CSV0000000000001487__23.csv,CAN_CSV0000000000027354__6.csv,LTNG_DIS_RMK,LTNG_DIS_RMK,4,YES
CAN_CSV0000000000001487__23.csv,CAN_CSV0000000000027349__21.csv,LTNG_DIS_RMK,LTNG_DIS_RMK,4,YES
UK_CSV0000000000005907__46.csv,UK_CSV0000000000005907__48.csv,qd12_8_other,qd12_8_other,4,NO
UK_CSV0000000000005907__43.csv,UK_CSV0000000000005907__46.csv,qd12_8_other,qd12_8_other,4,NO
UK_CSV0000000000005907__42.csv,UK_CSV0000000000005907__46.csv,qd12_8_other,qd12_8_other,4,NO
USA_CSV0000000000033847__5.csv,USA_CSV0000000000034882__13.csv,PEAK_CAPACITY,PEAK_CAPACITY,4,NO
USA_CSV0000000000034882__13.csv,USA_CSV0000000000037101__3.csv,IS_GROUPED,IS_GROUPED,4,NO
USA_CSV0000000000034882__13.csv,USA_CSV0000000000034882__26.csv,IS_GROUPED,IS_GROUPED,4,NO
USA_CSV0000000000034882__13.csv,USA_CSV0000000000034882__14.csv,IS_GROUPED,IS_GROUPED,4,NO
USA_CSV0000000000034882__13.csv,USA_CSV0000000000037101__3.csv,TYPE_SIGNAL,TYPE_SIGNAL,4,YES
USA_CSV0000000000034882__13.csv,USA_CSV0000000000034882__14.csv,TYPE_SIGNAL,TYPE_SIGNAL,4,YES
USA_CSV0000000000034882__13.csv,USA_CSV0000000000034882__22.csv,TYPE_SIGNAL,TYPE_SIGNAL,4,YES
USA_CSV0000000000034882__12.csv,USA_CSV0000000000034882__13.csv,TYPE_SIGNAL,TYPE_SIGNAL,4,YES
USA_CSV0000000000034882__13.csv,USA_CSV0000000000037101__20.csv,PEAK_LANES,PEAK_LANES,4,NO
USA_CSV0000000000034882__13.csv,USA_CSV0000000000037101__3.csv,PEAK_LANES,PEAK_LANES,4,NO
USA_CSV0000000000034882__13.csv,USA_CSV0000000000034882__14.csv,PEAK_LANES,PEAK_LANES,4,NO
USA_CSV0000000000034882__12.csv,USA_CSV0000000000034882__13.csv,PEAK_LANES,PEAK_LANES,4,NO
USA_CSV0000000000033847__3.csv,USA_CSV0000000000033847__5.csv,TURN_LANES_L,TURN_LANES_L,4,NO
USA_CSV0000000000033847__3.csv,USA_CSV0000000000034882__26.csv,TURN_LANES_L,TURN_LANES_L,4,NO
USA_CSV0000000000033847__3.csv,USA_CSV0000000000037101__20.csv,TURN_LANES_L,TURN_LANES_L,4,NO
USA_CSV0000000000033847__3.csv,USA_CSV0000000000037101__3.csv,TURN_LANES_L,TURN_LANES_L,4,NO
SG_CSV0000000000001714__40.csv,SG_CSV0000000000001714__6.csv,ban_education2,ban_education2,4,YES
CAN_CSV0000000000001487__35.csv,CAN_CSV0000000000027346__30.csv,PCPN_AMT_PST1MT_QA,PCPN_AMT_PST1MT_QA,4,NO
CAN_CSV0000000000001487__25.csv,CAN_CSV0000000000027346__30.csv,PCPN_AMT_PST1MT_QA,PCPN_AMT_PST1MT_QA,4,NO
CAN_CSV0000000000001487__28.csv,CAN_CSV0000000000027346__30.csv,PCPN_AMT_PST1MT_QA,PCPN_AMT_PST1MT_QA,4,NO
CAN_CSV0000000000001487__34.csv,CAN_CSV0000000000027346__30.csv,PCPN_AMT_PST1MT_QA,PCPN_AMT_PST1MT_QA,4,NO
CAN_CSV0000000000001487__26.csv,CAN_CSV0000000000027346__30.csv,PCPN_AMT_PST1MT_QA,PCPN_AMT_PST1MT_QA,4,NO
CAN_CSV0000000000001487__31.csv,CAN_CSV0000000000027346__30.csv,PCPN_AMT_PST1MT_QA,PCPN_AMT_PST1MT_QA,4,NO
CAN_CSV0000000000001487__29.csv,CAN_CSV0000000000027346__30.csv,PCPN_AMT_PST1MT_QA,PCPN_AMT_PST1MT_QA,4,NO
CAN_CSV0000000000027346__30.csv,CAN_CSV0000000000027346__35.csv,PCPN_AMT_PST1MT_QA,PCPN_AMT_PST1MT_QA,4,NO
SG_CSV0000000000000925__0.csv,SG_CSV0000000000000925__6.csv,respondent_id,respondent_id,4,YES
SG_CSV0000000000000925__0.csv,SG_CSV0000000000000925__3.csv,respondent_id,respondent_id,4,YES
SG_CSV0000000000000925__0.csv,SG_CSV0000000000000925__4.csv,respondent_id,respondent_id,4,YES
SG_CSV0000000000000925__0.csv,SG_CSV0000000000001714__14.csv,respondent_id,respondent_id,4,YES
SG_CSV0000000000000925__0.csv,SG_CSV0000000000001714__17.csv,respondent_id,respondent_id,4,YES
SG_CSV0000000000000925__0.csv,SG_CSV0000000000000925__2.csv,respondent_id,respondent_id,4,YES
SG_CSV0000000000000925__0.csv,SG_CSV0000000000000925__10.csv,yearbornin_1_slice,yearbornin_1_slice,4,YES
USA_CSV0000000000035902__15.csv,USA_CSV0000000000035902__16.csv,MEDIAN TYPE,MEDIAN TYPE,4,YES
USA_CSV0000000000035902__16.csv,USA_CSV0000000000035902__20.csv,MEDIAN TYPE,MEDIAN TYPE,4,YES
USA_CSV0000000000035902__16.csv,USA_CSV0000000000035902__18.csv,MEDIAN TYPE,MEDIAN TYPE,4,YES
USA_CSV0000000000035902__16.csv,USA_CSV0000000000035902__17.csv,MEDIAN TYPE,MEDIAN TYPE,4,YES
USA_CSV0000000000035902__15.csv,USA_CSV0000000000035902__16.csv,RURAL/URBAN,RURAL/URBAN,4,NO
USA_CSV0000000000035902__16.csv,USA_CSV0000000000035902__20.csv,RURAL/URBAN,RURAL/URBAN,4,NO
USA_CSV0000000000035902__16.csv,USA_CSV0000000000035902__20.csv,TYPE OF SUBGRADE,TYPE OF SUBGRADE,4,YES
USA_CSV0000000000035902__16.csv,USA_CSV0000000000035902__38.csv,TYPE OF SUBGRADE,TYPE OF SUBGRADE,4,YES
USA_CSV0000000000035902__15.csv,USA_CSV0000000000035902__16.csv,TYPE OF SUBGRADE,TYPE OF SUBGRADE,4,YES
USA_CSV0000000000035902__16.csv,USA_CSV0000000000035902__17.csv,TYPE OF SUBGRADE,TYPE OF SUBGRADE,4,YES
USA_CSV0000000000035902__16.csv,USA_CSV0000000000035902__18.csv,TYPE OF SUBGRADE,TYPE OF SUBGRADE,4,YES
USA_CSV0000000000035902__15.csv,USA_CSV0000000000035902__16.csv,SPEED LIMIT,SPEED LIMIT,4,NO
USA_CSV0000000000035902__16.csv,USA_CSV0000000000035902__20.csv,SPEED LIMIT,SPEED LIMIT,4,NO
USA_CSV0000000000035902__16.csv,USA_CSV0000000000035902__18.csv,SPEED LIMIT,SPEED LIMIT,4,NO
USA_CSV0000000000035902__16.csv,USA_CSV0000000000035902__17.csv,SPEED LIMIT,SPEED LIMIT,4,NO
USA_CSV0000000000035902__15.csv,USA_CSV0000000000035902__16.csv,FEDERAL-AID SYSTEM,FEDERAL-AID SYSTEM,4,YES
USA_CSV0000000000035902__16.csv,USA_CSV0000000000035902__20.csv,FEDERAL-AID SYSTEM,FEDERAL-AID SYSTEM,4,YES
USA_CSV0000000000035902__16.csv,USA_CSV0000000000035902__18.csv,FEDERAL-AID SYSTEM,FEDERAL-AID SYSTEM,4,YES
USA_CSV0000000000035902__16.csv,USA_CSV0000000000035902__17.csv,FEDERAL-AID SYSTEM,FEDERAL-AID SYSTEM,4,YES
USA_CSV0000000000035902__15.csv,USA_CSV0000000000035902__16.csv,DIRECTIONAL FACTOR,DIRECTIONAL FACTOR,4,NO
USA_CSV0000000000034882__26.csv,USA_CSV0000000000037101__17.csv,STD_VOLUME_GROUP,STD_VOLUME_GROUP,4,NO
USA_CSV0000000000037101__17.csv,USA_CSV0000000000037101__3.csv,STD_VOLUME_GROUP,STD_VOLUME_GROUP,4,NO
USA_CSV0000000000034882__14.csv,USA_CSV0000000000037101__17.csv,STD_VOLUME_GROUP,STD_VOLUME_GROUP,4,NO
USA_CSV0000000000037101__16.csv,USA_CSV0000000000037101__17.csv,STD_VOLUME_GROUP,STD_VOLUME_GROUP,4,NO
USA_CSV0000000000034882__26.csv,USA_CSV0000000000037101__17.csv,DIR_FACTOR,DIR_FACTOR,4,NO
USA_CSV0000000000037101__16.csv,USA_CSV0000000000037101__17.csv,DIR_FACTOR,DIR_FACTOR,4,NO
USA_CSV0000000000034882__22.csv,USA_CSV0000000000037101__17.csv,DIR_FACTOR,DIR_FACTOR,4,NO
USA_CSV0000000000034882__9.csv,USA_CSV0000000000037101__17.csv,DIR_FACTOR,DIR_FACTOR,4,NO
USA_CSV0000000000034882__26.csv,USA_CSV0000000000037101__17.csv,TYPE_FACILITY,TYPE_FACILITY,4,YES
USA_CSV0000000000037101__16.csv,USA_CSV0000000000037101__17.csv,TYPE_FACILITY,TYPE_FACILITY,4,YES
USA_CSV0000000000034882__13.csv,USA_CSV0000000000037101__3.csv,MEDIAN_TYPE,MEDIAN_TYPE,4,YES
USA_CSV0000000000034882__13.csv,USA_CSV0000000000034882__14.csv,MEDIAN_TYPE,MEDIAN_TYPE,4,YES
USA_CSV0000000000033847__5.csv,USA_CSV0000000000034882__13.csv,SHOULDER_TYPE,SHOULDER_TYPE,4,YES
USA_CSV0000000000034882__13.csv,USA_CSV0000000000034882__14.csv,SHOULDER_TYPE,SHOULDER_TYPE,4,YES
USA_CSV0000000000033847__4.csv,USA_CSV0000000000034882__13.csv,SHOULDER_TYPE,SHOULDER_TYPE,4,YES
USA_CSV0000000000034882__12.csv,USA_CSV0000000000034882__13.csv,SHOULDER_TYPE,SHOULDER_TYPE,4,YES
SG_CSV0000000000000925__10.csv,SG_CSV0000000000000925__6.csv,ban_q18_q191,ban_q18_q191,4,NO
SG_CSV0000000000000925__0.csv,SG_CSV0000000000000925__6.csv,ban_q18_q191,ban_q18_q191,4,NO
SG_CSV0000000000000925__3.csv,SG_CSV0000000000000925__6.csv,ban_q18_q191,ban_q18_q191,4,NO
SG_CSV0000000000000925__0.csv,SG_CSV0000000000000925__6.csv,occupation2,occupation2,4,YES
SG_CSV0000000000000925__3.csv,SG_CSV0000000000000925__6.csv,occupation2,occupation2,4,YES
SG_CSV0000000000000925__4.csv,SG_CSV0000000000000925__6.csv,occupation2,occupation2,4,YES
SG_CSV0000000000000925__10.csv,SG_CSV0000000000000925__6.csv,livinginsg_2_slice,livinginsg_2_slice,4,NO
SG_CSV0000000000000925__0.csv,SG_CSV0000000000000925__6.csv,livinginsg_2_slice,livinginsg_2_slice,4,NO
SG_CSV0000000000000925__3.csv,SG_CSV0000000000000925__6.csv,livinginsg_2_slice,livinginsg_2_slice,4,NO
SG_CSV0000000000000925__4.csv,SG_CSV0000000000000925__6.csv,livinginsg_2_slice,livinginsg_2_slice,4,NO
SG_CSV0000000000000925__35.csv,SG_CSV0000000000000925__6.csv,ban_education4,ban_education4,4,NO
SG_CSV0000000000000925__0.csv,SG_CSV0000000000000925__6.csv,ban_education4,ban_education4,4,NO
SG_CSV0000000000000925__3.csv,SG_CSV0000000000000925__6.csv,ban_education4,ban_education4,4,NO
SG_CSV0000000000000925__4.csv,SG_CSV0000000000000925__6.csv,ban_education4,ban_education4,4,NO
SG_CSV0000000000000925__6.csv,SG_CSV0000000000001714__6.csv,ban_education4,ban_education4,4,NO
CAN_CSV0000000000001724__8.csv,CAN_CSV0000000000001787__36.csv,Province/Canada,Province/Canada,4,YES
CAN_CSV0000000000001787__36.csv,CAN_CSV0000000000001797__36.csv,Province/Canada,Province/Canada,4,YES
CAN_CSV0000000000001787__36.csv,CAN_CSV0000000000001787__6.csv,Province/Canada,Province/Canada,4,YES
CAN_CSV0000000000001787__36.csv,CAN_CSV0000000000001787__5.csv,Province/Canada,Province/Canada,4,YES
CAN_CSV0000000000001787__0.csv,CAN_CSV0000000000001787__36.csv,Province/Canada,Province/Canada,4,YES
CAN_CSV0000000000001487__29.csv,CAN_CSV0000000000027349__23.csv,DATA_PAYLOAD_URI,DATA_PAYLOAD_URI,4,YES
CAN_CSV0000000000001487__29.csv,CAN_CSV0000000000001487__9.csv,DATA_PAYLOAD_URI,DATA_PAYLOAD_URI,4,YES
CAN_CSV0000000000001487__29.csv,CAN_CSV0000000000027349__20.csv,DATA_PAYLOAD_URI,DATA_PAYLOAD_URI,4,YES
CAN_CSV0000000000001487__25.csv,CAN_CSV0000000000001487__29.csv,DATA_PAYLOAD_URI,DATA_PAYLOAD_URI,4,YES
CAN_CSV0000000000001487__29.csv,CAN_CSV0000000000027349__21.csv,DATA_PAYLOAD_URI,DATA_PAYLOAD_URI,4,YES
CAN_CSV0000000000001487__29.csv,CAN_CSV0000000000027353__2.csv,DATA_PAYLOAD_URI,DATA_PAYLOAD_URI,4,YES
CAN_CSV0000000000001487__29.csv,CAN_CSV0000000000027355__11.csv,DATA_PAYLOAD_URI,DATA_PAYLOAD_URI,4,YES
CAN_CSV0000000000001487__28.csv,CAN_CSV0000000000001487__29.csv,DATA_PAYLOAD_URI,DATA_PAYLOAD_URI,4,YES
CAN_CSV0000000000001487__29.csv,CAN_CSV0000000000001487__8.csv,DATA_PAYLOAD_URI,DATA_PAYLOAD_URI,4,YES
CAN_CSV0000000000001487__29.csv,CAN_CSV0000000000001487__9.csv,CLD_BAS_HGT_1,CLD_BAS_HGT_1,4,NO
CAN_CSV0000000000001487__25.csv,CAN_CSV0000000000001487__29.csv,CLD_BAS_HGT_1,CLD_BAS_HGT_1,4,NO
CAN_CSV0000000000001487__28.csv,CAN_CSV0000000000001487__29.csv,CLD_BAS_HGT_1,CLD_BAS_HGT_1,4,NO
CAN_CSV0000000000001487__29.csv,CAN_CSV0000000000001487__8.csv,CLD_BAS_HGT_1,CLD_BAS_HGT_1,4,NO
CAN_CSV0000000000001487__26.csv,CAN_CSV0000000000001487__29.csv,CLD_BAS_HGT_1,CLD_BAS_HGT_1,4,NO
CAN_CSV0000000000001487__29.csv,CAN_CSV0000000000027355__20.csv,CLD_BAS_HGT_1,CLD_BAS_HGT_1,4,NO
CAN_CSV0000000000001487__29.csv,CAN_CSV0000000000027349__23.csv,AVG_REL_HUM_PST1MT,AVG_REL_HUM_PST1MT,4,NO
CAN_CSV0000000000001487__29.csv,CAN_CSV0000000000001487__35.csv,AVG_REL_HUM_PST1MT,AVG_REL_HUM_PST1MT,4,NO
CAN_CSV0000000000001487__29.csv,CAN_CSV0000000000001487__9.csv,AVG_REL_HUM_PST1MT,AVG_REL_HUM_PST1MT,4,NO
CAN_CSV0000000000001487__29.csv,CAN_CSV0000000000027349__20.csv,AVG_REL_HUM_PST1MT,AVG_REL_HUM_PST1MT,4,NO
CAN_CSV0000000000001487__25.csv,CAN_CSV0000000000001487__29.csv,AVG_REL_HUM_PST1MT,AVG_REL_HUM_PST1MT,4,NO
CAN_CSV0000000000001487__29.csv,CAN_CSV0000000000027349__21.csv,AVG_REL_HUM_PST1MT,AVG_REL_HUM_PST1MT,4,NO
CAN_CSV0000000000001487__28.csv,CAN_CSV0000000000001487__29.csv,AVG_REL_HUM_PST1MT,AVG_REL_HUM_PST1MT,4,NO
CAN_CSV0000000000001487__29.csv,CAN_CSV0000000000001487__34.csv,AVG_REL_HUM_PST1MT,AVG_REL_HUM_PST1MT,4,NO
CAN_CSV0000000000001487__29.csv,CAN_CSV0000000000001487__9.csv,PCPN_AMT_PST1HR,PCPN_AMT_PST1HR,4,NO
CAN_CSV0000000000001487__25.csv,CAN_CSV0000000000001487__29.csv,PCPN_AMT_PST1HR,PCPN_AMT_PST1HR,4,NO
CAN_CSV0000000000001487__29.csv,CAN_CSV0000000000027346__23.csv,PCPN_AMT_PST1HR,PCPN_AMT_PST1HR,4,NO
CAN_CSV0000000000001487__28.csv,CAN_CSV0000000000001487__29.csv,PCPN_AMT_PST1HR,PCPN_AMT_PST1HR,4,NO
CAN_CSV0000000000001487__29.csv,CAN_CSV0000000000001487__9.csv,AVG_AIR_TEMP_PST1MT,AVG_AIR_TEMP_PST1MT,4,NO
CAN_CSV0000000000001487__25.csv,CAN_CSV0000000000001487__29.csv,AVG_AIR_TEMP_PST1MT,AVG_AIR_TEMP_PST1MT,4,NO
CAN_CSV0000000000001487__28.csv,CAN_CSV0000000000001487__29.csv,AVG_AIR_TEMP_PST1MT,AVG_AIR_TEMP_PST1MT,4,NO
CAN_CSV0000000000001487__29.csv,CAN_CSV0000000000027355__11.csv,AVG_AIR_TEMP_PST1MT,AVG_AIR_TEMP_PST1MT,4,NO
CAN_CSV0000000000001487__29.csv,CAN_CSV0000000000001487__9.csv,AVG_VIS_PST1MT_QA,AVG_VIS_PST1MT_QA,4,NO
CAN_CSV0000000000001487__25.csv,CAN_CSV0000000000001487__29.csv,AVG_VIS_PST1MT_QA,AVG_VIS_PST1MT_QA,4,NO
CAN_CSV0000000000001487__29.csv,CAN_CSV0000000000027346__14.csv,AVG_VIS_PST1MT_QA,AVG_VIS_PST1MT_QA,4,NO
CAN_CSV0000000000001487__28.csv,CAN_CSV0000000000001487__29.csv,AVG_VIS_PST1MT_QA,AVG_VIS_PST1MT_QA,4,NO
CAN_CSV0000000000001487__29.csv,CAN_CSV0000000000001487__8.csv,AVG_VIS_PST1MT_QA,AVG_VIS_PST1MT_QA,4,NO
CAN_CSV0000000000001487__26.csv,CAN_CSV0000000000001487__29.csv,AVG_VIS_PST1MT_QA,AVG_VIS_PST1MT_QA,4,NO
CAN_CSV0000000000001487__10.csv,CAN_CSV0000000000001487__29.csv,AVG_VIS_PST1MT_QA,AVG_VIS_PST1MT_QA,4,NO
CAN_CSV0000000000001487__24.csv,CAN_CSV0000000000001487__29.csv,AVG_VIS_PST1MT_QA,AVG_VIS_PST1MT_QA,4,NO
CAN_CSV0000000000001487__29.csv,CAN_CSV0000000000001487__6.csv,AVG_VIS_PST1MT_QA,AVG_VIS_PST1MT_QA,4,NO
CAN_CSV0000000000001487__29.csv,CAN_CSV0000000000001487__7.csv,AVG_VIS_PST1MT_QA,AVG_VIS_PST1MT_QA,4,NO
CAN_CSV0000000000001487__29.csv,CAN_CSV0000000000027346__12.csv,AVG_VIS_PST1MT_QA,AVG_VIS_PST1MT_QA,4,NO
USA_CSV0000000000033847__5.csv,USA_CSV0000000000034882__26.csv,HORZ_ALIGN,HORZ_ALIGN,4,YES
USA_CSV0000000000033847__4.csv,USA_CSV0000000000034882__26.csv,HORZ_ALIGN,HORZ_ALIGN,4,YES
USA_CSV0000000000033847__5.csv,USA_CSV0000000000034882__26.csv,TURN_LANES_L,TURN_LANES_L,4,NO
USA_CSV0000000000034882__26.csv,USA_CSV0000000000037101__20.csv,TURN_LANES_L,TURN_LANES_L,4,NO
USA_CSV0000000000034882__26.csv,USA_CSV0000000000037101__3.csv,TURN_LANES_L,TURN_LANES_L,4,NO
USA_CSV0000000000033847__4.csv,USA_CSV0000000000034882__26.csv,TURN_LANES_L,TURN_LANES_L,4,NO
SG_CSV0000000000000925__0.csv,SG_CSV0000000000000925__10.csv,socialnetwork_dp07,socialnetwork_dp07,4,NO
SG_CSV0000000000000925__0.csv,SG_CSV0000000000000925__21.csv,socialnetwork_dp07,socialnetwork_dp07,4,NO
SG_CSV0000000000000925__0.csv,SG_CSV0000000000000925__6.csv,socialnetwork_dp07,socialnetwork_dp07,4,NO
SG_CSV0000000000000925__0.csv,SG_CSV0000000000000925__3.csv,socialnetwork_dp07,socialnetwork_dp07,4,NO
SG_CSV0000000000000925__0.csv,SG_CSV0000000000000925__4.csv,socialnetwork_dp07,socialnetwork_dp07,4,NO
SG_CSV0000000000000925__0.csv,SG_CSV0000000000000925__10.csv,livinginsg_2_slice,livinginsg_2_slice,4,NO
SG_CSV0000000000000925__0.csv,SG_CSV0000000000000925__6.csv,livinginsg_2_slice,livinginsg_2_slice,4,NO
SG_CSV0000000000000925__0.csv,SG_CSV0000000000000925__3.csv,livinginsg_2_slice,livinginsg_2_slice,4,NO
SG_CSV0000000000000925__0.csv,SG_CSV0000000000000925__4.csv,livinginsg_2_slice,livinginsg_2_slice,4,NO
SG_CSV0000000000000925__0.csv,SG_CSV0000000000001714__6.csv,livinginsg_2_slice,livinginsg_2_slice,4,NO
SG_CSV0000000000000925__0.csv,SG_CSV0000000000000925__10.csv,ban_no_ofchildren,ban_no_ofchildren,4,YES
SG_CSV0000000000000925__0.csv,SG_CSV0000000000000925__6.csv,ban_no_ofchildren,ban_no_ofchildren,4,YES
SG_CSV0000000000000925__0.csv,SG_CSV0000000000000925__3.csv,ban_no_ofchildren,ban_no_ofchildren,4,YES
SG_CSV0000000000000925__0.csv,SG_CSV0000000000000925__4.csv,ban_no_ofchildren,ban_no_ofchildren,4,YES
SG_CSV0000000000000925__0.csv,SG_CSV0000000000000925__6.csv,rankmostimptchild_1,rankmostimptchild_1,4,NO
SG_CSV0000000000000925__0.csv,SG_CSV0000000000000925__10.csv,rankmostimptchild_1,rankmostimptchild_1,4,NO
SG_CSV0000000000000925__0.csv,SG_CSV0000000000000925__3.csv,rankmostimptchild_1,rankmostimptchild_1,4,NO
SG_CSV0000000000000925__0.csv,SG_CSV0000000000000925__10.csv,rankmostimptchild_2,rankmostimptchild_2,4,NO
SG_CSV0000000000000925__0.csv,SG_CSV0000000000000925__6.csv,rankmostimptchild_2,rankmostimptchild_2,4,NO
SG_CSV0000000000000925__0.csv,SG_CSV0000000000000925__3.csv,rankmostimptchild_2,rankmostimptchild_2,4,NO
SG_CSV0000000000000925__0.csv,SG_CSV0000000000000925__4.csv,rankmostimptchild_2,rankmostimptchild_2,4,NO
SG_CSV0000000000000925__0.csv,SG_CSV0000000000000925__2.csv,rankmostimptchild_2,rankmostimptchild_2,4,NO
SG_CSV0000000000000925__0.csv,SG_CSV0000000000000925__10.csv,ban_q18_q191,ban_q18_q191,4,NO
SG_CSV0000000000000925__0.csv,SG_CSV0000000000000925__6.csv,ban_q18_q191,ban_q18_q191,4,NO
SG_CSV0000000000000925__0.csv,SG_CSV0000000000000925__3.csv,ban_q18_q191,ban_q18_q191,4,NO
SG_CSV0000000000000925__0.csv,SG_CSV0000000000000925__4.csv,ban_q18_q191,ban_q18_q191,4,NO
UK_CSV0000000000002010__6.csv,UK_CSV0000000000002010__9.csv,Pre-Op Q Mobility,Pre-Op Q Mobility,4,YES
UK_CSV0000000000002010__9.csv,UK_CSV0000000000006676__2.csv,Pre-Op Q Mobility,Pre-Op Q Mobility,4,YES
USA_CSV0000000000033847__5.csv,USA_CSV0000000000037101__16.csv,SAMPLING_TECH,SAMPLING_TECH,4,YES
USA_CSV0000000000033847__4.csv,USA_CSV0000000000037101__16.csv,SAMPLING_TECH,SAMPLING_TECH,4,YES
CAN_CSV0000000000001487__8.csv,CAN_CSV0000000000001487__9.csv,CLD_AMT_CODE_1_QA,CLD_AMT_CODE_1_QA,4,YES
CAN_CSV0000000000001487__6.csv,CAN_CSV0000000000001487__9.csv,CLD_AMT_CODE_1_QA,CLD_AMT_CODE_1_QA,4,YES
CAN_CSV0000000000001487__7.csv,CAN_CSV0000000000001487__9.csv,CLD_AMT_CODE_1_QA,CLD_AMT_CODE_1_QA,4,YES
CAN_CSV0000000000001487__10.csv,CAN_CSV0000000000001487__9.csv,CLD_AMT_CODE_1_QA,CLD_AMT_CODE_1_QA,4,YES
SG_CSV0000000000000925__0.csv,SG_CSV0000000000000925__6.csv,occupation2,occupation2,4,YES
SG_CSV0000000000000925__0.csv,SG_CSV0000000000000925__3.csv,occupation2,occupation2,4,YES
SG_CSV0000000000000925__0.csv,SG_CSV0000000000000925__35.csv,ban_education4,ban_education4,4,NO
SG_CSV0000000000000925__0.csv,SG_CSV0000000000000925__6.csv,ban_education4,ban_education4,4,NO
SG_CSV0000000000000925__0.csv,SG_CSV0000000000000925__3.csv,ban_education4,ban_education4,4,NO
USA_CSV0000000000037101__17.csv,USA_CSV0000000000037101__3.csv,DONUT_VOLUME_GROUP,DONUT_VOLUME_GROUP,4,YES
USA_CSV0000000000037101__16.csv,USA_CSV0000000000037101__17.csv,DONUT_VOLUME_GROUP,DONUT_VOLUME_GROUP,4,YES
USA_CSV0000000000034882__22.csv,USA_CSV0000000000037101__17.csv,DONUT_VOLUME_GROUP,DONUT_VOLUME_GROUP,4,YES
USA_CSV0000000000033847__5.csv,USA_CSV0000000000037101__17.csv,ROUTE_SIGNING,ROUTE_SIGNING,4,YES
USA_CSV0000000000037101__16.csv,USA_CSV0000000000037101__17.csv,ROUTE_SIGNING,ROUTE_SIGNING,4,YES
USA_CSV0000000000034882__22.csv,USA_CSV0000000000037101__17.csv,ROUTE_SIGNING,ROUTE_SIGNING,4,YES
USA_CSV0000000000033847__4.csv,USA_CSV0000000000037101__17.csv,ROUTE_SIGNING,ROUTE_SIGNING,4,YES
USA_CSV0000000000037101__16.csv,USA_CSV0000000000037101__17.csv,RURAL_URBAN,RURAL_URBAN,4,YES
USA_CSV0000000000034882__22.csv,USA_CSV0000000000037101__17.csv,RURAL_URBAN,RURAL_URBAN,4,YES
USA_CSV0000000000033847__17.csv,USA_CSV0000000000037101__17.csv,RURAL_URBAN,RURAL_URBAN,4,YES
USA_CSV0000000000033847__5.csv,USA_CSV0000000000034882__29.csv,HORZ_ALIGN,HORZ_ALIGN,4,YES
USA_CSV0000000000034882__26.csv,USA_CSV0000000000034882__29.csv,HORZ_ALIGN,HORZ_ALIGN,4,YES
USA_CSV0000000000033847__5.csv,USA_CSV0000000000034882__29.csv,TURN_LANES_L,TURN_LANES_L,4,NO
USA_CSV0000000000034882__26.csv,USA_CSV0000000000034882__29.csv,TURN_LANES_L,TURN_LANES_L,4,NO
USA_CSV0000000000034882__29.csv,USA_CSV0000000000037101__20.csv,TURN_LANES_L,TURN_LANES_L,4,NO
USA_CSV0000000000034882__29.csv,USA_CSV0000000000037101__3.csv,TURN_LANES_L,TURN_LANES_L,4,NO
USA_CSV0000000000033847__4.csv,USA_CSV0000000000034882__29.csv,TURN_LANES_L,TURN_LANES_L,4,NO
UK_CSV0000000000003896__13.csv,UK_CSV0000000000003896__4.csv,Provider Code,Provider Code,4,YES
UK_CSV0000000000002010__6.csv,UK_CSV0000000000003896__4.csv,Provider Code,Provider Code,4,YES
UK_CSV0000000000002010__6.csv,UK_CSV0000000000003896__4.csv,Pre-Op Q Activity,Pre-Op Q Activity,4,YES
UK_CSV0000000000003896__3.csv,UK_CSV0000000000003896__4.csv,Pre-Op Q Activity,Pre-Op Q Activity,4,YES
UK_CSV0000000000002010__9.csv,UK_CSV0000000000003896__4.csv,Pre-Op Q Activity,Pre-Op Q Activity,4,YES
UK_CSV0000000000003896__7.csv,UK_CSV0000000000003896__8.csv,Post-Op Q Self-Care,Post-Op Q Self-Care,4,YES
UK_CSV0000000000003896__7.csv,UK_CSV0000000000006676__2.csv,Post-Op Q Self-Care,Post-Op Q Self-Care,4,YES
UK_CSV0000000000003896__3.csv,UK_CSV0000000000003896__7.csv,Post-Op Q Self-Care,Post-Op Q Self-Care,4,YES
UK_CSV0000000000003896__7.csv,UK_CSV0000000000006676__9.csv,Post-Op Q Self-Care,Post-Op Q Self-Care,4,YES
UK_CSV0000000000003896__7.csv,UK_CSV0000000000007396__13.csv,Post-Op Q Self-Care,Post-Op Q Self-Care,4,YES
UK_CSV0000000000003896__7.csv,UK_CSV0000000000003896__8.csv,Post-Op Q Bleeding,Post-Op Q Bleeding,4,YES
UK_CSV0000000000003896__7.csv,UK_CSV0000000000006676__2.csv,Post-Op Q Bleeding,Post-Op Q Bleeding,4,YES
UK_CSV0000000000003896__7.csv,UK_CSV0000000000003896__8.csv,Pre-Op Q EQ5D Index,Pre-Op Q EQ5D Index,4,YES
UK_CSV0000000000003896__7.csv,UK_CSV0000000000006676__2.csv,Pre-Op Q EQ5D Index,Pre-Op Q EQ5D Index,4,YES
UK_CSV0000000000003896__3.csv,UK_CSV0000000000003896__7.csv,Pre-Op Q EQ5D Index,Pre-Op Q EQ5D Index,4,YES
UK_CSV0000000000003896__7.csv,UK_CSV0000000000003896__8.csv,Pre-Op Q EQ VAS,Pre-Op Q EQ VAS,4,YES
UK_CSV0000000000003896__13.csv,UK_CSV0000000000003896__7.csv,Pre-Op Q EQ VAS,Pre-Op Q EQ VAS,4,YES
CAN_CSV0000000000001724__8.csv,CAN_CSV0000000000001787__41.csv,Province/Canada,Province/Canada,4,YES
CAN_CSV0000000000001787__41.csv,CAN_CSV0000000000001797__36.csv,Province/Canada,Province/Canada,4,YES
CAN_CSV0000000000001787__41.csv,CAN_CSV0000000000001787__6.csv,Province/Canada,Province/Canada,4,YES
CAN_CSV0000000000001787__41.csv,CAN_CSV0000000000001787__5.csv,Province/Canada,Province/Canada,4,YES
CAN_CSV0000000000001787__0.csv,CAN_CSV0000000000001787__41.csv,Province/Canada,Province/Canada,4,YES
CAN_CSV0000000000001787__41.csv,CAN_CSV0000000000001797__21.csv,Province/Canada,Province/Canada,4,YES
USA_CSV0000000000033847__3.csv,USA_CSV0000000000033847__5.csv,HORZ_ALIGN,HORZ_ALIGN,4,YES
USA_CSV0000000000033847__3.csv,USA_CSV0000000000034882__26.csv,HORZ_ALIGN,HORZ_ALIGN,4,YES
USA_CSV0000000000033847__3.csv,USA_CSV0000000000034882__22.csv,STD_EXP_FACTOR,STD_EXP_FACTOR,4,NO
USA_CSV0000000000033847__3.csv,USA_CSV0000000000033847__5.csv,STD_EXP_FACTOR,STD_EXP_FACTOR,4,NO
USA_CSV0000000000033847__3.csv,USA_CSV0000000000033847__4.csv,STD_EXP_FACTOR,STD_EXP_FACTOR,4,NO
CAN_CSV0000000000001487__25.csv,CAN_CSV0000000000001487__26.csv,MAX_AIR_TEMP_PST1HR,MAX_AIR_TEMP_PST1HR,4,NO
CAN_CSV0000000000001487__26.csv,CAN_CSV0000000000001487__9.csv,PCPN_AMT_PST1HR,PCPN_AMT_PST1HR,4,NO
CAN_CSV0000000000001487__25.csv,CAN_CSV0000000000001487__26.csv,PCPN_AMT_PST1HR,PCPN_AMT_PST1HR,4,NO
CAN_CSV0000000000001487__26.csv,CAN_CSV0000000000027346__23.csv,PCPN_AMT_PST1HR,PCPN_AMT_PST1HR,4,NO
CAN_CSV0000000000001487__26.csv,CAN_CSV0000000000001487__28.csv,PCPN_AMT_PST1HR,PCPN_AMT_PST1HR,4,NO
CAN_CSV0000000000001487__26.csv,CAN_CSV0000000000001487__8.csv,PCPN_AMT_PST1HR,PCPN_AMT_PST1HR,4,NO
USA_CSV0000000000034882__12.csv,USA_CSV0000000000034882__26.csv,STD_VOLUME_GROUP,STD_VOLUME_GROUP,4,NO
USA_CSV0000000000034882__12.csv,USA_CSV0000000000037101__3.csv,STD_VOLUME_GROUP,STD_VOLUME_GROUP,4,NO
USA_CSV0000000000034882__12.csv,USA_CSV0000000000034882__14.csv,STD_VOLUME_GROUP,STD_VOLUME_GROUP,4,NO
USA_CSV0000000000034882__12.csv,USA_CSV0000000000037101__16.csv,STD_VOLUME_GROUP,STD_VOLUME_GROUP,4,NO
USA_CSV0000000000033847__5.csv,USA_CSV0000000000034882__12.csv,PEAK_CAPACITY,PEAK_CAPACITY,4,NO
USA_CSV0000000000034882__12.csv,USA_CSV0000000000034882__14.csv,PEAK_CAPACITY,PEAK_CAPACITY,4,NO
USA_CSV0000000000033847__4.csv,USA_CSV0000000000034882__12.csv,PEAK_CAPACITY,PEAK_CAPACITY,4,NO
USA_CSV0000000000034882__12.csv,USA_CSV0000000000037101__3.csv,ACCESS_CONTROL,ACCESS_CONTROL,4,YES
USA_CSV0000000000034882__12.csv,USA_CSV0000000000034882__26.csv,ACCESS_CONTROL,ACCESS_CONTROL,4,YES
USA_CSV0000000000034882__12.csv,USA_CSV0000000000034882__14.csv,ACCESS_CONTROL,ACCESS_CONTROL,4,YES
USA_CSV0000000000033847__5.csv,USA_CSV0000000000034882__12.csv,URBAN_CODE,URBAN_CODE,4,YES
USA_CSV0000000000034882__12.csv,USA_CSV0000000000037101__3.csv,URBAN_CODE,URBAN_CODE,4,YES
USA_CSV0000000000034882__12.csv,USA_CSV0000000000034882__14.csv,URBAN_CODE,URBAN_CODE,4,YES
USA_CSV0000000000034882__12.csv,USA_CSV0000000000037101__3.csv,IS_GROUPED,IS_GROUPED,4,NO
USA_CSV0000000000034882__12.csv,USA_CSV0000000000034882__26.csv,IS_GROUPED,IS_GROUPED,4,NO
USA_CSV0000000000034882__12.csv,USA_CSV0000000000034882__14.csv,PEAK_PARKING,PEAK_PARKING,4,NO
USA_CSV0000000000034882__12.csv,USA_CSV0000000000037101__3.csv,SECTION_ID,SECTION_ID,4,YES
USA_CSV0000000000034882__12.csv,USA_CSV0000000000034882__14.csv,SECTION_ID,SECTION_ID,4,YES
USA_CSV0000000000034882__12.csv,USA_CSV0000000000037101__3.csv,TYPE_SIGNAL,TYPE_SIGNAL,4,YES
USA_CSV0000000000034882__12.csv,USA_CSV0000000000034882__14.csv,TYPE_SIGNAL,TYPE_SIGNAL,4,YES
USA_CSV0000000000034882__12.csv,USA_CSV0000000000034882__22.csv,TYPE_SIGNAL,TYPE_SIGNAL,4,YES
USA_CSV0000000000034882__12.csv,USA_CSV0000000000037101__20.csv,TRUCK_ROUTE,TRUCK_ROUTE,4,NO
USA_CSV0000000000034882__12.csv,USA_CSV0000000000037101__3.csv,TRUCK_ROUTE,TRUCK_ROUTE,4,NO
USA_CSV0000000000034882__12.csv,USA_CSV0000000000034882__14.csv,TRUCK_ROUTE,TRUCK_ROUTE,4,NO
USA_CSV0000000000034882__12.csv,USA_CSV0000000000037101__20.csv,PEAK_LANES,PEAK_LANES,4,NO
USA_CSV0000000000034882__12.csv,USA_CSV0000000000037101__3.csv,PEAK_LANES,PEAK_LANES,4,NO
USA_CSV0000000000034882__12.csv,USA_CSV0000000000034882__14.csv,PEAK_LANES,PEAK_LANES,4,NO
USA_CSV0000000000034882__12.csv,USA_CSV0000000000034882__9.csv,PEAK_LANES,PEAK_LANES,4,NO
USA_CSV0000000000034882__12.csv,USA_CSV0000000000034882__26.csv,PAVEMENT_TYPE,PAVEMENT_TYPE,4,YES
USA_CSV0000000000034882__12.csv,USA_CSV0000000000034882__14.csv,PAVEMENT_TYPE,PAVEMENT_TYPE,4,YES
SG_CSV0000000000000925__10.csv,SG_CSV0000000000000925__6.csv,socialnetwork_dp07,socialnetwork_dp07,4,NO
SG_CSV0000000000000925__21.csv,SG_CSV0000000000000925__6.csv,socialnetwork_dp07,socialnetwork_dp07,4,NO
SG_CSV0000000000000925__0.csv,SG_CSV0000000000000925__6.csv,socialnetwork_dp07,socialnetwork_dp07,4,NO
SG_CSV0000000000000925__3.csv,SG_CSV0000000000000925__6.csv,socialnetwork_dp07,socialnetwork_dp07,4,NO
SG_CSV0000000000000925__4.csv,SG_CSV0000000000000925__6.csv,socialnetwork_dp07,socialnetwork_dp07,4,NO
SG_CSV0000000000000925__10.csv,SG_CSV0000000000000925__6.csv,ban_no_ofchildren,ban_no_ofchildren,4,YES
SG_CSV0000000000000925__0.csv,SG_CSV0000000000000925__6.csv,ban_no_ofchildren,ban_no_ofchildren,4,YES
SG_CSV0000000000000925__3.csv,SG_CSV0000000000000925__6.csv,ban_no_ofchildren,ban_no_ofchildren,4,YES
SG_CSV0000000000000925__4.csv,SG_CSV0000000000000925__6.csv,ban_no_ofchildren,ban_no_ofchildren,4,YES
SG_CSV0000000000000925__10.csv,SG_CSV0000000000000925__6.csv,rankmostimptchild_1,rankmostimptchild_1,4,NO
SG_CSV0000000000000925__0.csv,SG_CSV0000000000000925__6.csv,rankmostimptchild_1,rankmostimptchild_1,4,NO
SG_CSV0000000000000925__3.csv,SG_CSV0000000000000925__6.csv,rankmostimptchild_1,rankmostimptchild_1,4,NO
SG_CSV0000000000000925__4.csv,SG_CSV0000000000000925__6.csv,rankmostimptchild_1,rankmostimptchild_1,4,NO
SG_CSV0000000000000925__2.csv,SG_CSV0000000000000925__6.csv,rankmostimptchild_1,rankmostimptchild_1,4,NO
SG_CSV0000000000000925__10.csv,SG_CSV0000000000000925__6.csv,rankmostimptchild_2,rankmostimptchild_2,4,NO
SG_CSV0000000000000925__18.csv,SG_CSV0000000000001714__6.csv,livinginsg_4_slice,livinginsg_4_slice,4,NO
SG_CSV0000000000000925__44.csv,SG_CSV0000000000001714__6.csv,socialnetwork_dp01,socialnetwork_dp01,4,YES
SG_CSV0000000000000925__18.csv,SG_CSV0000000000001714__6.csv,socialnetwork_dp06,socialnetwork_dp06,4,NO
USA_CSV0000000000033847__5.csv,USA_CSV0000000000034882__22.csv,STD_EXP_FACTOR,STD_EXP_FACTOR,4,NO
USA_CSV0000000000033847__4.csv,USA_CSV0000000000033847__5.csv,STD_EXP_FACTOR,STD_EXP_FACTOR,4,NO
USA_CSV0000000000033847__3.csv,USA_CSV0000000000033847__5.csv,STD_EXP_FACTOR,STD_EXP_FACTOR,4,NO
USA_CSV0000000000033847__5.csv,USA_CSV0000000000037101__16.csv,ROUTE_SIGNING,ROUTE_SIGNING,4,YES
USA_CSV0000000000033847__5.csv,USA_CSV0000000000034882__14.csv,PERC_COMBINATION,PERC_COMBINATION,4,NO
USA_CSV0000000000033847__5.csv,USA_CSV0000000000037101__20.csv,DONUT_EXP_FACTOR,DONUT_EXP_FACTOR,4,NO
USA_CSV0000000000033847__5.csv,USA_CSV0000000000037101__3.csv,DONUT_EXP_FACTOR,DONUT_EXP_FACTOR,4,NO
USA_CSV0000000000034882__26.csv,USA_CSV0000000000037101__16.csv,DIR_FACTOR,DIR_FACTOR,4,NO
USA_CSV0000000000034882__22.csv,USA_CSV0000000000037101__16.csv,DIR_FACTOR,DIR_FACTOR,4,NO
USA_CSV0000000000034882__9.csv,USA_CSV0000000000037101__16.csv,DIR_FACTOR,DIR_FACTOR,4,NO
USA_CSV0000000000034882__26.csv,USA_CSV0000000000037101__16.csv,TYPE_FACILITY,TYPE_FACILITY,4,YES
USA_CSV0000000000033847__17.csv,USA_CSV0000000000037101__16.csv,TYPE_FACILITY,TYPE_FACILITY,4,YES
UK_CSV0000000000002010__6.csv,UK_CSV0000000000002010__8.csv,Pre-Op Q Mobility,Pre-Op Q Mobility,4,YES
UK_CSV0000000000002010__8.csv,UK_CSV0000000000006676__2.csv,Pre-Op Q Mobility,Pre-Op Q Mobility,4,YES
CAN_CSV0000000000001487__26.csv,CAN_CSV0000000000001487__9.csv,AVG_VIS_PST1MT_QA,AVG_VIS_PST1MT_QA,4,NO
CAN_CSV0000000000001487__25.csv,CAN_CSV0000000000001487__26.csv,AVG_VIS_PST1MT_QA,AVG_VIS_PST1MT_QA,4,NO
CAN_CSV0000000000001487__26.csv,CAN_CSV0000000000027346__14.csv,AVG_VIS_PST1MT_QA,AVG_VIS_PST1MT_QA,4,NO
CAN_CSV0000000000001487__26.csv,CAN_CSV0000000000001487__28.csv,AVG_VIS_PST1MT_QA,AVG_VIS_PST1MT_QA,4,NO
CAN_CSV0000000000001487__26.csv,CAN_CSV0000000000001487__8.csv,AVG_VIS_PST1MT_QA,AVG_VIS_PST1MT_QA,4,NO
CAN_CSV0000000000001487__10.csv,CAN_CSV0000000000001487__26.csv,AVG_VIS_PST1MT_QA,AVG_VIS_PST1MT_QA,4,NO
CAN_CSV0000000000001487__26.csv,CAN_CSV0000000000001487__29.csv,AVG_VIS_PST1MT_QA,AVG_VIS_PST1MT_QA,4,NO
CAN_CSV0000000000001487__24.csv,CAN_CSV0000000000001487__26.csv,AVG_VIS_PST1MT_QA,AVG_VIS_PST1MT_QA,4,NO
CAN_CSV0000000000001487__26.csv,CAN_CSV0000000000001487__6.csv,AVG_VIS_PST1MT_QA,AVG_VIS_PST1MT_QA,4,NO
USA_CSV0000000000033847__14.csv,USA_CSV0000000000033847__17.csv,AT_GRADE_SIGNAL,AT_GRADE_SIGNAL,4,NO
USA_CSV0000000000035902__18.csv,USA_CSV0000000000035902__34.csv,TYPE OF IMPROVEMENT,TYPE OF IMPROVEMENT,4,YES
USA_CSV0000000000035902__16.csv,USA_CSV0000000000035902__18.csv,TYPE OF IMPROVEMENT,TYPE OF IMPROVEMENT,4,YES
USA_CSV0000000000035902__18.csv,USA_CSV0000000000035902__20.csv,TYPE OF IMPROVEMENT,TYPE OF IMPROVEMENT,4,YES
USA_CSV0000000000035902__16.csv,USA_CSV0000000000035902__18.csv,TYPE OF SUBGRADE,TYPE OF SUBGRADE,4,YES
USA_CSV0000000000035902__18.csv,USA_CSV0000000000035902__20.csv,TYPE OF SUBGRADE,TYPE OF SUBGRADE,4,YES
USA_CSV0000000000035902__18.csv,USA_CSV0000000000035902__38.csv,TYPE OF SUBGRADE,TYPE OF SUBGRADE,4,YES
USA_CSV0000000000035902__15.csv,USA_CSV0000000000035902__18.csv,TYPE OF SUBGRADE,TYPE OF SUBGRADE,4,YES
USA_CSV0000000000035902__17.csv,USA_CSV0000000000035902__18.csv,TYPE OF SUBGRADE,TYPE OF SUBGRADE,4,YES
USA_CSV0000000000035902__18.csv,USA_CSV0000000000035902__34.csv,FUNCTIONAL SYSTEM,FUNCTIONAL SYSTEM,4,YES
USA_CSV0000000000035902__16.csv,USA_CSV0000000000035902__18.csv,FUNCTIONAL SYSTEM,FUNCTIONAL SYSTEM,4,YES
USA_CSV0000000000035902__18.csv,USA_CSV0000000000035902__20.csv,FUNCTIONAL SYSTEM,FUNCTIONAL SYSTEM,4,YES
USA_CSV0000000000035902__15.csv,USA_CSV0000000000035902__18.csv,RIGHT OF WAY WIDTH,RIGHT OF WAY WIDTH,4,NO
USA_CSV0000000000035902__18.csv,USA_CSV0000000000035902__20.csv,RIGHT OF WAY WIDTH,RIGHT OF WAY WIDTH,4,NO
USA_CSV0000000000035902__16.csv,USA_CSV0000000000035902__18.csv,RIGHT OF WAY WIDTH,RIGHT OF WAY WIDTH,4,NO
USA_CSV0000000000035902__17.csv,USA_CSV0000000000035902__18.csv,RIGHT OF WAY WIDTH,RIGHT OF WAY WIDTH,4,NO
USA_CSV0000000000035902__16.csv,USA_CSV0000000000035902__18.csv,TURNING LANES-LEFT,TURNING LANES-LEFT,4,NO
CAN_CSV0000000000001487__25.csv,CAN_CSV0000000000027346__32.csv,AVG_VIS_PST10MTS_QA,AVG_VIS_PST10MTS_QA,4,NO
CAN_CSV0000000000027346__14.csv,CAN_CSV0000000000027346__32.csv,AVG_VIS_PST10MTS_QA,AVG_VIS_PST10MTS_QA,4,NO
CAN_CSV0000000000001487__28.csv,CAN_CSV0000000000027346__32.csv,AVG_VIS_PST10MTS_QA,AVG_VIS_PST10MTS_QA,4,NO
CAN_CSV0000000000001487__26.csv,CAN_CSV0000000000027346__32.csv,AVG_VIS_PST10MTS_QA,AVG_VIS_PST10MTS_QA,4,NO
CAN_CSV0000000000001487__29.csv,CAN_CSV0000000000027346__32.csv,AVG_VIS_PST10MTS_QA,AVG_VIS_PST10MTS_QA,4,NO
CAN_CSV0000000000027346__32.csv,CAN_CSV0000000000027346__35.csv,AVG_VIS_PST10MTS_QA,AVG_VIS_PST10MTS_QA,4,NO
CAN_CSV0000000000027346__30.csv,CAN_CSV0000000000027346__32.csv,AVG_VIS_PST10MTS_QA,AVG_VIS_PST10MTS_QA,4,NO
CAN_CSV0000000000001487__24.csv,CAN_CSV0000000000027346__32.csv,AVG_VIS_PST10MTS_QA,AVG_VIS_PST10MTS_QA,4,NO
CAN_CSV0000000000027346__12.csv,CAN_CSV0000000000027346__32.csv,AVG_VIS_PST10MTS_QA,AVG_VIS_PST10MTS_QA,4,NO
CAN_CSV0000000000001487__35.csv,CAN_CSV0000000000027346__32.csv,PCPN_AMT_PST1MT_QA,PCPN_AMT_PST1MT_QA,4,NO
CAN_CSV0000000000001487__25.csv,CAN_CSV0000000000027346__32.csv,PCPN_AMT_PST1MT_QA,PCPN_AMT_PST1MT_QA,4,NO
CAN_CSV0000000000001487__28.csv,CAN_CSV0000000000027346__32.csv,PCPN_AMT_PST1MT_QA,PCPN_AMT_PST1MT_QA,4,NO
CAN_CSV0000000000001487__34.csv,CAN_CSV0000000000027346__32.csv,PCPN_AMT_PST1MT_QA,PCPN_AMT_PST1MT_QA,4,NO
CAN_CSV0000000000001487__26.csv,CAN_CSV0000000000027346__32.csv,PCPN_AMT_PST1MT_QA,PCPN_AMT_PST1MT_QA,4,NO
CAN_CSV0000000000001487__31.csv,CAN_CSV0000000000027346__32.csv,PCPN_AMT_PST1MT_QA,PCPN_AMT_PST1MT_QA,4,NO
CAN_CSV0000000000001487__29.csv,CAN_CSV0000000000027346__32.csv,PCPN_AMT_PST1MT_QA,PCPN_AMT_PST1MT_QA,4,NO
CAN_CSV0000000000027346__32.csv,CAN_CSV0000000000027346__35.csv,PCPN_AMT_PST1MT_QA,PCPN_AMT_PST1MT_QA,4,NO
CAN_CSV0000000000027346__30.csv,CAN_CSV0000000000027346__32.csv,PCPN_AMT_PST1MT_QA,PCPN_AMT_PST1MT_QA,4,NO
CAN_CSV0000000000001487__24.csv,CAN_CSV0000000000027346__32.csv,PCPN_AMT_PST1MT_QA,PCPN_AMT_PST1MT_QA,4,NO
USA_CSV0000000000033847__5.csv,USA_CSV0000000000034882__9.csv,SAMPLING_TECH,SAMPLING_TECH,4,YES
USA_CSV0000000000034882__9.csv,USA_CSV0000000000037101__16.csv,SAMPLING_TECH,SAMPLING_TECH,4,YES
USA_CSV0000000000033847__4.csv,USA_CSV0000000000034882__9.csv,SAMPLING_TECH,SAMPLING_TECH,4,YES
USA_CSV0000000000034882__26.csv,USA_CSV0000000000034882__9.csv,DIR_FACTOR,DIR_FACTOR,4,NO
USA_CSV0000000000034882__9.csv,USA_CSV0000000000037101__16.csv,DIR_FACTOR,DIR_FACTOR,4,NO
USA_CSV0000000000034882__22.csv,USA_CSV0000000000034882__9.csv,DIR_FACTOR,DIR_FACTOR,4,NO
USA_CSV0000000000033847__4.csv,USA_CSV0000000000033847__5.csv,PERC_COMBINATION,PERC_COMBINATION,4,NO
USA_CSV0000000000033847__4.csv,USA_CSV0000000000034882__22.csv,PERC_COMBINATION,PERC_COMBINATION,4,NO
USA_CSV0000000000033847__4.csv,USA_CSV0000000000034882__12.csv,PERC_COMBINATION,PERC_COMBINATION,4,NO
USA_CSV0000000000033847__4.csv,USA_CSV0000000000033847__5.csv,SHOULDER_TYPE,SHOULDER_TYPE,4,YES
USA_CSV0000000000033847__4.csv,USA_CSV0000000000034882__12.csv,SHOULDER_TYPE,SHOULDER_TYPE,4,YES
SG_CSV0000000000000925__0.csv,SG_CSV0000000000000925__6.csv,socialnetwork_dp08,socialnetwork_dp08,4,NO
SG_CSV0000000000000925__0.csv,SG_CSV0000000000001714__40.csv,socialnetwork_dp08,socialnetwork_dp08,4,NO
SG_CSV0000000000000925__0.csv,SG_CSV0000000000000925__3.csv,socialnetwork_dp08,socialnetwork_dp08,4,NO
SG_CSV0000000000000925__0.csv,SG_CSV0000000000000925__4.csv,socialnetwork_dp08,socialnetwork_dp08,4,NO
USA_CSV0000000000033847__4.csv,USA_CSV0000000000033847__5.csv,HORZ_ALIGN,HORZ_ALIGN,4,YES
USA_CSV0000000000033847__4.csv,USA_CSV0000000000034882__26.csv,HORZ_ALIGN,HORZ_ALIGN,4,YES
SG_CSV0000000000000925__0.csv,SG_CSV0000000000000925__6.csv,ban_children1,ban_children1,4,NO
SG_CSV0000000000000925__3.csv,SG_CSV0000000000000925__6.csv,ban_children1,ban_children1,4,NO
SG_CSV0000000000000925__4.csv,SG_CSV0000000000000925__6.csv,ban_children1,ban_children1,4,NO
SG_CSV0000000000000925__2.csv,SG_CSV0000000000000925__6.csv,ban_children1,ban_children1,4,NO
SG_CSV0000000000000925__0.csv,SG_CSV0000000000000925__6.csv,livinginsg_3_slice,livinginsg_3_slice,4,NO
SG_CSV0000000000000925__3.csv,SG_CSV0000000000000925__6.csv,livinginsg_3_slice,livinginsg_3_slice,4,NO
SG_CSV0000000000000925__4.csv,SG_CSV0000000000000925__6.csv,livinginsg_3_slice,livinginsg_3_slice,4,NO
USA_CSV0000000000033847__5.csv,USA_CSV0000000000037101__17.csv,SAMPLING_TECH,SAMPLING_TECH,4,YES
USA_CSV0000000000037101__16.csv,USA_CSV0000000000037101__17.csv,SAMPLING_TECH,SAMPLING_TECH,4,YES
USA_CSV0000000000033847__4.csv,USA_CSV0000000000037101__17.csv,SAMPLING_TECH,SAMPLING_TECH,4,YES
SG_CSV0000000000000925__0.csv,SG_CSV0000000000000925__6.csv,respondent_id,respondent_id,4,YES
SG_CSV0000000000000925__3.csv,SG_CSV0000000000000925__6.csv,respondent_id,respondent_id,4,YES
SG_CSV0000000000000925__4.csv,SG_CSV0000000000000925__6.csv,respondent_id,respondent_id,4,YES
SG_CSV0000000000000925__6.csv,SG_CSV0000000000001714__14.csv,respondent_id,respondent_id,4,YES
SG_CSV0000000000000925__6.csv,SG_CSV0000000000001714__17.csv,respondent_id,respondent_id,4,YES
UK_CSV0000000000002010__6.csv,UK_CSV0000000000003896__8.csv,Post-Op Q Anxiety,Post-Op Q Anxiety,4,YES
UK_CSV0000000000002010__6.csv,UK_CSV0000000000003896__13.csv,Post-Op Q Anxiety,Post-Op Q Anxiety,4,YES
UK_CSV0000000000002010__6.csv,UK_CSV0000000000002010__9.csv,Post-Op Q Anxiety,Post-Op Q Anxiety,4,YES
UK_CSV0000000000002010__6.csv,UK_CSV0000000000002010__8.csv,Post-Op Q Anxiety,Post-Op Q Anxiety,4,YES
UK_CSV0000000000002010__10.csv,UK_CSV0000000000002010__6.csv,Pre-Op Q Mobility,Pre-Op Q Mobility,4,YES
UK_CSV0000000000002010__10.csv,UK_CSV0000000000006676__2.csv,Pre-Op Q Mobility,Pre-Op Q Mobility,4,YES
UK_CSV0000000000002010__10.csv,UK_CSV0000000000002010__9.csv,Pre-Op Q Mobility,Pre-Op Q Mobility,4,YES
UK_CSV0000000000002010__10.csv,UK_CSV0000000000006676__34.csv,Pre-Op Q Mobility,Pre-Op Q Mobility,4,YES
SG_CSV0000000000000925__0.csv,SG_CSV0000000000000925__6.csv,livinginsg_3_slice,livinginsg_3_slice,4,NO
SG_CSV0000000000000925__0.csv,SG_CSV0000000000000925__3.csv,livinginsg_3_slice,livinginsg_3_slice,4,NO
SG_CSV0000000000000925__0.csv,SG_CSV0000000000000925__4.csv,livinginsg_3_slice,livinginsg_3_slice,4,NO
SG_CSV0000000000000925__0.csv,SG_CSV0000000000000925__6.csv,ban_education3,ban_education3,4,YES
SG_CSV0000000000000925__0.csv,SG_CSV0000000000000925__3.csv,ban_education3,ban_education3,4,YES
SG_CSV0000000000000925__0.csv,SG_CSV0000000000000925__4.csv,ban_education3,ban_education3,4,YES
SG_CSV0000000000000925__0.csv,SG_CSV0000000000000925__18.csv,ban_education3,ban_education3,4,YES
SG_CSV0000000000000925__0.csv,SG_CSV0000000000000925__2.csv,ban_education3,ban_education3,4,YES
USA_CSV0000000000037101__17.csv,USA_CSV0000000000037101__3.csv,TYPE_TERRAIN,TYPE_TERRAIN,4,YES
SG_CSV0000000000000925__0.csv,SG_CSV0000000000000925__6.csv,ban_education3,ban_education3,4,YES
SG_CSV0000000000000925__3.csv,SG_CSV0000000000000925__6.csv,ban_education3,ban_education3,4,YES
SG_CSV0000000000000925__4.csv,SG_CSV0000000000000925__6.csv,ban_education3,ban_education3,4,YES
SG_CSV0000000000000925__18.csv,SG_CSV0000000000000925__6.csv,ban_education3,ban_education3,4,YES
USA_CSV0000000000033847__4.csv,USA_CSV0000000000034882__22.csv,STD_EXP_FACTOR,STD_EXP_FACTOR,4,NO
USA_CSV0000000000033847__4.csv,USA_CSV0000000000033847__5.csv,STD_EXP_FACTOR,STD_EXP_FACTOR,4,NO
USA_CSV0000000000033847__3.csv,USA_CSV0000000000033847__4.csv,STD_EXP_FACTOR,STD_EXP_FACTOR,4,NO
CAN_CSV0000000000001487__9.csv,CAN_CSV0000000000027346__35.csv,AVG_MSLP_PST1MT_QA,AVG_MSLP_PST1MT_QA,4,NO
CAN_CSV0000000000001487__8.csv,CAN_CSV0000000000027346__35.csv,AVG_MSLP_PST1MT_QA,AVG_MSLP_PST1MT_QA,4,NO
CAN_CSV0000000000001487__10.csv,CAN_CSV0000000000027346__35.csv,AVG_MSLP_PST1MT_QA,AVG_MSLP_PST1MT_QA,4,NO
CAN_CSV0000000000001487__20.csv,CAN_CSV0000000000027346__35.csv,AVG_MSLP_PST1MT_QA,AVG_MSLP_PST1MT_QA,4,NO
CAN_CSV0000000000027346__30.csv,CAN_CSV0000000000027346__35.csv,AVG_MSLP_PST1MT_QA,AVG_MSLP_PST1MT_QA,4,NO
CAN_CSV0000000000001724__44.csv,CAN_CSV0000000000001724__46.csv,Insurance Assurances,Insurance Assurances,4,NO
CAN_CSV0000000000001724__45.csv,CAN_CSV0000000000001724__46.csv,Insurance Assurances,Insurance Assurances,4,NO
CAN_CSV0000000000001487__28.csv,CAN_CSV0000000000027349__23.csv,DATA_PAYLOAD_URI,DATA_PAYLOAD_URI,4,YES
CAN_CSV0000000000001487__28.csv,CAN_CSV0000000000001487__9.csv,DATA_PAYLOAD_URI,DATA_PAYLOAD_URI,4,YES
CAN_CSV0000000000001487__28.csv,CAN_CSV0000000000027349__20.csv,DATA_PAYLOAD_URI,DATA_PAYLOAD_URI,4,YES
CAN_CSV0000000000001487__25.csv,CAN_CSV0000000000001487__28.csv,DATA_PAYLOAD_URI,DATA_PAYLOAD_URI,4,YES
CAN_CSV0000000000001487__28.csv,CAN_CSV0000000000027349__21.csv,DATA_PAYLOAD_URI,DATA_PAYLOAD_URI,4,YES
CAN_CSV0000000000001487__28.csv,CAN_CSV0000000000027353__2.csv,DATA_PAYLOAD_URI,DATA_PAYLOAD_URI,4,YES
CAN_CSV0000000000001487__28.csv,CAN_CSV0000000000027355__11.csv,DATA_PAYLOAD_URI,DATA_PAYLOAD_URI,4,YES
CAN_CSV0000000000001487__28.csv,CAN_CSV0000000000001487__8.csv,DATA_PAYLOAD_URI,DATA_PAYLOAD_URI,4,YES
CAN_CSV0000000000001487__28.csv,CAN_CSV0000000000001487__9.csv,CLD_BAS_HGT_1,CLD_BAS_HGT_1,4,NO
CAN_CSV0000000000001487__25.csv,CAN_CSV0000000000001487__28.csv,CLD_BAS_HGT_1,CLD_BAS_HGT_1,4,NO
CAN_CSV0000000000001487__28.csv,CAN_CSV0000000000001487__8.csv,CLD_BAS_HGT_1,CLD_BAS_HGT_1,4,NO
CAN_CSV0000000000001487__26.csv,CAN_CSV0000000000001487__28.csv,CLD_BAS_HGT_1,CLD_BAS_HGT_1,4,NO
CAN_CSV0000000000001487__28.csv,CAN_CSV0000000000027355__20.csv,CLD_BAS_HGT_1,CLD_BAS_HGT_1,4,NO
CAN_CSV0000000000001487__10.csv,CAN_CSV0000000000001487__28.csv,CLD_BAS_HGT_1,CLD_BAS_HGT_1,4,NO
CAN_CSV0000000000001487__28.csv,CAN_CSV0000000000027349__23.csv,AVG_REL_HUM_PST1MT,AVG_REL_HUM_PST1MT,4,NO
CAN_CSV0000000000001487__28.csv,CAN_CSV0000000000001487__35.csv,AVG_REL_HUM_PST1MT,AVG_REL_HUM_PST1MT,4,NO
CAN_CSV0000000000001487__28.csv,CAN_CSV0000000000001487__9.csv,AVG_REL_HUM_PST1MT,AVG_REL_HUM_PST1MT,4,NO
CAN_CSV0000000000001487__28.csv,CAN_CSV0000000000027349__20.csv,AVG_REL_HUM_PST1MT,AVG_REL_HUM_PST1MT,4,NO
CAN_CSV0000000000001487__25.csv,CAN_CSV0000000000001487__28.csv,AVG_REL_HUM_PST1MT,AVG_REL_HUM_PST1MT,4,NO
CAN_CSV0000000000001487__28.csv,CAN_CSV0000000000001487__9.csv,PCPN_AMT_PST1HR,PCPN_AMT_PST1HR,4,NO
CAN_CSV0000000000001487__25.csv,CAN_CSV0000000000001487__28.csv,PCPN_AMT_PST1HR,PCPN_AMT_PST1HR,4,NO
CAN_CSV0000000000001487__28.csv,CAN_CSV0000000000027346__23.csv,PCPN_AMT_PST1HR,PCPN_AMT_PST1HR,4,NO
CAN_CSV0000000000001487__28.csv,CAN_CSV0000000000001487__9.csv,AVG_AIR_TEMP_PST1MT,AVG_AIR_TEMP_PST1MT,4,NO
CAN_CSV0000000000001487__25.csv,CAN_CSV0000000000001487__28.csv,AVG_AIR_TEMP_PST1MT,AVG_AIR_TEMP_PST1MT,4,NO
CAN_CSV0000000000001487__28.csv,CAN_CSV0000000000001487__9.csv,AVG_VIS_PST1MT_QA,AVG_VIS_PST1MT_QA,4,NO
CAN_CSV0000000000001487__25.csv,CAN_CSV0000000000001487__28.csv,AVG_VIS_PST1MT_QA,AVG_VIS_PST1MT_QA,4,NO
CAN_CSV0000000000001487__28.csv,CAN_CSV0000000000027346__14.csv,AVG_VIS_PST1MT_QA,AVG_VIS_PST1MT_QA,4,NO
CAN_CSV0000000000001487__28.csv,CAN_CSV0000000000001487__8.csv,AVG_VIS_PST1MT_QA,AVG_VIS_PST1MT_QA,4,NO
CAN_CSV0000000000001487__26.csv,CAN_CSV0000000000001487__28.csv,AVG_VIS_PST1MT_QA,AVG_VIS_PST1MT_QA,4,NO
CAN_CSV0000000000001487__10.csv,CAN_CSV0000000000001487__28.csv,AVG_VIS_PST1MT_QA,AVG_VIS_PST1MT_QA,4,NO
CAN_CSV0000000000001487__28.csv,CAN_CSV0000000000001487__9.csv,AVG_VIS_PST10MTS,AVG_VIS_PST10MTS,4,NO
CAN_CSV0000000000001487__25.csv,CAN_CSV0000000000001487__28.csv,AVG_VIS_PST10MTS,AVG_VIS_PST10MTS,4,NO
CAN_CSV0000000000001487__28.csv,CAN_CSV0000000000027353__2.csv,AVG_VIS_PST10MTS,AVG_VIS_PST10MTS,4,NO
CAN_CSV0000000000001487__28.csv,CAN_CSV0000000000001487__8.csv,AVG_VIS_PST10MTS,AVG_VIS_PST10MTS,4,NO
CAN_CSV0000000000001487__26.csv,CAN_CSV0000000000001487__28.csv,AVG_VIS_PST10MTS,AVG_VIS_PST10MTS,4,NO
CAN_CSV0000000000001724__44.csv,CAN_CSV0000000000001724__45.csv,Insurance Assurances,Insurance Assurances,4,NO
CAN_CSV0000000000001487__25.csv,CAN_CSV0000000000027349__23.csv,DATA_PAYLOAD_URI,DATA_PAYLOAD_URI,4,YES
CAN_CSV0000000000001487__25.csv,CAN_CSV0000000000001487__9.csv,DATA_PAYLOAD_URI,DATA_PAYLOAD_URI,4,YES
CAN_CSV0000000000001487__25.csv,CAN_CSV0000000000027349__20.csv,DATA_PAYLOAD_URI,DATA_PAYLOAD_URI,4,YES
CAN_CSV0000000000001487__25.csv,CAN_CSV0000000000027349__21.csv,DATA_PAYLOAD_URI,DATA_PAYLOAD_URI,4,YES
CAN_CSV0000000000001487__25.csv,CAN_CSV0000000000027353__2.csv,DATA_PAYLOAD_URI,DATA_PAYLOAD_URI,4,YES
CAN_CSV0000000000001487__25.csv,CAN_CSV0000000000027355__11.csv,DATA_PAYLOAD_URI,DATA_PAYLOAD_URI,4,YES
CAN_CSV0000000000001487__25.csv,CAN_CSV0000000000001487__28.csv,DATA_PAYLOAD_URI,DATA_PAYLOAD_URI,4,YES
CAN_CSV0000000000001487__25.csv,CAN_CSV0000000000001487__8.csv,DATA_PAYLOAD_URI,DATA_PAYLOAD_URI,4,YES
CAN_CSV0000000000001487__25.csv,CAN_CSV0000000000001487__26.csv,DATA_PAYLOAD_URI,DATA_PAYLOAD_URI,4,YES
CAN_CSV0000000000001487__25.csv,CAN_CSV0000000000001487__9.csv,CLD_BAS_HGT_1,CLD_BAS_HGT_1,4,NO
CAN_CSV0000000000001487__25.csv,CAN_CSV0000000000001487__28.csv,CLD_BAS_HGT_1,CLD_BAS_HGT_1,4,NO
CAN_CSV0000000000001487__25.csv,CAN_CSV0000000000027349__23.csv,AVG_REL_HUM_PST1MT,AVG_REL_HUM_PST1MT,4,NO
CAN_CSV0000000000001487__25.csv,CAN_CSV0000000000001487__35.csv,AVG_REL_HUM_PST1MT,AVG_REL_HUM_PST1MT,4,NO
CAN_CSV0000000000001487__25.csv,CAN_CSV0000000000001487__9.csv,AVG_REL_HUM_PST1MT,AVG_REL_HUM_PST1MT,4,NO
CAN_CSV0000000000001487__25.csv,CAN_CSV0000000000027349__20.csv,AVG_REL_HUM_PST1MT,AVG_REL_HUM_PST1MT,4,NO
CAN_CSV0000000000001487__25.csv,CAN_CSV0000000000027349__21.csv,AVG_REL_HUM_PST1MT,AVG_REL_HUM_PST1MT,4,NO
CAN_CSV0000000000001487__25.csv,CAN_CSV0000000000001487__9.csv,PCPN_AMT_PST1HR,PCPN_AMT_PST1HR,4,NO
CAN_CSV0000000000001487__25.csv,CAN_CSV0000000000027346__23.csv,PCPN_AMT_PST1HR,PCPN_AMT_PST1HR,4,NO
CAN_CSV0000000000001487__25.csv,CAN_CSV0000000000001487__28.csv,PCPN_AMT_PST1HR,PCPN_AMT_PST1HR,4,NO
CAN_CSV0000000000001487__25.csv,CAN_CSV0000000000001487__9.csv,AVG_AIR_TEMP_PST1MT,AVG_AIR_TEMP_PST1MT,4,NO
CAN_CSV0000000000001487__25.csv,CAN_CSV0000000000001487__28.csv,AVG_AIR_TEMP_PST1MT,AVG_AIR_TEMP_PST1MT,4,NO
CAN_CSV0000000000001487__25.csv,CAN_CSV0000000000027355__11.csv,AVG_AIR_TEMP_PST1MT,AVG_AIR_TEMP_PST1MT,4,NO
CAN_CSV0000000000001487__25.csv,CAN_CSV0000000000001487__8.csv,AVG_AIR_TEMP_PST1MT,AVG_AIR_TEMP_PST1MT,4,NO
CAN_CSV0000000000001487__25.csv,CAN_CSV0000000000001487__26.csv,AVG_AIR_TEMP_PST1MT,AVG_AIR_TEMP_PST1MT,4,NO
CAN_CSV0000000000001487__25.csv,CAN_CSV0000000000001487__9.csv,AVG_VIS_PST1MT_QA,AVG_VIS_PST1MT_QA,4,NO
CAN_CSV0000000000001487__25.csv,CAN_CSV0000000000027346__14.csv,AVG_VIS_PST1MT_QA,AVG_VIS_PST1MT_QA,4,NO
CAN_CSV0000000000001487__25.csv,CAN_CSV0000000000001487__28.csv,AVG_VIS_PST1MT_QA,AVG_VIS_PST1MT_QA,4,NO
CAN_CSV0000000000001487__25.csv,CAN_CSV0000000000001487__8.csv,AVG_VIS_PST1MT_QA,AVG_VIS_PST1MT_QA,4,NO
CAN_CSV0000000000001487__25.csv,CAN_CSV0000000000001487__26.csv,AVG_VIS_PST1MT_QA,AVG_VIS_PST1MT_QA,4,NO
CAN_CSV0000000000001487__10.csv,CAN_CSV0000000000001487__25.csv,AVG_VIS_PST1MT_QA,AVG_VIS_PST1MT_QA,4,NO
CAN_CSV0000000000001487__25.csv,CAN_CSV0000000000001487__29.csv,AVG_VIS_PST1MT_QA,AVG_VIS_PST1MT_QA,4,NO
CAN_CSV0000000000001487__24.csv,CAN_CSV0000000000001487__25.csv,AVG_VIS_PST1MT_QA,AVG_VIS_PST1MT_QA,4,NO
CAN_CSV0000000000001487__25.csv,CAN_CSV0000000000001487__6.csv,AVG_VIS_PST1MT_QA,AVG_VIS_PST1MT_QA,4,NO
CAN_CSV0000000000001487__25.csv,CAN_CSV0000000000001487__7.csv,AVG_VIS_PST1MT_QA,AVG_VIS_PST1MT_QA,4,NO
CAN_CSV0000000000001487__25.csv,CAN_CSV0000000000027346__12.csv,AVG_VIS_PST1MT_QA,AVG_VIS_PST1MT_QA,4,NO
CAN_CSV0000000000001487__25.csv,CAN_CSV0000000000001487__9.csv,AVG_VIS_PST10MTS,AVG_VIS_PST10MTS,4,NO
CAN_CSV0000000000001487__25.csv,CAN_CSV0000000000027353__2.csv,AVG_VIS_PST10MTS,AVG_VIS_PST10MTS,4,NO
CAN_CSV0000000000001487__25.csv,CAN_CSV0000000000001487__28.csv,AVG_VIS_PST10MTS,AVG_VIS_PST10MTS,4,NO
CAN_CSV0000000000001724__8.csv,CAN_CSV0000000000001797__26.csv,Province/Canada,Province/Canada,4,YES
CAN_CSV0000000000001797__26.csv,CAN_CSV0000000000001797__36.csv,Province/Canada,Province/Canada,4,YES
CAN_CSV0000000000001787__6.csv,CAN_CSV0000000000001797__26.csv,Province/Canada,Province/Canada,4,YES
CAN_CSV0000000000001787__5.csv,CAN_CSV0000000000001797__26.csv,Province/Canada,Province/Canada,4,YES
CAN_CSV0000000000001787__0.csv,CAN_CSV0000000000001797__26.csv,Province/Canada,Province/Canada,4,YES
CAN_CSV0000000000001797__21.csv,CAN_CSV0000000000001797__26.csv,Province/Canada,Province/Canada,4,YES
USA_CSV0000000000036154__19.csv,USA_CSV0000000000037169__18.csv,FIPS_STATE_CD,FIPS_STATE_CD,4,YES
USA_CSV0000000000036154__19.csv,USA_CSV0000000000036154__21.csv,GNRL_FAC_TYPE_CD,GNRL_FAC_TYPE_CD,4,YES
USA_CSV0000000000036154__19.csv,USA_CSV0000000000037169__18.csv,PGM_TRMNTN_CD,PGM_TRMNTN_CD,4,YES
USA_CSV0000000000036154__19.csv,USA_CSV0000000000037169__1.csv,PGM_TRMNTN_CD,PGM_TRMNTN_CD,4,YES
USA_CSV0000000000036154__19.csv,USA_CSV0000000000036154__21.csv,PRVDR_CTGRY_CD,PRVDR_CTGRY_CD,4,YES
USA_CSV0000000000036154__19.csv,USA_CSV0000000000036154__21.csv,STATE_RGN_CD,STATE_RGN_CD,4,YES
USA_CSV0000000000036154__19.csv,USA_CSV0000000000037169__18.csv,SKLTN_REC_SW,SKLTN_REC_SW,4,NO
USA_CSV0000000000036154__19.csv,USA_CSV0000000000036154__21.csv,CBSA_URBN_RRL_IND,CBSA_URBN_RRL_IND,4,NO
USA_CSV0000000000036154__19.csv,USA_CSV0000000000037169__7.csv,SSA_STATE_CD,SSA_STATE_CD,4,YES
USA_CSV0000000000036154__19.csv,USA_CSV0000000000036154__21.csv,SSA_STATE_CD,SSA_STATE_CD,4,YES
SG_CSV0000000000000044__6.csv,SG_CSV0000000000000047__2.csv,building_name,building_name,4,YES
SG_CSV0000000000000044__6.csv,SG_CSV0000000000000047__2.csv,primary_ssic_code,primary_ssic_code,4,YES
SG_CSV0000000000000047__2.csv,SG_CSV0000000000000047__8.csv,primary_ssic_code,primary_ssic_code,4,YES
CAN_CSV0000000000001487__34.csv,CAN_CSV0000000000027349__23.csv,DNSTY_ALTD,DNSTY_ALTD,4,NO
CAN_CSV0000000000001487__34.csv,CAN_CSV0000000000001487__35.csv,DNSTY_ALTD,DNSTY_ALTD,4,NO
CAN_CSV0000000000001487__34.csv,CAN_CSV0000000000027349__20.csv,DNSTY_ALTD,DNSTY_ALTD,4,NO
CAN_CSV0000000000001487__25.csv,CAN_CSV0000000000001487__34.csv,DNSTY_ALTD,DNSTY_ALTD,4,NO
CAN_CSV0000000000001487__34.csv,CAN_CSV0000000000027349__21.csv,DNSTY_ALTD,DNSTY_ALTD,4,NO
CAN_CSV0000000000001487__28.csv,CAN_CSV0000000000001487__34.csv,DNSTY_ALTD,DNSTY_ALTD,4,NO
UK_CSV0000000000002010__13.csv,UK_CSV0000000000002010__6.csv,Circulation,Circulation,4,YES
UK_CSV0000000000002010__13.csv,UK_CSV0000000000002010__9.csv,Circulation,Circulation,4,YES
UK_CSV0000000000002010__13.csv,UK_CSV0000000000006676__34.csv,Circulation,Circulation,4,YES
UK_CSV0000000000002010__13.csv,UK_CSV0000000000006676__9.csv,Circulation,Circulation,4,YES
UK_CSV0000000000002010__13.csv,UK_CSV0000000000002010__8.csv,Circulation,Circulation,4,YES
UK_CSV0000000000002010__10.csv,UK_CSV0000000000002010__13.csv,Circulation,Circulation,4,YES
UK_CSV0000000000002010__13.csv,UK_CSV0000000000003896__13.csv,Revision Flag,Revision Flag,4,NO
UK_CSV0000000000002010__13.csv,UK_CSV0000000000003896__3.csv,Revision Flag,Revision Flag,4,NO
UK_CSV0000000000002010__13.csv,UK_CSV0000000000002010__6.csv,Kidney Disease,Kidney Disease,4,NO
UK_CSV0000000000002010__13.csv,UK_CSV0000000000006676__2.csv,Kidney Disease,Kidney Disease,4,NO
UK_CSV0000000000002010__13.csv,UK_CSV0000000000006676__34.csv,Post-Op Q EQ VAS,Post-Op Q EQ VAS,4,YES
UK_CSV0000000000002010__13.csv,UK_CSV0000000000002010__3.csv,Post-Op Q EQ VAS,Post-Op Q EQ VAS,4,YES
UK_CSV0000000000002010__13.csv,UK_CSV0000000000002010__17.csv,Post-Op Q EQ VAS,Post-Op Q EQ VAS,4,YES
UK_CSV0000000000002010__13.csv,UK_CSV0000000000003896__8.csv,Post-Op Q Anxiety,Post-Op Q Anxiety,4,YES
UK_CSV0000000000002010__13.csv,UK_CSV0000000000003896__13.csv,Post-Op Q Anxiety,Post-Op Q Anxiety,4,YES
UK_CSV0000000000002010__13.csv,UK_CSV0000000000002010__6.csv,Post-Op Q Anxiety,Post-Op Q Anxiety,4,YES
UK_CSV0000000000002010__13.csv,UK_CSV0000000000002010__9.csv,Post-Op Q Anxiety,Post-Op Q Anxiety,4,YES
UK_CSV0000000000002010__13.csv,UK_CSV0000000000002010__6.csv,Pre-Op Q Activity,Pre-Op Q Activity,4,YES
UK_CSV0000000000002010__13.csv,UK_CSV0000000000003896__3.csv,Pre-Op Q Activity,Pre-Op Q Activity,4,YES
UK_CSV0000000000002010__13.csv,UK_CSV0000000000002010__9.csv,Pre-Op Q Activity,Pre-Op Q Activity,4,YES
UK_CSV0000000000002010__13.csv,UK_CSV0000000000002010__21.csv,Pre-Op Q Activity,Pre-Op Q Activity,4,YES
UK_CSV0000000000002010__13.csv,UK_CSV0000000000002010__8.csv,Pre-Op Q Activity,Pre-Op Q Activity,4,YES
UK_CSV0000000000002010__10.csv,UK_CSV0000000000002010__13.csv,Pre-Op Q Activity,Pre-Op Q Activity,4,YES
CAN_CSV0000000000001358__23.csv,CAN_CSV0000000000001358__9.csv,Time hh:mm:ss,Time hh:mm:ss,4,YES
USA_CSV0000000000035412__0.csv,USA_CSV0000000000035412__14.csv,Arrival DtTm,Arrival DtTm,4,YES
USA_CSV0000000000035412__0.csv,USA_CSV0000000000035412__14.csv,Call Number,Call Number,4,YES
USA_CSV0000000000035412__14.csv,USA_CSV0000000000035412__8.csv,Other Units,Other Units,4,NO
USA_CSV0000000000035412__0.csv,USA_CSV0000000000035412__14.csv,Suppression Units,Suppression Units,4,NO
USA_CSV0000000000035554__13.csv,USA_CSV0000000000035554__15.csv,ETHNICITY1,ETHNICITY1,4,YES
USA_CSV0000000000035554__13.csv,USA_CSV0000000000035554__15.csv,EDUCATION2,EDUCATION2,4,YES
USA_CSV0000000000035554__15.csv,USA_CSV0000000000035554__16.csv,EDUCATION2,EDUCATION2,4,YES
USA_CSV0000000000035554__13.csv,USA_CSV0000000000035554__15.csv,EDUCATION3,EDUCATION3,4,YES
USA_CSV0000000000035554__15.csv,USA_CSV0000000000035554__16.csv,EDUCATION3,EDUCATION3,4,YES
USA_CSV0000000000033413.csv,USA_CSV0000000000035509__5.csv,OrganizationLevel,OrganizationLevel,4,YES
USA_CSV0000000000033413.csv,USA_CSV0000000000035509__5.csv,DistrictName,DistrictName,4,YES
USA_CSV0000000000035509__5.csv,USA_CSV0000000000036823.csv,DistrictName,DistrictName,4,YES
USA_CSV0000000000034882__30.csv,USA_CSV0000000000037101__3.csv,ACCESS_CONTROL,ACCESS_CONTROL,4,YES
USA_CSV0000000000034882__26.csv,USA_CSV0000000000034882__30.csv,ACCESS_CONTROL,ACCESS_CONTROL,4,YES
USA_CSV0000000000033847__5.csv,USA_CSV0000000000034882__30.csv,PERC_COMBINATION,PERC_COMBINATION,4,NO
USA_CSV0000000000034882__14.csv,USA_CSV0000000000034882__30.csv,PERC_COMBINATION,PERC_COMBINATION,4,NO
USA_CSV0000000000034882__30.csv,USA_CSV0000000000037101__3.csv,CLIMATE_ZONE,CLIMATE_ZONE,4,YES
USA_CSV0000000000034882__30.csv,USA_CSV0000000000034882__9.csv,CLIMATE_ZONE,CLIMATE_ZONE,4,YES
USA_CSV0000000000033847__5.csv,USA_CSV0000000000034882__30.csv,PERC_SIGHT,PERC_SIGHT,4,NO
USA_CSV0000000000034882__30.csv,USA_CSV0000000000037101__20.csv,PERC_SIGHT,PERC_SIGHT,4,NO
USA_CSV0000000000033847__4.csv,USA_CSV0000000000034882__30.csv,PERC_SIGHT,PERC_SIGHT,4,NO
CAN_CSV0000000000001787__16.csv,CAN_CSV0000000000001797__5.csv,RentLocation,RentLocation,4,YES
CAN_CSV0000000000001724__45.csv,CAN_CSV0000000000001787__16.csv,RentLocation,RentLocation,4,YES
CAN_CSV0000000000001787__16.csv,CAN_CSV0000000000001797__43.csv,RentLocation,RentLocation,4,YES
SG_CSV0000000000000030__8.csv,SG_CSV0000000000000047__8.csv,secondary_ssic_code,secondary_ssic_code,4,YES
SG_CSV0000000000000044__6.csv,SG_CSV0000000000000047__8.csv,primary_ssic_code,primary_ssic_code,4,YES
UK_CSV0000000000002183__1.csv,UK_CSV0000000000002183__16.csv,iPlayerUHDPeak,iPlayerUHDPeak,4,NO
UK_CSV0000000000002183__16.csv,UK_CSV0000000000002183__4.csv,iPlayerUHDPeak,iPlayerUHDPeak,4,NO
UK_CSV0000000000002183__16.csv,UK_CSV0000000000002183__8.csv,iPlayerUHDPeak,iPlayerUHDPeak,4,NO
UK_CSV0000000000002183__16.csv,UK_CSV0000000000002183__9.csv,iPlayerUHDPeak,iPlayerUHDPeak,4,NO
UK_CSV0000000000002183__1.csv,UK_CSV0000000000002183__16.csv,NetflixFailedPeak,NetflixFailedPeak,4,NO
UK_CSV0000000000002183__16.csv,UK_CSV0000000000002183__4.csv,NetflixFailedPeak,NetflixFailedPeak,4,NO
UK_CSV0000000000002183__16.csv,UK_CSV0000000000002183__8.csv,NetflixFailedPeak,NetflixFailedPeak,4,NO
UK_CSV0000000000002183__1.csv,UK_CSV0000000000002183__16.csv,iPlayerSD24hr,iPlayerSD24hr,4,NO
UK_CSV0000000000002183__16.csv,UK_CSV0000000000002183__4.csv,iPlayerSD24hr,iPlayerSD24hr,4,NO
UK_CSV0000000000002183__16.csv,UK_CSV0000000000002183__8.csv,iPlayerSD24hr,iPlayerSD24hr,4,NO
UK_CSV0000000000002183__16.csv,UK_CSV0000000000002183__9.csv,iPlayerSD24hr,iPlayerSD24hr,4,NO
UK_CSV0000000000002183__16.csv,UK_CSV0000000000002183__9.csv,Download - 18-19pm,Download - 18-19pm,4,NO
UK_CSV0000000000002183__16.csv,UK_CSV0000000000002183__8.csv,Download - 18-19pm,Download - 18-19pm,4,NO
UK_CSV0000000000002183__16.csv,UK_CSV0000000000002183__9.csv,Packet Loss - 24h,Packet Loss - 24h,4,NO
UK_CSV0000000000002183__16.csv,UK_CSV0000000000002183__8.csv,Packet Loss - 24h,Packet Loss - 24h,4,NO
UK_CSV0000000000002183__16.csv,UK_CSV0000000000002183__9.csv,YouTubeFailed24hr,YouTubeFailed24hr,4,NO
UK_CSV0000000000002183__16.csv,UK_CSV0000000000002183__8.csv,YouTubeFailed24hr,YouTubeFailed24hr,4,NO
UK_CSV0000000000002183__1.csv,UK_CSV0000000000002183__16.csv,Latency - 24h,Latency - 24h,4,NO
UK_CSV0000000000002183__16.csv,UK_CSV0000000000002183__9.csv,Download - 6am-12am,Download - 6am-12am,4,NO
UK_CSV0000000000002183__16.csv,UK_CSV0000000000002183__8.csv,Download - 6am-12am,Download - 6am-12am,4,NO
UK_CSV0000000000002183__1.csv,UK_CSV0000000000002183__16.csv,Web loading - 24h,Web loading - 24h,4,NO
UK_CSV0000000000002183__16.csv,UK_CSV0000000000002183__4.csv,Web loading - 24h,Web loading - 24h,4,NO
CAN_CSV0000000000027349__23.csv,CAN_CSV0000000000027353__18.csv,LTNG_DIS_RMK,LTNG_DIS_RMK,4,YES
CAN_CSV0000000000027349__20.csv,CAN_CSV0000000000027353__18.csv,LTNG_DIS_RMK,LTNG_DIS_RMK,4,YES
CAN_CSV0000000000027353__18.csv,CAN_CSV0000000000027354__6.csv,LTNG_DIS_RMK,LTNG_DIS_RMK,4,YES
CAN_CSV0000000000027349__21.csv,CAN_CSV0000000000027353__18.csv,LTNG_DIS_RMK,LTNG_DIS_RMK,4,YES
CAN_CSV0000000000027349__23.csv,CAN_CSV0000000000027353__18.csv,OBS_DATETIME_UTC,OBS_DATETIME_UTC,4,YES
CAN_CSV0000000000027349__20.csv,CAN_CSV0000000000027353__18.csv,OBS_DATETIME_UTC,OBS_DATETIME_UTC,4,YES
CAN_CSV0000000000027346__12.csv,CAN_CSV0000000000027353__18.csv,OBS_DATETIME_UTC,OBS_DATETIME_UTC,4,YES
CAN_CSV0000000000027353__18.csv,CAN_CSV0000000000027354__6.csv,OBS_DATETIME_UTC,OBS_DATETIME_UTC,4,YES
CAN_CSV0000000000027349__21.csv,CAN_CSV0000000000027353__18.csv,OBS_DATETIME_UTC,OBS_DATETIME_UTC,4,YES
CAN_CSV0000000000027346__14.csv,CAN_CSV0000000000027353__18.csv,OBS_DATETIME_UTC,OBS_DATETIME_UTC,4,YES
CAN_CSV0000000000027349__23.csv,CAN_CSV0000000000027353__18.csv,AVG_MSLP_PST1MT,AVG_MSLP_PST1MT,4,NO
CAN_CSV0000000000001487__35.csv,CAN_CSV0000000000027353__18.csv,AVG_MSLP_PST1MT,AVG_MSLP_PST1MT,4,NO
CAN_CSV0000000000001487__9.csv,CAN_CSV0000000000027353__18.csv,AVG_MSLP_PST1MT,AVG_MSLP_PST1MT,4,NO
CAN_CSV0000000000027349__20.csv,CAN_CSV0000000000027353__18.csv,AVG_MSLP_PST1MT,AVG_MSLP_PST1MT,4,NO
CAN_CSV0000000000027349__21.csv,CAN_CSV0000000000027353__18.csv,AVG_MSLP_PST1MT,AVG_MSLP_PST1MT,4,NO
CAN_CSV0000000000001487__34.csv,CAN_CSV0000000000027353__18.csv,AVG_MSLP_PST1MT,AVG_MSLP_PST1MT,4,NO
CAN_CSV0000000000001705__2.csv,CAN_CSV0000000000001709__5.csv,Wired_5_1_Filaire,Wired_5_1_Filaire,4,NO
UK_CSV0000000000002183__1.csv,UK_CSV0000000000002183__8.csv,Disconnections,Disconnections,4,NO
UK_CSV0000000000002183__4.csv,UK_CSV0000000000002183__8.csv,Disconnections,Disconnections,4,NO
UK_CSV0000000000002183__8.csv,UK_CSV0000000000003467__16.csv,Disconnections,Disconnections,4,NO
UK_CSV0000000000002183__1.csv,UK_CSV0000000000002183__8.csv,iPlayerUHD24hr,iPlayerUHD24hr,4,NO
UK_CSV0000000000002183__8.csv,UK_CSV0000000000002183__9.csv,iPlayerUHD24hr,iPlayerUHD24hr,4,NO
UK_CSV0000000000002183__4.csv,UK_CSV0000000000002183__8.csv,iPlayerUHD24hr,iPlayerUHD24hr,4,NO
UK_CSV0000000000002183__1.csv,UK_CSV0000000000002183__8.csv,NetflixFailedPeak,NetflixFailedPeak,4,NO
UK_CSV0000000000002183__4.csv,UK_CSV0000000000002183__8.csv,NetflixFailedPeak,NetflixFailedPeak,4,NO
UK_CSV0000000000002183__8.csv,UK_CSV0000000000002183__9.csv,NetflixFailedPeak,NetflixFailedPeak,4,NO
UK_CSV0000000000002183__16.csv,UK_CSV0000000000002183__8.csv,NetflixFailedPeak,NetflixFailedPeak,4,NO
UK_CSV0000000000002183__1.csv,UK_CSV0000000000002183__8.csv,NetflixHD24hr,NetflixHD24hr,4,4NO
UK_CSV0000000000002183__8.csv,UK_CSV0000000000002183__9.csv,NetflixHD24hr,NetflixHD24hr,4,4NO
UK_CSV0000000000002183__4.csv,UK_CSV0000000000002183__8.csv,NetflixHD24hr,NetflixHD24hr,4,4NO
UK_CSV0000000000002183__1.csv,UK_CSV0000000000002183__8.csv,iPlayerSDPeak,iPlayerSDPeak,4,NO
UK_CSV0000000000002183__8.csv,UK_CSV0000000000002183__9.csv,iPlayerSDPeak,iPlayerSDPeak,4,NO
UK_CSV0000000000002183__4.csv,UK_CSV0000000000002183__8.csv,iPlayerSDPeak,iPlayerSDPeak,4,NO
UK_CSV0000000000002183__1.csv,UK_CSV0000000000002183__8.csv,DNS Rate - peak,DNS Rate - peak,4,NO
UK_CSV0000000000002183__8.csv,UK_CSV0000000000002183__9.csv,DNS Rate - peak,DNS Rate - peak,4,NO
UK_CSV0000000000002183__4.csv,UK_CSV0000000000002183__8.csv,DNS Rate - peak,DNS Rate - peak,4,NO
UK_CSV0000000000002183__1.csv,UK_CSV0000000000002183__8.csv,iPlayerSD24hr,iPlayerSD24hr,4,NO
UK_CSV0000000000002183__4.csv,UK_CSV0000000000002183__8.csv,iPlayerSD24hr,iPlayerSD24hr,4,NO
UK_CSV0000000000002183__8.csv,UK_CSV0000000000002183__9.csv,iPlayerSD24hr,iPlayerSD24hr,4,NO
UK_CSV0000000000002183__16.csv,UK_CSV0000000000002183__8.csv,iPlayerSD24hr,iPlayerSD24hr,4,NO
UK_CSV0000000000002183__1.csv,UK_CSV0000000000002183__8.csv,iPlayerUHDPeak,iPlayerUHDPeak,4,NO
UK_CSV0000000000002183__4.csv,UK_CSV0000000000002183__8.csv,iPlayerUHDPeak,iPlayerUHDPeak,4,NO
UK_CSV0000000000002183__8.csv,UK_CSV0000000000002183__9.csv,iPlayerUHDPeak,iPlayerUHDPeak,4,NO
UK_CSV0000000000002183__1.csv,UK_CSV0000000000002183__8.csv,Technology,Technology,4,YES
UK_CSV0000000000002183__4.csv,UK_CSV0000000000002183__8.csv,Technology,Technology,4,YES
CAN_CSV0000000000027349__23.csv,CAN_CSV0000000000027354__18.csv,AVG_MSLP_PST1MT,AVG_MSLP_PST1MT,4,NO
CAN_CSV0000000000001487__35.csv,CAN_CSV0000000000027354__18.csv,AVG_MSLP_PST1MT,AVG_MSLP_PST1MT,4,NO
CAN_CSV0000000000001487__9.csv,CAN_CSV0000000000027354__18.csv,AVG_MSLP_PST1MT,AVG_MSLP_PST1MT,4,NO
CAN_CSV0000000000027349__20.csv,CAN_CSV0000000000027354__18.csv,AVG_MSLP_PST1MT,AVG_MSLP_PST1MT,4,NO
CAN_CSV0000000000027349__21.csv,CAN_CSV0000000000027354__18.csv,AVG_MSLP_PST1MT,AVG_MSLP_PST1MT,4,NO
CAN_CSV0000000000001705__2.csv,CAN_CSV0000000000001708__4.csv,Wired_5_1_Filaire,Wired_5_1_Filaire,4,NO
CAN_CSV0000000000001708__4.csv,CAN_CSV0000000000001709__5.csv,Wired_5_1_Filaire,Wired_5_1_Filaire,4,NO
CAN_CSV0000000000001708__4.csv,CAN_CSV0000000000001710__1.csv,Wired_10_2_Filaire,Wired_10_2_Filaire,4,NO
CAN_CSV0000000000001724__39.csv,CAN_CSV0000000000001797__5.csv,RentLocation,RentLocation,4,YES
CAN_CSV0000000000001724__39.csv,CAN_CSV0000000000001724__45.csv,RentLocation,RentLocation,4,YES
CAN_CSV0000000000001724__39.csv,CAN_CSV0000000000001797__43.csv,RentLocation,RentLocation,4,YES
CAN_CSV0000000000001724__39.csv,CAN_CSV0000000000001797__13.csv,RentLocation,RentLocation,4,YES
CAN_CSV0000000000001724__39.csv,CAN_CSV0000000000001787__8.csv,RentLocation,RentLocation,4,YES
CAN_CSV0000000000001470__14.csv,CAN_CSV0000000000001471__5.csv,No CAS / CAS Number,No CAS / CAS Number,4,YES
UK_CSV0000000000005854__10.csv,UK_CSV0000000000005854__14.csv,Intensity of care,Intensity of care,4,NO
UK_CSV0000000000005854__10.csv,UK_CSV0000000000005854__14.csv,% with CPA review,% with CPA review,4,NO
CAN_CSV0000000000001909__8.csv,CAN_CSV0000000000001960__5.csv,supplier-legal-name,supplier-legal-name,4,YES
SG_CSV0000000000000925__10.csv,SG_CSV0000000000001714__40.csv,yearbornin_1_slice1,yearbornin_1_slice1,4,NO
SG_CSV0000000000000925__10.csv,SG_CSV0000000000001714__40.csv,ban_children4,ban_children4,4,NO
SG_CSV0000000000000925__6.csv,SG_CSV0000000000001714__40.csv,ban_children4,ban_children4,4,NO
SG_CSV0000000000000925__0.csv,SG_CSV0000000000001714__40.csv,ban_children4,ban_children4,4,NO
SG_CSV0000000000000925__3.csv,SG_CSV0000000000001714__40.csv,ban_children4,ban_children4,4,NO
SG_CSV0000000000000925__10.csv,SG_CSV0000000000001714__40.csv,ban_gender,ban_gender,4,NO
SG_CSV0000000000000925__35.csv,SG_CSV0000000000001714__40.csv,ban_q18_q192,ban_q18_q192,4,NO
CAN_CSV0000000000027349__23.csv,CAN_CSV0000000000027354__5.csv,DATA_ATTRIB_NOT,DATA_ATTRIB_NOT,4,NO
CAN_CSV0000000000027349__23.csv,CAN_CSV0000000000027354__5.csv,LTNG_DIS_RMK,LTNG_DIS_RMK,4,YES
CAN_CSV0000000000027349__20.csv,CAN_CSV0000000000027354__5.csv,LTNG_DIS_RMK,LTNG_DIS_RMK,4,YES
CAN_CSV0000000000027354__5.csv,CAN_CSV0000000000027354__6.csv,LTNG_DIS_RMK,LTNG_DIS_RMK,4,YES
CAN_CSV0000000000027349__21.csv,CAN_CSV0000000000027354__5.csv,LTNG_DIS_RMK,LTNG_DIS_RMK,4,YES
CAN_CSV0000000000027354__5.csv,CAN_CSV0000000000027354__6.csv,MIN_AIR_TEMP_PST1HR,MIN_AIR_TEMP_PST1HR,4,NO
CAN_CSV0000000000027346__14.csv,CAN_CSV0000000000027354__5.csv,MIN_AIR_TEMP_PST1HR,MIN_AIR_TEMP_PST1HR,4,NO
CAN_CSV0000000000027353__2.csv,CAN_CSV0000000000027354__5.csv,MIN_AIR_TEMP_PST1HR,MIN_AIR_TEMP_PST1HR,4,NO
CAN_CSV0000000000027354__5.csv,CAN_CSV0000000000027355__11.csv,MIN_AIR_TEMP_PST1HR,MIN_AIR_TEMP_PST1HR,4,NO
CAN_CSV0000000000027349__23.csv,CAN_CSV0000000000027354__5.csv,OBS_DATETIME_UTC,OBS_DATETIME_UTC,4,YES
CAN_CSV0000000000027349__20.csv,CAN_CSV0000000000027354__5.csv,OBS_DATETIME_UTC,OBS_DATETIME_UTC,4,YES
CAN_CSV0000000000027346__12.csv,CAN_CSV0000000000027354__5.csv,OBS_DATETIME_UTC,OBS_DATETIME_UTC,4,YES
CAN_CSV0000000000027354__5.csv,CAN_CSV0000000000027354__6.csv,OBS_DATETIME_UTC,OBS_DATETIME_UTC,4,YES
CAN_CSV0000000000027349__21.csv,CAN_CSV0000000000027354__5.csv,OBS_DATETIME_UTC,OBS_DATETIME_UTC,4,YES
CAN_CSV0000000000001797__43.csv,CAN_CSV0000000000001797__5.csv,RentLocation,RentLocation,4,YES
CAN_CSV0000000000001724__45.csv,CAN_CSV0000000000001797__43.csv,RentLocation,RentLocation,4,YES
CAN_CSV0000000000001797__13.csv,CAN_CSV0000000000001797__43.csv,RentLocation,RentLocation,4,YES
USA_CSV0000000000035897__25.csv,USA_CSV0000000000035897__26.csv,LANE_CLOSED,LANE_CLOSED,4,NO
USA_CSV0000000000035897__25.csv,USA_CSV0000000000035897__26.csv,MODERATE_INJURY,MODERATE_INJURY,4,NO
USA_CSV0000000000035897__25.csv,USA_CSV0000000000035897__8.csv,HVY_TRUCK_RELATED,HVY_TRUCK_RELATED,4,NO
USA_CSV0000000000035897__25.csv,USA_CSV0000000000035897__4.csv,HVY_TRUCK_RELATED,HVY_TRUCK_RELATED,4,NO
USA_CSV0000000000035897__25.csv,USA_CSV0000000000035897__26.csv,SCHOOL_ZONE,SCHOOL_ZONE,4,NO
USA_CSV0000000000035897__25.csv,USA_CSV0000000000035897__8.csv,MAJ_INJ_COUNT,MAJ_INJ_COUNT,4,NO
USA_CSV0000000000035897__25.csv,USA_CSV0000000000035897__4.csv,MAJ_INJ_COUNT,MAJ_INJ_COUNT,4,NO
USA_CSV0000000000035897__25.csv,USA_CSV0000000000035897__26.csv,MAJ_INJ_COUNT,MAJ_INJ_COUNT,4,NO
USA_CSV0000000000035897__25.csv,USA_CSV0000000000035897__8.csv,MOTORCYCLE_COUNT,MOTORCYCLE_COUNT,4,NO
USA_CSV0000000000035897__25.csv,USA_CSV0000000000035897__26.csv,MOTORCYCLE_COUNT,MOTORCYCLE_COUNT,4,NO
USA_CSV0000000000035897__25.csv,USA_CSV0000000000035897__8.csv,DRUGGED_DRIVER,DRUGGED_DRIVER,4,NO
USA_CSV0000000000035897__25.csv,USA_CSV0000000000035897__4.csv,DRUGGED_DRIVER,DRUGGED_DRIVER,4,NO
USA_CSV0000000000035897__25.csv,USA_CSV0000000000035897__26.csv,DRUGGED_DRIVER,DRUGGED_DRIVER,4,NO
USA_CSV0000000000035897__25.csv,USA_CSV0000000000035897__8.csv,STOP_CONTROLLED_INT,STOP_CONTROLLED_INT,4,NO
USA_CSV0000000000035897__25.csv,USA_CSV0000000000035897__26.csv,STOP_CONTROLLED_INT,STOP_CONTROLLED_INT,4,NO
USA_CSV0000000000035897__25.csv,USA_CSV0000000000035897__44.csv,STOP_CONTROLLED_INT,STOP_CONTROLLED_INT,4,NO
USA_CSV0000000000035897__25.csv,USA_CSV0000000000035897__8.csv,DRIVER_COUNT_75PLUS,DRIVER_COUNT_75PLUS,4,NO
USA_CSV0000000000035897__25.csv,USA_CSV0000000000035897__4.csv,DRIVER_COUNT_75PLUS,DRIVER_COUNT_75PLUS,4,NO
USA_CSV0000000000035897__25.csv,USA_CSV0000000000035897__8.csv,VEHICLE_COUNT,VEHICLE_COUNT,4,NO
USA_CSV0000000000035897__25.csv,USA_CSV0000000000035897__26.csv,VEHICLE_COUNT,VEHICLE_COUNT,4,NO
USA_CSV0000000000035897__25.csv,USA_CSV0000000000035897__8.csv,DRINKING_DRIVER,DRINKING_DRIVER,4,NO
USA_CSV0000000000035897__25.csv,USA_CSV0000000000035897__4.csv,DRINKING_DRIVER,DRINKING_DRIVER,4,NO
USA_CSV0000000000035897__25.csv,USA_CSV0000000000035897__4.csv,HIT_BARRIER,HIT_BARRIER,4,NO
USA_CSV0000000000035897__25.csv,USA_CSV0000000000035897__26.csv,HIT_BARRIER,HIT_BARRIER,4,NO
USA_CSV0000000000035897__25.csv,USA_CSV0000000000035897__26.csv,SNOW_SLUSH_ROAD,SNOW_SLUSH_ROAD,4,NO
USA_CSV0000000000035897__25.csv,USA_CSV0000000000035897__44.csv,DRIVER_COUNT_17YR,DRIVER_COUNT_17YR,4,NO
USA_CSV0000000000035897__25.csv,USA_CSV0000000000035897__26.csv,DRIVER_COUNT_17YR,DRIVER_COUNT_17YR,4,NO
USA_CSV0000000000035897__25.csv,USA_CSV0000000000035897__26.csv,CELL_PHONE,CELL_PHONE,4,YES
USA_CSV0000000000035897__25.csv,USA_CSV0000000000035897__44.csv,CELL_PHONE,CELL_PHONE,4,YES
USA_CSV0000000000035897__25.csv,USA_CSV0000000000035897__4.csv,DRIVER_75PLUS,DRIVER_75PLUS,4,NO
USA_CSV0000000000035897__25.csv,USA_CSV0000000000035897__26.csv,DRIVER_75PLUS,DRIVER_75PLUS,4,NO
USA_CSV0000000000035897__25.csv,USA_CSV0000000000035897__8.csv,NON_INTERSECTION,NON_INTERSECTION,4,NO
USA_CSV0000000000035897__25.csv,USA_CSV0000000000035897__26.csv,NON_INTERSECTION,NON_INTERSECTION,4,NO
USA_CSV0000000000035897__25.csv,USA_CSV0000000000035897__44.csv,NON_INTERSECTION,NON_INTERSECTION,4,NO
USA_CSV0000000000035897__25.csv,USA_CSV0000000000035897__26.csv,DRIVER_18YR,DRIVER_18YR,4,NO
USA_CSV0000000000035897__25.csv,USA_CSV0000000000035897__26.csv,MOTORCYCLE,MOTORCYCLE,4,NO
USA_CSV0000000000035897__25.csv,USA_CSV0000000000035897__8.csv,PERSON_COUNT,PERSON_COUNT,4,NO
USA_CSV0000000000035897__25.csv,USA_CSV0000000000035897__26.csv,PERSON_COUNT,PERSON_COUNT,4,NO
USA_CSV0000000000035897__25.csv,USA_CSV0000000000035897__26.csv,MIN_INJ_COUNT,MIN_INJ_COUNT,4,NO
USA_CSV0000000000035897__25.csv,USA_CSV0000000000035897__8.csv,FATAL_OR_MAJ_INJ,FATAL_OR_MAJ_INJ,4,NO
USA_CSV0000000000035897__25.csv,USA_CSV0000000000035897__26.csv,FATAL_OR_MAJ_INJ,FATAL_OR_MAJ_INJ,4,NO
USA_CSV0000000000035897__25.csv,USA_CSV0000000000035897__44.csv,FATAL_OR_MAJ_INJ,FATAL_OR_MAJ_INJ,4,NO
USA_CSV0000000000035897__25.csv,USA_CSV0000000000035897__26.csv,MAX_SEVERITY_LEVEL,MAX_SEVERITY_LEVEL,4,YES
USA_CSV0000000000035897__25.csv,USA_CSV0000000000035897__26.csv,ROADWAY_CRN,ROADWAY_CRN,4,YES
USA_CSV0000000000035897__25.csv,USA_CSV0000000000035897__4.csv,BELTED_DEATH_COUNT,BELTED_DEATH_COUNT,4,NO
USA_CSV0000000000035897__25.csv,USA_CSV0000000000035897__44.csv,URBAN_RURAL,URBAN_RURAL,4,NO
USA_CSV0000000000035897__25.csv,USA_CSV0000000000035897__26.csv,URBAN_RURAL,URBAN_RURAL,4,NO
USA_CSV0000000000035897__25.csv,USA_CSV0000000000035897__4.csv,OVERTURNED,OVERTURNED,4,NO
USA_CSV0000000000035897__25.csv,USA_CSV0000000000035897__26.csv,OVERTURNED,OVERTURNED,4,NO
USA_CSV0000000000035897__25.csv,USA_CSV0000000000035897__4.csv,LIMIT_65MPH,LIMIT_65MPH,4,NO
USA_CSV0000000000035897__25.csv,USA_CSV0000000000035897__26.csv,LIMIT_65MPH,LIMIT_65MPH,4,NO
USA_CSV0000000000035897__25.csv,USA_CSV0000000000035897__44.csv,LIMIT_65MPH,LIMIT_65MPH,4,NO
USA_CSV0000000000035897__25.csv,USA_CSV0000000000035897__8.csv,FIRE_IN_VEHICLE,FIRE_IN_VEHICLE,4,NO
USA_CSV0000000000035897__25.csv,USA_CSV0000000000035897__26.csv,FIRE_IN_VEHICLE,FIRE_IN_VEHICLE,4,NO
USA_CSV0000000000035897__25.csv,USA_CSV0000000000035897__8.csv,UNK_INJ_PER_COUNT,UNK_INJ_PER_COUNT,4,NO
USA_CSV0000000000035897__25.csv,USA_CSV0000000000035897__8.csv,FATIGUE_ASLEEP,FATIGUE_ASLEEP,4,NO
USA_CSV0000000000035897__25.csv,USA_CSV0000000000035897__26.csv,FATIGUE_ASLEEP,FATIGUE_ASLEEP,4,NO
USA_CSV0000000000035897__25.csv,USA_CSV0000000000035897__26.csv,DRIVER_20YR,DRIVER_20YR,4,NO
USA_CSV0000000000035897__25.csv,USA_CSV0000000000035897__26.csv,COLLISION_TYPE,COLLISION_TYPE,4,YES
USA_CSV0000000000035897__25.csv,USA_CSV0000000000035897__8.csv,HAZARDOUS_TRUCK,HAZARDOUS_TRUCK,4,NO
USA_CSV0000000000035897__25.csv,USA_CSV0000000000035897__26.csv,HAZARDOUS_TRUCK,HAZARDOUS_TRUCK,4,NO
USA_CSV0000000000035897__25.csv,USA_CSV0000000000035897__8.csv,SV_RUN_OFF_RD,SV_RUN_OFF_RD,4,NO
USA_CSV0000000000035897__25.csv,USA_CSV0000000000035897__26.csv,SV_RUN_OFF_RD,SV_RUN_OFF_RD,4,NO
USA_CSV0000000000035897__25.csv,USA_CSV0000000000035897__26.csv,BICYCLE_DEATH_COUNT,BICYCLE_DEATH_COUNT,4,NO
USA_CSV0000000000035897__25.csv,USA_CSV0000000000035897__44.csv,BICYCLE_DEATH_COUNT,BICYCLE_DEATH_COUNT,4,NO
USA_CSV0000000000035897__25.csv,USA_CSV0000000000035897__8.csv,CRASH_YEAR,CRASH_YEAR,4,YES
USA_CSV0000000000035897__25.csv,USA_CSV0000000000035897__26.csv,CRASH_YEAR,CRASH_YEAR,4,YES
USA_CSV0000000000035897__25.csv,USA_CSV0000000000035897__44.csv,DEER_RELATED,DEER_RELATED,4,NO
USA_CSV0000000000035897__25.csv,USA_CSV0000000000035897__26.csv,DEER_RELATED,DEER_RELATED,4,NO
USA_CSV0000000000035897__25.csv,USA_CSV0000000000035897__26.csv,ROAD_OWNER,ROAD_OWNER,4,YES
USA_CSV0000000000035897__25.csv,USA_CSV0000000000035897__8.csv,TAILGATING,TAILGATING,4,NO
USA_CSV0000000000035897__25.csv,USA_CSV0000000000035897__26.csv,INTERSTATE,INTERSTATE,4,NO
USA_CSV0000000000035897__25.csv,USA_CSV0000000000035897__44.csv,INTERSTATE,INTERSTATE,4,NO
USA_CSV0000000000035897__25.csv,USA_CSV0000000000035897__26.csv,SMALL_TRUCK_COUNT,SMALL_TRUCK_COUNT,4,NO
USA_CSV0000000000035897__25.csv,USA_CSV0000000000035897__4.csv,SMALL_TRUCK_COUNT,SMALL_TRUCK_COUNT,4,NO
USA_CSV0000000000035897__25.csv,USA_CSV0000000000035897__8.csv,INJURY_COUNT,INJURY_COUNT,4,NO
USA_CSV0000000000035897__25.csv,USA_CSV0000000000035897__26.csv,INJURY_COUNT,INJURY_COUNT,4,NO
USA_CSV0000000000035897__25.csv,USA_CSV0000000000035897__26.csv,SPEED_LIMIT,SPEED_LIMIT,4,YES
USA_CSV0000000000035897__25.csv,USA_CSV0000000000035897__4.csv,MAJOR_INJURY,MAJOR_INJURY,4,NO
USA_CSV0000000000035897__25.csv,USA_CSV0000000000035897__8.csv,ROADWAY_COUNTY,ROADWAY_COUNTY,4,NO
USA_CSV0000000000035897__25.csv,USA_CSV0000000000035897__26.csv,ROADWAY_COUNTY,ROADWAY_COUNTY,4,NO
SG_CSV0000000000000925__10.csv,SG_CSV0000000000000925__21.csv,respondent_serial,respondent_serial,4,YES
SG_CSV0000000000000925__10.csv,SG_CSV0000000000000925__21.csv,socialnetwork_dp07,socialnetwork_dp07,4,NO
SG_CSV0000000000000925__10.csv,SG_CSV0000000000000925__6.csv,socialnetwork_dp07,socialnetwork_dp07,4,NO
SG_CSV0000000000000925__0.csv,SG_CSV0000000000000925__10.csv,socialnetwork_dp07,socialnetwork_dp07,4,NO
SG_CSV0000000000000925__10.csv,SG_CSV0000000000000925__3.csv,socialnetwork_dp07,socialnetwork_dp07,4,NO
SG_CSV0000000000000925__10.csv,SG_CSV0000000000000925__4.csv,socialnetwork_dp07,socialnetwork_dp07,4,NO
SG_CSV0000000000000925__10.csv,SG_CSV0000000000000925__18.csv,ban_q18_q193,ban_q18_q193,4,NO
SG_CSV0000000000000925__10.csv,SG_CSV0000000000000925__6.csv,ban_no_ofchildren,ban_no_ofchildren,4,YES
SG_CSV0000000000000925__0.csv,SG_CSV0000000000000925__10.csv,ban_no_ofchildren,ban_no_ofchildren,4,YES
SG_CSV0000000000000925__10.csv,SG_CSV0000000000000925__3.csv,ban_no_ofchildren,ban_no_ofchildren,4,YES
SG_CSV0000000000000925__10.csv,SG_CSV0000000000000925__4.csv,ban_no_ofchildren,ban_no_ofchildren,4,YES
SG_CSV0000000000000925__10.csv,SG_CSV0000000000000925__2.csv,ban_no_ofchildren,ban_no_ofchildren,4,YES
SG_CSV0000000000000925__10.csv,SG_CSV0000000000000925__6.csv,rankmostimptchild_1,rankmostimptchild_1,4,NO
SG_CSV0000000000000925__0.csv,SG_CSV0000000000000925__10.csv,rankmostimptchild_1,rankmostimptchild_1,4,NO
SG_CSV0000000000000925__10.csv,SG_CSV0000000000000925__3.csv,rankmostimptchild_1,rankmostimptchild_1,4,NO
SG_CSV0000000000000925__10.csv,SG_CSV0000000000000925__4.csv,rankmostimptchild_1,rankmostimptchild_1,4,NO
SG_CSV0000000000000925__10.csv,SG_CSV0000000000000925__2.csv,rankmostimptchild_1,rankmostimptchild_1,4,NO
SG_CSV0000000000000925__10.csv,SG_CSV0000000000001714__6.csv,ban_q18_q194,ban_q18_q194,4,NO
SG_CSV0000000000000925__10.csv,SG_CSV0000000000000925__44.csv,ban_q18_q194,ban_q18_q194,4,NO
SG_CSV0000000000000925__10.csv,SG_CSV0000000000000925__21.csv,socialnetwork_dp10,socialnetwork_dp10,4,NO
SG_CSV0000000000000925__10.csv,SG_CSV0000000000000925__44.csv,socialnetwork_dp10,socialnetwork_dp10,4,NO
SG_CSV0000000000000925__10.csv,SG_CSV0000000000000925__18.csv,indicateage,indicateage,4,YES
SG_CSV0000000000000925__10.csv,SG_CSV0000000000000925__6.csv,ban_q18_q191,ban_q18_q191,4,NO
SG_CSV0000000000000925__0.csv,SG_CSV0000000000000925__10.csv,ban_q18_q191,ban_q18_q191,4,NO
SG_CSV0000000000000925__10.csv,SG_CSV0000000000000925__3.csv,ban_q18_q191,ban_q18_q191,4,NO
SG_CSV0000000000000925__10.csv,SG_CSV0000000000000925__4.csv,ban_q18_q191,ban_q18_q191,4,NO
SG_CSV0000000000000925__10.csv,SG_CSV0000000000001714__6.csv,ban_q18_q191,ban_q18_q191,4,NO
SG_CSV0000000000000925__10.csv,SG_CSV0000000000001714__40.csv,yearbornin_1_slice1,yearbornin_1_slice1,4,NO
SG_CSV0000000000000925__10.csv,SG_CSV0000000000001714__6.csv,ban_marital,ban_marital,4,YES
SG_CSV0000000000000925__10.csv,SG_CSV0000000000001714__40.csv,ban_gender,ban_gender,4,NO
SG_CSV0000000000000925__10.csv,SG_CSV0000000000001714__17.csv,ban_children3,ban_children3,4,YES
SG_CSV0000000000000925__10.csv,SG_CSV0000000000001714__14.csv,ban_children3,ban_children3,4,YES
UK_CSV0000000000002183__1.csv,UK_CSV0000000000003467__16.csv,Disconnections,Disconnections,4,NO
UK_CSV0000000000002183__4.csv,UK_CSV0000000000003467__16.csv,Disconnections,Disconnections,4,NO
UK_CSV0000000000002183__8.csv,UK_CSV0000000000003467__16.csv,Disconnections,Disconnections,4,NO
UK_CSV0000000000002183__9.csv,UK_CSV0000000000003467__16.csv,Disconnections,Disconnections,4,NO
UK_CSV0000000000003896__13.csv,UK_CSV0000000000003896__8.csv,Post-Op Q Anxiety,Post-Op Q Anxiety,4,YES
UK_CSV0000000000002010__6.csv,UK_CSV0000000000003896__13.csv,Post-Op Q Anxiety,Post-Op Q Anxiety,4,YES
UK_CSV0000000000002010__9.csv,UK_CSV0000000000003896__13.csv,Post-Op Q Anxiety,Post-Op Q Anxiety,4,YES
UK_CSV0000000000002010__8.csv,UK_CSV0000000000003896__13.csv,Post-Op Q Anxiety,Post-Op Q Anxiety,4,YES
UK_CSV0000000000002010__10.csv,UK_CSV0000000000003896__13.csv,Post-Op Q Anxiety,Post-Op Q Anxiety,4,YES
UK_CSV0000000000003896__13.csv,UK_CSV0000000000003896__8.csv,Pre-Op Q EQ VAS,Pre-Op Q EQ VAS,4,YES
UK_CSV0000000000002010__6.csv,UK_CSV0000000000003896__13.csv,Provider Code,Provider Code,4,YES
UK_CSV0000000000003896__13.csv,UK_CSV0000000000003896__3.csv,Pre-Op Q Anxiety,Pre-Op Q Anxiety,4,YES
UK_CSV0000000000003896__13.csv,UK_CSV0000000000003896__3.csv,Pre-Op Q Self-Care,Pre-Op Q Self-Care,4,YES
UK_CSV0000000000002010__30.csv,UK_CSV0000000000003896__13.csv,Pre-Op Q Self-Care,Pre-Op Q Self-Care,4,YES
UK_CSV0000000000002010__31.csv,UK_CSV0000000000003896__13.csv,Pre-Op Q Self-Care,Pre-Op Q Self-Care,4,YES
UK_CSV0000000000003896__13.csv,UK_CSV0000000000003896__3.csv,Revision Flag,Revision Flag,4,NO
SG_CSV0000000000000030__4.csv,SG_CSV0000000000000030__8.csv,address_type,address_type,4,YES
CAN_CSV0000000000027346__12.csv,CAN_CSV0000000000027354__2.csv,AVG_STN_PRES_PST1MT,AVG_STN_PRES_PST1MT,4,NO
CAN_CSV0000000000027346__12.csv,CAN_CSV0000000000027346__14.csv,AVG_STN_PRES_PST1MT,AVG_STN_PRES_PST1MT,4,NO
CAN_CSV0000000000027346__12.csv,CAN_CSV0000000000027353__2.csv,AVG_STN_PRES_PST1MT,AVG_STN_PRES_PST1MT,4,NO
CAN_CSV0000000000001487__25.csv,CAN_CSV0000000000027346__12.csv,AVG_VIS_PST10MTS_QA,AVG_VIS_PST10MTS_QA,4,NO
CAN_CSV0000000000027346__12.csv,CAN_CSV0000000000027346__14.csv,AVG_VIS_PST10MTS_QA,AVG_VIS_PST10MTS_QA,4,NO
CAN_CSV0000000000001487__28.csv,CAN_CSV0000000000027346__12.csv,AVG_VIS_PST10MTS_QA,AVG_VIS_PST10MTS_QA,4,NO
CAN_CSV0000000000001487__26.csv,CAN_CSV0000000000027346__12.csv,AVG_VIS_PST10MTS_QA,AVG_VIS_PST10MTS_QA,4,NO
CAN_CSV0000000000001487__29.csv,CAN_CSV0000000000027346__12.csv,AVG_VIS_PST10MTS_QA,AVG_VIS_PST10MTS_QA,4,NO
CAN_CSV0000000000027346__12.csv,CAN_CSV0000000000027346__35.csv,AVG_VIS_PST10MTS_QA,AVG_VIS_PST10MTS_QA,4,NO
CAN_CSV0000000000027346__12.csv,CAN_CSV0000000000027346__30.csv,AVG_VIS_PST10MTS_QA,AVG_VIS_PST10MTS_QA,4,NO
CAN_CSV0000000000001487__24.csv,CAN_CSV0000000000027346__12.csv,AVG_VIS_PST10MTS_QA,AVG_VIS_PST10MTS_QA,4,NO
CAN_CSV0000000000027346__12.csv,CAN_CSV0000000000027346__32.csv,AVG_VIS_PST10MTS_QA,AVG_VIS_PST10MTS_QA,4,NO
CAN_CSV0000000000027346__12.csv,CAN_CSV0000000000027346__14.csv,PRSNT_WX_1,PRSNT_WX_1,4,YES
CAN_CSV0000000000027346__12.csv,CAN_CSV0000000000027353__2.csv,PRSNT_WX_1,PRSNT_WX_1,4,YES
CAN_CSV0000000000027346__12.csv,CAN_CSV0000000000027355__11.csv,PRSNT_WX_1,PRSNT_WX_1,4,YES
CAN_CSV0000000000027346__12.csv,CAN_CSV0000000000027354__6.csv,MIN_AIR_TEMP_PST1HR,MIN_AIR_TEMP_PST1HR,4,NO
CAN_CSV0000000000027346__12.csv,CAN_CSV0000000000027346__14.csv,MIN_AIR_TEMP_PST1HR,MIN_AIR_TEMP_PST1HR,4,NO
CAN_CSV0000000000027346__12.csv,CAN_CSV0000000000027353__2.csv,MIN_AIR_TEMP_PST1HR,MIN_AIR_TEMP_PST1HR,4,NO
CAN_CSV0000000000027346__12.csv,CAN_CSV0000000000027355__11.csv,MIN_AIR_TEMP_PST1HR,MIN_AIR_TEMP_PST1HR,4,NO
CAN_CSV0000000000027346__12.csv,CAN_CSV0000000000027349__23.csv,OBS_DATETIME_UTC,OBS_DATETIME_UTC,4,YES
CAN_CSV0000000000027346__12.csv,CAN_CSV0000000000027349__20.csv,OBS_DATETIME_UTC,OBS_DATETIME_UTC,4,YES
CAN_CSV0000000000027346__12.csv,CAN_CSV0000000000027354__6.csv,OBS_DATETIME_UTC,OBS_DATETIME_UTC,4,YES
CAN_CSV0000000000027346__12.csv,CAN_CSV0000000000027349__21.csv,OBS_DATETIME_UTC,OBS_DATETIME_UTC,4,YES
CAN_CSV0000000000027346__12.csv,CAN_CSV0000000000027346__14.csv,OBS_DATETIME_UTC,OBS_DATETIME_UTC,4,YES
CAN_CSV0000000000001487__9.csv,CAN_CSV0000000000027346__12.csv,AVG_VIS_PST1MT_QA,AVG_VIS_PST1MT_QA,4,NO
CAN_CSV0000000000001487__25.csv,CAN_CSV0000000000027346__12.csv,AVG_VIS_PST1MT_QA,AVG_VIS_PST1MT_QA,4,NO
CAN_CSV0000000000027346__12.csv,CAN_CSV0000000000027346__14.csv,AVG_VIS_PST1MT_QA,AVG_VIS_PST1MT_QA,4,NO
CAN_CSV0000000000001487__28.csv,CAN_CSV0000000000027346__12.csv,AVG_VIS_PST1MT_QA,AVG_VIS_PST1MT_QA,4,NO
CAN_CSV0000000000001487__8.csv,CAN_CSV0000000000027346__12.csv,AVG_VIS_PST1MT_QA,AVG_VIS_PST1MT_QA,4,NO
CAN_CSV0000000000001487__26.csv,CAN_CSV0000000000027346__12.csv,AVG_VIS_PST1MT_QA,AVG_VIS_PST1MT_QA,4,NO
CAN_CSV0000000000001487__10.csv,CAN_CSV0000000000027346__12.csv,AVG_VIS_PST1MT_QA,AVG_VIS_PST1MT_QA,4,NO
CAN_CSV0000000000001487__29.csv,CAN_CSV0000000000027346__12.csv,AVG_VIS_PST1MT_QA,AVG_VIS_PST1MT_QA,4,NO
CAN_CSV0000000000001487__24.csv,CAN_CSV0000000000027346__12.csv,AVG_VIS_PST1MT_QA,AVG_VIS_PST1MT_QA,4,NO
CAN_CSV0000000000001487__6.csv,CAN_CSV0000000000027346__12.csv,AVG_VIS_PST1MT_QA,AVG_VIS_PST1MT_QA,4,NO
CAN_CSV0000000000001487__7.csv,CAN_CSV0000000000027346__12.csv,AVG_VIS_PST1MT_QA,AVG_VIS_PST1MT_QA,4,NO
SG_CSV0000000000000925__10.csv,SG_CSV0000000000000925__21.csv,respondent_serial,respondent_serial,4,YES
SG_CSV0000000000000925__10.csv,SG_CSV0000000000000925__21.csv,socialnetwork_dp10,socialnetwork_dp10,4,NO
SG_CSV0000000000000925__21.csv,SG_CSV0000000000000925__44.csv,socialnetwork_dp10,socialnetwork_dp10,4,NO
CAN_CSV0000000000001470__0.csv,CAN_CSV0000000000001470__3.csv,Unités / Units,Unités / Units,4,YES
CAN_CSV0000000000001470__3.csv,CAN_CSV0000000000001471__5.csv,Province / Province,Province / Province,4,YES
CAN_CSV0000000000001470__14.csv,CAN_CSV0000000000001470__3.csv,Province / Province,Province / Province,4,YES
CAN_CSV0000000000001470__14.csv,CAN_CSV0000000000001470__3.csv,Année / Year,Année / Year,4,YES
CAN_CSV0000000000001470__0.csv,CAN_CSV0000000000001470__3.csv,Année / Year,Année / Year,4,YES
CAN_CSV0000000000001470__14.csv,CAN_CSV0000000000001470__3.csv,ID INRP / NPRI ID,ID INRP / NPRI ID,4,YES
CAN_CSV0000000000001470__0.csv,CAN_CSV0000000000001470__3.csv,ID INRP / NPRI ID,ID INRP / NPRI ID,4,YES
CAN_CSV0000000000001724__8.csv,CAN_CSV0000000000001797__21.csv,Province/Canada,Province/Canada,4,YES
CAN_CSV0000000000001797__21.csv,CAN_CSV0000000000001797__36.csv,Province/Canada,Province/Canada,4,YES
CAN_CSV0000000000001787__6.csv,CAN_CSV0000000000001797__21.csv,Province/Canada,Province/Canada,4,YES
CAN_CSV0000000000001787__5.csv,CAN_CSV0000000000001797__21.csv,Province/Canada,Province/Canada,4,YES
CAN_CSV0000000000001797__2.csv,CAN_CSV0000000000001797__5.csv,RentLocation,RentLocation,4,YES
CAN_CSV0000000000001724__45.csv,CAN_CSV0000000000001797__2.csv,RentLocation,RentLocation,4,YES
CAN_CSV0000000000001797__2.csv,CAN_CSV0000000000001797__43.csv,RentLocation,RentLocation,4,YES
CAN_CSV0000000000001797__13.csv,CAN_CSV0000000000001797__2.csv,RentLocation,RentLocation,4,YES
CAN_CSV0000000000001724__11.csv,CAN_CSV0000000000001797__2.csv,RentLocation,RentLocation,4,YES
USA_CSV0000000000035331__20.csv,USA_CSV0000000000035331__9.csv,StationCode,StationCode,4,YES
USA_CSV0000000000035331__20.csv,USA_CSV0000000000035331__30.csv,StationCode,StationCode,4,YES
USA_CSV0000000000035331__20.csv,USA_CSV0000000000035331__9.csv,CompositeFinalID,CompositeFinalID,4,YES
USA_CSV0000000000035331__11.csv,USA_CSV0000000000035331__20.csv,CompositeFinalID,CompositeFinalID,4,YES
USA_CSV0000000000035331__20.csv,USA_CSV0000000000035331__9.csv,HomogonizedDate,HomogonizedDate,4,YES
USA_CSV0000000000035331__11.csv,USA_CSV0000000000035331__20.csv,HomogonizedDate,HomogonizedDate,4,YES
USA_CSV0000000000035331__20.csv,USA_CSV0000000000035331__9.csv,SampleDate,SampleDate,4,YES
USA_CSV0000000000035331__20.csv,USA_CSV0000000000035331__9.csv,OrganismID,OrganismID,4,YES
USA_CSV0000000000035331__11.csv,USA_CSV0000000000035331__20.csv,OrganismID,OrganismID,4,YES
USA_CSV0000000000035331__20.csv,USA_CSV0000000000035331__9.csv,TissueResultRowID,TissueResultRowID,4,YES
USA_CSV0000000000035331__11.csv,USA_CSV0000000000035331__20.csv,TissueResultRowID,TissueResultRowID,4,YES
CAN_CSV0000000000001487__7.csv,CAN_CSV0000000000027349__23.csv,DATA_PAYLOAD_URI,DATA_PAYLOAD_URI,4,YES
CAN_CSV0000000000001487__7.csv,CAN_CSV0000000000001487__9.csv,DATA_PAYLOAD_URI,DATA_PAYLOAD_URI,4,YES
CAN_CSV0000000000001487__7.csv,CAN_CSV0000000000027349__20.csv,DATA_PAYLOAD_URI,DATA_PAYLOAD_URI,4,YES
CAN_CSV0000000000001487__25.csv,CAN_CSV0000000000001487__7.csv,DATA_PAYLOAD_URI,DATA_PAYLOAD_URI,4,YES
CAN_CSV0000000000001487__7.csv,CAN_CSV0000000000027349__21.csv,DATA_PAYLOAD_URI,DATA_PAYLOAD_URI,4,YES
CAN_CSV0000000000001487__7.csv,CAN_CSV0000000000027353__2.csv,DATA_PAYLOAD_URI,DATA_PAYLOAD_URI,4,YES
CAN_CSV0000000000001487__7.csv,CAN_CSV0000000000027355__11.csv,DATA_PAYLOAD_URI,DATA_PAYLOAD_URI,4,YES
CAN_CSV0000000000001487__7.csv,CAN_CSV0000000000027349__23.csv,PCPN_AMT_PST1MT,PCPN_AMT_PST1MT,4,NO
CAN_CSV0000000000001487__7.csv,CAN_CSV0000000000001487__9.csv,PCPN_AMT_PST1MT,PCPN_AMT_PST1MT,4,NO
CAN_CSV0000000000001487__7.csv,CAN_CSV0000000000027349__20.csv,PCPN_AMT_PST1MT,PCPN_AMT_PST1MT,4,NO
CAN_CSV0000000000001487__7.csv,CAN_CSV0000000000027349__21.csv,PCPN_AMT_PST1MT,PCPN_AMT_PST1MT,4,NO
CAN_CSV0000000000001487__7.csv,CAN_CSV0000000000027355__11.csv,PCPN_AMT_PST1MT,PCPN_AMT_PST1MT,4,NO
CAN_CSV0000000000001487__7.csv,CAN_CSV0000000000001487__9.csv,AVG_AIR_TEMP_PST1MT,AVG_AIR_TEMP_PST1MT,4,NO
CAN_CSV0000000000001487__25.csv,CAN_CSV0000000000001487__7.csv,AVG_AIR_TEMP_PST1MT,AVG_AIR_TEMP_PST1MT,4,NO
CAN_CSV0000000000001487__28.csv,CAN_CSV0000000000001487__7.csv,AVG_AIR_TEMP_PST1MT,AVG_AIR_TEMP_PST1MT,4,NO
CAN_CSV0000000000001487__7.csv,CAN_CSV0000000000001487__9.csv,CLD_BAS_HGT_1,CLD_BAS_HGT_1,4,NO
CAN_CSV0000000000001487__25.csv,CAN_CSV0000000000001487__7.csv,CLD_BAS_HGT_1,CLD_BAS_HGT_1,4,NO
CAN_CSV0000000000001487__28.csv,CAN_CSV0000000000001487__7.csv,CLD_BAS_HGT_1,CLD_BAS_HGT_1,4,NO
CAN_CSV0000000000001487__7.csv,CAN_CSV0000000000001487__8.csv,CLD_BAS_HGT_1,CLD_BAS_HGT_1,4,NO
CAN_CSV0000000000001487__26.csv,CAN_CSV0000000000001487__7.csv,CLD_BAS_HGT_1,CLD_BAS_HGT_1,4,NO
CAN_CSV0000000000001487__7.csv,CAN_CSV0000000000027355__20.csv,CLD_BAS_HGT_1,CLD_BAS_HGT_1,4,NO
CAN_CSV0000000000001487__10.csv,CAN_CSV0000000000001487__7.csv,CLD_BAS_HGT_1,CLD_BAS_HGT_1,4,NO
CAN_CSV0000000000001487__35.csv,CAN_CSV0000000000001487__7.csv,CLD_AMT_CODE_1,CLD_AMT_CODE_1,4,YES
CAN_CSV0000000000001487__7.csv,CAN_CSV0000000000001487__9.csv,CLD_AMT_CODE_1,CLD_AMT_CODE_1,4,YES
CAN_CSV0000000000001487__7.csv,CAN_CSV0000000000027353__2.csv,CLD_AMT_CODE_1,CLD_AMT_CODE_1,4,YES
CAN_CSV0000000000001487__7.csv,CAN_CSV0000000000027355__11.csv,CLD_AMT_CODE_1,CLD_AMT_CODE_1,4,YES
CAN_CSV0000000000001487__34.csv,CAN_CSV0000000000001487__7.csv,CLD_AMT_CODE_1,CLD_AMT_CODE_1,4,YES
CAN_CSV0000000000001487__7.csv,CAN_CSV0000000000001487__9.csv,AVG_VIS_PST10MTS,AVG_VIS_PST10MTS,4,NO
CAN_CSV0000000000001487__25.csv,CAN_CSV0000000000001487__7.csv,AVG_VIS_PST10MTS,AVG_VIS_PST10MTS,4,NO
CAN_CSV0000000000001487__7.csv,CAN_CSV0000000000027353__2.csv,AVG_VIS_PST10MTS,AVG_VIS_PST10MTS,4,NO
CAN_CSV0000000000001487__28.csv,CAN_CSV0000000000001487__7.csv,AVG_VIS_PST10MTS,AVG_VIS_PST10MTS,4,NO
CAN_CSV0000000000001487__7.csv,CAN_CSV0000000000001487__8.csv,AVG_VIS_PST10MTS,AVG_VIS_PST10MTS,4,NO
CAN_CSV0000000000001487__26.csv,CAN_CSV0000000000001487__7.csv,AVG_VIS_PST10MTS,AVG_VIS_PST10MTS,4,NO
CAN_CSV0000000000001487__35.csv,CAN_CSV0000000000001487__7.csv,ICAO_STN_ID,ICAO_STN_ID,4,YES
CAN_CSV0000000000001487__7.csv,CAN_CSV0000000000001487__9.csv,ICAO_STN_ID,ICAO_STN_ID,4,YES
CAN_CSV0000000000001487__7.csv,CAN_CSV0000000000027353__2.csv,ICAO_STN_ID,ICAO_STN_ID,4,YES
CAN_CSV0000000000001487__7.csv,CAN_CSV0000000000027349__23.csv,AVG_REL_HUM_PST1MT,AVG_REL_HUM_PST1MT,4,NO
CAN_CSV0000000000001487__35.csv,CAN_CSV0000000000001487__7.csv,AVG_REL_HUM_PST1MT,AVG_REL_HUM_PST1MT,4,NO
CAN_CSV0000000000001487__7.csv,CAN_CSV0000000000001487__9.csv,AVG_REL_HUM_PST1MT,AVG_REL_HUM_PST1MT,4,NO
CAN_CSV0000000000001487__7.csv,CAN_CSV0000000000027349__20.csv,AVG_REL_HUM_PST1MT,AVG_REL_HUM_PST1MT,4,NO
CAN_CSV0000000000001487__25.csv,CAN_CSV0000000000001487__7.csv,AVG_REL_HUM_PST1MT,AVG_REL_HUM_PST1MT,4,NO
CAN_CSV0000000000001487__7.csv,CAN_CSV0000000000027349__21.csv,AVG_REL_HUM_PST1MT,AVG_REL_HUM_PST1MT,4,NO
CAN_CSV0000000000001487__7.csv,CAN_CSV0000000000027349__23.csv,AVG_MSLP_PST1MT,AVG_MSLP_PST1MT,4,NO
CAN_CSV0000000000001487__35.csv,CAN_CSV0000000000001487__7.csv,AVG_MSLP_PST1MT,AVG_MSLP_PST1MT,4,NO
CAN_CSV0000000000001487__7.csv,CAN_CSV0000000000001487__9.csv,AVG_MSLP_PST1MT,AVG_MSLP_PST1MT,4,NO
CAN_CSV0000000000001487__7.csv,CAN_CSV0000000000027349__20.csv,AVG_MSLP_PST1MT,AVG_MSLP_PST1MT,4,NO
CAN_CSV0000000000001487__7.csv,CAN_CSV0000000000027349__21.csv,AVG_MSLP_PST1MT,AVG_MSLP_PST1MT,4,NO
CAN_CSV0000000000001487__7.csv,CAN_CSV0000000000001487__9.csv,PCPN_AMT_PST1HR,PCPN_AMT_PST1HR,4,NO
CAN_CSV0000000000001487__25.csv,CAN_CSV0000000000001487__7.csv,PCPN_AMT_PST1HR,PCPN_AMT_PST1HR,4,NO
CAN_CSV0000000000001487__7.csv,CAN_CSV0000000000027346__23.csv,PCPN_AMT_PST1HR,PCPN_AMT_PST1HR,4,NO
CAN_CSV0000000000001487__28.csv,CAN_CSV0000000000001487__7.csv,PCPN_AMT_PST1HR,PCPN_AMT_PST1HR,4,NO
CAN_CSV0000000000001487__7.csv,CAN_CSV0000000000001487__8.csv,PCPN_AMT_PST1HR,PCPN_AMT_PST1HR,4,NO
CAN_CSV0000000000001487__26.csv,CAN_CSV0000000000001487__7.csv,PCPN_AMT_PST1HR,PCPN_AMT_PST1HR,4,NO
CAN_CSV0000000000001780__1.csv,CAN_CSV0000000000001780__4.csv,1A14P Hedrick Lake,1A14P Hedrick Lake,4,NO
CAN_CSV0000000000001780__1.csv,CAN_CSV0000000000001780__17.csv,1E02P Mount Cook,1E02P Mount Cook,4,NO
CAN_CSV0000000000001780__1.csv,CAN_CSV0000000000001780__4.csv,4B18P Cedar-Kiteen,4B18P Cedar-Kiteen,4,NO
CAN_CSV0000000000001780__1.csv,CAN_CSV0000000000001780__12.csv,4B18P Cedar-Kiteen,4B18P Cedar-Kiteen,4,NO
CAN_CSV0000000000001780__1.csv,CAN_CSV0000000000001780__17.csv,1D19P Spuzzum,1D19P Spuzzum,4,NO
CAN_CSV0000000000001780__1.csv,CAN_CSV0000000000001780__4.csv,1D19P Spuzzum,1D19P Spuzzum,4,NO
CAN_CSV0000000000001780__1.csv,CAN_CSV0000000000001780__12.csv,2E07P Grano Creek,2E07P Grano Creek,4,NO
CAN_CSV0000000000001780__1.csv,CAN_CSV0000000000001780__4.csv,2E07P Grano Creek,2E07P Grano Creek,4,NO
CAN_CSV0000000000001780__1.csv,CAN_CSV0000000000001780__4.csv,1E08P Azure River,1E08P Azure River,4,NO
CAN_CSV0000000000027349__19.csv,CAN_CSV0000000000027354__2.csv,AVG_STN_PRES_PST1MT,AVG_STN_PRES_PST1MT,4,NO
CAN_CSV0000000000027346__14.csv,CAN_CSV0000000000027349__19.csv,AVG_STN_PRES_PST1MT,AVG_STN_PRES_PST1MT,4,NO
CAN_CSV0000000000027349__19.csv,CAN_CSV0000000000027353__2.csv,AVG_STN_PRES_PST1MT,AVG_STN_PRES_PST1MT,4,NO
CAN_CSV0000000000027349__19.csv,CAN_CSV0000000000027349__23.csv,PCPN_AMT_PST1MT,PCPN_AMT_PST1MT,4,NO
CAN_CSV0000000000001487__9.csv,CAN_CSV0000000000027349__19.csv,PCPN_AMT_PST1MT,PCPN_AMT_PST1MT,4,NO
CAN_CSV0000000000027349__19.csv,CAN_CSV0000000000027349__20.csv,PCPN_AMT_PST1MT,PCPN_AMT_PST1MT,4,NO
CAN_CSV0000000000027349__19.csv,CAN_CSV0000000000027349__21.csv,PCPN_AMT_PST1MT,PCPN_AMT_PST1MT,4,NO
CAN_CSV0000000000027349__19.csv,CAN_CSV0000000000027355__11.csv,PCPN_AMT_PST1MT,PCPN_AMT_PST1MT,4,NO
CAN_CSV0000000000001487__9.csv,CAN_CSV0000000000027349__19.csv,AVG_AIR_TEMP_PST1MT,AVG_AIR_TEMP_PST1MT,4,NO
CAN_CSV0000000000001487__25.csv,CAN_CSV0000000000027349__19.csv,AVG_AIR_TEMP_PST1MT,AVG_AIR_TEMP_PST1MT,4,NO
CAN_CSV0000000000001487__28.csv,CAN_CSV0000000000027349__19.csv,AVG_AIR_TEMP_PST1MT,AVG_AIR_TEMP_PST1MT,4,NO
CAN_CSV0000000000027349__19.csv,CAN_CSV0000000000027355__11.csv,AVG_AIR_TEMP_PST1MT,AVG_AIR_TEMP_PST1MT,4,NO
CAN_CSV0000000000001487__25.csv,CAN_CSV0000000000027349__19.csv,ALTMETR_SETNG,ALTMETR_SETNG,4,NO
CAN_CSV0000000000001487__28.csv,CAN_CSV0000000000027349__19.csv,ALTMETR_SETNG,ALTMETR_SETNG,4,NO
CAN_CSV0000000000001487__35.csv,CAN_CSV0000000000027349__19.csv,CLD_AMT_CODE_1,CLD_AMT_CODE_1,4,YES
CAN_CSV0000000000001487__9.csv,CAN_CSV0000000000027349__19.csv,CLD_AMT_CODE_1,CLD_AMT_CODE_1,4,YES
CAN_CSV0000000000027349__19.csv,CAN_CSV0000000000027353__2.csv,CLD_AMT_CODE_1,CLD_AMT_CODE_1,4,YES
CAN_CSV0000000000027349__19.csv,CAN_CSV0000000000027355__11.csv,CLD_AMT_CODE_1,CLD_AMT_CODE_1,4,YES
CAN_CSV0000000000001487__34.csv,CAN_CSV0000000000027349__19.csv,CLD_AMT_CODE_1,CLD_AMT_CODE_1,4,YES
CAN_CSV0000000000027349__19.csv,CAN_CSV0000000000027349__23.csv,DATA_ATTRIB_NOT,DATA_ATTRIB_NOT,4,NO
CAN_CSV0000000000027349__19.csv,CAN_CSV0000000000027349__20.csv,DATA_ATTRIB_NOT,DATA_ATTRIB_NOT,4,NO
CAN_CSV0000000000001487__25.csv,CAN_CSV0000000000027349__19.csv,DATA_ATTRIB_NOT,DATA_ATTRIB_NOT,4,NO
CAN_CSV0000000000027349__19.csv,CAN_CSV0000000000027354__6.csv,DATA_ATTRIB_NOT,DATA_ATTRIB_NOT,4,NO
CAN_CSV0000000000027349__19.csv,CAN_CSV0000000000027349__21.csv,DATA_ATTRIB_NOT,DATA_ATTRIB_NOT,4,NO
CAN_CSV0000000000027349__19.csv,CAN_CSV0000000000027353__2.csv,DATA_ATTRIB_NOT,DATA_ATTRIB_NOT,4,NO
CAN_CSV0000000000001487__28.csv,CAN_CSV0000000000027349__19.csv,DATA_ATTRIB_NOT,DATA_ATTRIB_NOT,4,NO
CAN_CSV0000000000001487__25.csv,CAN_CSV0000000000027349__19.csv,MAX_AIR_TEMP_PST1HR,MAX_AIR_TEMP_PST1HR,4,NO
CAN_CSV0000000000027349__19.csv,CAN_CSV0000000000027353__2.csv,MAX_AIR_TEMP_PST1HR,MAX_AIR_TEMP_PST1HR,4,NO
CAN_CSV0000000000027349__19.csv,CAN_CSV0000000000027355__11.csv,MAX_AIR_TEMP_PST1HR,MAX_AIR_TEMP_PST1HR,4,NO
CAN_CSV0000000000001487__28.csv,CAN_CSV0000000000027349__19.csv,MAX_AIR_TEMP_PST1HR,MAX_AIR_TEMP_PST1HR,4,NO
CAN_CSV0000000000027349__19.csv,CAN_CSV0000000000027349__23.csv,AVG_REL_HUM_PST1MT,AVG_REL_HUM_PST1MT,4,NO
CAN_CSV0000000000001487__35.csv,CAN_CSV0000000000027349__19.csv,AVG_REL_HUM_PST1MT,AVG_REL_HUM_PST1MT,4,NO
CAN_CSV0000000000001487__9.csv,CAN_CSV0000000000027349__19.csv,AVG_REL_HUM_PST1MT,AVG_REL_HUM_PST1MT,4,NO
CAN_CSV0000000000027349__19.csv,CAN_CSV0000000000027349__20.csv,AVG_REL_HUM_PST1MT,AVG_REL_HUM_PST1MT,4,NO
CAN_CSV0000000000001487__25.csv,CAN_CSV0000000000027349__19.csv,AVG_REL_HUM_PST1MT,AVG_REL_HUM_PST1MT,4,NO
CAN_CSV0000000000027349__19.csv,CAN_CSV0000000000027349__21.csv,AVG_REL_HUM_PST1MT,AVG_REL_HUM_PST1MT,4,NO
CAN_CSV0000000000027349__19.csv,CAN_CSV0000000000027354__6.csv,MIN_AIR_TEMP_PST1HR,MIN_AIR_TEMP_PST1HR,4,NO
CAN_CSV0000000000027346__14.csv,CAN_CSV0000000000027349__19.csv,MIN_AIR_TEMP_PST1HR,MIN_AIR_TEMP_PST1HR,4,NO
CAN_CSV0000000000027349__19.csv,CAN_CSV0000000000027353__2.csv,MIN_AIR_TEMP_PST1HR,MIN_AIR_TEMP_PST1HR,4,NO
CAN_CSV0000000000027349__19.csv,CAN_CSV0000000000027355__11.csv,MIN_AIR_TEMP_PST1HR,MIN_AIR_TEMP_PST1HR,4,NO
CAN_CSV0000000000027349__19.csv,CAN_CSV0000000000027349__23.csv,AVG_VIS_PST1MT,AVG_VIS_PST1MT,4,NO
CAN_CSV0000000000027349__19.csv,CAN_CSV0000000000027349__20.csv,AVG_VIS_PST1MT,AVG_VIS_PST1MT,4,NO
CAN_CSV0000000000001487__25.csv,CAN_CSV0000000000027349__19.csv,AVG_VIS_PST1MT,AVG_VIS_PST1MT,4,NO
CAN_CSV0000000000027349__19.csv,CAN_CSV0000000000027349__21.csv,AVG_VIS_PST1MT,AVG_VIS_PST1MT,4,NO
CAN_CSV0000000000001487__28.csv,CAN_CSV0000000000027349__19.csv,AVG_VIS_PST1MT,AVG_VIS_PST1MT,4,NO
CAN_CSV0000000000027349__19.csv,CAN_CSV0000000000027349__23.csv,LTNG_DIS_RMK,LTNG_DIS_RMK,4,YES
CAN_CSV0000000000027349__19.csv,CAN_CSV0000000000027349__20.csv,LTNG_DIS_RMK,LTNG_DIS_RMK,4,YES
CAN_CSV0000000000027349__19.csv,CAN_CSV0000000000027354__6.csv,LTNG_DIS_RMK,LTNG_DIS_RMK,4,YES
CAN_CSV0000000000027349__19.csv,CAN_CSV0000000000027349__21.csv,LTNG_DIS_RMK,LTNG_DIS_RMK,4,YES
CAN_CSV0000000000001487__9.csv,CAN_CSV0000000000027349__19.csv,PCPN_AMT_PST1HR,PCPN_AMT_PST1HR,4,NO
CAN_CSV0000000000001487__25.csv,CAN_CSV0000000000027349__19.csv,PCPN_AMT_PST1HR,PCPN_AMT_PST1HR,4,NO
CAN_CSV0000000000027346__23.csv,CAN_CSV0000000000027349__19.csv,PCPN_AMT_PST1HR,PCPN_AMT_PST1HR,4,NO
CAN_CSV0000000000001487__28.csv,CAN_CSV0000000000027349__19.csv,PCPN_AMT_PST1HR,PCPN_AMT_PST1HR,4,NO
CAN_CSV0000000000001313__5.csv,CAN_CSV0000000000001313__9.csv,ProvinceID,ProvinceID,4,YES
CAN_CSV0000000000001705__1.csv,CAN_CSV0000000000001705__2.csv,Wired_5_1_Filaire,Wired_5_1_Filaire,4,NO
CAN_CSV0000000000001705__1.csv,CAN_CSV0000000000001709__5.csv,Wired_5_1_Filaire,Wired_5_1_Filaire,4,NO
USA_CSV0000000000034847.csv,USA_CSV0000000000036852__3.csv,Georeference,Georeference,4,NO
USA_CSV0000000000036852__10.csv,USA_CSV0000000000036852__3.csv,Solicitation,Solicitation,4,YES
SG_CSV0000000000000030__8.csv,SG_CSV0000000000000044__6.csv,secondary_ssic_code,secondary_ssic_code,4,YES
SG_CSV0000000000000044__6.csv,SG_CSV0000000000000047__8.csv,primary_ssic_code,primary_ssic_code,4,YES
CAN_CSV0000000000001797__3.csv,CAN_CSV0000000000001797__5.csv,RentLocation,RentLocation,4,YES
CAN_CSV0000000000001724__45.csv,CAN_CSV0000000000001797__3.csv,RentLocation,RentLocation,4,YES
CAN_CSV0000000000001797__3.csv,CAN_CSV0000000000001797__43.csv,RentLocation,RentLocation,4,YES
CAN_CSV0000000000001797__13.csv,CAN_CSV0000000000001797__3.csv,RentLocation,RentLocation,4,YES
CAN_CSV0000000000001787__8.csv,CAN_CSV0000000000001797__3.csv,RentLocation,RentLocation,4,YES
CAN_CSV0000000000001724__11.csv,CAN_CSV0000000000001797__3.csv,RentLocation,RentLocation,4,YES
CAN_CSV0000000000001487__24.csv,CAN_CSV0000000000001487__25.csv,CEILOMTR_ELEV,CEILOMTR_ELEV,4,NO
CAN_CSV0000000000001487__24.csv,CAN_CSV0000000000027346__12.csv,CEILOMTR_ELEV,CEILOMTR_ELEV,4,NO
CAN_CSV0000000000001487__24.csv,CAN_CSV0000000000027349__23.csv,DATA_PAYLOAD_URI,DATA_PAYLOAD_URI,4,YES
CAN_CSV0000000000001487__24.csv,CAN_CSV0000000000001487__9.csv,DATA_PAYLOAD_URI,DATA_PAYLOAD_URI,4,YES
CAN_CSV0000000000001487__24.csv,CAN_CSV0000000000027349__20.csv,DATA_PAYLOAD_URI,DATA_PAYLOAD_URI,4,YES
CAN_CSV0000000000001487__24.csv,CAN_CSV0000000000001487__25.csv,DATA_PAYLOAD_URI,DATA_PAYLOAD_URI,4,YES
CAN_CSV0000000000001487__24.csv,CAN_CSV0000000000027349__21.csv,DATA_PAYLOAD_URI,DATA_PAYLOAD_URI,4,YES
CAN_CSV0000000000001487__24.csv,CAN_CSV0000000000001487__35.csv,PCPN_AMT_PST1MT_QA,PCPN_AMT_PST1MT_QA,4,NO
CAN_CSV0000000000001487__24.csv,CAN_CSV0000000000001487__25.csv,PCPN_AMT_PST1MT_QA,PCPN_AMT_PST1MT_QA,4,NO
CAN_CSV0000000000001487__24.csv,CAN_CSV0000000000001487__34.csv,PCPN_AMT_PST1MT_QA,PCPN_AMT_PST1MT_QA,4,NO
CAN_CSV0000000000001487__24.csv,CAN_CSV0000000000001487__26.csv,PCPN_AMT_PST1MT_QA,PCPN_AMT_PST1MT_QA,4,NO
CAN_CSV0000000000001487__24.csv,CAN_CSV0000000000001487__31.csv,PCPN_AMT_PST1MT_QA,PCPN_AMT_PST1MT_QA,4,NO
CAN_CSV0000000000001487__24.csv,CAN_CSV0000000000001487__26.csv,PCPN_AMT_PST6HRS_QA,PCPN_AMT_PST6HRS_QA,4,NO
CAN_CSV0000000000001487__24.csv,CAN_CSV0000000000001487__25.csv,PCPN_AMT_PST6HRS_QA,PCPN_AMT_PST6HRS_QA,4,NO
CAN_CSV0000000000001487__20.csv,CAN_CSV0000000000001487__24.csv,PCPN_AMT_PST6HRS_QA,PCPN_AMT_PST6HRS_QA,4,NO
CAN_CSV0000000000001487__23.csv,CAN_CSV0000000000001487__24.csv,PCPN_AMT_PST6HRS_QA,PCPN_AMT_PST6HRS_QA,4,NO
CAN_CSV0000000000001487__24.csv,CAN_CSV0000000000001487__29.csv,PCPN_AMT_PST6HRS_QA,PCPN_AMT_PST6HRS_QA,4,NO
CAN_CSV0000000000001487__24.csv,CAN_CSV0000000000001487__9.csv,CLD_BAS_HGT_1,CLD_BAS_HGT_1,4,NO
CAN_CSV0000000000001487__24.csv,CAN_CSV0000000000001487__25.csv,CLD_BAS_HGT_1,CLD_BAS_HGT_1,4,NO
CAN_CSV0000000000001487__24.csv,CAN_CSV0000000000001487__25.csv,ALTMETR_SETNG,ALTMETR_SETNG,4,NO
CAN_CSV0000000000001487__24.csv,CAN_CSV0000000000027349__23.csv,DNSTY_ALTD,DNSTY_ALTD,4,NO
CAN_CSV0000000000001487__24.csv,CAN_CSV0000000000001487__35.csv,DNSTY_ALTD,DNSTY_ALTD,4,NO
CAN_CSV0000000000001487__24.csv,CAN_CSV0000000000027349__20.csv,DNSTY_ALTD,DNSTY_ALTD,4,NO
CAN_CSV0000000000001487__24.csv,CAN_CSV0000000000001487__25.csv,DNSTY_ALTD,DNSTY_ALTD,4,NO
CAN_CSV0000000000001487__24.csv,CAN_CSV0000000000027349__21.csv,DNSTY_ALTD,DNSTY_ALTD,4,NO
CAN_CSV0000000000001487__24.csv,CAN_CSV0000000000001487__9.csv,AVG_VIS_PST10MTS,AVG_VIS_PST10MTS,4,NO
CAN_CSV0000000000001487__24.csv,CAN_CSV0000000000001487__25.csv,AVG_VIS_PST10MTS,AVG_VIS_PST10MTS,4,NO
CAN_CSV0000000000001487__24.csv,CAN_CSV0000000000027353__2.csv,AVG_VIS_PST10MTS,AVG_VIS_PST10MTS,4,NO
CAN_CSV0000000000001487__24.csv,CAN_CSV0000000000001487__8.csv,AVG_VIS_PST10MTS,AVG_VIS_PST10MTS,4,NO
CAN_CSV0000000000001487__24.csv,CAN_CSV0000000000027349__23.csv,DATA_ATTRIB_NOT,DATA_ATTRIB_NOT,4,NO
CAN_CSV0000000000001487__24.csv,CAN_CSV0000000000027349__20.csv,DATA_ATTRIB_NOT,DATA_ATTRIB_NOT,4,NO
CAN_CSV0000000000001487__24.csv,CAN_CSV0000000000001487__25.csv,DATA_ATTRIB_NOT,DATA_ATTRIB_NOT,4,NO
CAN_CSV0000000000001487__24.csv,CAN_CSV0000000000027354__6.csv,DATA_ATTRIB_NOT,DATA_ATTRIB_NOT,4,NO
CAN_CSV0000000000001487__24.csv,CAN_CSV0000000000027349__21.csv,DATA_ATTRIB_NOT,DATA_ATTRIB_NOT,4,NO
CAN_CSV0000000000001487__24.csv,CAN_CSV0000000000027353__2.csv,DATA_ATTRIB_NOT,DATA_ATTRIB_NOT,4,NO
CAN_CSV0000000000001487__24.csv,CAN_CSV0000000000001487__25.csv,MAX_AIR_TEMP_PST1HR,MAX_AIR_TEMP_PST1HR,4,NO
CAN_CSV0000000000001487__24.csv,CAN_CSV0000000000027353__2.csv,MAX_AIR_TEMP_PST1HR,MAX_AIR_TEMP_PST1HR,4,NO
CAN_CSV0000000000001487__24.csv,CAN_CSV0000000000027355__11.csv,MAX_AIR_TEMP_PST1HR,MAX_AIR_TEMP_PST1HR,4,NO
CAN_CSV0000000000001487__24.csv,CAN_CSV0000000000001487__26.csv,MAX_AIR_TEMP_PST1HR,MAX_AIR_TEMP_PST1HR,4,NO
CAN_CSV0000000000001487__24.csv,CAN_CSV0000000000001487__35.csv,PCPN_AMT_PST1HR_QA,PCPN_AMT_PST1HR_QA,4,NO
CAN_CSV0000000000001487__24.csv,CAN_CSV0000000000001487__26.csv,PCPN_AMT_PST1HR_QA,PCPN_AMT_PST1HR_QA,4,NO
CAN_CSV0000000000001487__24.csv,CAN_CSV0000000000001487__25.csv,PCPN_AMT_PST1HR_QA,PCPN_AMT_PST1HR_QA,4,NO
CAN_CSV0000000000001487__24.csv,CAN_CSV0000000000001487__34.csv,PCPN_AMT_PST1HR_QA,PCPN_AMT_PST1HR_QA,4,NO
CAN_CSV0000000000001487__24.csv,CAN_CSV0000000000001487__31.csv,PCPN_AMT_PST1HR_QA,PCPN_AMT_PST1HR_QA,4,NO
CAN_CSV0000000000001487__24.csv,CAN_CSV0000000000001487__29.csv,PCPN_AMT_PST1HR_QA,PCPN_AMT_PST1HR_QA,4,NO
CAN_CSV0000000000001487__24.csv,CAN_CSV0000000000027349__23.csv,AVG_VIS_PST1MT,AVG_VIS_PST1MT,4,NO
CAN_CSV0000000000001487__24.csv,CAN_CSV0000000000027349__20.csv,AVG_VIS_PST1MT,AVG_VIS_PST1MT,4,NO
CAN_CSV0000000000001487__24.csv,CAN_CSV0000000000001487__25.csv,AVG_VIS_PST1MT,AVG_VIS_PST1MT,4,NO
CAN_CSV0000000000001487__24.csv,CAN_CSV0000000000027349__21.csv,AVG_VIS_PST1MT,AVG_VIS_PST1MT,4,NO
CAN_CSV0000000000001487__24.csv,CAN_CSV0000000000001487__26.csv,AVG_VIS_PST1MT,AVG_VIS_PST1MT,4,NO
CAN_CSV0000000000001487__24.csv,CAN_CSV0000000000001487__9.csv,AVG_VIS_PST1MT_QA,AVG_VIS_PST1MT_QA,4,NO
CAN_CSV0000000000001487__24.csv,CAN_CSV0000000000001487__25.csv,AVG_VIS_PST1MT_QA,AVG_VIS_PST1MT_QA,4,NO
CAN_CSV0000000000001487__24.csv,CAN_CSV0000000000027346__14.csv,AVG_VIS_PST1MT_QA,AVG_VIS_PST1MT_QA,4,NO
CAN_CSV0000000000001487__24.csv,CAN_CSV0000000000001487__8.csv,AVG_VIS_PST1MT_QA,AVG_VIS_PST1MT_QA,4,NO
CAN_CSV0000000000001487__24.csv,CAN_CSV0000000000001487__26.csv,AVG_VIS_PST1MT_QA,AVG_VIS_PST1MT_QA,4,NO
CAN_CSV0000000000001487__10.csv,CAN_CSV0000000000001487__24.csv,AVG_VIS_PST1MT_QA,AVG_VIS_PST1MT_QA,4,NO
CAN_CSV0000000000001487__24.csv,CAN_CSV0000000000001487__25.csv,AVG_VIS_PST10MTS_QA,AVG_VIS_PST10MTS_QA,4,NO
CAN_CSV0000000000001487__24.csv,CAN_CSV0000000000027346__14.csv,AVG_VIS_PST10MTS_QA,AVG_VIS_PST10MTS_QA,4,NO
CAN_CSV0000000000001487__24.csv,CAN_CSV0000000000001487__26.csv,AVG_VIS_PST10MTS_QA,AVG_VIS_PST10MTS_QA,4,NO
CAN_CSV0000000000001487__24.csv,CAN_CSV0000000000001487__29.csv,AVG_VIS_PST10MTS_QA,AVG_VIS_PST10MTS_QA,4,NO
CAN_CSV0000000000001487__24.csv,CAN_CSV0000000000027346__35.csv,AVG_VIS_PST10MTS_QA,AVG_VIS_PST10MTS_QA,4,NO
CAN_CSV0000000000001487__24.csv,CAN_CSV0000000000027346__30.csv,AVG_VIS_PST10MTS_QA,AVG_VIS_PST10MTS_QA,4,NO
CAN_CSV0000000000001487__24.csv,CAN_CSV0000000000027346__12.csv,AVG_VIS_PST10MTS_QA,AVG_VIS_PST10MTS_QA,4,NO
CAN_CSV0000000000001487__24.csv,CAN_CSV0000000000027346__32.csv,AVG_VIS_PST10MTS_QA,AVG_VIS_PST10MTS_QA,4,NO
USA_CSV0000000000034882__26.csv,USA_CSV0000000000037101__3.csv,STD_VOLUME_GROUP,STD_VOLUME_GROUP,4,NO
USA_CSV0000000000034882__14.csv,USA_CSV0000000000037101__3.csv,STD_VOLUME_GROUP,STD_VOLUME_GROUP,4,NO
USA_CSV0000000000037101__16.csv,USA_CSV0000000000037101__3.csv,STD_VOLUME_GROUP,STD_VOLUME_GROUP,4,NO
USA_CSV0000000000037101__16.csv,USA_CSV0000000000037101__3.csv,DONUT_VOLUME_GROUP,DONUT_VOLUME_GROUP,4,YES
USA_CSV0000000000034882__22.csv,USA_CSV0000000000037101__3.csv,DONUT_VOLUME_GROUP,DONUT_VOLUME_GROUP,4,YES
USA_CSV0000000000033847__5.csv,USA_CSV0000000000037101__3.csv,VERT_ALIGN,VERT_ALIGN,4,YES
USA_CSV0000000000034882__26.csv,USA_CSV0000000000037101__3.csv,VERT_ALIGN,VERT_ALIGN,4,YES
USA_CSV0000000000034882__14.csv,USA_CSV0000000000037101__3.csv,ROUTE_QUALIFIER,ROUTE_QUALIFIER,4,YES
USA_CSV0000000000034882__12.csv,USA_CSV0000000000037101__3.csv,ROUTE_QUALIFIER,ROUTE_QUALIFIER,4,YES
USA_CSV0000000000034882__14.csv,USA_CSV0000000000037101__3.csv,SECTION_ID,SECTION_ID,4,YES
USA_CSV0000000000034882__12.csv,USA_CSV0000000000037101__3.csv,SECTION_ID,SECTION_ID,4,YES
USA_CSV0000000000037101__20.csv,USA_CSV0000000000037101__3.csv,PEAK_LANES,PEAK_LANES,4,NO
USA_CSV0000000000034882__14.csv,USA_CSV0000000000037101__3.csv,PEAK_LANES,PEAK_LANES,4,NO
USA_CSV0000000000034882__12.csv,USA_CSV0000000000037101__3.csv,PEAK_LANES,PEAK_LANES,4,NO
USA_CSV0000000000034882__22.csv,USA_CSV0000000000037101__3.csv,TURN_LANES_R,TURN_LANES_R,4,NO
USA_CSV0000000000034882__9.csv,USA_CSV0000000000037101__3.csv,NONATT_CODE,NONATT_CODE,4,YES
USA_CSV0000000000034882__26.csv,USA_CSV0000000000037101__3.csv,ACCESS_CONTROL,ACCESS_CONTROL,4,YES
USA_CSV0000000000034882__14.csv,USA_CSV0000000000037101__3.csv,PERC_SINGLE_UNIT,PERC_SINGLE_UNIT,4,NO
USA_CSV0000000000034882__12.csv,USA_CSV0000000000037101__3.csv,PERC_SINGLE_UNIT,PERC_SINGLE_UNIT,4,NO
USA_CSV0000000000033847__17.csv,USA_CSV0000000000037101__3.csv,PERC_SINGLE_UNIT,PERC_SINGLE_UNIT,4,NO
USA_CSV0000000000034882__26.csv,USA_CSV0000000000037101__3.csv,IS_GROUPED,IS_GROUPED,4,NO
USA_CSV0000000000034882__14.csv,USA_CSV0000000000037101__3.csv,IS_GROUPED,IS_GROUPED,4,NO
USA_CSV0000000000034882__12.csv,USA_CSV0000000000037101__3.csv,IS_GROUPED,IS_GROUPED,4,NO
USA_CSV0000000000037101__20.csv,USA_CSV0000000000037101__3.csv,TRUCK_ROUTE,TRUCK_ROUTE,4,NO
USA_CSV0000000000034882__14.csv,USA_CSV0000000000037101__3.csv,TRUCK_ROUTE,TRUCK_ROUTE,4,NO
USA_CSV0000000000034882__14.csv,USA_CSV0000000000037101__3.csv,TYPE_SIGNAL,TYPE_SIGNAL,4,YES
USA_CSV0000000000034882__22.csv,USA_CSV0000000000037101__3.csv,TYPE_SIGNAL,TYPE_SIGNAL,4,YES
USA_CSV0000000000034882__12.csv,USA_CSV0000000000037101__3.csv,TYPE_SIGNAL,TYPE_SIGNAL,4,YES
USA_CSV0000000000034882__26.csv,USA_CSV0000000000037101__3.csv,PERC_GREEN,PERC_GREEN,4,NO
USA_CSV0000000000033847__5.csv,USA_CSV0000000000037101__3.csv,URBAN_CODE,URBAN_CODE,4,YES
USA_CSV0000000000034882__14.csv,USA_CSV0000000000037101__3.csv,URBAN_CODE,URBAN_CODE,4,YES
USA_CSV0000000000033847__4.csv,USA_CSV0000000000037101__3.csv,URBAN_CODE,URBAN_CODE,4,YES
USA_CSV0000000000034882__12.csv,USA_CSV0000000000037101__3.csv,URBAN_CODE,URBAN_CODE,4,YES
USA_CSV0000000000033847__5.csv,USA_CSV0000000000037101__3.csv,SHOULDER_WIDTH_L,SHOULDER_WIDTH_L,4,NO
USA_CSV0000000000034882__14.csv,USA_CSV0000000000037101__3.csv,SHOULDER_WIDTH_L,SHOULDER_WIDTH_L,4,NO
USA_CSV0000000000034882__22.csv,USA_CSV0000000000037101__3.csv,SHOULDER_WIDTH_L,SHOULDER_WIDTH_L,4,NO
USA_CSV0000000000033847__4.csv,USA_CSV0000000000037101__3.csv,SHOULDER_WIDTH_L,SHOULDER_WIDTH_L,4,NO
USA_CSV0000000000037101__16.csv,USA_CSV0000000000037101__3.csv,TYPE_TERRAIN,TYPE_TERRAIN,4,YES
USA_CSV0000000000033847__5.csv,USA_CSV0000000000037101__3.csv,TURN_LANES_L,TURN_LANES_L,4,NO
USA_CSV0000000000034882__26.csv,USA_CSV0000000000037101__3.csv,TURN_LANES_L,TURN_LANES_L,4,NO
USA_CSV0000000000037101__20.csv,USA_CSV0000000000037101__3.csv,TURN_LANES_L,TURN_LANES_L,4,NO
USA_CSV0000000000033847__4.csv,USA_CSV0000000000037101__3.csv,TURN_LANES_L,TURN_LANES_L,4,NO
USA_CSV0000000000037101__20.csv,USA_CSV0000000000037101__3.csv,YEAR_SURF_IMPROV,YEAR_SURF_IMPROV,4,YES
USA_CSV0000000000037101__16.csv,USA_CSV0000000000037101__3.csv,YEAR_SURF_IMPROV,YEAR_SURF_IMPROV,4,YES
USA_CSV0000000000033847__5.csv,USA_CSV0000000000037101__3.csv,DONUT_EXP_FACTOR,DONUT_EXP_FACTOR,4,NO
USA_CSV0000000000037101__20.csv,USA_CSV0000000000037101__3.csv,DONUT_EXP_FACTOR,DONUT_EXP_FACTOR,4,NO
USA_CSV0000000000034882__14.csv,USA_CSV0000000000037101__3.csv,MEDIAN_TYPE,MEDIAN_TYPE,4,YES
USA_CSV0000000000033847__5.csv,USA_CSV0000000000037101__3.csv,ROUTE_NUMBER,ROUTE_NUMBER,4,YES
USA_CSV0000000000037101__20.csv,USA_CSV0000000000037101__3.csv,ROUTE_NUMBER,ROUTE_NUMBER,4,YES
USA_CSV0000000000033847__4.csv,USA_CSV0000000000037101__3.csv,ROUTE_NUMBER,ROUTE_NUMBER,4,YES
USA_CSV0000000000034882__26.csv,USA_CSV0000000000037101__3.csv,AVG_COMBINATION,AVG_COMBINATION,4,NO
USA_CSV0000000000037101__20.csv,USA_CSV0000000000037101__3.csv,AVG_COMBINATION,AVG_COMBINATION,4,NO
USA_CSV0000000000034882__22.csv,USA_CSV0000000000037101__3.csv,AVG_COMBINATION,AVG_COMBINATION,4,NO
USA_CSV0000000000034882__9.csv,USA_CSV0000000000037101__3.csv,AVG_COMBINATION,AVG_COMBINATION,4,NO
USA_CSV0000000000034882__9.csv,USA_CSV0000000000037101__3.csv,CLIMATE_ZONE,CLIMATE_ZONE,4,YES
USA_CSV0000000000037101__20.csv,USA_CSV0000000000037101__3.csv,COUNTY_CODE,COUNTY_CODE,4,YES
USA_CSV0000000000037101__16.csv,USA_CSV0000000000037101__3.csv,COUNTY_CODE,COUNTY_CODE,4,YES
USA_CSV0000000000033847__5.csv,USA_CSV0000000000037101__3.csv,AT_GRADE_SIGNS,AT_GRADE_SIGNS,4,NO
USA_CSV0000000000033847__4.csv,USA_CSV0000000000037101__3.csv,AT_GRADE_SIGNS,AT_GRADE_SIGNS,4,NO
USA_CSV0000000000037101__20.csv,USA_CSV0000000000037101__3.csv,FUT_AADT_YEAR,FUT_AADT_YEAR,4,YES
USA_CSV0000000000037101__16.csv,USA_CSV0000000000037101__3.csv,FUT_AADT_YEAR,FUT_AADT_YEAR,4,YES
USA_CSV0000000000034070__10.csv,USA_CSV0000000000034070__20.csv,Preferred Language,Preferred Language,4,YES
CAN_CSV0000000000002371__14.csv,CAN_CSV0000000000002371__7.csv,transit_na,transit_na,4,NO
CAN_CSV0000000000002371__14.csv,CAN_CSV0000000000002371__7.csv,prox_idx_childcare,prox_idx_childcare,4,YES
USA_CSV0000000000035902__16.csv,USA_CSV0000000000035902__34.csv,TYPE OF IMPROVEMENT,TYPE OF IMPROVEMENT,4,YES
USA_CSV0000000000035902__20.csv,USA_CSV0000000000035902__34.csv,TYPE OF IMPROVEMENT,TYPE OF IMPROVEMENT,4,YES
USA_CSV0000000000035902__16.csv,USA_CSV0000000000035902__34.csv,FUNCTIONAL SYSTEM,FUNCTIONAL SYSTEM,4,YES
USA_CSV0000000000035902__20.csv,USA_CSV0000000000035902__34.csv,FUNCTIONAL SYSTEM,FUNCTIONAL SYSTEM,4,YES
UK_CSV0000000000003896__13.csv,UK_CSV0000000000003896__8.csv,Post-Op Q Anxiety,Post-Op Q Anxiety,4,YES
UK_CSV0000000000002010__6.csv,UK_CSV0000000000003896__8.csv,Post-Op Q Anxiety,Post-Op Q Anxiety,4,YES
UK_CSV0000000000002010__9.csv,UK_CSV0000000000003896__8.csv,Post-Op Q Anxiety,Post-Op Q Anxiety,4,YES
UK_CSV0000000000002010__8.csv,UK_CSV0000000000003896__8.csv,Post-Op Q Anxiety,Post-Op Q Anxiety,4,YES
UK_CSV0000000000003896__13.csv,UK_CSV0000000000003896__8.csv,Pre-Op Q EQ VAS,Pre-Op Q EQ VAS,4,YES
UK_CSV0000000000002010__6.csv,UK_CSV0000000000003896__8.csv,Post-Op Q Wound,Post-Op Q Wound,4,YES
UK_CSV0000000000003896__3.csv,UK_CSV0000000000003896__8.csv,Post-Op Q Wound,Post-Op Q Wound,4,YES
UK_CSV0000000000002010__9.csv,UK_CSV0000000000003896__8.csv,Post-Op Q Wound,Post-Op Q Wound,4,YES
UK_CSV0000000000003896__8.csv,UK_CSV0000000000006676__34.csv,Post-Op Q Wound,Post-Op Q Wound,4,YES
UK_CSV0000000000003896__8.csv,UK_CSV0000000000006676__2.csv,Pre-Op Q EQ5D Index,Pre-Op Q EQ5D Index,4,YES
UK_CSV0000000000003896__3.csv,UK_CSV0000000000003896__8.csv,Pre-Op Q EQ5D Index,Pre-Op Q EQ5D Index,4,YES
UK_CSV0000000000003896__8.csv,UK_CSV0000000000007396__13.csv,Pre-Op Q EQ5D Index,Pre-Op Q EQ5D Index,4,YES
UK_CSV0000000000003896__8.csv,UK_CSV0000000000006676__5.csv,Pre-Op Q EQ5D Index,Pre-Op Q EQ5D Index,4,YES
UK_CSV0000000000003896__8.csv,UK_CSV0000000000006676__34.csv,Post-Op Q Mobility,Post-Op Q Mobility,4,YES
UK_CSV0000000000003896__7.csv,UK_CSV0000000000003896__8.csv,Post-Op Q Mobility,Post-Op Q Mobility,4,YES
UK_CSV0000000000003896__8.csv,UK_CSV0000000000006676__2.csv,Post-Op Q Self-Care,Post-Op Q Self-Care,4,YES
UK_CSV0000000000003896__3.csv,UK_CSV0000000000003896__8.csv,Post-Op Q Self-Care,Post-Op Q Self-Care,4,YES
UK_CSV0000000000003896__8.csv,UK_CSV0000000000006676__9.csv,Post-Op Q Self-Care,Post-Op Q Self-Care,4,YES
UK_CSV0000000000003896__8.csv,UK_CSV0000000000007396__13.csv,Post-Op Q Self-Care,Post-Op Q Self-Care,4,YES
UK_CSV0000000000003896__8.csv,UK_CSV0000000000006676__2.csv,Post-Op Q Bleeding,Post-Op Q Bleeding,4,YES
USA_CSV0000000000033847__5.csv,USA_CSV0000000000034882__25.csv,HORZ_ALIGN,HORZ_ALIGN,4,YES
USA_CSV0000000000034882__25.csv,USA_CSV0000000000034882__26.csv,HORZ_ALIGN,HORZ_ALIGN,4,YES
USA_CSV0000000000033847__5.csv,USA_CSV0000000000034882__25.csv,VERT_ALIGN,VERT_ALIGN,4,YES
USA_CSV0000000000034882__25.csv,USA_CSV0000000000037101__3.csv,VERT_ALIGN,VERT_ALIGN,4,YES
USA_CSV0000000000033847__5.csv,USA_CSV0000000000034882__25.csv,SPECIAL_SYSTEMS,SPECIAL_SYSTEMS,4,NO
USA_CSV0000000000034882__25.csv,USA_CSV0000000000034882__26.csv,SPECIAL_SYSTEMS,SPECIAL_SYSTEMS,4,NO
USA_CSV0000000000034882__22.csv,USA_CSV0000000000034882__25.csv,SPECIAL_SYSTEMS,SPECIAL_SYSTEMS,4,NO
USA_CSV0000000000033847__5.csv,USA_CSV0000000000034882__25.csv,TURN_LANES_L,TURN_LANES_L,4,NO
USA_CSV0000000000034882__25.csv,USA_CSV0000000000034882__26.csv,TURN_LANES_L,TURN_LANES_L,4,NO
USA_CSV0000000000034882__25.csv,USA_CSV0000000000037101__20.csv,TURN_LANES_L,TURN_LANES_L,4,NO
USA_CSV0000000000034882__25.csv,USA_CSV0000000000037101__3.csv,TURN_LANES_L,TURN_LANES_L,4,NO
USA_CSV0000000000033847__5.csv,USA_CSV0000000000034882__25.csv,YEAR_RECORD,YEAR_RECORD,4,YES
USA_CSV0000000000034882__25.csv,USA_CSV0000000000034882__26.csv,YEAR_RECORD,YEAR_RECORD,4,YES
CAN_CSV0000000000001487__9.csv,CAN_CSV0000000000027346__23.csv,PCPN_AMT_PST1HR,PCPN_AMT_PST1HR,4,NO
CAN_CSV0000000000001487__25.csv,CAN_CSV0000000000027346__23.csv,PCPN_AMT_PST1HR,PCPN_AMT_PST1HR,4,NO
CAN_CSV0000000000001487__28.csv,CAN_CSV0000000000027346__23.csv,PCPN_AMT_PST1HR,PCPN_AMT_PST1HR,4,NO
CAN_CSV0000000000001487__8.csv,CAN_CSV0000000000027346__23.csv,PCPN_AMT_PST1HR,PCPN_AMT_PST1HR,4,NO
CAN_CSV0000000000001487__26.csv,CAN_CSV0000000000027346__23.csv,PCPN_AMT_PST1HR,PCPN_AMT_PST1HR,4,NO
USA_CSV0000000000036154__19.csv,USA_CSV0000000000037169__18.csv,FIPS_STATE_CD,FIPS_STATE_CD,4,YES
USA_CSV0000000000037169__18.csv,USA_CSV0000000000037169__7.csv,SHR_LAB_SW,SHR_LAB_SW,4,NO
USA_CSV0000000000036154__21.csv,USA_CSV0000000000037169__18.csv,CBSA_URBN_RRL_IND,CBSA_URBN_RRL_IND,4,NO
USA_CSV0000000000036154__19.csv,USA_CSV0000000000037169__18.csv,SKLTN_REC_SW,SKLTN_REC_SW,4,NO
UK_CSV0000000000002010__3.csv,UK_CSV0000000000002010__6.csv,Post-Op Q Allergy,Post-Op Q Allergy,4,NO
UK_CSV0000000000002010__3.csv,UK_CSV0000000000002010__9.csv,Post-Op Q Allergy,Post-Op Q Allergy,4,NO
UK_CSV0000000000002010__3.csv,UK_CSV0000000000006676__34.csv,Post-Op Q EQ VAS,Post-Op Q EQ VAS,4,YES
UK_CSV0000000000002010__13.csv,UK_CSV0000000000002010__3.csv,Post-Op Q EQ VAS,Post-Op Q EQ VAS,4,YES
UK_CSV0000000000002010__17.csv,UK_CSV0000000000002010__3.csv,Post-Op Q EQ VAS,Post-Op Q EQ VAS,4,YES
UK_CSV0000000000002010__3.csv,UK_CSV0000000000006676__2.csv,Heart Disease,Heart Disease,4,NO
UK_CSV0000000000002010__3.csv,UK_CSV0000000000006676__9.csv,Heart Disease,Heart Disease,4,NO
UK_CSV0000000000002010__3.csv,UK_CSV0000000000006676__5.csv,Heart Disease,Heart Disease,4,NO
CAN_CSV0000000000001909__15.csv,CAN_CSV0000000000001909__8.csv,end-user-entity_en,end-user-entity_en,4,YES
CAN_CSV0000000000001487__25.csv,CAN_CSV0000000000027346__14.csv,CEILOMTR_ELEV,CEILOMTR_ELEV,4,NO
CAN_CSV0000000000027346__12.csv,CAN_CSV0000000000027346__14.csv,CEILOMTR_ELEV,CEILOMTR_ELEV,4,NO
CAN_CSV0000000000001487__28.csv,CAN_CSV0000000000027346__14.csv,CEILOMTR_ELEV,CEILOMTR_ELEV,4,NO
CAN_CSV0000000000027346__14.csv,CAN_CSV0000000000027354__2.csv,AVG_STN_PRES_PST1MT,AVG_STN_PRES_PST1MT,4,NO
CAN_CSV0000000000027346__14.csv,CAN_CSV0000000000027353__2.csv,AVG_STN_PRES_PST1MT,AVG_STN_PRES_PST1MT,4,NO
CAN_CSV0000000000001487__25.csv,CAN_CSV0000000000027346__14.csv,AVG_VIS_PST10MTS_QA,AVG_VIS_PST10MTS_QA,4,NO
CAN_CSV0000000000001487__28.csv,CAN_CSV0000000000027346__14.csv,AVG_VIS_PST10MTS_QA,AVG_VIS_PST10MTS_QA,4,NO
CAN_CSV0000000000001487__26.csv,CAN_CSV0000000000027346__14.csv,AVG_VIS_PST10MTS_QA,AVG_VIS_PST10MTS_QA,4,NO
CAN_CSV0000000000027346__12.csv,CAN_CSV0000000000027346__14.csv,PRSNT_WX_1,PRSNT_WX_1,4,YES
CAN_CSV0000000000027346__14.csv,CAN_CSV0000000000027353__2.csv,PRSNT_WX_1,PRSNT_WX_1,4,YES
CAN_CSV0000000000027346__14.csv,CAN_CSV0000000000027355__11.csv,PRSNT_WX_1,PRSNT_WX_1,4,YES
CAN_CSV0000000000027346__14.csv,CAN_CSV0000000000027354__6.csv,MIN_AIR_TEMP_PST1HR,MIN_AIR_TEMP_PST1HR,4,NO
CAN_CSV0000000000027346__14.csv,CAN_CSV0000000000027353__2.csv,MIN_AIR_TEMP_PST1HR,MIN_AIR_TEMP_PST1HR,4,NO
CAN_CSV0000000000027346__14.csv,CAN_CSV0000000000027355__11.csv,MIN_AIR_TEMP_PST1HR,MIN_AIR_TEMP_PST1HR,4,NO
CAN_CSV0000000000027346__14.csv,CAN_CSV0000000000027349__23.csv,OBS_DATETIME_UTC,OBS_DATETIME_UTC,4,YES
CAN_CSV0000000000027346__14.csv,CAN_CSV0000000000027349__20.csv,OBS_DATETIME_UTC,OBS_DATETIME_UTC,4,YES
CAN_CSV0000000000027346__12.csv,CAN_CSV0000000000027346__14.csv,OBS_DATETIME_UTC,OBS_DATETIME_UTC,4,YES
CAN_CSV0000000000027346__14.csv,CAN_CSV0000000000027354__6.csv,OBS_DATETIME_UTC,OBS_DATETIME_UTC,4,YES
CAN_CSV0000000000027346__14.csv,CAN_CSV0000000000027349__21.csv,OBS_DATETIME_UTC,OBS_DATETIME_UTC,4,YES
CAN_CSV0000000000001487__9.csv,CAN_CSV0000000000027346__14.csv,AVG_VIS_PST1MT_QA,AVG_VIS_PST1MT_QA,4,NO
CAN_CSV0000000000001487__25.csv,CAN_CSV0000000000027346__14.csv,AVG_VIS_PST1MT_QA,AVG_VIS_PST1MT_QA,4,NO
CAN_CSV0000000000001487__28.csv,CAN_CSV0000000000027346__14.csv,AVG_VIS_PST1MT_QA,AVG_VIS_PST1MT_QA,4,NO
CAN_CSV0000000000001487__8.csv,CAN_CSV0000000000027346__14.csv,AVG_VIS_PST1MT_QA,AVG_VIS_PST1MT_QA,4,NO
CAN_CSV0000000000001487__26.csv,CAN_CSV0000000000027346__14.csv,AVG_VIS_PST1MT_QA,AVG_VIS_PST1MT_QA,4,NO
CAN_CSV0000000000001487__10.csv,CAN_CSV0000000000027346__14.csv,AVG_VIS_PST1MT_QA,AVG_VIS_PST1MT_QA,4,NO
CAN_CSV0000000000001487__29.csv,CAN_CSV0000000000027346__14.csv,AVG_VIS_PST1MT_QA,AVG_VIS_PST1MT_QA,4,NO
CAN_CSV0000000000001487__24.csv,CAN_CSV0000000000027346__14.csv,AVG_VIS_PST1MT_QA,AVG_VIS_PST1MT_QA,4,NO
UK_CSV0000000000002183__1.csv,UK_CSV0000000000002183__4.csv,DNS Failure peak,DNS Failure peak,4,NO
UK_CSV0000000000002183__1.csv,UK_CSV0000000000002183__16.csv,DNS Failure peak,DNS Failure peak,4,NO
UK_CSV0000000000002183__1.csv,UK_CSV0000000000002183__4.csv,NetflixFailedPeak,NetflixFailedPeak,4,NO
UK_CSV0000000000002183__1.csv,UK_CSV0000000000002183__8.csv,NetflixFailedPeak,NetflixFailedPeak,4,NO
UK_CSV0000000000002183__1.csv,UK_CSV0000000000002183__4.csv,Latency - 24h,Latency - 24h,4,NO
UK_CSV0000000000002183__1.csv,UK_CSV0000000000002183__16.csv,Latency - 24h,Latency - 24h,4,NO
UK_CSV0000000000002183__1.csv,UK_CSV0000000000002183__4.csv,iPlayerSD24hr,iPlayerSD24hr,4,NO
UK_CSV0000000000002183__1.csv,UK_CSV0000000000002183__8.csv,iPlayerSD24hr,iPlayerSD24hr,4,NO
UK_CSV0000000000002183__1.csv,UK_CSV0000000000002183__4.csv,iPlayerUHDPeak,iPlayerUHDPeak,4,NO
UK_CSV0000000000002183__1.csv,UK_CSV0000000000002183__8.csv,iPlayerUHDPeak,iPlayerUHDPeak,4,NO
UK_CSV0000000000002183__1.csv,UK_CSV0000000000002183__9.csv,iPlayerUHDPeak,iPlayerUHDPeak,4,NO
UK_CSV0000000000002183__1.csv,UK_CSV0000000000002183__16.csv,iPlayerUHDPeak,iPlayerUHDPeak,4,NO
USA_CSV0000000000035412__14.csv,USA_CSV0000000000035412__8.csv,Other Units,Other Units,4,NO
USA_CSV0000000000033169__2.csv,USA_CSV0000000000033169__3.csv,Other Cardiac,Other Cardiac,4,NO
UK_CSV0000000000002010__6.csv,USA_CSV0000000000033169__3.csv,Kidney Disease,Kidney Disease,4,NO
UK_CSV0000000000006676__2.csv,USA_CSV0000000000033169__3.csv,Kidney Disease,Kidney Disease,4,NO
USA_CSV0000000000033169__2.csv,USA_CSV0000000000033169__3.csv,Sexual Orientation,Sexual Orientation,4,YES
USA_CSV0000000000033169__3.csv,USA_CSV0000000000034070__20.csv,Sexual Orientation,Sexual Orientation,4,YES
USA_CSV0000000000033169__3.csv,USA_CSV0000000000034070__10.csv,Hispanic Ethnicity,Hispanic Ethnicity,4,NO
USA_CSV0000000000033169__2.csv,USA_CSV0000000000033169__3.csv,Medicaid Insurance,Medicaid Insurance,4,NO
CAN_CSV0000000000001705__2.csv,CAN_CSV0000000000001709__5.csv,Wired_5_1_Filaire,Wired_5_1_Filaire,4,NO
CAN_CSV0000000000001470__14.csv,CAN_CSV0000000000001471__5.csv,No CAS / CAS Number,No CAS / CAS Number,4,YES
USA_CSV0000000000033169__2.csv,USA_CSV0000000000033169__3.csv,Autism Spectrum,Autism Spectrum,4,NO
USA_CSV0000000000033169__2.csv,USA_CSV0000000000034070__20.csv,Autism Spectrum,Autism Spectrum,4,NO
UK_CSV0000000000002010__6.csv,USA_CSV0000000000033169__2.csv,Kidney Disease,Kidney Disease,4,NO
UK_CSV0000000000006676__2.csv,USA_CSV0000000000033169__2.csv,Kidney Disease,Kidney Disease,4,NO
USA_CSV0000000000033169__2.csv,USA_CSV0000000000033169__3.csv,Sexual Orientation,Sexual Orientation,4,YES
USA_CSV0000000000033169__2.csv,USA_CSV0000000000034070__20.csv,Sexual Orientation,Sexual Orientation,4,YES
USA_CSV0000000000033169__2.csv,USA_CSV0000000000034070__20.csv,Preferred Language,Preferred Language,4,YES
USA_CSV0000000000033169__2.csv,USA_CSV0000000000034070__10.csv,Preferred Language,Preferred Language,4,YES
CAN_CSV0000000000002371__14.csv,CAN_CSV0000000000002371__7.csv,prox_idx_childcare,prox_idx_childcare,4,YES
SG_CSV0000000000000925__10.csv,SG_CSV0000000000000925__44.csv,ban_children4,ban_children4,4,NO
SG_CSV0000000000000925__10.csv,SG_CSV0000000000000925__44.csv,ban_marital,ban_marital,4,YES
SG_CSV0000000000000925__10.csv,SG_CSV0000000000000925__44.csv,socialnetwork_dp10,socialnetwork_dp10,4,NO
SG_CSV0000000000000925__21.csv,SG_CSV0000000000000925__44.csv,socialnetwork_dp10,socialnetwork_dp10,4,NO
SG_CSV0000000000000925__10.csv,SG_CSV0000000000000925__44.csv,ban_q18_q194,ban_q18_q194,4,NO
SG_CSV0000000000000925__44.csv,SG_CSV0000000000001714__6.csv,ban_q18_q194,ban_q18_q194,4,NO
SG_CSV0000000000000925__44.csv,SG_CSV0000000000000925__6.csv,md_segment,md_segment,4,YES
SG_CSV0000000000000925__0.csv,SG_CSV0000000000000925__44.csv,md_segment,md_segment,4,YES
SG_CSV0000000000000925__3.csv,SG_CSV0000000000000925__44.csv,md_segment,md_segment,4,YES
SG_CSV0000000000000925__4.csv,SG_CSV0000000000000925__44.csv,md_segment,md_segment,4,YES
SG_CSV0000000000000925__2.csv,SG_CSV0000000000000925__44.csv,md_segment,md_segment,4,YES
SG_CSV0000000000000925__18.csv,SG_CSV0000000000000925__44.csv,md_segment,md_segment,4,YES
SG_CSV0000000000000925__44.csv,SG_CSV0000000000000925__6.csv,highestlevel,highestlevel,4,YES
SG_CSV0000000000000925__0.csv,SG_CSV0000000000000925__44.csv,highestlevel,highestlevel,4,YES
SG_CSV0000000000000925__3.csv,SG_CSV0000000000000925__44.csv,highestlevel,highestlevel,4,YES
SG_CSV0000000000000925__4.csv,SG_CSV0000000000000925__44.csv,highestlevel,highestlevel,4,YES
SG_CSV0000000000000925__44.csv,SG_CSV0000000000001714__6.csv,socialnetwork_dp01,socialnetwork_dp01,4,YES
SG_CSV0000000000000925__18.csv,SG_CSV0000000000000925__6.csv,ban_education3,ban_education3,4,YES
SG_CSV0000000000000925__0.csv,SG_CSV0000000000000925__18.csv,ban_education3,ban_education3,4,YES
SG_CSV0000000000000925__18.csv,SG_CSV0000000000000925__3.csv,ban_education3,ban_education3,4,YES
SG_CSV0000000000000925__18.csv,SG_CSV0000000000000925__4.csv,ban_education3,ban_education3,4,YES
SG_CSV0000000000000925__18.csv,SG_CSV0000000000000925__6.csv,md_segment,md_segment,4,YES
SG_CSV0000000000000925__0.csv,SG_CSV0000000000000925__18.csv,md_segment,md_segment,4,YES
SG_CSV0000000000000925__18.csv,SG_CSV0000000000000925__3.csv,md_segment,md_segment,4,YES
SG_CSV0000000000000925__18.csv,SG_CSV0000000000000925__4.csv,md_segment,md_segment,4,YES
SG_CSV0000000000000925__18.csv,SG_CSV0000000000000925__44.csv,md_segment,md_segment,4,YES
SG_CSV0000000000000925__18.csv,SG_CSV0000000000001714__40.csv,ban_education2,ban_education2,4,YES
SG_CSV0000000000000925__18.csv,SG_CSV0000000000001714__6.csv,ban_education2,ban_education2,4,YES
SG_CSV0000000000000925__10.csv,SG_CSV0000000000000925__18.csv,ban_personal_inc,ban_personal_inc,4,YES
SG_CSV0000000000000925__10.csv,SG_CSV0000000000000925__18.csv,ban_q18_q193,ban_q18_q193,4,NO
SG_CSV0000000000000925__10.csv,SG_CSV0000000000000925__18.csv,ban_no_ofchildren,ban_no_ofchildren,4,YES
SG_CSV0000000000000925__18.csv,SG_CSV0000000000000925__6.csv,ban_no_ofchildren,ban_no_ofchildren,4,YES
SG_CSV0000000000000925__0.csv,SG_CSV0000000000000925__18.csv,ban_no_ofchildren,ban_no_ofchildren,4,YES
SG_CSV0000000000000925__18.csv,SG_CSV0000000000000925__3.csv,ban_no_ofchildren,ban_no_ofchildren,4,YES
SG_CSV0000000000000925__18.csv,SG_CSV0000000000000925__4.csv,ban_no_ofchildren,ban_no_ofchildren,4,YES
SG_CSV0000000000000925__18.csv,SG_CSV0000000000001714__6.csv,livinginsg_4_slice,livinginsg_4_slice,4,NO
SG_CSV0000000000000925__18.csv,SG_CSV0000000000000925__6.csv,respondent_id,respondent_id,4,YES
SG_CSV0000000000000925__0.csv,SG_CSV0000000000000925__18.csv,respondent_id,respondent_id,4,YES
SG_CSV0000000000000925__18.csv,SG_CSV0000000000000925__3.csv,respondent_id,respondent_id,4,YES
SG_CSV0000000000000925__18.csv,SG_CSV0000000000000925__4.csv,respondent_id,respondent_id,4,YES
SG_CSV0000000000000925__18.csv,SG_CSV0000000000001714__14.csv,respondent_id,respondent_id,4,YES
SG_CSV0000000000000925__18.csv,SG_CSV0000000000001714__17.csv,respondent_id,respondent_id,4,YES
SG_CSV0000000000000925__18.csv,SG_CSV0000000000000925__2.csv,respondent_id,respondent_id,4,YES
SG_CSV0000000000000925__10.csv,SG_CSV0000000000000925__18.csv,socialnetwork_dp10,socialnetwork_dp10,4,NO
SG_CSV0000000000000925__18.csv,SG_CSV0000000000000925__21.csv,socialnetwork_dp10,socialnetwork_dp10,4,NO
SG_CSV0000000000000925__10.csv,SG_CSV0000000000000925__18.csv,indicateage,indicateage,4,YES
SG_CSV0000000000000925__10.csv,SG_CSV0000000000000925__18.csv,rankmostimptchild_2,rankmostimptchild_2,4,NO
SG_CSV0000000000000925__18.csv,SG_CSV0000000000000925__6.csv,rankmostimptchild_2,rankmostimptchild_2,4,NO
SG_CSV0000000000000925__0.csv,SG_CSV0000000000000925__18.csv,rankmostimptchild_2,rankmostimptchild_2,4,NO
SG_CSV0000000000000925__18.csv,SG_CSV0000000000000925__3.csv,rankmostimptchild_2,rankmostimptchild_2,4,NO
SG_CSV0000000000000925__18.csv,SG_CSV0000000000000925__4.csv,rankmostimptchild_2,rankmostimptchild_2,4,NO
SG_CSV0000000000000925__18.csv,SG_CSV0000000000000925__2.csv,rankmostimptchild_2,rankmostimptchild_2,4,NO
SG_CSV0000000000000925__18.csv,SG_CSV0000000000001714__6.csv,livinginsg_1_slice,livinginsg_1_slice,4,NO
SG_CSV0000000000000925__18.csv,SG_CSV0000000000000925__6.csv,highestlevel,highestlevel,4,YES
SG_CSV0000000000000925__0.csv,SG_CSV0000000000000925__18.csv,highestlevel,highestlevel,4,YES
SG_CSV0000000000000925__18.csv,SG_CSV0000000000000925__3.csv,highestlevel,highestlevel,4,YES
SG_CSV0000000000000925__10.csv,SG_CSV0000000000000925__18.csv,ban_q18_q191,ban_q18_q191,4,NO
SG_CSV0000000000000925__18.csv,SG_CSV0000000000000925__6.csv,ban_q18_q191,ban_q18_q191,4,NO
SG_CSV0000000000000925__0.csv,SG_CSV0000000000000925__18.csv,ban_q18_q191,ban_q18_q191,4,NO
SG_CSV0000000000000925__18.csv,SG_CSV0000000000000925__3.csv,ban_q18_q191,ban_q18_q191,4,NO
SG_CSV0000000000000925__18.csv,SG_CSV0000000000000925__4.csv,ban_q18_q191,ban_q18_q191,4,NO
SG_CSV0000000000000925__18.csv,SG_CSV0000000000001714__6.csv,ban_q18_q191,ban_q18_q191,4,NO
SG_CSV0000000000000925__18.csv,SG_CSV0000000000001714__6.csv,socialnetwork_dp01,socialnetwork_dp01,4,YES
SG_CSV0000000000000925__18.csv,SG_CSV0000000000000925__44.csv,socialnetwork_dp01,socialnetwork_dp01,4,YES
SG_CSV0000000000000925__10.csv,SG_CSV0000000000000925__18.csv,ban_gender,ban_gender,4,NO
SG_CSV0000000000000925__18.csv,SG_CSV0000000000001714__40.csv,ban_gender,ban_gender,4,NO
SG_CSV0000000000000925__18.csv,SG_CSV0000000000001714__6.csv,ban_age_youngest,ban_age_youngest,4,YES
SG_CSV0000000000000925__18.csv,SG_CSV0000000000000925__6.csv,livinginsg_3_slice,livinginsg_3_slice,4,NO
SG_CSV0000000000000925__0.csv,SG_CSV0000000000000925__18.csv,livinginsg_3_slice,livinginsg_3_slice,4,NO
SG_CSV0000000000000925__18.csv,SG_CSV0000000000000925__3.csv,livinginsg_3_slice,livinginsg_3_slice,4,NO
SG_CSV0000000000000925__18.csv,SG_CSV0000000000000925__4.csv,livinginsg_3_slice,livinginsg_3_slice,4,NO
SG_CSV0000000000000925__18.csv,SG_CSV0000000000000925__2.csv,livinginsg_3_slice,livinginsg_3_slice,4,NO
CAN_CSV0000000000001909__15.csv,CAN_CSV0000000000001909__8.csv,end-user-entity_en,end-user-entity_en,4,YES
UK_CSV0000000000002064__4.csv,UK_CSV0000000000002064__8.csv,received_date,received_date,4,YES
UK_CSV0000000000002010__21.csv,UK_CSV0000000000002010__6.csv,Kidney Disease,Kidney Disease,4,NO
UK_CSV0000000000002010__21.csv,UK_CSV0000000000006676__2.csv,Kidney Disease,Kidney Disease,4,NO
UK_CSV0000000000002010__21.csv,UK_CSV0000000000002010__6.csv,Post-Op Q Activity,Post-Op Q Activity,4,YES
UK_CSV0000000000002010__21.csv,UK_CSV0000000000006676__2.csv,Post-Op Q Activity,Post-Op Q Activity,4,YES
UK_CSV0000000000002010__21.csv,UK_CSV0000000000002010__30.csv,Nervous System,Nervous System,4,YES
UK_CSV0000000000002010__21.csv,UK_CSV0000000000002010__31.csv,Nervous System,Nervous System,4,YES
UK_CSV0000000000002010__21.csv,UK_CSV0000000000003896__8.csv,Post-Op Q Bleeding,Post-Op Q Bleeding,4,YES
UK_CSV0000000000002010__21.csv,UK_CSV0000000000006676__2.csv,Post-Op Q Bleeding,Post-Op Q Bleeding,4,YES
UK_CSV0000000000002010__21.csv,UK_CSV0000000000002010__6.csv,Pre-Op Q Activity,Pre-Op Q Activity,4,YES
UK_CSV0000000000002010__21.csv,UK_CSV0000000000003896__3.csv,Pre-Op Q Activity,Pre-Op Q Activity,4,YES
UK_CSV0000000000002010__21.csv,UK_CSV0000000000002010__9.csv,Pre-Op Q Activity,Pre-Op Q Activity,4,YES
CAN_CSV0000000000001926__13.csv,CAN_CSV0000000000027405__5.csv,Visibility (km),Visibility (km),4,NO
USA_CSV0000000000037129__17.csv,USA_CSV0000000000037129__8.csv,pqv_ns_oth,pqv_ns_oth,4,YES
USA_CSV0000000000035331__30.csv,USA_CSV0000000000035331__9.csv,UnitTissueWeight,UnitTissueWeight,4,NO
USA_CSV0000000000035331__11.csv,USA_CSV0000000000035331__30.csv,UnitTissueWeight,UnitTissueWeight,4,NO
USA_CSV0000000000035331__30.csv,USA_CSV0000000000035331__9.csv,UnitLengthFish,UnitLengthFish,4,NO
USA_CSV0000000000035331__30.csv,USA_CSV0000000000035331__9.csv,DigestExtractMethod,DigestExtractMethod,4,NO
USA_CSV0000000000035331__11.csv,USA_CSV0000000000035331__30.csv,DigestExtractMethod,DigestExtractMethod,4,NO
USA_CSV0000000000035331__30.csv,USA_CSV0000000000035331__9.csv,AnalyzingAgency,AnalyzingAgency,4,YES
USA_CSV0000000000035331__11.csv,USA_CSV0000000000035331__30.csv,AnalyzingAgency,AnalyzingAgency,4,YES
USA_CSV0000000000035331__30.csv,USA_CSV0000000000035331__9.csv,ComplianceCode,ComplianceCode,4,YES
USA_CSV0000000000035331__30.csv,USA_CSV0000000000035331__9.csv,ProgramName,ProgramName,4,YES
USA_CSV0000000000035331__11.csv,USA_CSV0000000000035331__30.csv,ProgramName,ProgramName,4,YES
USA_CSV0000000000035331__20.csv,USA_CSV0000000000035331__30.csv,StationCode,StationCode,4,YES
USA_CSV0000000000035331__30.csv,USA_CSV0000000000035331__9.csv,StationCode,StationCode,4,YES
USA_CSV0000000000035331__11.csv,USA_CSV0000000000035331__30.csv,StationCode,StationCode,4,YES
USA_CSV0000000000035331__30.csv,USA_CSV0000000000035331__9.csv,ResQualCode,ResQualCode,4,YES
USA_CSV0000000000035331__20.csv,USA_CSV0000000000035331__30.csv,OrganismID,OrganismID,4,YES
USA_CSV0000000000035331__30.csv,USA_CSV0000000000035331__9.csv,OrganismID,OrganismID,4,YES
USA_CSV0000000000035331__11.csv,USA_CSV0000000000035331__30.csv,OrganismID,OrganismID,4,YES
USA_CSV0000000000035331__30.csv,USA_CSV0000000000035331__9.csv,CompositeSampleDate,CompositeSampleDate,4,YES
USA_CSV0000000000035331__11.csv,USA_CSV0000000000035331__30.csv,CompositeSampleDate,CompositeSampleDate,4,YES
USA_CSV0000000000035331__30.csv,USA_CSV0000000000035331__9.csv,DilutionFactor,DilutionFactor,4,NO
USA_CSV0000000000035331__30.csv,USA_CSV0000000000035331__9.csv,TotalLength,TotalLength,4,NO
USA_CSV0000000000035331__11.csv,USA_CSV0000000000035331__30.csv,TotalLength,TotalLength,4,NO
USA_CSV0000000000035412__0.csv,USA_CSV0000000000035412__14.csv,Arrival DtTm,Arrival DtTm,4,YES
USA_CSV0000000000035412__0.csv,USA_CSV0000000000035412__8.csv,Civilian Fatalities,Civilian Fatalities,4,NO
CAN_CSV0000000000010564.csv,USA_CSV0000000000035412__0.csv,Incident Number,Incident Number,4,YES
CAN_CSV0000000000003410.csv,USA_CSV0000000000035412__0.csv,Incident Number,Incident Number,4,YES
CAN_CSV0000000000003463.csv,USA_CSV0000000000035412__0.csv,Incident Number,Incident Number,4,YES
USA_CSV0000000000035412__0.csv,USA_CSV0000000000035412__14.csv,Call Number,Call Number,4,YES
USA_CSV0000000000035412__0.csv,USA_CSV0000000000035412__14.csv,Suppression Units,Suppression Units,4,NO
UK_CSV0000000000003896__1.csv,UK_CSV0000000000003896__8.csv,Post-Op Q Wound,Post-Op Q Wound,4,YES
UK_CSV0000000000002010__6.csv,UK_CSV0000000000003896__1.csv,Post-Op Q Wound,Post-Op Q Wound,4,YES
UK_CSV0000000000003896__1.csv,UK_CSV0000000000003896__3.csv,Post-Op Q Wound,Post-Op Q Wound,4,YES
UK_CSV0000000000003896__1.csv,UK_CSV0000000000003896__8.csv,Post-Op Q Self-Care,Post-Op Q Self-Care,4,YES
UK_CSV0000000000003896__1.csv,UK_CSV0000000000006676__2.csv,Post-Op Q Self-Care,Post-Op Q Self-Care,4,YES
UK_CSV0000000000003896__1.csv,UK_CSV0000000000003896__3.csv,Post-Op Q Self-Care,Post-Op Q Self-Care,4,YES
UK_CSV0000000000003896__1.csv,UK_CSV0000000000003896__8.csv,Pre-Op Q EQ5D Index,Pre-Op Q EQ5D Index,4,YES
UK_CSV0000000000003896__1.csv,UK_CSV0000000000006676__2.csv,Pre-Op Q EQ5D Index,Pre-Op Q EQ5D Index,4,YES
UK_CSV0000000000003896__1.csv,UK_CSV0000000000003896__3.csv,Pre-Op Q EQ5D Index,Pre-Op Q EQ5D Index,4,YES
UK_CSV0000000000003896__1.csv,UK_CSV0000000000007396__13.csv,Pre-Op Q EQ5D Index,Pre-Op Q EQ5D Index,4,YES
UK_CSV0000000000004838__14.csv,UK_CSV0000000000004838__3.csv,LAST_EDIT_DATE,LAST_EDIT_DATE,4,YES
UK_CSV0000000000004838__14.csv,UK_CSV0000000000004838__3.csv,PARENT_UID,PARENT_UID,4,YES
CAN_CSV0000000000027349__23.csv,CAN_CSV0000000000027353__17.csv,LTNG_DIS_RMK,LTNG_DIS_RMK,4,YES
CAN_CSV0000000000027349__23.csv,CAN_CSV0000000000027353__17.csv,OBS_DATETIME_UTC,OBS_DATETIME_UTC,4,YES
CAN_CSV0000000000027349__20.csv,CAN_CSV0000000000027353__17.csv,OBS_DATETIME_UTC,OBS_DATETIME_UTC,4,YES
CAN_CSV0000000000027346__12.csv,CAN_CSV0000000000027353__17.csv,OBS_DATETIME_UTC,OBS_DATETIME_UTC,4,YES
CAN_CSV0000000000027353__17.csv,CAN_CSV0000000000027354__6.csv,OBS_DATETIME_UTC,OBS_DATETIME_UTC,4,YES
CAN_CSV0000000000027349__21.csv,CAN_CSV0000000000027353__17.csv,OBS_DATETIME_UTC,OBS_DATETIME_UTC,4,YES
CAN_CSV0000000000027346__14.csv,CAN_CSV0000000000027353__17.csv,OBS_DATETIME_UTC,OBS_DATETIME_UTC,4,YES
CAN_CSV0000000000027349__23.csv,CAN_CSV0000000000027353__17.csv,AVG_MSLP_PST1MT,AVG_MSLP_PST1MT,4,NO
CAN_CSV0000000000001487__35.csv,CAN_CSV0000000000027353__17.csv,AVG_MSLP_PST1MT,AVG_MSLP_PST1MT,4,NO
CAN_CSV0000000000001487__9.csv,CAN_CSV0000000000027353__17.csv,AVG_MSLP_PST1MT,AVG_MSLP_PST1MT,4,NO
CAN_CSV0000000000027349__20.csv,CAN_CSV0000000000027353__17.csv,AVG_MSLP_PST1MT,AVG_MSLP_PST1MT,4,NO
CAN_CSV0000000000027349__21.csv,CAN_CSV0000000000027353__17.csv,AVG_MSLP_PST1MT,AVG_MSLP_PST1MT,4,NO
CAN_CSV0000000000001487__34.csv,CAN_CSV0000000000027353__17.csv,AVG_MSLP_PST1MT,AVG_MSLP_PST1MT,4,NO
CAN_CSV0000000000001487__8.csv,CAN_CSV0000000000027353__17.csv,AVG_MSLP_PST1MT,AVG_MSLP_PST1MT,4,NO
USA_CSV0000000000035897__4.csv,USA_CSV0000000000035897__8.csv,HEAVY_TRUCK_COUNT,HEAVY_TRUCK_COUNT,4,NO
USA_CSV0000000000035897__4.csv,USA_CSV0000000000035897__8.csv,HVY_TRUCK_RELATED,HVY_TRUCK_RELATED,4,NO
USA_CSV0000000000035897__26.csv,USA_CSV0000000000035897__4.csv,HVY_TRUCK_RELATED,HVY_TRUCK_RELATED,4,NO
USA_CSV0000000000035897__25.csv,USA_CSV0000000000035897__4.csv,HVY_TRUCK_RELATED,HVY_TRUCK_RELATED,4,NO
USA_CSV0000000000035897__4.csv,USA_CSV0000000000035897__8.csv,MAJ_INJ_COUNT,MAJ_INJ_COUNT,4,NO
USA_CSV0000000000035897__26.csv,USA_CSV0000000000035897__4.csv,MAJ_INJ_COUNT,MAJ_INJ_COUNT,4,NO
USA_CSV0000000000035897__25.csv,USA_CSV0000000000035897__4.csv,MAJ_INJ_COUNT,MAJ_INJ_COUNT,4,NO
USA_CSV0000000000035897__4.csv,USA_CSV0000000000035897__8.csv,STATE_ROAD,STATE_ROAD,4,NO
USA_CSV0000000000035897__4.csv,USA_CSV0000000000035897__8.csv,DRUGGED_DRIVER,DRUGGED_DRIVER,4,NO
USA_CSV0000000000035897__26.csv,USA_CSV0000000000035897__4.csv,DRUGGED_DRIVER,DRUGGED_DRIVER,4,NO
USA_CSV0000000000035897__25.csv,USA_CSV0000000000035897__4.csv,DRUGGED_DRIVER,DRUGGED_DRIVER,4,NO
USA_CSV0000000000035897__4.csv,USA_CSV0000000000035897__8.csv,DRIVER_COUNT_75PLUS,DRIVER_COUNT_75PLUS,4,NO
USA_CSV0000000000035897__4.csv,USA_CSV0000000000035897__8.csv,DRINKING_DRIVER,DRINKING_DRIVER,4,NO
USA_CSV0000000000035897__26.csv,USA_CSV0000000000035897__4.csv,HIT_BARRIER,HIT_BARRIER,4,NO
USA_CSV0000000000035897__25.csv,USA_CSV0000000000035897__4.csv,HIT_BARRIER,HIT_BARRIER,4,NO
USA_CSV0000000000035897__4.csv,USA_CSV0000000000035897__8.csv,PSP_REPORTED,PSP_REPORTED,4,NO
USA_CSV0000000000035897__26.csv,USA_CSV0000000000035897__4.csv,DRIVER_75PLUS,DRIVER_75PLUS,4,NO
USA_CSV0000000000035897__25.csv,USA_CSV0000000000035897__4.csv,DRIVER_75PLUS,DRIVER_75PLUS,4,NO
USA_CSV0000000000035897__4.csv,USA_CSV0000000000035897__44.csv,UNB_DEATH_COUNT,UNB_DEATH_COUNT,4,NO
USA_CSV0000000000035897__4.csv,USA_CSV0000000000035897__8.csv,SIGNALIZED_INT,SIGNALIZED_INT,4,NO
USA_CSV0000000000035897__4.csv,USA_CSV0000000000035897__8.csv,VEHICLE_TOWED,VEHICLE_TOWED,4,NO
USA_CSV0000000000035897__4.csv,USA_CSV0000000000035897__8.csv,MUNICIPALITY,MUNICIPALITY,4,YES
USA_CSV0000000000035897__26.csv,USA_CSV0000000000035897__4.csv,MUNICIPALITY,MUNICIPALITY,4,YES
USA_CSV0000000000035897__25.csv,USA_CSV0000000000035897__4.csv,MUNICIPALITY,MUNICIPALITY,4,YES
USA_CSV0000000000035897__4.csv,USA_CSV0000000000035897__8.csv,SCH_ZONE_IND,SCH_ZONE_IND,4,NO
USA_CSV0000000000035897__4.csv,USA_CSV0000000000035897__8.csv,INTERSECT_TYPE,INTERSECT_TYPE,4,YES
USA_CSV0000000000035897__4.csv,USA_CSV0000000000035897__8.csv,INJURY_OR_FATAL,INJURY_OR_FATAL,4,NO
USA_CSV0000000000035897__26.csv,USA_CSV0000000000035897__4.csv,LIMIT_65MPH,LIMIT_65MPH,4,NO
USA_CSV0000000000035897__25.csv,USA_CSV0000000000035897__4.csv,LIMIT_65MPH,LIMIT_65MPH,4,NO
USA_CSV0000000000035897__4.csv,USA_CSV0000000000035897__44.csv,LIMIT_65MPH,LIMIT_65MPH,4,NO
USA_CSV0000000000035897__4.csv,USA_CSV0000000000035897__8.csv,UNK_INJ_DEG_COUNT,UNK_INJ_DEG_COUNT,4,NO
USA_CSV0000000000035897__4.csv,USA_CSV0000000000035897__8.csv,MCYCLE_DEATH_COUNT,MCYCLE_DEATH_COUNT,4,NO
USA_CSV0000000000035897__26.csv,USA_CSV0000000000035897__4.csv,MCYCLE_DEATH_COUNT,MCYCLE_DEATH_COUNT,4,NO
USA_CSV0000000000035897__26.csv,USA_CSV0000000000035897__4.csv,OVERTURNED,OVERTURNED,4,NO
USA_CSV0000000000035897__25.csv,USA_CSV0000000000035897__4.csv,OVERTURNED,OVERTURNED,4,NO
USA_CSV0000000000035897__4.csv,USA_CSV0000000000035897__44.csv,CURVE_DVR_ERROR,CURVE_DVR_ERROR,4,NO
USA_CSV0000000000035897__26.csv,USA_CSV0000000000035897__4.csv,PHANTOM_VEHICLE,PHANTOM_VEHICLE,4,NO
USA_CSV0000000000035897__25.csv,USA_CSV0000000000035897__4.csv,PHANTOM_VEHICLE,PHANTOM_VEHICLE,4,NO
USA_CSV0000000000035897__4.csv,USA_CSV0000000000035897__44.csv,CRASH_MONTH,CRASH_MONTH,4,YES
USA_CSV0000000000035897__26.csv,USA_CSV0000000000035897__4.csv,SMALL_TRUCK_COUNT,SMALL_TRUCK_COUNT,4,NO
USA_CSV0000000000035897__25.csv,USA_CSV0000000000035897__4.csv,SMALL_TRUCK_COUNT,SMALL_TRUCK_COUNT,4,NO
USA_CSV0000000000035897__4.csv,USA_CSV0000000000035897__8.csv,POLICE_AGCY,POLICE_AGCY,4,YES
USA_CSV0000000000037129__17.csv,USA_CSV0000000000037129__8.csv,pqv_ns_oth,pqv_ns_oth,4,YES
SG_CSV0000000000000925__2.csv,SG_CSV0000000000000925__6.csv,socialnetwork_dp08,socialnetwork_dp08,4,NO
SG_CSV0000000000000925__0.csv,SG_CSV0000000000000925__2.csv,socialnetwork_dp08,socialnetwork_dp08,4,NO
SG_CSV0000000000000925__2.csv,SG_CSV0000000000001714__40.csv,socialnetwork_dp08,socialnetwork_dp08,4,NO
SG_CSV0000000000000925__10.csv,SG_CSV0000000000000925__2.csv,ban_no_ofchildren,ban_no_ofchildren,4,YES
SG_CSV0000000000000925__2.csv,SG_CSV0000000000000925__6.csv,ban_no_ofchildren,ban_no_ofchildren,4,YES
SG_CSV0000000000000925__0.csv,SG_CSV0000000000000925__2.csv,ban_no_ofchildren,ban_no_ofchildren,4,YES
SG_CSV0000000000000925__2.csv,SG_CSV0000000000000925__3.csv,ban_no_ofchildren,ban_no_ofchildren,4,YES
SG_CSV0000000000000925__2.csv,SG_CSV0000000000000925__4.csv,ban_no_ofchildren,ban_no_ofchildren,4,YES
SG_CSV0000000000000925__2.csv,SG_CSV0000000000000925__6.csv,ban_children1,ban_children1,4,NO
SG_CSV0000000000000925__0.csv,SG_CSV0000000000000925__2.csv,ban_children1,ban_children1,4,NO
SG_CSV0000000000000925__2.csv,SG_CSV0000000000000925__3.csv,ban_children1,ban_children1,4,NO
SG_CSV0000000000000925__2.csv,SG_CSV0000000000000925__4.csv,ban_children1,ban_children1,4,NO
SG_CSV0000000000000925__10.csv,SG_CSV0000000000000925__2.csv,ban_children4,ban_children4,4,NO
SG_CSV0000000000000925__2.csv,SG_CSV0000000000000925__6.csv,ban_children4,ban_children4,4,NO
SG_CSV0000000000000925__0.csv,SG_CSV0000000000000925__2.csv,ban_children4,ban_children4,4,NO
SG_CSV0000000000000925__2.csv,SG_CSV0000000000001714__40.csv,ban_children4,ban_children4,4,NO
SG_CSV0000000000000925__2.csv,SG_CSV0000000000000925__6.csv,ban_education1,ban_education1,4,YES
SG_CSV0000000000000925__0.csv,SG_CSV0000000000000925__2.csv,ban_education1,ban_education1,4,YES
SG_CSV0000000000000925__2.csv,SG_CSV0000000000000925__3.csv,ban_education1,ban_education1,4,YES
SG_CSV0000000000000925__2.csv,SG_CSV0000000000000925__4.csv,ban_education1,ban_education1,4,YES
SG_CSV0000000000000925__10.csv,SG_CSV0000000000000925__2.csv,yearbornin_1_slice,yearbornin_1_slice,4,YES
SG_CSV0000000000000925__2.csv,SG_CSV0000000000000925__6.csv,highestlevel,highestlevel,4,YES
SG_CSV0000000000000925__0.csv,SG_CSV0000000000000925__2.csv,highestlevel,highestlevel,4,YES
SG_CSV0000000000000925__2.csv,SG_CSV0000000000000925__3.csv,highestlevel,highestlevel,4,YES
SG_CSV0000000000000925__2.csv,SG_CSV0000000000000925__4.csv,highestlevel,highestlevel,4,YES
SG_CSV0000000000000925__2.csv,SG_CSV0000000000001714__14.csv,highestlevel,highestlevel,4,YES
SG_CSV0000000000000925__10.csv,SG_CSV0000000000000925__2.csv,livinginsg_2_slice,livinginsg_2_slice,4,NO
SG_CSV0000000000000925__2.csv,SG_CSV0000000000000925__6.csv,livinginsg_2_slice,livinginsg_2_slice,4,NO
SG_CSV0000000000000925__0.csv,SG_CSV0000000000000925__2.csv,livinginsg_2_slice,livinginsg_2_slice,4,NO
SG_CSV0000000000000925__2.csv,SG_CSV0000000000000925__3.csv,livinginsg_2_slice,livinginsg_2_slice,4,NO
SG_CSV0000000000000925__2.csv,SG_CSV0000000000000925__6.csv,livinginsg_3_slice,livinginsg_3_slice,4,NO
SG_CSV0000000000000925__0.csv,SG_CSV0000000000000925__2.csv,livinginsg_3_slice,livinginsg_3_slice,4,NO
SG_CSV0000000000000925__2.csv,SG_CSV0000000000000925__3.csv,livinginsg_3_slice,livinginsg_3_slice,4,NO
SG_CSV0000000000000925__2.csv,SG_CSV0000000000000925__4.csv,livinginsg_3_slice,livinginsg_3_slice,4,NO
SG_CSV0000000000000925__2.csv,SG_CSV0000000000000925__35.csv,ban_education4,ban_education4,4,NO
SG_CSV0000000000000925__2.csv,SG_CSV0000000000000925__6.csv,ban_education4,ban_education4,4,NO
SG_CSV0000000000000925__0.csv,SG_CSV0000000000000925__2.csv,ban_education4,ban_education4,4,NO
SG_CSV0000000000000925__2.csv,SG_CSV0000000000000925__3.csv,ban_education4,ban_education4,4,NO
SG_CSV0000000000000925__2.csv,SG_CSV0000000000000925__4.csv,ban_education4,ban_education4,4,NO
SG_CSV0000000000000925__2.csv,SG_CSV0000000000001714__6.csv,ban_education4,ban_education4,4,NO
CAN_CSV0000000000001337__0.csv,CAN_CSV0000000000001337__3.csv,SUBDIVISION_ENM,SUBDIVISION_ENM,4,YES
CAN_CSV0000000000001337__0.csv,CAN_CSV0000000000001337__3.csv,OCCURRENCETIME,OCCURRENCETIME,4,YES
CAN_CSV0000000000001337__0.csv,CAN_CSV0000000000001337__3.csv,DAYORNIGHT,DAYORNIGHT,4,NO
USA_CSV0000000000035331__11.csv,USA_CSV0000000000035331__9.csv,UnitTissueWeight,UnitTissueWeight,4,NO
USA_CSV0000000000035331__11.csv,USA_CSV0000000000035331__30.csv,UnitTissueWeight,UnitTissueWeight,4,NO
USA_CSV0000000000035331__11.csv,USA_CSV0000000000035331__9.csv,SamplingAgency,SamplingAgency,4,YES
USA_CSV0000000000035331__11.csv,USA_CSV0000000000035331__9.csv,WeightAvg(g),WeightAvg(g),4,NO
USA_CSV0000000000035331__11.csv,USA_CSV0000000000035331__9.csv,TotalLength,TotalLength,4,NO
USA_CSV0000000000035331__11.csv,USA_CSV0000000000035331__9.csv,DigestExtractMethod,DigestExtractMethod,4,NO
USA_CSV0000000000035331__11.csv,USA_CSV0000000000035331__30.csv,DigestExtractMethod,DigestExtractMethod,4,NO
USA_CSV0000000000035331__11.csv,USA_CSV0000000000035331__9.csv,TLAvgLength(mm),TLAvgLength(mm),4,NO
USA_CSV0000000000035331__11.csv,USA_CSV0000000000035331__9.csv,CompositeLatitude,CompositeLatitude,4,NO
USA_CSV0000000000035331__11.csv,USA_CSV0000000000035331__30.csv,CompositeLatitude,CompositeLatitude,4,NO
USA_CSV0000000000035331__11.csv,USA_CSV0000000000035331__9.csv,AnalyzingAgency,AnalyzingAgency,4,YES
USA_CSV0000000000035331__11.csv,USA_CSV0000000000035331__30.csv,AnalyzingAgency,AnalyzingAgency,4,YES
USA_CSV0000000000035331__11.csv,USA_CSV0000000000035331__9.csv,ProgramName,ProgramName,4,YES
USA_CSV0000000000035331__11.csv,USA_CSV0000000000035331__30.csv,ProgramName,ProgramName,4,YES
USA_CSV0000000000035331__11.csv,USA_CSV0000000000035331__9.csv,CompositeReplicate,CompositeReplicate,4,NO
USA_CSV0000000000035331__11.csv,USA_CSV0000000000035331__20.csv,StationCode,StationCode,4,YES
USA_CSV0000000000035331__11.csv,USA_CSV0000000000035331__9.csv,StationCode,StationCode,4,YES
USA_CSV0000000000035331__11.csv,USA_CSV0000000000035331__30.csv,StationCode,StationCode,4,YES
USA_CSV0000000000035331__11.csv,USA_CSV0000000000035331__20.csv,SampleDate,SampleDate,4,YES
USA_CSV0000000000035331__11.csv,USA_CSV0000000000035331__9.csv,SampleDate,SampleDate,4,YES
USA_CSV0000000000035331__11.csv,USA_CSV0000000000035331__20.csv,HomogonizedDate,HomogonizedDate,4,YES
USA_CSV0000000000035331__11.csv,USA_CSV0000000000035331__9.csv,HomogonizedDate,HomogonizedDate,4,YES
USA_CSV0000000000035331__11.csv,USA_CSV0000000000035331__9.csv,LabSubmissionCode,LabSubmissionCode,4,YES
USA_CSV0000000000035331__11.csv,USA_CSV0000000000035331__9.csv,ResQualCode,ResQualCode,4,YES
USA_CSV0000000000035331__11.csv,USA_CSV0000000000035331__30.csv,ResQualCode,ResQualCode,4,YES
USA_CSV0000000000035331__11.csv,USA_CSV0000000000035331__20.csv,TissueResultRowID,TissueResultRowID,4,YES
USA_CSV0000000000035331__11.csv,USA_CSV0000000000035331__9.csv,TissueResultRowID,TissueResultRowID,4,YES
USA_CSV0000000000035331__11.csv,USA_CSV0000000000035331__9.csv,SubmittingAgency,SubmittingAgency,4,YES
USA_CSV0000000000035331__11.csv,USA_CSV0000000000035331__9.csv,CompositeSampleDate,CompositeSampleDate,4,YES
USA_CSV0000000000035331__11.csv,USA_CSV0000000000035331__30.csv,CompositeSampleDate,CompositeSampleDate,4,YES
USA_CSV0000000000035331__11.csv,USA_CSV0000000000035331__9.csv,DilutionFactor,DilutionFactor,4,NO
USA_CSV0000000000035331__11.csv,USA_CSV0000000000035331__9.csv,AnalysisDate,AnalysisDate,4,YES
USA_CSV0000000000035331__11.csv,USA_CSV0000000000035331__9.csv,UnitLengthFish,UnitLengthFish,4,NO
USA_CSV0000000000033847__10.csv,USA_CSV0000000000034882__26.csv,STD_VOLUME_GROUP,STD_VOLUME_GROUP,4,NO
USA_CSV0000000000033847__10.csv,USA_CSV0000000000037101__3.csv,STD_VOLUME_GROUP,STD_VOLUME_GROUP,4,NO
USA_CSV0000000000033847__10.csv,USA_CSV0000000000034882__14.csv,STD_VOLUME_GROUP,STD_VOLUME_GROUP,4,NO
USA_CSV0000000000033847__10.csv,USA_CSV0000000000037101__16.csv,STD_VOLUME_GROUP,STD_VOLUME_GROUP,4,NO
USA_CSV0000000000033847__10.csv,USA_CSV0000000000034882__26.csv,TYPE_FACILITY,TYPE_FACILITY,4,YES
USA_CSV0000000000033847__10.csv,USA_CSV0000000000037101__16.csv,TYPE_FACILITY,TYPE_FACILITY,4,YES
USA_CSV0000000000033847__10.csv,USA_CSV0000000000033847__17.csv,TYPE_FACILITY,TYPE_FACILITY,4,YES
USA_CSV0000000000033847__10.csv,USA_CSV0000000000037101__3.csv,SECTION_ID,SECTION_ID,4,YES
USA_CSV0000000000033847__10.csv,USA_CSV0000000000034882__14.csv,SECTION_ID,SECTION_ID,4,YES
USA_CSV0000000000033847__10.csv,USA_CSV0000000000034882__12.csv,SECTION_ID,SECTION_ID,4,YES
USA_CSV0000000000033847__10.csv,USA_CSV0000000000037101__20.csv,PEAK_LANES,PEAK_LANES,4,NO
USA_CSV0000000000033847__10.csv,USA_CSV0000000000037101__3.csv,PEAK_LANES,PEAK_LANES,4,NO
USA_CSV0000000000033847__10.csv,USA_CSV0000000000034882__14.csv,PEAK_LANES,PEAK_LANES,4,NO
USA_CSV0000000000033847__10.csv,USA_CSV0000000000034882__12.csv,PEAK_LANES,PEAK_LANES,4,NO
USA_CSV0000000000033847__10.csv,USA_CSV0000000000034882__9.csv,PEAK_LANES,PEAK_LANES,4,NO
USA_CSV0000000000033847__10.csv,USA_CSV0000000000033847__5.csv,HORZ_ALIGN,HORZ_ALIGN,4,YES
USA_CSV0000000000033847__10.csv,USA_CSV0000000000034882__26.csv,HORZ_ALIGN,HORZ_ALIGN,4,YES
USA_CSV0000000000033847__10.csv,USA_CSV0000000000033847__5.csv,PEAK_CAPACITY,PEAK_CAPACITY,4,NO
USA_CSV0000000000033847__10.csv,USA_CSV0000000000034882__14.csv,PEAK_CAPACITY,PEAK_CAPACITY,4,NO
USA_CSV0000000000033847__10.csv,USA_CSV0000000000033847__4.csv,PEAK_CAPACITY,PEAK_CAPACITY,4,NO
USA_CSV0000000000033847__10.csv,USA_CSV0000000000037101__27.csv,AT_GRADE_OTHER,AT_GRADE_OTHER,4,NO
USA_CSV0000000000033847__10.csv,USA_CSV0000000000037101__3.csv,ACCESS_CONTROL,ACCESS_CONTROL,4,YES
USA_CSV0000000000033847__10.csv,USA_CSV0000000000034882__26.csv,ACCESS_CONTROL,ACCESS_CONTROL,4,YES
USA_CSV0000000000033847__10.csv,USA_CSV0000000000034882__14.csv,ACCESS_CONTROL,ACCESS_CONTROL,4,YES
USA_CSV0000000000033847__10.csv,USA_CSV0000000000037101__3.csv,IS_GROUPED,IS_GROUPED,4,NO
USA_CSV0000000000033847__10.csv,USA_CSV0000000000034882__26.csv,IS_GROUPED,IS_GROUPED,4,NO
USA_CSV0000000000033847__10.csv,USA_CSV0000000000037101__3.csv,TYPE_SIGNAL,TYPE_SIGNAL,4,YES
USA_CSV0000000000033847__10.csv,USA_CSV0000000000034882__14.csv,TYPE_SIGNAL,TYPE_SIGNAL,4,YES
USA_CSV0000000000033847__10.csv,USA_CSV0000000000034882__22.csv,TYPE_SIGNAL,TYPE_SIGNAL,4,YES
USA_CSV0000000000033847__10.csv,USA_CSV0000000000034882__12.csv,TYPE_SIGNAL,TYPE_SIGNAL,4,YES
USA_CSV0000000000033847__10.csv,USA_CSV0000000000037101__20.csv,TRUCK_ROUTE,TRUCK_ROUTE,4,NO
USA_CSV0000000000033847__10.csv,USA_CSV0000000000037101__3.csv,TRUCK_ROUTE,TRUCK_ROUTE,4,NO
USA_CSV0000000000033847__10.csv,USA_CSV0000000000034882__14.csv,TRUCK_ROUTE,TRUCK_ROUTE,4,NO
USA_CSV0000000000033847__10.csv,USA_CSV0000000000034882__26.csv,MEDIAN_WIDTH,MEDIAN_WIDTH,4,NO
USA_CSV0000000000033847__10.csv,USA_CSV0000000000037101__27.csv,MEDIAN_WIDTH,MEDIAN_WIDTH,4,NO
USA_CSV0000000000033847__10.csv,USA_CSV0000000000034882__25.csv,MEDIAN_WIDTH,MEDIAN_WIDTH,4,NO
USA_CSV0000000000033847__10.csv,USA_CSV0000000000034882__29.csv,MEDIAN_WIDTH,MEDIAN_WIDTH,4,NO
USA_CSV0000000000033847__10.csv,USA_CSV0000000000033847__5.csv,URBAN_CODE,URBAN_CODE,4,YES
USA_CSV0000000000033847__10.csv,USA_CSV0000000000037101__3.csv,URBAN_CODE,URBAN_CODE,4,YES
USA_CSV0000000000033847__10.csv,USA_CSV0000000000034882__14.csv,URBAN_CODE,URBAN_CODE,4,YES
USA_CSV0000000000033847__10.csv,USA_CSV0000000000033847__4.csv,URBAN_CODE,URBAN_CODE,4,YES
USA_CSV0000000000033847__10.csv,USA_CSV0000000000034882__12.csv,URBAN_CODE,URBAN_CODE,4,YES
USA_CSV0000000000033847__10.csv,USA_CSV0000000000034882__26.csv,INTER_ROUTE_NUMBER,INTER_ROUTE_NUMBER,4,YES
USA_CSV0000000000033847__10.csv,USA_CSV0000000000033847__17.csv,INTER_ROUTE_NUMBER,INTER_ROUTE_NUMBER,4,YES
USA_CSV0000000000033847__10.csv,USA_CSV0000000000033847__5.csv,TURN_LANES_L,TURN_LANES_L,4,NO
USA_CSV0000000000033847__10.csv,USA_CSV0000000000034882__26.csv,TURN_LANES_L,TURN_LANES_L,4,NO
USA_CSV0000000000033847__10.csv,USA_CSV0000000000037101__20.csv,TURN_LANES_L,TURN_LANES_L,4,NO
USA_CSV0000000000033847__10.csv,USA_CSV0000000000037101__3.csv,TURN_LANES_L,TURN_LANES_L,4,NO
USA_CSV0000000000033847__10.csv,USA_CSV0000000000034882__26.csv,PAVEMENT_TYPE,PAVEMENT_TYPE,4,YES
USA_CSV0000000000033847__10.csv,USA_CSV0000000000034882__14.csv,PAVEMENT_TYPE,PAVEMENT_TYPE,4,YES
USA_CSV0000000000033847__10.csv,USA_CSV0000000000034882__12.csv,PAVEMENT_TYPE,PAVEMENT_TYPE,4,YES
USA_CSV0000000000033847__10.csv,USA_CSV0000000000033847__5.csv,ROUTE_NUMBER,ROUTE_NUMBER,4,YES
USA_CSV0000000000033847__10.csv,USA_CSV0000000000037101__20.csv,ROUTE_NUMBER,ROUTE_NUMBER,4,YES
USA_CSV0000000000033847__10.csv,USA_CSV0000000000037101__3.csv,ROUTE_NUMBER,ROUTE_NUMBER,4,YES
USA_CSV0000000000033847__10.csv,USA_CSV0000000000033847__4.csv,ROUTE_NUMBER,ROUTE_NUMBER,4,YES
USA_CSV0000000000033847__10.csv,USA_CSV0000000000034882__14.csv,PEAK_PARKING,PEAK_PARKING,4,NO
USA_CSV0000000000033847__10.csv,USA_CSV0000000000035897__26.csv,SPEED_LIMIT,SPEED_LIMIT,4,YES
USA_CSV0000000000033847__10.csv,USA_CSV0000000000035897__25.csv,SPEED_LIMIT,SPEED_LIMIT,4,YES
USA_CSV0000000000033847__10.csv,USA_CSV0000000000037101__20.csv,COUNTY_CODE,COUNTY_CODE,4,YES
USA_CSV0000000000033847__10.csv,USA_CSV0000000000037101__3.csv,COUNTY_CODE,COUNTY_CODE,4,YES
USA_CSV0000000000033847__10.csv,USA_CSV0000000000037101__16.csv,COUNTY_CODE,COUNTY_CODE,4,YES
USA_CSV0000000000033847__10.csv,USA_CSV0000000000033847__5.csv,SAMPLING_TECH,SAMPLING_TECH,4,YES
USA_CSV0000000000033847__10.csv,USA_CSV0000000000037101__16.csv,SAMPLING_TECH,SAMPLING_TECH,4,YES
USA_CSV0000000000033847__10.csv,USA_CSV0000000000033847__4.csv,SAMPLING_TECH,SAMPLING_TECH,4,YES
USA_CSV0000000000033847__10.csv,USA_CSV0000000000033847__5.csv,YEAR_RECORD,YEAR_RECORD,4,YES
USA_CSV0000000000033847__10.csv,USA_CSV0000000000034882__26.csv,YEAR_RECORD,YEAR_RECORD,4,YES
CAN_CSV0000000000001337__3.csv,CAN_CSV0000000000001337__4.csv,SUBDIVISION_ENM,SUBDIVISION_ENM,4,YES
CAN_CSV0000000000001337__0.csv,CAN_CSV0000000000001337__4.csv,SUBDIVISION_ENM,SUBDIVISION_ENM,4,YES
CAN_CSV0000000000001337__3.csv,CAN_CSV0000000000001337__4.csv,OCCURRENCETIME,OCCURRENCETIME,4,YES
CAN_CSV0000000000001337__0.csv,CAN_CSV0000000000001337__4.csv,OCCURRENCETIME,OCCURRENCETIME,4,YES
CAN_CSV0000000000001337__3.csv,CAN_CSV0000000000001337__4.csv,DAYORNIGHT,DAYORNIGHT,4,NO
CAN_CSV0000000000001337__0.csv,CAN_CSV0000000000001337__4.csv,DAYORNIGHT,DAYORNIGHT,4,NO
USA_CSV0000000000035897__44.csv,USA_CSV0000000000035897__8.csv,STATE_ROAD,STATE_ROAD,4,NO
USA_CSV0000000000035897__4.csv,USA_CSV0000000000035897__44.csv,STATE_ROAD,STATE_ROAD,4,NO
USA_CSV0000000000035897__44.csv,USA_CSV0000000000035897__8.csv,STOP_CONTROLLED_INT,STOP_CONTROLLED_INT,4,NO
USA_CSV0000000000035897__26.csv,USA_CSV0000000000035897__44.csv,STOP_CONTROLLED_INT,STOP_CONTROLLED_INT,4,NO
USA_CSV0000000000035897__25.csv,USA_CSV0000000000035897__44.csv,STOP_CONTROLLED_INT,STOP_CONTROLLED_INT,4,NO
USA_CSV0000000000035897__44.csv,USA_CSV0000000000035897__8.csv,DRINKING_DRIVER,DRINKING_DRIVER,4,NO
USA_CSV0000000000035897__4.csv,USA_CSV0000000000035897__44.csv,DRINKING_DRIVER,DRINKING_DRIVER,4,NO
USA_CSV0000000000035897__26.csv,USA_CSV0000000000035897__44.csv,DRINKING_DRIVER,DRINKING_DRIVER,4,NO
USA_CSV0000000000035897__25.csv,USA_CSV0000000000035897__44.csv,DRINKING_DRIVER,DRINKING_DRIVER,4,NO
USA_CSV0000000000035897__44.csv,USA_CSV0000000000035897__8.csv,HIT_FIXED_OBJECT,HIT_FIXED_OBJECT,4,NO
USA_CSV0000000000035897__44.csv,USA_CSV0000000000035897__8.csv,NTFY_HIWY_MAINT,NTFY_HIWY_MAINT,4,NO
USA_CSV0000000000035897__26.csv,USA_CSV0000000000035897__44.csv,CELL_PHONE,CELL_PHONE,4,YES
USA_CSV0000000000035897__25.csv,USA_CSV0000000000035897__44.csv,CELL_PHONE,CELL_PHONE,4,YES
USA_CSV0000000000035897__44.csv,USA_CSV0000000000035897__8.csv,ACCESS_CTRL,ACCESS_CTRL,4,NO
USA_CSV0000000000035897__4.csv,USA_CSV0000000000035897__44.csv,DRIVER_16YR,DRIVER_16YR,4,NO
USA_CSV0000000000035897__26.csv,USA_CSV0000000000035897__44.csv,DRIVER_COUNT_17YR,DRIVER_COUNT_17YR,4,NO
USA_CSV0000000000035897__25.csv,USA_CSV0000000000035897__44.csv,DRIVER_COUNT_17YR,DRIVER_COUNT_17YR,4,NO
USA_CSV0000000000035897__44.csv,USA_CSV0000000000035897__8.csv,RUNNING_STOP_SIGN,RUNNING_STOP_SIGN,4,NO
USA_CSV0000000000035897__26.csv,USA_CSV0000000000035897__44.csv,RUNNING_STOP_SIGN,RUNNING_STOP_SIGN,4,NO
USA_CSV0000000000035897__25.csv,USA_CSV0000000000035897__44.csv,RUNNING_STOP_SIGN,RUNNING_STOP_SIGN,4,NO
USA_CSV0000000000035897__44.csv,USA_CSV0000000000035897__8.csv,UNSIGNALIZED_INT,UNSIGNALIZED_INT,4,NO
USA_CSV0000000000035897__44.csv,USA_CSV0000000000035897__8.csv,NON_INTERSECTION,NON_INTERSECTION,4,NO
USA_CSV0000000000035897__26.csv,USA_CSV0000000000035897__44.csv,NON_INTERSECTION,NON_INTERSECTION,4,NO
USA_CSV0000000000035897__25.csv,USA_CSV0000000000035897__44.csv,NON_INTERSECTION,NON_INTERSECTION,4,NO
USA_CSV0000000000035897__44.csv,USA_CSV0000000000035897__8.csv,BICYCLE_COUNT,BICYCLE_COUNT,4,NO
USA_CSV0000000000035897__26.csv,USA_CSV0000000000035897__44.csv,HIT_PARKED_VEHICLE,HIT_PARKED_VEHICLE,4,NO
USA_CSV0000000000035897__25.csv,USA_CSV0000000000035897__44.csv,HIT_PARKED_VEHICLE,HIT_PARKED_VEHICLE,4,NO
USA_CSV0000000000035897__44.csv,USA_CSV0000000000035897__8.csv,SIGNALIZED_INT,SIGNALIZED_INT,4,NO
USA_CSV0000000000035897__4.csv,USA_CSV0000000000035897__44.csv,SIGNALIZED_INT,SIGNALIZED_INT,4,NO
USA_CSV0000000000035897__44.csv,USA_CSV0000000000035897__8.csv,VEHICLE_TOWED,VEHICLE_TOWED,4,NO
USA_CSV0000000000035897__4.csv,USA_CSV0000000000035897__44.csv,VEHICLE_TOWED,VEHICLE_TOWED,4,NO
USA_CSV0000000000035897__4.csv,USA_CSV0000000000035897__44.csv,NHTSA_AGG_DRIVING,NHTSA_AGG_DRIVING,4,NO
USA_CSV0000000000035897__44.csv,USA_CSV0000000000035897__8.csv,MUNICIPALITY,MUNICIPALITY,4,YES
USA_CSV0000000000035897__4.csv,USA_CSV0000000000035897__44.csv,MUNICIPALITY,MUNICIPALITY,4,YES
USA_CSV0000000000035897__26.csv,USA_CSV0000000000035897__44.csv,MUNICIPALITY,MUNICIPALITY,4,YES
USA_CSV0000000000035897__25.csv,USA_CSV0000000000035897__44.csv,MUNICIPALITY,MUNICIPALITY,4,YES
USA_CSV0000000000035897__4.csv,USA_CSV0000000000035897__44.csv,UNB_DEATH_COUNT,UNB_DEATH_COUNT,4,NO
USA_CSV0000000000035897__44.csv,USA_CSV0000000000035897__8.csv,HIT_GDRAIL_END,HIT_GDRAIL_END,4,NO
USA_CSV0000000000035897__44.csv,USA_CSV0000000000035897__8.csv,FATAL_OR_MAJ_INJ,FATAL_OR_MAJ_INJ,4,NO
USA_CSV0000000000035897__26.csv,USA_CSV0000000000035897__44.csv,FATAL_OR_MAJ_INJ,FATAL_OR_MAJ_INJ,4,NO
USA_CSV0000000000035897__25.csv,USA_CSV0000000000035897__44.csv,FATAL_OR_MAJ_INJ,FATAL_OR_MAJ_INJ,4,NO
USA_CSV0000000000035897__4.csv,USA_CSV0000000000035897__44.csv,BELTED_DEATH_COUNT,BELTED_DEATH_COUNT,4,NO
USA_CSV0000000000035897__26.csv,USA_CSV0000000000035897__44.csv,URBAN_RURAL,URBAN_RURAL,4,NO
USA_CSV0000000000035897__25.csv,USA_CSV0000000000035897__44.csv,URBAN_RURAL,URBAN_RURAL,4,NO
USA_CSV0000000000035897__44.csv,USA_CSV0000000000035897__8.csv,INJURY_OR_FATAL,INJURY_OR_FATAL,4,NO
USA_CSV0000000000035897__4.csv,USA_CSV0000000000035897__44.csv,INJURY_OR_FATAL,INJURY_OR_FATAL,4,NO
USA_CSV0000000000035897__26.csv,USA_CSV0000000000035897__44.csv,LANE_COUNT,LANE_COUNT,4,NO
USA_CSV0000000000035897__25.csv,USA_CSV0000000000035897__44.csv,LANE_COUNT,LANE_COUNT,4,NO
USA_CSV0000000000035897__4.csv,USA_CSV0000000000035897__44.csv,LIMIT_65MPH,LIMIT_65MPH,4,NO
USA_CSV0000000000035897__26.csv,USA_CSV0000000000035897__44.csv,LIMIT_65MPH,LIMIT_65MPH,4,NO
USA_CSV0000000000035897__25.csv,USA_CSV0000000000035897__44.csv,LIMIT_65MPH,LIMIT_65MPH,4,NO
USA_CSV0000000000035897__44.csv,USA_CSV0000000000035897__8.csv,SHLDR_RELATED,SHLDR_RELATED,4,NO
USA_CSV0000000000035897__4.csv,USA_CSV0000000000035897__44.csv,UNB_MAJ_INJ_COUNT,UNB_MAJ_INJ_COUNT,4,NO
USA_CSV0000000000035897__4.csv,USA_CSV0000000000035897__44.csv,ALCOHOL_RELATED,ALCOHOL_RELATED,4,NO
USA_CSV0000000000035897__4.csv,USA_CSV0000000000035897__44.csv,CURVE_DVR_ERROR,CURVE_DVR_ERROR,4,NO
USA_CSV0000000000035897__26.csv,USA_CSV0000000000035897__44.csv,BICYCLE_DEATH_COUNT,BICYCLE_DEATH_COUNT,4,NO
USA_CSV0000000000035897__25.csv,USA_CSV0000000000035897__44.csv,BICYCLE_DEATH_COUNT,BICYCLE_DEATH_COUNT,4,NO
USA_CSV0000000000035897__26.csv,USA_CSV0000000000035897__44.csv,DEER_RELATED,DEER_RELATED,4,NO
USA_CSV0000000000035897__25.csv,USA_CSV0000000000035897__44.csv,DEER_RELATED,DEER_RELATED,4,NO
USA_CSV0000000000035897__26.csv,USA_CSV0000000000035897__44.csv,INTERSTATE,INTERSTATE,4,NO
USA_CSV0000000000035897__25.csv,USA_CSV0000000000035897__44.csv,INTERSTATE,INTERSTATE,4,NO
USA_CSV0000000000035897__4.csv,USA_CSV0000000000035897__44.csv,CRASH_MONTH,CRASH_MONTH,4,YES
USA_CSV0000000000035897__4.csv,USA_CSV0000000000035897__44.csv,RUNNING_RED_LT,RUNNING_RED_LT,4,NO
USA_CSV0000000000035897__44.csv,USA_CSV0000000000035897__8.csv,TAILGATING,TAILGATING,4,NO
USA_CSV0000000000035897__26.csv,USA_CSV0000000000035897__44.csv,TAILGATING,TAILGATING,4,NO
USA_CSV0000000000035897__25.csv,USA_CSV0000000000035897__44.csv,TAILGATING,TAILGATING,4,NO
USA_CSV0000000000035897__44.csv,USA_CSV0000000000035897__8.csv,WORK_ZONE_IND,WORK_ZONE_IND,4,NO
USA_CSV0000000000035897__4.csv,USA_CSV0000000000035897__44.csv,MAJOR_INJURY,MAJOR_INJURY,4,NO
CAN_CSV0000000000001735__4.csv,CAN_CSV0000000000002115__26.csv,Province/Canada,Province/Canada,4,YES
SG_CSV0000000000000028__5.csv,SG_CSV0000000000000044__6.csv,issuance_agency_id,issuance_agency_id,4,YES
CAN_CSV0000000000001797__45.csv,CAN_CSV0000000000001797__5.csv,RentLocation,RentLocation,4,YES
CAN_CSV0000000000001724__45.csv,CAN_CSV0000000000001797__45.csv,RentLocation,RentLocation,4,YES
CAN_CSV0000000000001797__43.csv,CAN_CSV0000000000001797__45.csv,RentLocation,RentLocation,4,YES
CAN_CSV0000000000001797__13.csv,CAN_CSV0000000000001797__45.csv,RentLocation,RentLocation,4,YES
CAN_CSV0000000000001787__8.csv,CAN_CSV0000000000001797__45.csv,RentLocation,RentLocation,4,YES
CAN_CSV0000000000001724__11.csv,CAN_CSV0000000000001797__45.csv,RentLocation,RentLocation,4,YES
CAN_CSV0000000000027353__2.csv,CAN_CSV0000000000027354__2.csv,AVG_STN_PRES_PST1MT,AVG_STN_PRES_PST1MT,4,NO
CAN_CSV0000000000027346__14.csv,CAN_CSV0000000000027353__2.csv,AVG_STN_PRES_PST1MT,AVG_STN_PRES_PST1MT,4,NO
CAN_CSV0000000000027349__23.csv,CAN_CSV0000000000027353__2.csv,DATA_PAYLOAD_URI,DATA_PAYLOAD_URI,4,YES
CAN_CSV0000000000001487__9.csv,CAN_CSV0000000000027353__2.csv,DATA_PAYLOAD_URI,DATA_PAYLOAD_URI,4,YES
CAN_CSV0000000000027349__20.csv,CAN_CSV0000000000027353__2.csv,DATA_PAYLOAD_URI,DATA_PAYLOAD_URI,4,YES
CAN_CSV0000000000001487__25.csv,CAN_CSV0000000000027353__2.csv,DATA_PAYLOAD_URI,DATA_PAYLOAD_URI,4,YES
CAN_CSV0000000000027349__21.csv,CAN_CSV0000000000027353__2.csv,DATA_PAYLOAD_URI,DATA_PAYLOAD_URI,4,YES
CAN_CSV0000000000027353__2.csv,CAN_CSV0000000000027355__11.csv,DATA_PAYLOAD_URI,DATA_PAYLOAD_URI,4,YES
CAN_CSV0000000000001487__28.csv,CAN_CSV0000000000027353__2.csv,DATA_PAYLOAD_URI,DATA_PAYLOAD_URI,4,YES
CAN_CSV0000000000001487__8.csv,CAN_CSV0000000000027353__2.csv,DATA_PAYLOAD_URI,DATA_PAYLOAD_URI,4,YES
CAN_CSV0000000000027346__12.csv,CAN_CSV0000000000027353__2.csv,PRSNT_WX_1,PRSNT_WX_1,4,YES
CAN_CSV0000000000027346__14.csv,CAN_CSV0000000000027353__2.csv,PRSNT_WX_1,PRSNT_WX_1,4,YES
CAN_CSV0000000000001487__35.csv,CAN_CSV0000000000027353__2.csv,CLD_AMT_CODE_1,CLD_AMT_CODE_1,4,YES
CAN_CSV0000000000001487__9.csv,CAN_CSV0000000000027353__2.csv,CLD_AMT_CODE_1,CLD_AMT_CODE_1,4,YES
CAN_CSV0000000000027353__2.csv,CAN_CSV0000000000027355__11.csv,CLD_AMT_CODE_1,CLD_AMT_CODE_1,4,YES
CAN_CSV0000000000001487__9.csv,CAN_CSV0000000000027353__2.csv,AVG_VIS_PST10MTS,AVG_VIS_PST10MTS,4,NO
CAN_CSV0000000000001487__25.csv,CAN_CSV0000000000027353__2.csv,AVG_VIS_PST10MTS,AVG_VIS_PST10MTS,4,NO
CAN_CSV0000000000001487__28.csv,CAN_CSV0000000000027353__2.csv,AVG_VIS_PST10MTS,AVG_VIS_PST10MTS,4,NO
CAN_CSV0000000000001487__8.csv,CAN_CSV0000000000027353__2.csv,AVG_VIS_PST10MTS,AVG_VIS_PST10MTS,4,NO
CAN_CSV0000000000001487__35.csv,CAN_CSV0000000000027353__2.csv,ICAO_STN_ID,ICAO_STN_ID,4,YES
CAN_CSV0000000000001487__9.csv,CAN_CSV0000000000027353__2.csv,ICAO_STN_ID,ICAO_STN_ID,4,YES
CAN_CSV0000000000001487__34.csv,CAN_CSV0000000000027353__2.csv,ICAO_STN_ID,ICAO_STN_ID,4,YES
CAN_CSV0000000000001487__8.csv,CAN_CSV0000000000027353__2.csv,ICAO_STN_ID,ICAO_STN_ID,4,YES
CAN_CSV0000000000027349__23.csv,CAN_CSV0000000000027353__2.csv,DATA_ATTRIB_NOT,DATA_ATTRIB_NOT,4,NO
CAN_CSV0000000000027349__20.csv,CAN_CSV0000000000027353__2.csv,DATA_ATTRIB_NOT,DATA_ATTRIB_NOT,4,NO
CAN_CSV0000000000001487__25.csv,CAN_CSV0000000000027353__2.csv,DATA_ATTRIB_NOT,DATA_ATTRIB_NOT,4,NO
CAN_CSV0000000000027353__2.csv,CAN_CSV0000000000027354__6.csv,DATA_ATTRIB_NOT,DATA_ATTRIB_NOT,4,NO
CAN_CSV0000000000027349__21.csv,CAN_CSV0000000000027353__2.csv,DATA_ATTRIB_NOT,DATA_ATTRIB_NOT,4,NO
CAN_CSV0000000000001487__28.csv,CAN_CSV0000000000027353__2.csv,DATA_ATTRIB_NOT,DATA_ATTRIB_NOT,4,NO
CAN_CSV0000000000001487__25.csv,CAN_CSV0000000000027353__2.csv,MAX_AIR_TEMP_PST1HR,MAX_AIR_TEMP_PST1HR,4,NO
CAN_CSV0000000000027353__2.csv,CAN_CSV0000000000027355__11.csv,MAX_AIR_TEMP_PST1HR,MAX_AIR_TEMP_PST1HR,4,NO
CAN_CSV0000000000001487__28.csv,CAN_CSV0000000000027353__2.csv,MAX_AIR_TEMP_PST1HR,MAX_AIR_TEMP_PST1HR,4,NO
CAN_CSV0000000000001487__26.csv,CAN_CSV0000000000027353__2.csv,MAX_AIR_TEMP_PST1HR,MAX_AIR_TEMP_PST1HR,4,NO
CAN_CSV0000000000027353__2.csv,CAN_CSV0000000000027354__6.csv,MIN_AIR_TEMP_PST1HR,MIN_AIR_TEMP_PST1HR,4,NO
CAN_CSV0000000000027346__14.csv,CAN_CSV0000000000027353__2.csv,MIN_AIR_TEMP_PST1HR,MIN_AIR_TEMP_PST1HR,4,NO
USA_CSV0000000000035331__30.csv,USA_CSV0000000000035331__9.csv,UnitTissueWeight,UnitTissueWeight,4,NO
USA_CSV0000000000035331__11.csv,USA_CSV0000000000035331__9.csv,UnitTissueWeight,UnitTissueWeight,4,NO
USA_CSV0000000000035331__11.csv,USA_CSV0000000000035331__9.csv,SamplingAgency,SamplingAgency,4,YES
USA_CSV0000000000035331__11.csv,USA_CSV0000000000035331__9.csv,WeightAvg(g),WeightAvg(g),4,NO
USA_CSV0000000000035331__30.csv,USA_CSV0000000000035331__9.csv,DigestExtractMethod,DigestExtractMethod,4,NO
USA_CSV0000000000035331__11.csv,USA_CSV0000000000035331__9.csv,DigestExtractMethod,DigestExtractMethod,4,NO
USA_CSV0000000000035331__11.csv,USA_CSV0000000000035331__9.csv,TLAvgLength(mm),TLAvgLength(mm),4,NO
USA_CSV0000000000035331__30.csv,USA_CSV0000000000035331__9.csv,AnalyzingAgency,AnalyzingAgency,4,YES
USA_CSV0000000000035331__11.csv,USA_CSV0000000000035331__9.csv,AnalyzingAgency,AnalyzingAgency,4,YES
USA_CSV0000000000035331__30.csv,USA_CSV0000000000035331__9.csv,ProgramName,ProgramName,4,YES
USA_CSV0000000000035331__11.csv,USA_CSV0000000000035331__9.csv,ProgramName,ProgramName,4,YES
USA_CSV0000000000035331__20.csv,USA_CSV0000000000035331__9.csv,StationCode,StationCode,4,YES
USA_CSV0000000000035331__30.csv,USA_CSV0000000000035331__9.csv,StationCode,StationCode,4,YES
USA_CSV0000000000035331__11.csv,USA_CSV0000000000035331__9.csv,StationCode,StationCode,4,YES
USA_CSV0000000000035331__20.csv,USA_CSV0000000000035331__9.csv,SampleDate,SampleDate,4,YES
USA_CSV0000000000035331__20.csv,USA_CSV0000000000035331__9.csv,HomogonizedDate,HomogonizedDate,4,YES
USA_CSV0000000000035331__11.csv,USA_CSV0000000000035331__9.csv,HomogonizedDate,HomogonizedDate,4,YES
USA_CSV0000000000035331__30.csv,USA_CSV0000000000035331__9.csv,LabSubmissionCode,LabSubmissionCode,4,YES
USA_CSV0000000000035331__11.csv,USA_CSV0000000000035331__9.csv,LabSubmissionCode,LabSubmissionCode,4,YES
USA_CSV0000000000035331__20.csv,USA_CSV0000000000035331__9.csv,OrganismID,OrganismID,4,YES
USA_CSV0000000000035331__11.csv,USA_CSV0000000000035331__9.csv,OrganismID,OrganismID,4,YES
USA_CSV0000000000035331__20.csv,USA_CSV0000000000035331__9.csv,TissueResultRowID,TissueResultRowID,4,YES
USA_CSV0000000000035331__11.csv,USA_CSV0000000000035331__9.csv,SubmittingAgency,SubmittingAgency,4,YES
USA_CSV0000000000035331__20.csv,USA_CSV0000000000035331__9.csv,OrganismWeight,OrganismWeight,4,NO
USA_CSV0000000000035331__30.csv,USA_CSV0000000000035331__9.csv,CompositeSampleDate,CompositeSampleDate,4,YES
USA_CSV0000000000035331__11.csv,USA_CSV0000000000035331__9.csv,CompositeSampleDate,CompositeSampleDate,4,YES
USA_CSV0000000000035331__11.csv,USA_CSV0000000000035331__9.csv,AnalysisDate,AnalysisDate,4,YES
USA_CSV0000000000035331__30.csv,USA_CSV0000000000035331__9.csv,UnitLengthFish,UnitLengthFish,4,NO
USA_CSV0000000000035331__11.csv,USA_CSV0000000000035331__9.csv,UnitLengthFish,UnitLengthFish,4,NO
USA_CSV0000000000035331__9.csv,USA_CSV0000000000037132__2.csv,DilutionFactor,DilutionFactor,4,NO
USA_CSV0000000000035554__13.csv,USA_CSV0000000000035554__15.csv,ETHNICITY1,ETHNICITY1,4,YES
USA_CSV0000000000035554__13.csv,USA_CSV0000000000035554__15.csv,EDUCATION2,EDUCATION2,4,YES
USA_CSV0000000000035554__13.csv,USA_CSV0000000000035554__16.csv,EDUCATION2,EDUCATION2,4,YES
USA_CSV0000000000035554__13.csv,USA_CSV0000000000035554__15.csv,EDUCATION3,EDUCATION3,4,YES
USA_CSV0000000000035554__13.csv,USA_CSV0000000000035554__16.csv,EDUCATION3,EDUCATION3,4,YES
CAN_CSV0000000000001909__8.csv,CAN_CSV0000000000001960__0.csv,award_date,award_date,4,YES
CAN_CSV0000000000001909__5.csv,CAN_CSV0000000000001960__0.csv,contract-value,contract-value,4,NO
CAN_CSV0000000000001909__4.csv,CAN_CSV0000000000001960__0.csv,contract-value,contract-value,4,NO
CAN_CSV0000000000001909__8.csv,CAN_CSV0000000000001960__0.csv,end-user-entity_en,end-user-entity_en,4,YES
CAN_CSV0000000000001909__15.csv,CAN_CSV0000000000001960__0.csv,end-user-entity_en,end-user-entity_en,4,YES
CAN_CSV0000000000001487__25.csv,CAN_CSV0000000000027355__11.csv,MAX_AIR_TEMP_PST1HR,MAX_AIR_TEMP_PST1HR,4,NO
CAN_CSV0000000000027353__2.csv,CAN_CSV0000000000027355__11.csv,MAX_AIR_TEMP_PST1HR,MAX_AIR_TEMP_PST1HR,4,NO
CAN_CSV0000000000001487__28.csv,CAN_CSV0000000000027355__11.csv,MAX_AIR_TEMP_PST1HR,MAX_AIR_TEMP_PST1HR,4,NO
CAN_CSV0000000000027349__23.csv,CAN_CSV0000000000027355__11.csv,DATA_PAYLOAD_URI,DATA_PAYLOAD_URI,4,YES
CAN_CSV0000000000001487__9.csv,CAN_CSV0000000000027355__11.csv,DATA_PAYLOAD_URI,DATA_PAYLOAD_URI,4,YES
CAN_CSV0000000000027349__20.csv,CAN_CSV0000000000027355__11.csv,DATA_PAYLOAD_URI,DATA_PAYLOAD_URI,4,YES
CAN_CSV0000000000001487__25.csv,CAN_CSV0000000000027355__11.csv,DATA_PAYLOAD_URI,DATA_PAYLOAD_URI,4,YES
CAN_CSV0000000000027349__21.csv,CAN_CSV0000000000027355__11.csv,DATA_PAYLOAD_URI,DATA_PAYLOAD_URI,4,YES
CAN_CSV0000000000027353__2.csv,CAN_CSV0000000000027355__11.csv,DATA_PAYLOAD_URI,DATA_PAYLOAD_URI,4,YES
CAN_CSV0000000000001487__28.csv,CAN_CSV0000000000027355__11.csv,DATA_PAYLOAD_URI,DATA_PAYLOAD_URI,4,YES
CAN_CSV0000000000027346__12.csv,CAN_CSV0000000000027355__11.csv,PRSNT_WX_1,PRSNT_WX_1,4,YES
CAN_CSV0000000000027346__14.csv,CAN_CSV0000000000027355__11.csv,PRSNT_WX_1,PRSNT_WX_1,4,YES
CAN_CSV0000000000027353__2.csv,CAN_CSV0000000000027355__11.csv,PRSNT_WX_1,PRSNT_WX_1,4,YES
CAN_CSV0000000000027354__6.csv,CAN_CSV0000000000027355__11.csv,MIN_AIR_TEMP_PST1HR,MIN_AIR_TEMP_PST1HR,4,NO
CAN_CSV0000000000027346__14.csv,CAN_CSV0000000000027355__11.csv,MIN_AIR_TEMP_PST1HR,MIN_AIR_TEMP_PST1HR,4,NO
CAN_CSV0000000000027353__2.csv,CAN_CSV0000000000027355__11.csv,MIN_AIR_TEMP_PST1HR,MIN_AIR_TEMP_PST1HR,4,NO
CAN_CSV0000000000027349__23.csv,CAN_CSV0000000000027355__11.csv,PCPN_AMT_PST1MT,PCPN_AMT_PST1MT,4,NO
CAN_CSV0000000000001487__9.csv,CAN_CSV0000000000027355__11.csv,PCPN_AMT_PST1MT,PCPN_AMT_PST1MT,4,NO
CAN_CSV0000000000027349__20.csv,CAN_CSV0000000000027355__11.csv,PCPN_AMT_PST1MT,PCPN_AMT_PST1MT,4,NO
CAN_CSV0000000000027349__21.csv,CAN_CSV0000000000027355__11.csv,PCPN_AMT_PST1MT,PCPN_AMT_PST1MT,4,NO
CAN_CSV0000000000001487__35.csv,CAN_CSV0000000000027355__11.csv,CLD_AMT_CODE_1,CLD_AMT_CODE_1,4,YES
CAN_CSV0000000000001487__9.csv,CAN_CSV0000000000027355__11.csv,CLD_AMT_CODE_1,CLD_AMT_CODE_1,4,YES
CAN_CSV0000000000027353__2.csv,CAN_CSV0000000000027355__11.csv,CLD_AMT_CODE_1,CLD_AMT_CODE_1,4,YES
CAN_CSV0000000000001487__34.csv,CAN_CSV0000000000027355__11.csv,CLD_AMT_CODE_1,CLD_AMT_CODE_1,4,YES
CAN_CSV0000000000001487__9.csv,CAN_CSV0000000000027355__11.csv,AVG_AIR_TEMP_PST1MT,AVG_AIR_TEMP_PST1MT,4,NO
CAN_CSV0000000000001487__25.csv,CAN_CSV0000000000027355__11.csv,AVG_AIR_TEMP_PST1MT,AVG_AIR_TEMP_PST1MT,4,NO
CAN_CSV0000000000001487__28.csv,CAN_CSV0000000000027355__11.csv,AVG_AIR_TEMP_PST1MT,AVG_AIR_TEMP_PST1MT,4,NO
CAN_CSV0000000000001780__1.csv,CAN_CSV0000000000001780__17.csv,4B16P Shedin Creek,4B16P Shedin Creek,4,NO
CAN_CSV0000000000001780__17.csv,CAN_CSV0000000000001780__4.csv,4B16P Shedin Creek,4B16P Shedin Creek,4,NO
CAN_CSV0000000000001909__4.csv,CAN_CSV0000000000001909__5.csv,contract-value,contract-value,4,NO
CAN_CSV0000000000001909__4.csv,CAN_CSV0000000000001909__8.csv,award_date,award_date,4,YES
CAN_CSV0000000000001909__4.csv,CAN_CSV0000000000001909__5.csv,award_date,award_date,4,YES
CAN_CSV0000000000001909__4.csv,CAN_CSV0000000000001909__5.csv,date-file-published,date-file-published,4,YES
CAN_CSV0000000000001909__4.csv,CAN_CSV0000000000001960__0.csv,date-file-published,date-file-published,4,YES
CAN_CSV0000000000001724__8.csv,CAN_CSV0000000000001797__13.csv,Province/Canada,Province/Canada,4,YES
CAN_CSV0000000000001797__13.csv,CAN_CSV0000000000001797__5.csv,RentLocation,RentLocation,4,YES
CAN_CSV0000000000001724__45.csv,CAN_CSV0000000000001797__13.csv,RentLocation,RentLocation,4,YES
USA_CSV0000000000036154__19.csv,USA_CSV0000000000036154__21.csv,APLCTN_RCVD_DT,APLCTN_RCVD_DT,4,YES
USA_CSV0000000000036154__21.csv,USA_CSV0000000000037169__7.csv,APLCTN_RCVD_DT,APLCTN_RCVD_DT,4,YES
USA_CSV0000000000036154__19.csv,USA_CSV0000000000036154__21.csv,STATE_RGN_CD,STATE_RGN_CD,4,YES
USA_CSV0000000000036154__14.csv,USA_CSV0000000000036154__21.csv,TRMNTN_EXPRTN_DT,TRMNTN_EXPRTN_DT,4,YES
CAN_CSV0000000000001470__14.csv,CAN_CSV0000000000001470__3.csv,Année / Year,Année / Year,4,YES
CAN_CSV0000000000001470__0.csv,CAN_CSV0000000000001470__14.csv,Année / Year,Année / Year,4,YES
CAN_CSV0000000000001470__14.csv,CAN_CSV0000000000001470__3.csv,ID INRP / NPRI ID,ID INRP / NPRI ID,4,YES
CAN_CSV0000000000001470__0.csv,CAN_CSV0000000000001470__14.csv,ID INRP / NPRI ID,ID INRP / NPRI ID,4,YES
USA_CSV0000000000034882__14.csv,USA_CSV0000000000034882__26.csv,STD_VOLUME_GROUP,STD_VOLUME_GROUP,4,NO
USA_CSV0000000000033847__5.csv,USA_CSV0000000000034882__14.csv,VERT_ALIGN,VERT_ALIGN,4,YES
USA_CSV0000000000034882__14.csv,USA_CSV0000000000037101__3.csv,VERT_ALIGN,VERT_ALIGN,4,YES
USA_CSV0000000000034882__14.csv,USA_CSV0000000000034882__26.csv,VERT_ALIGN,VERT_ALIGN,4,YES
USA_CSV0000000000034882__14.csv,USA_CSV0000000000037101__3.csv,ROUTE_QUALIFIER,ROUTE_QUALIFIER,4,YES
USA_CSV0000000000034882__14.csv,USA_CSV0000000000037101__3.csv,SECTION_ID,SECTION_ID,4,YES
USA_CSV0000000000033847__5.csv,USA_CSV0000000000034882__14.csv,SHOULDER_TYPE,SHOULDER_TYPE,4,YES
USA_CSV0000000000033847__4.csv,USA_CSV0000000000034882__14.csv,SHOULDER_TYPE,SHOULDER_TYPE,4,YES
USA_CSV0000000000034882__14.csv,USA_CSV0000000000037101__20.csv,PEAK_LANES,PEAK_LANES,4,NO
USA_CSV0000000000034882__14.csv,USA_CSV0000000000037101__3.csv,PEAK_LANES,PEAK_LANES,4,NO
USA_CSV0000000000033847__5.csv,USA_CSV0000000000034882__14.csv,PEAK_CAPACITY,PEAK_CAPACITY,4,NO
USA_CSV0000000000034882__14.csv,USA_CSV0000000000037101__3.csv,ACCESS_CONTROL,ACCESS_CONTROL,4,YES
USA_CSV0000000000034882__14.csv,USA_CSV0000000000034882__26.csv,ACCESS_CONTROL,ACCESS_CONTROL,4,YES
USA_CSV0000000000034882__14.csv,USA_CSV0000000000037101__27.csv,AVG_SINGLE_UNIT,AVG_SINGLE_UNIT,4,NO
USA_CSV0000000000034882__14.csv,USA_CSV0000000000037101__3.csv,PERC_SINGLE_UNIT,PERC_SINGLE_UNIT,4,NO
USA_CSV0000000000033847__17.csv,USA_CSV0000000000034882__14.csv,PERC_SINGLE_UNIT,PERC_SINGLE_UNIT,4,NO
USA_CSV0000000000034882__14.csv,USA_CSV0000000000037101__3.csv,IS_GROUPED,IS_GROUPED,4,NO
USA_CSV0000000000034882__14.csv,USA_CSV0000000000034882__26.csv,IS_GROUPED,IS_GROUPED,4,NO
USA_CSV0000000000034882__14.csv,USA_CSV0000000000037101__16.csv,SHOULDER_WIDTH_R,SHOULDER_WIDTH_R,4,NO
USA_CSV0000000000034882__14.csv,USA_CSV0000000000037101__20.csv,TRUCK_ROUTE,TRUCK_ROUTE,4,NO
USA_CSV0000000000034882__14.csv,USA_CSV0000000000037101__3.csv,TRUCK_ROUTE,TRUCK_ROUTE,4,NO
USA_CSV0000000000034882__14.csv,USA_CSV0000000000037101__3.csv,TYPE_SIGNAL,TYPE_SIGNAL,4,YES
USA_CSV0000000000034882__14.csv,USA_CSV0000000000034882__22.csv,TYPE_SIGNAL,TYPE_SIGNAL,4,YES
USA_CSV0000000000033847__5.csv,USA_CSV0000000000034882__14.csv,URBAN_CODE,URBAN_CODE,4,YES
USA_CSV0000000000034882__14.csv,USA_CSV0000000000037101__3.csv,URBAN_CODE,URBAN_CODE,4,YES
USA_CSV0000000000033847__5.csv,USA_CSV0000000000034882__14.csv,SHOULDER_WIDTH_L,SHOULDER_WIDTH_L,4,NO
USA_CSV0000000000034882__14.csv,USA_CSV0000000000037101__3.csv,SHOULDER_WIDTH_L,SHOULDER_WIDTH_L,4,NO
USA_CSV0000000000034882__14.csv,USA_CSV0000000000034882__26.csv,PAVEMENT_TYPE,PAVEMENT_TYPE,4,YES
USA_CSV0000000000034882__14.csv,USA_CSV0000000000037101__3.csv,MEDIAN_TYPE,MEDIAN_TYPE,4,YES
USA_CSV0000000000033847__5.csv,USA_CSV0000000000034882__14.csv,PERC_COMBINATION,PERC_COMBINATION,4,NO
USA_CSV0000000000034882__14.csv,USA_CSV0000000000034882__22.csv,PERC_COMBINATION,PERC_COMBINATION,4,NO
USA_CSV0000000000033847__4.csv,USA_CSV0000000000034882__14.csv,PERC_COMBINATION,PERC_COMBINATION,4,NO
USA_CSV0000000000034882__14.csv,USA_CSV0000000000034882__26.csv,UNBUILT_FACILITY,UNBUILT_FACILITY,4,NO
CAN_CSV0000000000027353__23.csv,CAN_CSV0000000000027354__0.csv,AIR_TEMP_12HRS_AGO,AIR_TEMP_12HRS_AGO,4,NO
CAN_CSV0000000000027354__0.csv,CAN_CSV0000000000027354__2.csv,AIR_TEMP_12HRS_AGO,AIR_TEMP_12HRS_AGO,4,NO
CAN_CSV0000000000001487__25.csv,CAN_CSV0000000000027354__0.csv,MAX_AIR_TEMP_PST1HR,MAX_AIR_TEMP_PST1HR,4,NO
CAN_CSV0000000000027353__2.csv,CAN_CSV0000000000027354__0.csv,MAX_AIR_TEMP_PST1HR,MAX_AIR_TEMP_PST1HR,4,NO
CAN_CSV0000000000027354__0.csv,CAN_CSV0000000000027355__11.csv,MAX_AIR_TEMP_PST1HR,MAX_AIR_TEMP_PST1HR,4,NO
CAN_CSV0000000000001487__28.csv,CAN_CSV0000000000027354__0.csv,MAX_AIR_TEMP_PST1HR,MAX_AIR_TEMP_PST1HR,4,NO
CAN_CSV0000000000001487__26.csv,CAN_CSV0000000000027354__0.csv,MAX_AIR_TEMP_PST1HR,MAX_AIR_TEMP_PST1HR,4,NO
CAN_CSV0000000000027349__23.csv,CAN_CSV0000000000027354__0.csv,DATA_PAYLOAD_URI,DATA_PAYLOAD_URI,4,YES
CAN_CSV0000000000001487__9.csv,CAN_CSV0000000000027354__0.csv,DATA_PAYLOAD_URI,DATA_PAYLOAD_URI,4,YES
CAN_CSV0000000000027349__20.csv,CAN_CSV0000000000027354__0.csv,DATA_PAYLOAD_URI,DATA_PAYLOAD_URI,4,YES
CAN_CSV0000000000001487__25.csv,CAN_CSV0000000000027354__0.csv,DATA_PAYLOAD_URI,DATA_PAYLOAD_URI,4,YES
CAN_CSV0000000000027349__21.csv,CAN_CSV0000000000027354__0.csv,DATA_PAYLOAD_URI,DATA_PAYLOAD_URI,4,YES
CAN_CSV0000000000027353__2.csv,CAN_CSV0000000000027354__0.csv,DATA_PAYLOAD_URI,DATA_PAYLOAD_URI,4,YES
CAN_CSV0000000000027354__0.csv,CAN_CSV0000000000027355__11.csv,DATA_PAYLOAD_URI,DATA_PAYLOAD_URI,4,YES
CAN_CSV0000000000001487__28.csv,CAN_CSV0000000000027354__0.csv,DATA_PAYLOAD_URI,DATA_PAYLOAD_URI,4,YES
CAN_CSV0000000000001487__8.csv,CAN_CSV0000000000027354__0.csv,DATA_PAYLOAD_URI,DATA_PAYLOAD_URI,4,YES
CAN_CSV0000000000027354__0.csv,CAN_CSV0000000000027354__2.csv,AVG_STN_PRES_PST1MT,AVG_STN_PRES_PST1MT,4,NO
CAN_CSV0000000000027346__14.csv,CAN_CSV0000000000027354__0.csv,AVG_STN_PRES_PST1MT,AVG_STN_PRES_PST1MT,4,NO
CAN_CSV0000000000027353__2.csv,CAN_CSV0000000000027354__0.csv,AVG_STN_PRES_PST1MT,AVG_STN_PRES_PST1MT,4,NO
CAN_CSV0000000000027349__23.csv,CAN_CSV0000000000027354__0.csv,AVG_MSLP_PST1MT,AVG_MSLP_PST1MT,4,NO
CAN_CSV0000000000001487__35.csv,CAN_CSV0000000000027354__0.csv,AVG_MSLP_PST1MT,AVG_MSLP_PST1MT,4,NO
CAN_CSV0000000000001487__9.csv,CAN_CSV0000000000027354__0.csv,AVG_MSLP_PST1MT,AVG_MSLP_PST1MT,4,NO
CAN_CSV0000000000027349__20.csv,CAN_CSV0000000000027354__0.csv,AVG_MSLP_PST1MT,AVG_MSLP_PST1MT,4,NO
CAN_CSV0000000000027349__21.csv,CAN_CSV0000000000027354__0.csv,AVG_MSLP_PST1MT,AVG_MSLP_PST1MT,4,NO
CAN_CSV0000000000001487__34.csv,CAN_CSV0000000000027354__0.csv,AVG_MSLP_PST1MT,AVG_MSLP_PST1MT,4,NO
CAN_CSV0000000000001487__35.csv,CAN_CSV0000000000027354__0.csv,CLD_AMT_CODE_1,CLD_AMT_CODE_1,4,YES
CAN_CSV0000000000001487__9.csv,CAN_CSV0000000000027354__0.csv,CLD_AMT_CODE_1,CLD_AMT_CODE_1,4,YES
CAN_CSV0000000000027353__2.csv,CAN_CSV0000000000027354__0.csv,CLD_AMT_CODE_1,CLD_AMT_CODE_1,4,YES
CAN_CSV0000000000027354__0.csv,CAN_CSV0000000000027355__11.csv,CLD_AMT_CODE_1,CLD_AMT_CODE_1,4,YES
UK_CSV0000000000002010__30.csv,UK_CSV0000000000003896__8.csv,Pre-Op Q EQ VAS,Pre-Op Q EQ VAS,4,YES
UK_CSV0000000000002010__30.csv,UK_CSV0000000000003896__13.csv,Pre-Op Q EQ VAS,Pre-Op Q EQ VAS,4,YES
UK_CSV0000000000002010__30.csv,UK_CSV0000000000002010__6.csv,Pre-Op Q Activity,Pre-Op Q Activity,4,YES
UK_CSV0000000000002010__30.csv,UK_CSV0000000000003896__3.csv,Pre-Op Q Activity,Pre-Op Q Activity,4,YES
UK_CSV0000000000002010__30.csv,UK_CSV0000000000002010__9.csv,Pre-Op Q Activity,Pre-Op Q Activity,4,YES
UK_CSV0000000000002010__30.csv,UK_CSV0000000000002010__6.csv,Depression,Depression,4,NO
UK_CSV0000000000002010__30.csv,UK_CSV0000000000006676__2.csv,Depression,Depression,4,NO
UK_CSV0000000000002010__30.csv,UK_CSV0000000000002010__9.csv,Depression,Depression,4,NO
UK_CSV0000000000002010__30.csv,UK_CSV0000000000006676__9.csv,Depression,Depression,4,NO
UK_CSV0000000000002010__30.csv,UK_CSV0000000000002010__8.csv,Depression,Depression,4,NO
UK_CSV0000000000002010__10.csv,UK_CSV0000000000002010__30.csv,Depression,Depression,4,NO
UK_CSV0000000000002010__30.csv,UK_CSV0000000000006676__5.csv,Depression,Depression,4,NO
UK_CSV0000000000002010__30.csv,UK_CSV0000000000003896__13.csv,Pre-Op Q Self-Care,Pre-Op Q Self-Care,4,YES
UK_CSV0000000000002010__30.csv,UK_CSV0000000000003896__3.csv,Pre-Op Q Self-Care,Pre-Op Q Self-Care,4,YES
UK_CSV0000000000002010__30.csv,UK_CSV0000000000002010__31.csv,Pre-Op Q Self-Care,Pre-Op Q Self-Care,4,YES
UK_CSV0000000000002010__30.csv,UK_CSV0000000000003896__1.csv,Pre-Op Q Self-Care,Pre-Op Q Self-Care,4,YES
UK_CSV0000000000002010__30.csv,UK_CSV0000000000003896__4.csv,Pre-Op Q Self-Care,Pre-Op Q Self-Care,4,YES
UK_CSV0000000000002010__30.csv,UK_CSV0000000000002010__6.csv,Post-Op Q Activity,Post-Op Q Activity,4,YES
UK_CSV0000000000002010__30.csv,UK_CSV0000000000006676__2.csv,Post-Op Q Activity,Post-Op Q Activity,4,YES
UK_CSV0000000000002010__30.csv,UK_CSV0000000000002010__6.csv,Pre-Op Q Disability,Pre-Op Q Disability,4,YES
UK_CSV0000000000002010__30.csv,UK_CSV0000000000006676__2.csv,Pre-Op Q Disability,Pre-Op Q Disability,4,YES
UK_CSV0000000000002010__30.csv,UK_CSV0000000000002010__9.csv,Pre-Op Q Disability,Pre-Op Q Disability,4,YES
UK_CSV0000000000002010__30.csv,UK_CSV0000000000006676__34.csv,Pre-Op Q Disability,Pre-Op Q Disability,4,YES
UK_CSV0000000000002010__30.csv,UK_CSV0000000000002010__8.csv,Pre-Op Q Disability,Pre-Op Q Disability,4,YES
UK_CSV0000000000002010__10.csv,UK_CSV0000000000002010__30.csv,Pre-Op Q Disability,Pre-Op Q Disability,4,YES
UK_CSV0000000000002010__30.csv,UK_CSV0000000000006676__5.csv,Pre-Op Q Disability,Pre-Op Q Disability,4,YES
UK_CSV0000000000002010__21.csv,UK_CSV0000000000002010__30.csv,Nervous System,Nervous System,4,YES
UK_CSV0000000000002010__30.csv,UK_CSV0000000000002010__6.csv,Liver Disease,Liver Disease,4,NO
UK_CSV0000000000002010__30.csv,UK_CSV0000000000002010__9.csv,Liver Disease,Liver Disease,4,NO
UK_CSV0000000000002010__30.csv,UK_CSV0000000000002010__8.csv,Liver Disease,Liver Disease,4,NO
UK_CSV0000000000002010__10.csv,UK_CSV0000000000002010__30.csv,Liver Disease,Liver Disease,4,NO
UK_CSV0000000000002010__30.csv,UK_CSV0000000000002010__31.csv,Liver Disease,Liver Disease,4,NO
UK_CSV0000000000002010__6.csv,UK_CSV0000000000003896__16.csv,Pre-Op Q Mobility,Pre-Op Q Mobility,4,YES
UK_CSV0000000000003896__16.csv,UK_CSV0000000000006676__2.csv,Pre-Op Q Mobility,Pre-Op Q Mobility,4,YES
UK_CSV0000000000002010__9.csv,UK_CSV0000000000003896__16.csv,Pre-Op Q Mobility,Pre-Op Q Mobility,4,YES
UK_CSV0000000000003896__16.csv,UK_CSV0000000000006676__34.csv,Pre-Op Q Mobility,Pre-Op Q Mobility,4,YES
UK_CSV0000000000002010__8.csv,UK_CSV0000000000003896__16.csv,Pre-Op Q Mobility,Pre-Op Q Mobility,4,YES
UK_CSV0000000000003896__16.csv,UK_CSV0000000000003896__8.csv,Pre-Op Q EQ VAS,Pre-Op Q EQ VAS,4,YES
UK_CSV0000000000003896__13.csv,UK_CSV0000000000003896__16.csv,Pre-Op Q EQ VAS,Pre-Op Q EQ VAS,4,YES
UK_CSV0000000000003896__16.csv,UK_CSV0000000000003896__8.csv,Post-Op Q Wound,Post-Op Q Wound,4,YES
UK_CSV0000000000002010__6.csv,UK_CSV0000000000003896__16.csv,Post-Op Q Wound,Post-Op Q Wound,4,YES
UK_CSV0000000000003896__16.csv,UK_CSV0000000000003896__3.csv,Post-Op Q Wound,Post-Op Q Wound,4,YES
UK_CSV0000000000003896__16.csv,UK_CSV0000000000003896__8.csv,Pre-Op Q EQ5D Index,Pre-Op Q EQ5D Index,4,YES
UK_CSV0000000000003896__16.csv,UK_CSV0000000000006676__2.csv,Pre-Op Q EQ5D Index,Pre-Op Q EQ5D Index,4,YES
UK_CSV0000000000003896__16.csv,UK_CSV0000000000003896__3.csv,Pre-Op Q EQ5D Index,Pre-Op Q EQ5D Index,4,YES
UK_CSV0000000000003896__16.csv,UK_CSV0000000000007396__13.csv,Pre-Op Q EQ5D Index,Pre-Op Q EQ5D Index,4,YES
UK_CSV0000000000003896__13.csv,UK_CSV0000000000003896__16.csv,Pre-Op Q Anxiety,Pre-Op Q Anxiety,4,YES
UK_CSV0000000000003896__16.csv,UK_CSV0000000000003896__3.csv,Pre-Op Q Anxiety,Pre-Op Q Anxiety,4,YES
UK_CSV0000000000003896__16.csv,UK_CSV0000000000006676__34.csv,Pre-Op Q Anxiety,Pre-Op Q Anxiety,4,YES
UK_CSV0000000000003896__16.csv,UK_CSV0000000000007396__13.csv,Pre-Op Q Anxiety,Pre-Op Q Anxiety,4,YES
UK_CSV0000000000003896__16.csv,UK_CSV0000000000003896__8.csv,Post-Op Q Self-Care,Post-Op Q Self-Care,4,YES
UK_CSV0000000000003896__16.csv,UK_CSV0000000000006676__2.csv,Post-Op Q Self-Care,Post-Op Q Self-Care,4,YES
UK_CSV0000000000003896__16.csv,UK_CSV0000000000003896__3.csv,Post-Op Q Self-Care,Post-Op Q Self-Care,4,YES
UK_CSV0000000000003896__16.csv,UK_CSV0000000000003896__8.csv,Post-Op Q Bleeding,Post-Op Q Bleeding,4,YES
UK_CSV0000000000003896__16.csv,UK_CSV0000000000006676__2.csv,Post-Op Q Bleeding,Post-Op Q Bleeding,4,YES
UK_CSV0000000000002010__21.csv,UK_CSV0000000000003896__16.csv,Post-Op Q Bleeding,Post-Op Q Bleeding,4,YES
UK_CSV0000000000003896__16.csv,UK_CSV0000000000006676__9.csv,Post-Op Q Bleeding,Post-Op Q Bleeding,4,YES
CAN_CSV0000000000001787__10.csv,CAN_CSV0000000000001797__5.csv,RentLocation,RentLocation,4,YES
CAN_CSV0000000000001724__45.csv,CAN_CSV0000000000001787__10.csv,RentLocation,RentLocation,4,YES
CAN_CSV0000000000001487__25.csv,CAN_CSV0000000000027355__22.csv,CEILOMTR_ELEV,CEILOMTR_ELEV,4,NO
CAN_CSV0000000000027346__12.csv,CAN_CSV0000000000027355__22.csv,CEILOMTR_ELEV,CEILOMTR_ELEV,4,NO
CAN_CSV0000000000027346__14.csv,CAN_CSV0000000000027355__22.csv,CEILOMTR_ELEV,CEILOMTR_ELEV,4,NO
CAN_CSV0000000000001487__28.csv,CAN_CSV0000000000027355__22.csv,CEILOMTR_ELEV,CEILOMTR_ELEV,4,NO
CAN_CSV0000000000001487__9.csv,CAN_CSV0000000000027355__22.csv,CLD_BAS_HGT_1,CLD_BAS_HGT_1,4,NO
CAN_CSV0000000000001487__25.csv,CAN_CSV0000000000027355__22.csv,CLD_BAS_HGT_1,CLD_BAS_HGT_1,4,NO
CAN_CSV0000000000001487__28.csv,CAN_CSV0000000000027355__22.csv,CLD_BAS_HGT_1,CLD_BAS_HGT_1,4,NO
CAN_CSV0000000000027349__23.csv,CAN_CSV0000000000027355__22.csv,PCPN_AMT_PST6HRS,PCPN_AMT_PST6HRS,4,NO
CAN_CSV0000000000027349__20.csv,CAN_CSV0000000000027355__22.csv,PCPN_AMT_PST6HRS,PCPN_AMT_PST6HRS,4,NO
CAN_CSV0000000000027349__21.csv,CAN_CSV0000000000027355__22.csv,PCPN_AMT_PST6HRS,PCPN_AMT_PST6HRS,4,NO
CAN_CSV0000000000027349__23.csv,CAN_CSV0000000000027355__22.csv,DATA_PAYLOAD_URI,DATA_PAYLOAD_URI,4,YES
CAN_CSV0000000000001487__9.csv,CAN_CSV0000000000027355__22.csv,DATA_PAYLOAD_URI,DATA_PAYLOAD_URI,4,YES
CAN_CSV0000000000027349__20.csv,CAN_CSV0000000000027355__22.csv,DATA_PAYLOAD_URI,DATA_PAYLOAD_URI,4,YES
CAN_CSV0000000000001487__25.csv,CAN_CSV0000000000027355__22.csv,DATA_PAYLOAD_URI,DATA_PAYLOAD_URI,4,YES
CAN_CSV0000000000027349__21.csv,CAN_CSV0000000000027355__22.csv,DATA_PAYLOAD_URI,DATA_PAYLOAD_URI,4,YES
CAN_CSV0000000000027353__2.csv,CAN_CSV0000000000027355__22.csv,DATA_PAYLOAD_URI,DATA_PAYLOAD_URI,4,YES
CAN_CSV0000000000027355__11.csv,CAN_CSV0000000000027355__22.csv,DATA_PAYLOAD_URI,DATA_PAYLOAD_URI,4,YES
CAN_CSV0000000000001487__28.csv,CAN_CSV0000000000027355__22.csv,DATA_PAYLOAD_URI,DATA_PAYLOAD_URI,4,YES
CAN_CSV0000000000027349__23.csv,CAN_CSV0000000000027355__22.csv,DNSTY_ALTD,DNSTY_ALTD,4,NO
CAN_CSV0000000000001487__35.csv,CAN_CSV0000000000027355__22.csv,DNSTY_ALTD,DNSTY_ALTD,4,NO
CAN_CSV0000000000027349__20.csv,CAN_CSV0000000000027355__22.csv,DNSTY_ALTD,DNSTY_ALTD,4,NO
CAN_CSV0000000000001487__25.csv,CAN_CSV0000000000027355__22.csv,DNSTY_ALTD,DNSTY_ALTD,4,NO
CAN_CSV0000000000027349__21.csv,CAN_CSV0000000000027355__22.csv,DNSTY_ALTD,DNSTY_ALTD,4,NO
CAN_CSV0000000000001724__8.csv,CAN_CSV0000000000001797__36.csv,Province/Canada,Province/Canada,4,YES
CAN_CSV0000000000001724__8.csv,CAN_CSV0000000000001787__6.csv,Province/Canada,Province/Canada,4,YES
CAN_CSV0000000000001724__8.csv,CAN_CSV0000000000001787__5.csv,Province/Canada,Province/Canada,4,YES
CAN_CSV0000000000001724__8.csv,CAN_CSV0000000000001787__0.csv,Province/Canada,Province/Canada,4,YES
CAN_CSV0000000000001724__8.csv,CAN_CSV0000000000001797__21.csv,Province/Canada,Province/Canada,4,YES
CAN_CSV0000000000001724__8.csv,CAN_CSV0000000000001797__5.csv,RentLocation,RentLocation,4,YES
CAN_CSV0000000000001724__45.csv,CAN_CSV0000000000001724__8.csv,RentLocation,RentLocation,4,YES
CAN_CSV0000000000001724__8.csv,CAN_CSV0000000000001797__43.csv,RentLocation,RentLocation,4,YES
CAN_CSV0000000000001909__5.csv,CAN_CSV0000000000001909__8.csv,award_date,award_date,4,YES
CAN_CSV0000000000001909__4.csv,CAN_CSV0000000000001909__5.csv,date-file-published,date-file-published,4,YES
CAN_CSV0000000000001909__5.csv,CAN_CSV0000000000001960__0.csv,date-file-published,date-file-published,4,YES
CAN_CSV0000000000001313__5.csv,CAN_CSV0000000000001313__9.csv,LocationDescription,LocationDescription,4,NO
CAN_CSV0000000000001313__5.csv,CAN_CSV0000000000001313__9.csv,NoAircraftInvolved,NoAircraftInvolved,4,YES
CAN_CSV0000000000001313__5.csv,CAN_CSV0000000000001313__9.csv,DeployedEnum,DeployedEnum,4,NO
CAN_CSV0000000000001313__5.csv,CAN_CSV0000000000001313__9.csv,TotalUnknownCount,TotalUnknownCount,4,NO
CAN_CSV0000000000001313__23.csv,CAN_CSV0000000000001313__5.csv,IIC_FullName,IIC_FullName,4,YES
CAN_CSV0000000000001358__23.csv,CAN_CSV0000000000001358__9.csv,GPS Speed (Kn),GPS Speed (Kn),4,NO
CAN_CSV0000000000001724__8.csv,CAN_CSV0000000000001797__25.csv,Province/Canada,Province/Canada,4,YES
CAN_CSV0000000000001797__25.csv,CAN_CSV0000000000001797__36.csv,Province/Canada,Province/Canada,4,YES
CAN_CSV0000000000001787__6.csv,CAN_CSV0000000000001797__25.csv,Province/Canada,Province/Canada,4,YES
CAN_CSV0000000000001787__5.csv,CAN_CSV0000000000001797__25.csv,Province/Canada,Province/Canada,4,YES
CAN_CSV0000000000001787__0.csv,CAN_CSV0000000000001797__25.csv,Province/Canada,Province/Canada,4,YES
CAN_CSV0000000000001797__21.csv,CAN_CSV0000000000001797__25.csv,Province/Canada,Province/Canada,4,YES
CAN_CSV0000000000001759__14.csv,CAN_CSV0000000000001780__17.csv,2D14P Redfish Creek,2D14P Redfish Creek,4,NO
CAN_CSV0000000000001759__14.csv,CAN_CSV0000000000001780__1.csv,2E07P Grano Creek,2E07P Grano Creek,4,NO
CAN_CSV0000000000001759__14.csv,CAN_CSV0000000000001780__12.csv,2E07P Grano Creek,2E07P Grano Creek,4,NO
CAN_CSV0000000000001759__14.csv,CAN_CSV0000000000001780__4.csv,2E07P Grano Creek,2E07P Grano Creek,4,NO
CAN_CSV0000000000027346__28.csv,CAN_CSV0000000000027349__23.csv,AVG_REL_HUM_PST1MT,AVG_REL_HUM_PST1MT,4,NO
CAN_CSV0000000000001487__35.csv,CAN_CSV0000000000027346__28.csv,AVG_REL_HUM_PST1MT,AVG_REL_HUM_PST1MT,4,NO
CAN_CSV0000000000001487__9.csv,CAN_CSV0000000000027346__28.csv,AVG_REL_HUM_PST1MT,AVG_REL_HUM_PST1MT,4,NO
CAN_CSV0000000000027346__28.csv,CAN_CSV0000000000027349__20.csv,AVG_REL_HUM_PST1MT,AVG_REL_HUM_PST1MT,4,NO
CAN_CSV0000000000001487__25.csv,CAN_CSV0000000000027346__28.csv,AVG_REL_HUM_PST1MT,AVG_REL_HUM_PST1MT,4,NO
CAN_CSV0000000000027346__28.csv,CAN_CSV0000000000027349__21.csv,AVG_REL_HUM_PST1MT,AVG_REL_HUM_PST1MT,4,NO
CAN_CSV0000000000027346__28.csv,CAN_CSV0000000000027354__6.csv,MIN_AIR_TEMP_PST1HR,MIN_AIR_TEMP_PST1HR,4,NO
CAN_CSV0000000000027346__14.csv,CAN_CSV0000000000027346__28.csv,MIN_AIR_TEMP_PST1HR,MIN_AIR_TEMP_PST1HR,4,NO
CAN_CSV0000000000027346__28.csv,CAN_CSV0000000000027353__2.csv,MIN_AIR_TEMP_PST1HR,MIN_AIR_TEMP_PST1HR,4,NO
CAN_CSV0000000000027346__28.csv,CAN_CSV0000000000027355__11.csv,MIN_AIR_TEMP_PST1HR,MIN_AIR_TEMP_PST1HR,4,NO
CAN_CSV0000000000001487__9.csv,CAN_CSV0000000000027346__28.csv,PCPN_AMT_PST1HR,PCPN_AMT_PST1HR,4,NO
CAN_CSV0000000000001487__25.csv,CAN_CSV0000000000027346__28.csv,PCPN_AMT_PST1HR,PCPN_AMT_PST1HR,4,NO
CAN_CSV0000000000027346__23.csv,CAN_CSV0000000000027346__28.csv,PCPN_AMT_PST1HR,PCPN_AMT_PST1HR,4,NO
CAN_CSV0000000000027346__28.csv,CAN_CSV0000000000027349__23.csv,DNSTY_ALTD,DNSTY_ALTD,4,NO
CAN_CSV0000000000001487__35.csv,CAN_CSV0000000000027346__28.csv,DNSTY_ALTD,DNSTY_ALTD,4,NO
CAN_CSV0000000000027346__28.csv,CAN_CSV0000000000027349__20.csv,DNSTY_ALTD,DNSTY_ALTD,4,NO
CAN_CSV0000000000001487__25.csv,CAN_CSV0000000000027346__28.csv,DNSTY_ALTD,DNSTY_ALTD,4,NO
CAN_CSV0000000000027346__28.csv,CAN_CSV0000000000027349__21.csv,DNSTY_ALTD,DNSTY_ALTD,4,NO
CAN_CSV0000000000001487__9.csv,CAN_CSV0000000000027346__28.csv,AVG_VIS_PST10MTS,AVG_VIS_PST10MTS,4,NO
CAN_CSV0000000000001487__25.csv,CAN_CSV0000000000027346__28.csv,AVG_VIS_PST10MTS,AVG_VIS_PST10MTS,4,NO
CAN_CSV0000000000027346__28.csv,CAN_CSV0000000000027353__2.csv,AVG_VIS_PST10MTS,AVG_VIS_PST10MTS,4,NO
USA_CSV0000000000037169__18.csv,USA_CSV0000000000037169__7.csv,SHR_LAB_SW,SHR_LAB_SW,4,NO
USA_CSV0000000000036154__19.csv,USA_CSV0000000000037169__7.csv,SSA_STATE_CD,SSA_STATE_CD,4,YES
CAN_CSV0000000000001487__31.csv,CAN_CSV0000000000001487__35.csv,PCPN_AMT_PST1HR_QA,PCPN_AMT_PST1HR_QA,4,NO
CAN_CSV0000000000001487__26.csv,CAN_CSV0000000000001487__31.csv,PCPN_AMT_PST1HR_QA,PCPN_AMT_PST1HR_QA,4,NO
CAN_CSV0000000000001487__25.csv,CAN_CSV0000000000001487__31.csv,PCPN_AMT_PST1HR_QA,PCPN_AMT_PST1HR_QA,4,NO
CAN_CSV0000000000001487__31.csv,CAN_CSV0000000000001487__34.csv,PCPN_AMT_PST1HR_QA,PCPN_AMT_PST1HR_QA,4,NO
CAN_CSV0000000000001487__24.csv,CAN_CSV0000000000001487__31.csv,PCPN_AMT_PST1HR_QA,PCPN_AMT_PST1HR_QA,4,NO
CAN_CSV0000000000001487__28.csv,CAN_CSV0000000000001487__31.csv,PCPN_AMT_PST1HR_QA,PCPN_AMT_PST1HR_QA,4,NO
CAN_CSV0000000000001487__31.csv,CAN_CSV0000000000027349__23.csv,AVG_REL_HUM_PST1MT,AVG_REL_HUM_PST1MT,4,NO
CAN_CSV0000000000001487__31.csv,CAN_CSV0000000000001487__35.csv,AVG_REL_HUM_PST1MT,AVG_REL_HUM_PST1MT,4,NO
CAN_CSV0000000000001487__31.csv,CAN_CSV0000000000001487__9.csv,AVG_REL_HUM_PST1MT,AVG_REL_HUM_PST1MT,4,NO
CAN_CSV0000000000001487__31.csv,CAN_CSV0000000000027349__20.csv,AVG_REL_HUM_PST1MT,AVG_REL_HUM_PST1MT,4,NO
CAN_CSV0000000000001487__25.csv,CAN_CSV0000000000001487__31.csv,AVG_REL_HUM_PST1MT,AVG_REL_HUM_PST1MT,4,NO
CAN_CSV0000000000001487__31.csv,CAN_CSV0000000000027349__21.csv,AVG_REL_HUM_PST1MT,AVG_REL_HUM_PST1MT,4,NO
CAN_CSV0000000000001487__31.csv,CAN_CSV0000000000001487__35.csv,PCPN_AMT_PST1MT_QA,PCPN_AMT_PST1MT_QA,4,NO
CAN_CSV0000000000001487__25.csv,CAN_CSV0000000000001487__31.csv,PCPN_AMT_PST1MT_QA,PCPN_AMT_PST1MT_QA,4,NO
CAN_CSV0000000000001487__28.csv,CAN_CSV0000000000001487__31.csv,PCPN_AMT_PST1MT_QA,PCPN_AMT_PST1MT_QA,4,NO
CAN_CSV0000000000001487__31.csv,CAN_CSV0000000000001487__34.csv,PCPN_AMT_PST1MT_QA,PCPN_AMT_PST1MT_QA,4,NO
CAN_CSV0000000000001487__26.csv,CAN_CSV0000000000001487__31.csv,PCPN_AMT_PST1MT_QA,PCPN_AMT_PST1MT_QA,4,NO
CAN_CSV0000000000001487__31.csv,CAN_CSV0000000000027349__23.csv,DNSTY_ALTD,DNSTY_ALTD,4,NO
CAN_CSV0000000000001487__31.csv,CAN_CSV0000000000001487__35.csv,DNSTY_ALTD,DNSTY_ALTD,4,NO
CAN_CSV0000000000001487__31.csv,CAN_CSV0000000000027349__20.csv,DNSTY_ALTD,DNSTY_ALTD,4,NO
CAN_CSV0000000000001487__25.csv,CAN_CSV0000000000001487__31.csv,DNSTY_ALTD,DNSTY_ALTD,4,NO
CAN_CSV0000000000001487__31.csv,CAN_CSV0000000000027349__21.csv,DNSTY_ALTD,DNSTY_ALTD,4,NO
CAN_CSV0000000000001724__21.csv,CAN_CSV0000000000001797__5.csv,RentLocation,RentLocation,4,YES
CAN_CSV0000000000001724__21.csv,CAN_CSV0000000000001724__45.csv,RentLocation,RentLocation,4,YES
CAN_CSV0000000000001724__21.csv,CAN_CSV0000000000001797__43.csv,RentLocation,RentLocation,4,YES
CAN_CSV0000000000001724__21.csv,CAN_CSV0000000000001797__13.csv,RentLocation,RentLocation,4,YES
CAN_CSV0000000000001724__21.csv,CAN_CSV0000000000001787__8.csv,RentLocation,RentLocation,4,YES
USA_CSV0000000000035897__4.csv,USA_CSV0000000000035897__8.csv,STATE_ROAD,STATE_ROAD,4,NO
USA_CSV0000000000035897__4.csv,USA_CSV0000000000035897__8.csv,DRIVER_COUNT_75PLUS,DRIVER_COUNT_75PLUS,4,NO
USA_CSV0000000000035897__26.csv,USA_CSV0000000000035897__8.csv,DRIVER_COUNT_75PLUS,DRIVER_COUNT_75PLUS,4,NO
USA_CSV0000000000035897__44.csv,USA_CSV0000000000035897__8.csv,HIT_FIXED_OBJECT,HIT_FIXED_OBJECT,4,NO
USA_CSV0000000000035897__44.csv,USA_CSV0000000000035897__8.csv,NTFY_HIWY_MAINT,NTFY_HIWY_MAINT,4,NO
USA_CSV0000000000035897__26.csv,USA_CSV0000000000035897__8.csv,RUNNING_STOP_SIGN,RUNNING_STOP_SIGN,4,NO
USA_CSV0000000000035897__25.csv,USA_CSV0000000000035897__8.csv,RUNNING_STOP_SIGN,RUNNING_STOP_SIGN,4,NO
USA_CSV0000000000035897__4.csv,USA_CSV0000000000035897__8.csv,SIGNALIZED_INT,SIGNALIZED_INT,4,NO
USA_CSV0000000000035897__44.csv,USA_CSV0000000000035897__8.csv,SIGNALIZED_INT,SIGNALIZED_INT,4,NO
USA_CSV0000000000035897__4.csv,USA_CSV0000000000035897__8.csv,SCH_ZONE_IND,SCH_ZONE_IND,4,NO
USA_CSV0000000000035897__4.csv,USA_CSV0000000000035897__8.csv,INJURY_OR_FATAL,INJURY_OR_FATAL,4,NO
USA_CSV0000000000035897__26.csv,USA_CSV0000000000035897__8.csv,UNK_INJ_PER_COUNT,UNK_INJ_PER_COUNT,4,NO
USA_CSV0000000000035897__25.csv,USA_CSV0000000000035897__8.csv,UNK_INJ_PER_COUNT,UNK_INJ_PER_COUNT,4,NO
USA_CSV0000000000035897__26.csv,USA_CSV0000000000035897__8.csv,TAILGATING,TAILGATING,4,NO
USA_CSV0000000000035897__25.csv,USA_CSV0000000000035897__8.csv,TAILGATING,TAILGATING,4,NO
USA_CSV0000000000035897__44.csv,USA_CSV0000000000035897__8.csv,TAILGATING,TAILGATING,4,NO
USA_CSV0000000000035897__44.csv,USA_CSV0000000000035897__8.csv,WORK_ZONE_IND,WORK_ZONE_IND,4,NO
USA_CSV0000000000035897__4.csv,USA_CSV0000000000035897__8.csv,MUNICIPALITY,MUNICIPALITY,4,YES
USA_CSV0000000000035897__26.csv,USA_CSV0000000000035897__8.csv,MUNICIPALITY,MUNICIPALITY,4,YES
USA_CSV0000000000035897__25.csv,USA_CSV0000000000035897__8.csv,MUNICIPALITY,MUNICIPALITY,4,YES
USA_CSV0000000000035897__4.csv,USA_CSV0000000000035897__8.csv,UNK_INJ_DEG_COUNT,UNK_INJ_DEG_COUNT,4,NO
USA_CSV0000000000035897__26.csv,USA_CSV0000000000035897__8.csv,FIRE_IN_VEHICLE,FIRE_IN_VEHICLE,4,NO
USA_CSV0000000000035897__25.csv,USA_CSV0000000000035897__8.csv,FIRE_IN_VEHICLE,FIRE_IN_VEHICLE,4,NO
USA_CSV0000000000035897__26.csv,USA_CSV0000000000035897__8.csv,INJURY_COUNT,INJURY_COUNT,4,NO
USA_CSV0000000000035897__25.csv,USA_CSV0000000000035897__8.csv,INJURY_COUNT,INJURY_COUNT,4,NO
USA_CSV0000000000035897__26.csv,USA_CSV0000000000035897__8.csv,ROADWAY_COUNTY,ROADWAY_COUNTY,4,NO
USA_CSV0000000000035897__25.csv,USA_CSV0000000000035897__8.csv,ROADWAY_COUNTY,ROADWAY_COUNTY,4,NO
USA_CSV0000000000035897__26.csv,USA_CSV0000000000035897__8.csv,MOTORCYCLE_COUNT,MOTORCYCLE_COUNT,4,NO
USA_CSV0000000000035897__25.csv,USA_CSV0000000000035897__8.csv,MOTORCYCLE_COUNT,MOTORCYCLE_COUNT,4,NO
USA_CSV0000000000035897__4.csv,USA_CSV0000000000035897__8.csv,DRUGGED_DRIVER,DRUGGED_DRIVER,4,NO
USA_CSV0000000000035897__26.csv,USA_CSV0000000000035897__8.csv,DRUGGED_DRIVER,DRUGGED_DRIVER,4,NO
USA_CSV0000000000035897__25.csv,USA_CSV0000000000035897__8.csv,DRUGGED_DRIVER,DRUGGED_DRIVER,4,NO
USA_CSV0000000000035897__26.csv,USA_CSV0000000000035897__8.csv,STOP_CONTROLLED_INT,STOP_CONTROLLED_INT,4,NO
USA_CSV0000000000035897__25.csv,USA_CSV0000000000035897__8.csv,STOP_CONTROLLED_INT,STOP_CONTROLLED_INT,4,NO
USA_CSV0000000000035897__44.csv,USA_CSV0000000000035897__8.csv,STOP_CONTROLLED_INT,STOP_CONTROLLED_INT,4,NO
USA_CSV0000000000035897__26.csv,USA_CSV0000000000035897__8.csv,FATAL_OR_MAJ_INJ,FATAL_OR_MAJ_INJ,4,NO
USA_CSV0000000000035897__25.csv,USA_CSV0000000000035897__8.csv,FATAL_OR_MAJ_INJ,FATAL_OR_MAJ_INJ,4,NO
USA_CSV0000000000035897__44.csv,USA_CSV0000000000035897__8.csv,FATAL_OR_MAJ_INJ,FATAL_OR_MAJ_INJ,4,NO
USA_CSV0000000000035897__44.csv,USA_CSV0000000000035897__8.csv,SHLDR_RELATED,SHLDR_RELATED,4,NO
USA_CSV0000000000035897__4.csv,USA_CSV0000000000035897__8.csv,POLICE_AGCY,POLICE_AGCY,4,YES
USA_CSV0000000000035897__4.csv,USA_CSV0000000000035897__8.csv,HEAVY_TRUCK_COUNT,HEAVY_TRUCK_COUNT,4,NO
USA_CSV0000000000035897__4.csv,USA_CSV0000000000035897__8.csv,MAJ_INJ_COUNT,MAJ_INJ_COUNT,4,NO
USA_CSV0000000000035897__26.csv,USA_CSV0000000000035897__8.csv,MAJ_INJ_COUNT,MAJ_INJ_COUNT,4,NO
USA_CSV0000000000035897__25.csv,USA_CSV0000000000035897__8.csv,MAJ_INJ_COUNT,MAJ_INJ_COUNT,4,NO
USA_CSV0000000000035897__26.csv,USA_CSV0000000000035897__8.csv,VEHICLE_COUNT,VEHICLE_COUNT,4,NO
USA_CSV0000000000035897__25.csv,USA_CSV0000000000035897__8.csv,VEHICLE_COUNT,VEHICLE_COUNT,4,NO
USA_CSV0000000000035897__4.csv,USA_CSV0000000000035897__8.csv,PSP_REPORTED,PSP_REPORTED,4,NO
USA_CSV0000000000035897__44.csv,USA_CSV0000000000035897__8.csv,PSP_REPORTED,PSP_REPORTED,4,NO
USA_CSV0000000000035897__26.csv,USA_CSV0000000000035897__8.csv,NON_INTERSECTION,NON_INTERSECTION,4,NO
USA_CSV0000000000035897__25.csv,USA_CSV0000000000035897__8.csv,NON_INTERSECTION,NON_INTERSECTION,4,NO
USA_CSV0000000000035897__44.csv,USA_CSV0000000000035897__8.csv,NON_INTERSECTION,NON_INTERSECTION,4,NO
USA_CSV0000000000035897__44.csv,USA_CSV0000000000035897__8.csv,BICYCLE_COUNT,BICYCLE_COUNT,4,NO
USA_CSV0000000000035897__4.csv,USA_CSV0000000000035897__8.csv,VEHICLE_TOWED,VEHICLE_TOWED,4,NO
USA_CSV0000000000035897__26.csv,USA_CSV0000000000035897__8.csv,PERSON_COUNT,PERSON_COUNT,4,NO
USA_CSV0000000000035897__25.csv,USA_CSV0000000000035897__8.csv,PERSON_COUNT,PERSON_COUNT,4,NO
USA_CSV0000000000035897__44.csv,USA_CSV0000000000035897__8.csv,HIT_GDRAIL_END,HIT_GDRAIL_END,4,NO
USA_CSV0000000000035897__4.csv,USA_CSV0000000000035897__8.csv,MCYCLE_DEATH_COUNT,MCYCLE_DEATH_COUNT,4,NO
USA_CSV0000000000035897__26.csv,USA_CSV0000000000035897__8.csv,HAZARDOUS_TRUCK,HAZARDOUS_TRUCK,4,NO
USA_CSV0000000000035897__25.csv,USA_CSV0000000000035897__8.csv,HAZARDOUS_TRUCK,HAZARDOUS_TRUCK,4,NO
USA_CSV0000000000035897__26.csv,USA_CSV0000000000035897__8.csv,CRASH_YEAR,CRASH_YEAR,4,YES
USA_CSV0000000000035897__44.csv,USA_CSV0000000000035897__8.csv,DRIVER_COUNT_20YR,DRIVER_COUNT_20YR,4,NO
USA_CSV0000000000034882__26.csv,USA_CSV0000000000037101__35.csv,STD_VOLUME_GROUP,STD_VOLUME_GROUP,4,NO
USA_CSV0000000000037101__3.csv,USA_CSV0000000000037101__35.csv,STD_VOLUME_GROUP,STD_VOLUME_GROUP,4,NO
USA_CSV0000000000034882__14.csv,USA_CSV0000000000037101__35.csv,STD_VOLUME_GROUP,STD_VOLUME_GROUP,4,NO
USA_CSV0000000000037101__16.csv,USA_CSV0000000000037101__35.csv,STD_VOLUME_GROUP,STD_VOLUME_GROUP,4,NO
USA_CSV0000000000034882__26.csv,USA_CSV0000000000037101__35.csv,LANE_WIDTH,LANE_WIDTH,4,NO
USA_CSV0000000000037101__3.csv,USA_CSV0000000000037101__35.csv,NONATT_CODE,NONATT_CODE,4,YES
USA_CSV0000000000034882__9.csv,USA_CSV0000000000037101__35.csv,NONATT_CODE,NONATT_CODE,4,YES
USA_CSV0000000000037101__3.csv,USA_CSV0000000000037101__35.csv,TYPE_TERRAIN,TYPE_TERRAIN,4,YES
USA_CSV0000000000037101__16.csv,USA_CSV0000000000037101__35.csv,TYPE_TERRAIN,TYPE_TERRAIN,4,YES
USA_CSV0000000000034882__26.csv,USA_CSV0000000000037101__35.csv,THROUGH_LANES,THROUGH_LANES,4,YES
USA_CSV0000000000033847__5.csv,USA_CSV0000000000037101__35.csv,PERC_COMBINATION,PERC_COMBINATION,4,NO
USA_CSV0000000000034882__14.csv,USA_CSV0000000000037101__35.csv,PERC_COMBINATION,PERC_COMBINATION,4,NO
USA_CSV0000000000034882__22.csv,USA_CSV0000000000037101__35.csv,PERC_COMBINATION,PERC_COMBINATION,4,NO
USA_CSV0000000000033847__4.csv,USA_CSV0000000000037101__35.csv,PERC_COMBINATION,PERC_COMBINATION,4,NO
USA_CSV0000000000034882__12.csv,USA_CSV0000000000037101__35.csv,PERC_COMBINATION,PERC_COMBINATION,4,NO
USA_CSV0000000000034882__14.csv,USA_CSV0000000000037101__35.csv,PEAK_PARKING,PEAK_PARKING,4,NO
USA_CSV0000000000034882__26.csv,USA_CSV0000000000037101__35.csv,PAVEMENT_TYPE,PAVEMENT_TYPE,4,YES
USA_CSV0000000000034882__14.csv,USA_CSV0000000000037101__35.csv,PAVEMENT_TYPE,PAVEMENT_TYPE,4,YES
USA_CSV0000000000033847__5.csv,USA_CSV0000000000037101__35.csv,PERC_SIGHT,PERC_SIGHT,4,NO
USA_CSV0000000000037101__20.csv,USA_CSV0000000000037101__35.csv,PERC_SIGHT,PERC_SIGHT,4,NO
USA_CSV0000000000033847__5.csv,USA_CSV0000000000037101__35.csv,YEAR_RECORD,YEAR_RECORD,4,YES
USA_CSV0000000000034882__26.csv,USA_CSV0000000000037101__35.csv,YEAR_RECORD,YEAR_RECORD,4,YES
CAN_CSV0000000000001797__47.csv,CAN_CSV0000000000001797__5.csv,RentLocation,RentLocation,4,YES
CAN_CSV0000000000001724__45.csv,CAN_CSV0000000000001797__47.csv,RentLocation,RentLocation,4,YES
UK_CSV0000000000004838__14.csv,UK_CSV0000000000004838__3.csv,PARENT_UID,PARENT_UID,4,YES
CAN_CSV0000000000027349__23.csv,CAN_CSV0000000000027354__7.csv,DATA_ATTRIB_NOT,DATA_ATTRIB_NOT,4,NO
CAN_CSV0000000000027349__20.csv,CAN_CSV0000000000027354__7.csv,DATA_ATTRIB_NOT,DATA_ATTRIB_NOT,4,NO
CAN_CSV0000000000001487__25.csv,CAN_CSV0000000000027354__7.csv,DATA_ATTRIB_NOT,DATA_ATTRIB_NOT,4,NO
CAN_CSV0000000000027354__6.csv,CAN_CSV0000000000027354__7.csv,DATA_ATTRIB_NOT,DATA_ATTRIB_NOT,4,NO
CAN_CSV0000000000027349__21.csv,CAN_CSV0000000000027354__7.csv,DATA_ATTRIB_NOT,DATA_ATTRIB_NOT,4,NO
CAN_CSV0000000000027353__2.csv,CAN_CSV0000000000027354__7.csv,DATA_ATTRIB_NOT,DATA_ATTRIB_NOT,4,NO
CAN_CSV0000000000001487__28.csv,CAN_CSV0000000000027354__7.csv,DATA_ATTRIB_NOT,DATA_ATTRIB_NOT,4,NO
CAN_CSV0000000000027349__23.csv,CAN_CSV0000000000027354__7.csv,LTNG_DIS_RMK,LTNG_DIS_RMK,4,YES
CAN_CSV0000000000027349__20.csv,CAN_CSV0000000000027354__7.csv,LTNG_DIS_RMK,LTNG_DIS_RMK,4,YES
CAN_CSV0000000000027354__6.csv,CAN_CSV0000000000027354__7.csv,LTNG_DIS_RMK,LTNG_DIS_RMK,4,YES
CAN_CSV0000000000027349__21.csv,CAN_CSV0000000000027354__7.csv,LTNG_DIS_RMK,LTNG_DIS_RMK,4,YES
CAN_CSV0000000000027353__17.csv,CAN_CSV0000000000027354__7.csv,LTNG_DIS_RMK,LTNG_DIS_RMK,4,YES
CAN_CSV0000000000027354__6.csv,CAN_CSV0000000000027354__7.csv,MIN_AIR_TEMP_PST1HR,MIN_AIR_TEMP_PST1HR,4,NO
CAN_CSV0000000000027346__14.csv,CAN_CSV0000000000027354__7.csv,MIN_AIR_TEMP_PST1HR,MIN_AIR_TEMP_PST1HR,4,NO
CAN_CSV0000000000027353__2.csv,CAN_CSV0000000000027354__7.csv,MIN_AIR_TEMP_PST1HR,MIN_AIR_TEMP_PST1HR,4,NO
CAN_CSV0000000000027354__7.csv,CAN_CSV0000000000027355__11.csv,MIN_AIR_TEMP_PST1HR,MIN_AIR_TEMP_PST1HR,4,NO
CAN_CSV0000000000027349__23.csv,CAN_CSV0000000000027354__7.csv,OBS_DATETIME_UTC,OBS_DATETIME_UTC,4,YES
CAN_CSV0000000000027349__20.csv,CAN_CSV0000000000027354__7.csv,OBS_DATETIME_UTC,OBS_DATETIME_UTC,4,YES
CAN_CSV0000000000027346__12.csv,CAN_CSV0000000000027354__7.csv,OBS_DATETIME_UTC,OBS_DATETIME_UTC,4,YES
CAN_CSV0000000000027354__6.csv,CAN_CSV0000000000027354__7.csv,OBS_DATETIME_UTC,OBS_DATETIME_UTC,4,YES
CAN_CSV0000000000027349__21.csv,CAN_CSV0000000000027354__7.csv,OBS_DATETIME_UTC,OBS_DATETIME_UTC,4,YES
CAN_CSV0000000000027346__14.csv,CAN_CSV0000000000027354__7.csv,OBS_DATETIME_UTC,OBS_DATETIME_UTC,4,YES
CAN_CSV0000000000027349__23.csv,CAN_CSV0000000000027354__6.csv,DATA_ATTRIB_NOT,DATA_ATTRIB_NOT,4,NO
CAN_CSV0000000000027349__20.csv,CAN_CSV0000000000027354__6.csv,DATA_ATTRIB_NOT,DATA_ATTRIB_NOT,4,NO
CAN_CSV0000000000001487__25.csv,CAN_CSV0000000000027354__6.csv,DATA_ATTRIB_NOT,DATA_ATTRIB_NOT,4,NO
CAN_CSV0000000000027349__21.csv,CAN_CSV0000000000027354__6.csv,DATA_ATTRIB_NOT,DATA_ATTRIB_NOT,4,NO
CAN_CSV0000000000027353__2.csv,CAN_CSV0000000000027354__6.csv,DATA_ATTRIB_NOT,DATA_ATTRIB_NOT,4,NO
CAN_CSV0000000000001487__28.csv,CAN_CSV0000000000027354__6.csv,DATA_ATTRIB_NOT,DATA_ATTRIB_NOT,4,NO
CAN_CSV0000000000027349__23.csv,CAN_CSV0000000000027354__6.csv,LTNG_DIS_RMK,LTNG_DIS_RMK,4,YES
CAN_CSV0000000000027349__20.csv,CAN_CSV0000000000027354__6.csv,LTNG_DIS_RMK,LTNG_DIS_RMK,4,YES
CAN_CSV0000000000027349__21.csv,CAN_CSV0000000000027354__6.csv,LTNG_DIS_RMK,LTNG_DIS_RMK,4,YES
CAN_CSV0000000000027346__14.csv,CAN_CSV0000000000027354__6.csv,MIN_AIR_TEMP_PST1HR,MIN_AIR_TEMP_PST1HR,4,NO
CAN_CSV0000000000027353__2.csv,CAN_CSV0000000000027354__6.csv,MIN_AIR_TEMP_PST1HR,MIN_AIR_TEMP_PST1HR,4,NO
CAN_CSV0000000000027354__6.csv,CAN_CSV0000000000027355__11.csv,MIN_AIR_TEMP_PST1HR,MIN_AIR_TEMP_PST1HR,4,NO
CAN_CSV0000000000027349__23.csv,CAN_CSV0000000000027354__6.csv,OBS_DATETIME_UTC,OBS_DATETIME_UTC,4,YES
CAN_CSV0000000000027349__20.csv,CAN_CSV0000000000027354__6.csv,OBS_DATETIME_UTC,OBS_DATETIME_UTC,4,YES
CAN_CSV0000000000027346__12.csv,CAN_CSV0000000000027354__6.csv,OBS_DATETIME_UTC,OBS_DATETIME_UTC,4,YES
CAN_CSV0000000000027349__21.csv,CAN_CSV0000000000027354__6.csv,OBS_DATETIME_UTC,OBS_DATETIME_UTC,4,YES
UK_CSV0000000000005621__10.csv,UK_CSV0000000000005621__13.csv,Variable Type,Variable Type,4,YES
UK_CSV0000000000005621__10.csv,UK_CSV0000000000005621__8.csv,Variable Type,Variable Type,4,YES
UK_CSV0000000000000964__7.csv,UK_CSV0000000000002064__4.csv,received_date,received_date,4,YES
CAN_CSV0000000000001487__9.csv,CAN_CSV0000000000027349__23.csv,DATA_PAYLOAD_URI,DATA_PAYLOAD_URI,4,YES
CAN_CSV0000000000027349__20.csv,CAN_CSV0000000000027349__23.csv,DATA_PAYLOAD_URI,DATA_PAYLOAD_URI,4,YES
CAN_CSV0000000000001487__25.csv,CAN_CSV0000000000027349__23.csv,DATA_PAYLOAD_URI,DATA_PAYLOAD_URI,4,YES
CAN_CSV0000000000027349__21.csv,CAN_CSV0000000000027349__23.csv,DATA_PAYLOAD_URI,DATA_PAYLOAD_URI,4,YES
CAN_CSV0000000000027349__23.csv,CAN_CSV0000000000027353__2.csv,DATA_PAYLOAD_URI,DATA_PAYLOAD_URI,4,YES
CAN_CSV0000000000027349__23.csv,CAN_CSV0000000000027355__11.csv,DATA_PAYLOAD_URI,DATA_PAYLOAD_URI,4,YES
CAN_CSV0000000000001487__28.csv,CAN_CSV0000000000027349__23.csv,DATA_PAYLOAD_URI,DATA_PAYLOAD_URI,4,YES
CAN_CSV0000000000027349__20.csv,CAN_CSV0000000000027349__23.csv,PCPN_AMT_PST6HRS,PCPN_AMT_PST6HRS,4,NO
CAN_CSV0000000000027349__21.csv,CAN_CSV0000000000027349__23.csv,PCPN_AMT_PST6HRS,PCPN_AMT_PST6HRS,4,NO
CAN_CSV0000000000027349__20.csv,CAN_CSV0000000000027349__23.csv,LTNG_DIS_RMK,LTNG_DIS_RMK,4,YES
CAN_CSV0000000000027349__23.csv,CAN_CSV0000000000027354__6.csv,LTNG_DIS_RMK,LTNG_DIS_RMK,4,YES
CAN_CSV0000000000027349__21.csv,CAN_CSV0000000000027349__23.csv,LTNG_DIS_RMK,LTNG_DIS_RMK,4,YES
CAN_CSV0000000000027349__23.csv,CAN_CSV0000000000027353__17.csv,LTNG_DIS_RMK,LTNG_DIS_RMK,4,YES
CAN_CSV0000000000027349__20.csv,CAN_CSV0000000000027349__23.csv,AVG_VIS_PST1MT,AVG_VIS_PST1MT,4,NO
CAN_CSV0000000000001487__25.csv,CAN_CSV0000000000027349__23.csv,AVG_VIS_PST1MT,AVG_VIS_PST1MT,4,NO
CAN_CSV0000000000027349__21.csv,CAN_CSV0000000000027349__23.csv,AVG_VIS_PST1MT,AVG_VIS_PST1MT,4,NO
CAN_CSV0000000000001487__28.csv,CAN_CSV0000000000027349__23.csv,AVG_VIS_PST1MT,AVG_VIS_PST1MT,4,NO
CAN_CSV0000000000001487__26.csv,CAN_CSV0000000000027349__23.csv,AVG_VIS_PST1MT,AVG_VIS_PST1MT,4,NO
CAN_CSV0000000000001487__35.csv,CAN_CSV0000000000027349__23.csv,DNSTY_ALTD,DNSTY_ALTD,4,NO
CAN_CSV0000000000027349__20.csv,CAN_CSV0000000000027349__23.csv,DNSTY_ALTD,DNSTY_ALTD,4,NO
CAN_CSV0000000000001487__25.csv,CAN_CSV0000000000027349__23.csv,DNSTY_ALTD,DNSTY_ALTD,4,NO
CAN_CSV0000000000027349__21.csv,CAN_CSV0000000000027349__23.csv,DNSTY_ALTD,DNSTY_ALTD,4,NO
CAN_CSV0000000000001487__28.csv,CAN_CSV0000000000027349__23.csv,DNSTY_ALTD,DNSTY_ALTD,4,NO
CAN_CSV0000000000001487__34.csv,CAN_CSV0000000000027349__23.csv,DNSTY_ALTD,DNSTY_ALTD,4,NO
CAN_CSV0000000000001487__26.csv,CAN_CSV0000000000027349__23.csv,DNSTY_ALTD,DNSTY_ALTD,4,NO
CAN_CSV0000000000001909__0.csv,CAN_CSV0000000000001909__5.csv,contract-value,contract-value,4,NO
CAN_CSV0000000000001909__0.csv,CAN_CSV0000000000001909__4.csv,contract-value,contract-value,4,NO
CAN_CSV0000000000001926__13.csv,CAN_CSV0000000000027405__5.csv,Visibility (km),Visibility (km),4,NO
CAN_CSV0000000000001780__1.csv,CAN_CSV0000000000001780__4.csv,4B16P Shedin Creek,4B16P Shedin Creek,4,NO
CAN_CSV0000000000001780__12.csv,CAN_CSV0000000000001780__4.csv,4B16P Shedin Creek,4B16P Shedin Creek,4,NO
CAN_CSV0000000000001780__1.csv,CAN_CSV0000000000001780__4.csv,2A21P Molson Creek,2A21P Molson Creek,4,NO
CAN_CSV0000000000001780__12.csv,CAN_CSV0000000000001780__4.csv,2A21P Molson Creek,2A21P Molson Creek,4,NO
SG_CSV0000000000000035__8.csv,SG_CSV0000000000000044__6.csv,issuance_agency_id,issuance_agency_id,4,YES
SG_CSV0000000000000030__8.csv,SG_CSV0000000000000035__8.csv,address_type,address_type,4,YES
SG_CSV0000000000000030__4.csv,SG_CSV0000000000000035__8.csv,address_type,address_type,4,YES
UK_CSV0000000000002183__1.csv,UK_CSV0000000000002183__4.csv,NetflixHD24hr,NetflixHD24hr,4,4NO
UK_CSV0000000000002183__4.csv,UK_CSV0000000000002183__9.csv,NetflixHD24hr,NetflixHD24hr,4,4NO
UK_CSV0000000000002183__4.csv,UK_CSV0000000000002183__8.csv,NetflixHD24hr,NetflixHD24hr,4,4NO
UK_CSV0000000000002183__1.csv,UK_CSV0000000000002183__4.csv,iPlayerUHDPeak,iPlayerUHDPeak,4,NO
UK_CSV0000000000002183__4.csv,UK_CSV0000000000002183__8.csv,iPlayerUHDPeak,iPlayerUHDPeak,4,NO
UK_CSV0000000000002183__1.csv,UK_CSV0000000000002183__4.csv,Packet Loss - peak,Packet Loss - peak,4,NO
UK_CSV0000000000002183__1.csv,UK_CSV0000000000002183__4.csv,NetflixFailedPeak,NetflixFailedPeak,4,NO
UK_CSV0000000000002183__4.csv,UK_CSV0000000000002183__8.csv,NetflixFailedPeak,NetflixFailedPeak,4,NO
UK_CSV0000000000002183__1.csv,UK_CSV0000000000002183__4.csv,YouTubeSD24hr,YouTubeSD24hr,4,NO
UK_CSV0000000000002183__4.csv,UK_CSV0000000000002183__9.csv,YouTubeSD24hr,YouTubeSD24hr,4,NO
UK_CSV0000000000002183__4.csv,UK_CSV0000000000002183__8.csv,YouTubeSD24hr,YouTubeSD24hr,4,NO
UK_CSV0000000000002183__1.csv,UK_CSV0000000000002183__4.csv,DNS Rate - peak,DNS Rate - peak,4,NO
UK_CSV0000000000002183__4.csv,UK_CSV0000000000002183__9.csv,DNS Rate - peak,DNS Rate - peak,4,NO
UK_CSV0000000000002183__4.csv,UK_CSV0000000000002183__8.csv,DNS Rate - peak,DNS Rate - peak,4,NO
UK_CSV0000000000002183__1.csv,UK_CSV0000000000002183__4.csv,Download - 20-21pm,Download - 20-21pm,4,NO
UK_CSV0000000000002183__1.csv,UK_CSV0000000000002183__4.csv,iPlayerSD24hr,iPlayerSD24hr,4,NO
UK_CSV0000000000002183__4.csv,UK_CSV0000000000002183__8.csv,iPlayerSD24hr,iPlayerSD24hr,4,NO
UK_CSV0000000000002183__4.csv,UK_CSV0000000000002183__9.csv,iPlayerSD24hr,iPlayerSD24hr,4,NO
UK_CSV0000000000002183__16.csv,UK_CSV0000000000002183__4.csv,iPlayerSD24hr,iPlayerSD24hr,4,NO
UK_CSV0000000000002183__1.csv,UK_CSV0000000000002183__4.csv,DNS Failure peak,DNS Failure peak,4,NO
UK_CSV0000000000002183__16.csv,UK_CSV0000000000002183__4.csv,DNS Failure peak,DNS Failure peak,4,NO
UK_CSV0000000000002183__1.csv,UK_CSV0000000000002183__4.csv,iPlayerSDPeak,iPlayerSDPeak,4,NO
UK_CSV0000000000002183__4.csv,UK_CSV0000000000002183__9.csv,iPlayerSDPeak,iPlayerSDPeak,4,NO
UK_CSV0000000000002183__1.csv,UK_CSV0000000000002183__4.csv,Download - 19-20pm,Download - 19-20pm,4,NO
UK_CSV0000000000002183__4.csv,UK_CSV0000000000002183__9.csv,Download - 19-20pm,Download - 19-20pm,4,NO
UK_CSV0000000000002183__4.csv,UK_CSV0000000000002183__8.csv,Download - 19-20pm,Download - 19-20pm,4,NO
UK_CSV0000000000002183__1.csv,UK_CSV0000000000002183__4.csv,Technology,Technology,4,YES
UK_CSV0000000000002183__1.csv,UK_CSV0000000000002183__4.csv,iPlayerUHD24hr,iPlayerUHD24hr,4,NO
UK_CSV0000000000002183__4.csv,UK_CSV0000000000002183__9.csv,iPlayerUHD24hr,iPlayerUHD24hr,4,NO
UK_CSV0000000000002183__4.csv,UK_CSV0000000000002183__8.csv,iPlayerUHD24hr,iPlayerUHD24hr,4,NO
UK_CSV0000000000002183__1.csv,UK_CSV0000000000002183__4.csv,Latency - 24h,Latency - 24h,4,NO
UK_CSV0000000000002183__16.csv,UK_CSV0000000000002183__4.csv,Latency - 24h,Latency - 24h,4,NO
UK_CSV0000000000002183__1.csv,UK_CSV0000000000002183__4.csv,Web loading - 24h,Web loading - 24h,4,NO
UK_CSV0000000000002183__1.csv,UK_CSV0000000000002183__4.csv,NetflixSD24hr,NetflixSD24hr,4,NO
UK_CSV0000000000002183__1.csv,UK_CSV0000000000002183__4.csv,NetflixHDPeak,NetflixHDPeak,4,NO
UK_CSV0000000000002183__1.csv,UK_CSV0000000000002183__4.csv,YouTubeUHD24hr,YouTubeUHD24hr,4,NO
CAN_CSV0000000000001787__7.csv,CAN_CSV0000000000001797__5.csv,RentLocation,RentLocation,4,YES
CAN_CSV0000000000001724__45.csv,CAN_CSV0000000000001787__7.csv,RentLocation,RentLocation,4,YES
CAN_CSV0000000000001787__7.csv,CAN_CSV0000000000001797__43.csv,RentLocation,RentLocation,4,YES
USA_CSV0000000000034882__25.csv,USA_CSV0000000000034882__26.csv,STD_VOLUME_GROUP,STD_VOLUME_GROUP,4,NO
USA_CSV0000000000034882__25.csv,USA_CSV0000000000037101__3.csv,STD_VOLUME_GROUP,STD_VOLUME_GROUP,4,NO
USA_CSV0000000000034882__14.csv,USA_CSV0000000000034882__25.csv,STD_VOLUME_GROUP,STD_VOLUME_GROUP,4,NO
USA_CSV0000000000034882__25.csv,USA_CSV0000000000034882__26.csv,LANE_WIDTH,LANE_WIDTH,4,NO
USA_CSV0000000000033847__17.csv,USA_CSV0000000000034882__25.csv,LANE_WIDTH,LANE_WIDTH,4,NO
USA_CSV0000000000034882__25.csv,USA_CSV0000000000034882__26.csv,TYPE_FACILITY,TYPE_FACILITY,4,YES
USA_CSV0000000000034882__25.csv,USA_CSV0000000000037101__16.csv,TYPE_FACILITY,TYPE_FACILITY,4,YES
USA_CSV0000000000034882__25.csv,USA_CSV0000000000037101__3.csv,ACCESS_CONTROL,ACCESS_CONTROL,4,YES
USA_CSV0000000000034882__25.csv,USA_CSV0000000000034882__26.csv,ACCESS_CONTROL,ACCESS_CONTROL,4,YES
USA_CSV0000000000034882__14.csv,USA_CSV0000000000034882__25.csv,ACCESS_CONTROL,ACCESS_CONTROL,4,YES
USA_CSV0000000000034882__25.csv,USA_CSV0000000000034882__26.csv,DIR_FACTOR,DIR_FACTOR,4,NO
USA_CSV0000000000034882__25.csv,USA_CSV0000000000037101__16.csv,DIR_FACTOR,DIR_FACTOR,4,NO
USA_CSV0000000000034882__22.csv,USA_CSV0000000000034882__25.csv,DIR_FACTOR,DIR_FACTOR,4,NO
USA_CSV0000000000034882__25.csv,USA_CSV0000000000034882__26.csv,DESIGN_SPEED,DESIGN_SPEED,4,NO
USA_CSV0000000000034882__22.csv,USA_CSV0000000000034882__25.csv,DESIGN_SPEED,DESIGN_SPEED,4,NO
USA_CSV0000000000034882__25.csv,USA_CSV0000000000037101__3.csv,IS_GROUPED,IS_GROUPED,4,NO
USA_CSV0000000000034882__25.csv,USA_CSV0000000000034882__26.csv,IS_GROUPED,IS_GROUPED,4,NO
USA_CSV0000000000034882__14.csv,USA_CSV0000000000034882__25.csv,IS_GROUPED,IS_GROUPED,4,NO
USA_CSV0000000000034882__25.csv,USA_CSV0000000000034882__26.csv,PERC_GREEN,PERC_GREEN,4,NO
USA_CSV0000000000034882__25.csv,USA_CSV0000000000037101__3.csv,PERC_GREEN,PERC_GREEN,4,NO
USA_CSV0000000000034882__25.csv,USA_CSV0000000000034882__26.csv,MEDIAN_WIDTH,MEDIAN_WIDTH,4,NO
USA_CSV0000000000034882__25.csv,USA_CSV0000000000037101__27.csv,MEDIAN_WIDTH,MEDIAN_WIDTH,4,NO
USA_CSV0000000000034882__25.csv,USA_CSV0000000000034882__29.csv,MEDIAN_WIDTH,MEDIAN_WIDTH,4,NO
USA_CSV0000000000034882__25.csv,USA_CSV0000000000034882__26.csv,INTER_ROUTE_NUMBER,INTER_ROUTE_NUMBER,4,YES
USA_CSV0000000000034882__25.csv,USA_CSV0000000000034882__26.csv,THROUGH_LANES,THROUGH_LANES,4,YES
USA_CSV0000000000034882__25.csv,USA_CSV0000000000034882__26.csv,PAVEMENT_TYPE,PAVEMENT_TYPE,4,YES
USA_CSV0000000000034882__14.csv,USA_CSV0000000000034882__25.csv,PAVEMENT_TYPE,PAVEMENT_TYPE,4,YES
USA_CSV0000000000034882__25.csv,USA_CSV0000000000034882__26.csv,AVG_COMBINATION,AVG_COMBINATION,4,NO
USA_CSV0000000000034882__25.csv,USA_CSV0000000000037101__20.csv,AVG_COMBINATION,AVG_COMBINATION,4,NO
USA_CSV0000000000034882__25.csv,USA_CSV0000000000037101__3.csv,AVG_COMBINATION,AVG_COMBINATION,4,NO
USA_CSV0000000000034882__22.csv,USA_CSV0000000000034882__25.csv,AVG_COMBINATION,AVG_COMBINATION,4,NO
USA_CSV0000000000034882__25.csv,USA_CSV0000000000034882__9.csv,AVG_COMBINATION,AVG_COMBINATION,4,NO
USA_CSV0000000000034882__25.csv,USA_CSV0000000000034882__26.csv,UNBUILT_FACILITY,UNBUILT_FACILITY,4,NO
UK_CSV0000000000005621__13.csv,UK_CSV0000000000005621__8.csv,Variable Type,Variable Type,4,YES
SG_CSV0000000000000030__8.csv,SG_CSV0000000000000048__5.csv,secondary_ssic_code,secondary_ssic_code,4,YES
CAN_CSV0000000000001780__1.csv,CAN_CSV0000000000001780__12.csv,4B18P Cedar-Kiteen,4B18P Cedar-Kiteen,4,NO
CAN_CSV0000000000001780__12.csv,CAN_CSV0000000000001780__4.csv,4B18P Cedar-Kiteen,4B18P Cedar-Kiteen,4,NO
CAN_CSV0000000000001780__1.csv,CAN_CSV0000000000001780__12.csv,2A21P Molson Creek,2A21P Molson Creek,4,NO
CAN_CSV0000000000001780__12.csv,CAN_CSV0000000000001780__4.csv,2A21P Molson Creek,2A21P Molson Creek,4,NO
CAN_CSV0000000000001780__12.csv,CAN_CSV0000000000001780__17.csv,2F18P Brenda Mine,2F18P Brenda Mine,4,NO
CAN_CSV0000000000001780__1.csv,CAN_CSV0000000000001780__12.csv,2E07P Grano Creek,2E07P Grano Creek,4,NO
CAN_CSV0000000000001780__12.csv,CAN_CSV0000000000001780__4.csv,2E07P Grano Creek,2E07P Grano Creek,4,NO
CAN_CSV0000000000001759__14.csv,CAN_CSV0000000000001780__12.csv,2E07P Grano Creek,2E07P Grano Creek,4,NO
UK_CSV0000000000002064__4.csv,UK_CSV0000000000002064__8.csv,trading_name,trading_name,4,YES
CAN_CSV0000000000001337__0.csv,CAN_CSV0000000000001337__3.csv,DAYORNIGHT,DAYORNIGHT,4,NO
CAN_CSV0000000000001337__0.csv,CAN_CSV0000000000001337__4.csv,DAYORNIGHT,DAYORNIGHT,4,NO
CAN_CSV0000000000001337__0.csv,CAN_CSV0000000000001337__3.csv,OCCURRENCETIME,OCCURRENCETIME,4,YES
CAN_CSV0000000000001337__0.csv,CAN_CSV0000000000001337__4.csv,OCCURRENCETIME,OCCURRENCETIME,4,YES
USA_CSV0000000000033847__5.csv,USA_CSV0000000000034882__31.csv,PERC_COMBINATION,PERC_COMBINATION,4,NO
USA_CSV0000000000034882__14.csv,USA_CSV0000000000034882__31.csv,PERC_COMBINATION,PERC_COMBINATION,4,NO
USA_CSV0000000000034882__22.csv,USA_CSV0000000000034882__31.csv,PERC_COMBINATION,PERC_COMBINATION,4,NO
USA_CSV0000000000034882__31.csv,USA_CSV0000000000037101__3.csv,CLIMATE_ZONE,CLIMATE_ZONE,4,YES
USA_CSV0000000000034882__31.csv,USA_CSV0000000000034882__9.csv,CLIMATE_ZONE,CLIMATE_ZONE,4,YES
USA_CSV0000000000033847__5.csv,USA_CSV0000000000034882__31.csv,PERC_SIGHT,PERC_SIGHT,4,NO
USA_CSV0000000000034882__31.csv,USA_CSV0000000000037101__20.csv,PERC_SIGHT,PERC_SIGHT,4,NO
USA_CSV0000000000033847__4.csv,USA_CSV0000000000034882__31.csv,PERC_SIGHT,PERC_SIGHT,4,NO
USA_CSV0000000000033847__5.csv,USA_CSV0000000000037101__18.csv,DONUT_EXP_FACTOR,DONUT_EXP_FACTOR,4,NO
USA_CSV0000000000037101__18.csv,USA_CSV0000000000037101__3.csv,DONUT_EXP_FACTOR,DONUT_EXP_FACTOR,4,NO
USA_CSV0000000000033847__5.csv,USA_CSV0000000000037101__18.csv,ROUTE_NUMBER,ROUTE_NUMBER,4,YES
USA_CSV0000000000037101__18.csv,USA_CSV0000000000037101__3.csv,ROUTE_NUMBER,ROUTE_NUMBER,4,YES
USA_CSV0000000000033847__4.csv,USA_CSV0000000000037101__18.csv,ROUTE_NUMBER,ROUTE_NUMBER,4,YES
USA_CSV0000000000034882__26.csv,USA_CSV0000000000037101__18.csv,AVG_COMBINATION,AVG_COMBINATION,4,NO
USA_CSV0000000000037101__18.csv,USA_CSV0000000000037101__3.csv,AVG_COMBINATION,AVG_COMBINATION,4,NO
USA_CSV0000000000034882__22.csv,USA_CSV0000000000037101__18.csv,AVG_COMBINATION,AVG_COMBINATION,4,NO
USA_CSV0000000000033847__5.csv,USA_CSV0000000000037101__18.csv,TURN_LANES_L,TURN_LANES_L,4,NO
USA_CSV0000000000034882__26.csv,USA_CSV0000000000037101__18.csv,TURN_LANES_L,TURN_LANES_L,4,NO
USA_CSV0000000000037101__18.csv,USA_CSV0000000000037101__3.csv,TURN_LANES_L,TURN_LANES_L,4,NO
USA_CSV0000000000033847__4.csv,USA_CSV0000000000037101__18.csv,TURN_LANES_L,TURN_LANES_L,4,NO
USA_CSV0000000000037101__18.csv,USA_CSV0000000000037101__3.csv,PEAK_LANES,PEAK_LANES,4,NO
USA_CSV0000000000034882__14.csv,USA_CSV0000000000037101__18.csv,PEAK_LANES,PEAK_LANES,4,NO
USA_CSV0000000000037101__18.csv,USA_CSV0000000000037101__3.csv,YEAR_SURF_IMPROV,YEAR_SURF_IMPROV,4,YES
USA_CSV0000000000037101__16.csv,USA_CSV0000000000037101__18.csv,YEAR_SURF_IMPROV,YEAR_SURF_IMPROV,4,YES
USA_CSV0000000000037101__18.csv,USA_CSV0000000000037101__3.csv,COUNTY_CODE,COUNTY_CODE,4,YES
USA_CSV0000000000037101__18.csv,USA_CSV0000000000037101__3.csv,TRUCK_ROUTE,TRUCK_ROUTE,4,NO
USA_CSV0000000000034882__14.csv,USA_CSV0000000000037101__18.csv,TRUCK_ROUTE,TRUCK_ROUTE,4,NO
USA_CSV0000000000033847__5.csv,USA_CSV0000000000037101__18.csv,PERC_SIGHT,PERC_SIGHT,4,NO
USA_CSV0000000000033847__4.csv,USA_CSV0000000000037101__18.csv,PERC_SIGHT,PERC_SIGHT,4,NO
USA_CSV0000000000037101__18.csv,USA_CSV0000000000037101__3.csv,FUT_AADT_YEAR,FUT_AADT_YEAR,4,YES
USA_CSV0000000000037101__16.csv,USA_CSV0000000000037101__18.csv,FUT_AADT_YEAR,FUT_AADT_YEAR,4,YES
SG_CSV0000000000000925__6.csv,SG_CSV0000000000001714__14.csv,respondent_id,respondent_id,4,YES
SG_CSV0000000000000925__0.csv,SG_CSV0000000000001714__14.csv,respondent_id,respondent_id,4,YES
SG_CSV0000000000000925__3.csv,SG_CSV0000000000001714__14.csv,respondent_id,respondent_id,4,YES
SG_CSV0000000000000925__4.csv,SG_CSV0000000000001714__14.csv,respondent_id,respondent_id,4,YES
SG_CSV0000000000001714__14.csv,SG_CSV0000000000001714__17.csv,respondent_id,respondent_id,4,YES
SG_CSV0000000000001714__14.csv,SG_CSV0000000000001714__17.csv,ban_children3,ban_children3,4,YES
SG_CSV0000000000000925__10.csv,SG_CSV0000000000001714__14.csv,ban_children3,ban_children3,4,YES
SG_CSV0000000000000925__6.csv,SG_CSV0000000000001714__14.csv,highestlevel,highestlevel,4,YES
SG_CSV0000000000000925__0.csv,SG_CSV0000000000001714__14.csv,highestlevel,highestlevel,4,YES
SG_CSV0000000000000925__3.csv,SG_CSV0000000000001714__14.csv,highestlevel,highestlevel,4,YES
SG_CSV0000000000000925__4.csv,SG_CSV0000000000001714__14.csv,highestlevel,highestlevel,4,YES
CAN_CSV0000000000001470__14.csv,CAN_CSV0000000000001470__8.csv,Année / Year,Année / Year,4,YES
CAN_CSV0000000000001470__3.csv,CAN_CSV0000000000001470__8.csv,Année / Year,Année / Year,4,YES
CAN_CSV0000000000001470__0.csv,CAN_CSV0000000000001470__8.csv,Année / Year,Année / Year,4,YES
USA_CSV0000000000035902__16.csv,USA_CSV0000000000035902__38.csv,TYPE OF SUBGRADE,TYPE OF SUBGRADE,4,YES
USA_CSV0000000000035902__20.csv,USA_CSV0000000000035902__38.csv,TYPE OF SUBGRADE,TYPE OF SUBGRADE,4,YES
USA_CSV0000000000035902__15.csv,USA_CSV0000000000035902__38.csv,TYPE OF SUBGRADE,TYPE OF SUBGRADE,4,YES
USA_CSV0000000000035902__17.csv,USA_CSV0000000000035902__38.csv,TYPE OF SUBGRADE,TYPE OF SUBGRADE,4,YES
USA_CSV0000000000035902__18.csv,USA_CSV0000000000035902__38.csv,TYPE OF SUBGRADE,TYPE OF SUBGRADE,4,YES
UK_CSV0000000000005621__13.csv,UK_CSV0000000000005621__8.csv,Variable Type,Variable Type,4,YES
UK_CSV0000000000005621__10.csv,UK_CSV0000000000005621__13.csv,Variable Type,Variable Type,4,YES
CAN_CSV0000000000027353__23.csv,CAN_CSV0000000000027354__0.csv,AIR_TEMP_12HRS_AGO,AIR_TEMP_12HRS_AGO,4,NO
CAN_CSV0000000000027353__23.csv,CAN_CSV0000000000027354__2.csv,AIR_TEMP_12HRS_AGO,AIR_TEMP_12HRS_AGO,4,NO
CAN_CSV0000000000027349__23.csv,CAN_CSV0000000000027353__23.csv,PCPN_AMT_PST1MT,PCPN_AMT_PST1MT,4,NO
CAN_CSV0000000000001487__25.csv,CAN_CSV0000000000027353__23.csv,ALTMETR_SETNG,ALTMETR_SETNG,4,NO
CAN_CSV0000000000001487__28.csv,CAN_CSV0000000000027353__23.csv,ALTMETR_SETNG,ALTMETR_SETNG,4,NO
CAN_CSV0000000000001487__35.csv,CAN_CSV0000000000001487__9.csv,ICAO_STN_ID,ICAO_STN_ID,4,YES
CAN_CSV0000000000001487__35.csv,CAN_CSV0000000000027353__2.csv,ICAO_STN_ID,ICAO_STN_ID,4,YES
CAN_CSV0000000000001487__34.csv,CAN_CSV0000000000001487__35.csv,ICAO_STN_ID,ICAO_STN_ID,4,YES
CAN_CSV0000000000001487__35.csv,CAN_CSV0000000000001487__8.csv,ICAO_STN_ID,ICAO_STN_ID,4,YES
CAN_CSV0000000000001487__35.csv,CAN_CSV0000000000027349__23.csv,AVG_REL_HUM_PST1MT,AVG_REL_HUM_PST1MT,4,NO
CAN_CSV0000000000001487__35.csv,CAN_CSV0000000000001487__9.csv,AVG_REL_HUM_PST1MT,AVG_REL_HUM_PST1MT,4,NO
CAN_CSV0000000000001487__35.csv,CAN_CSV0000000000027349__20.csv,AVG_REL_HUM_PST1MT,AVG_REL_HUM_PST1MT,4,NO
CAN_CSV0000000000001487__25.csv,CAN_CSV0000000000001487__35.csv,AVG_REL_HUM_PST1MT,AVG_REL_HUM_PST1MT,4,NO
CAN_CSV0000000000001487__35.csv,CAN_CSV0000000000027349__23.csv,AVG_MSLP_PST1MT,AVG_MSLP_PST1MT,4,NO
CAN_CSV0000000000001487__35.csv,CAN_CSV0000000000001487__9.csv,AVG_MSLP_PST1MT,AVG_MSLP_PST1MT,4,NO
CAN_CSV0000000000001487__35.csv,CAN_CSV0000000000027349__20.csv,AVG_MSLP_PST1MT,AVG_MSLP_PST1MT,4,NO
CAN_CSV0000000000001487__35.csv,CAN_CSV0000000000027349__21.csv,AVG_MSLP_PST1MT,AVG_MSLP_PST1MT,4,NO
CAN_CSV0000000000001487__34.csv,CAN_CSV0000000000001487__35.csv,AVG_MSLP_PST1MT,AVG_MSLP_PST1MT,4,NO
CAN_CSV0000000000001487__35.csv,CAN_CSV0000000000027353__17.csv,AVG_MSLP_PST1MT,AVG_MSLP_PST1MT,4,NO
CAN_CSV0000000000001487__35.csv,CAN_CSV0000000000001487__8.csv,AVG_MSLP_PST1MT,AVG_MSLP_PST1MT,4,NO
CAN_CSV0000000000001487__35.csv,CAN_CSV0000000000001487__9.csv,CLD_AMT_CODE_1,CLD_AMT_CODE_1,4,YES
CAN_CSV0000000000001487__35.csv,CAN_CSV0000000000027353__2.csv,CLD_AMT_CODE_1,CLD_AMT_CODE_1,4,YES
CAN_CSV0000000000001487__35.csv,CAN_CSV0000000000027355__11.csv,CLD_AMT_CODE_1,CLD_AMT_CODE_1,4,YES
CAN_CSV0000000000001487__34.csv,CAN_CSV0000000000001487__35.csv,CLD_AMT_CODE_1,CLD_AMT_CODE_1,4,YES
CAN_CSV0000000000001487__35.csv,CAN_CSV0000000000027349__23.csv,DNSTY_ALTD,DNSTY_ALTD,4,NO
CAN_CSV0000000000001487__35.csv,CAN_CSV0000000000027349__20.csv,DNSTY_ALTD,DNSTY_ALTD,4,NO
CAN_CSV0000000000001487__25.csv,CAN_CSV0000000000001487__35.csv,DNSTY_ALTD,DNSTY_ALTD,4,NO
CAN_CSV0000000000001487__35.csv,CAN_CSV0000000000027349__21.csv,DNSTY_ALTD,DNSTY_ALTD,4,NO
CAN_CSV0000000000001487__28.csv,CAN_CSV0000000000001487__35.csv,DNSTY_ALTD,DNSTY_ALTD,4,NO
CAN_CSV0000000000001487__34.csv,CAN_CSV0000000000001487__35.csv,DNSTY_ALTD,DNSTY_ALTD,4,NO
CAN_CSV0000000000001487__26.csv,CAN_CSV0000000000001487__35.csv,DNSTY_ALTD,DNSTY_ALTD,4,NO
CAN_CSV0000000000002115__26.csv,CAN_CSV0000000000002115__35.csv,Year Année,Year Année,4,YES
CAN_CSV0000000000027405__0.csv,CAN_CSV0000000000027405__5.csv,Past Weather,Past Weather,4,YES
USA_CSV0000000000033847__5.csv,USA_CSV0000000000037101__25.csv,VERT_ALIGN,VERT_ALIGN,4,YES
USA_CSV0000000000034882__26.csv,USA_CSV0000000000037101__25.csv,LANE_WIDTH,LANE_WIDTH,4,NO
USA_CSV0000000000037101__25.csv,USA_CSV0000000000037101__3.csv,SECTION_ID,SECTION_ID,4,YES
USA_CSV0000000000034882__14.csv,USA_CSV0000000000037101__25.csv,SECTION_ID,SECTION_ID,4,YES
USA_CSV0000000000034882__22.csv,USA_CSV0000000000037101__25.csv,STATE_CODE,STATE_CODE,4,YES
USA_CSV0000000000037101__25.csv,USA_CSV0000000000037101__27.csv,STATE_CODE,STATE_CODE,4,YES
USA_CSV0000000000037101__25.csv,USA_CSV0000000000037101__3.csv,TURN_LANES_R,TURN_LANES_R,4,NO
USA_CSV0000000000037101__25.csv,USA_CSV0000000000037101__3.csv,NONATT_CODE,NONATT_CODE,4,YES
USA_CSV0000000000034882__14.csv,USA_CSV0000000000037101__25.csv,AVG_SINGLE_UNIT,AVG_SINGLE_UNIT,4,NO
USA_CSV0000000000034882__12.csv,USA_CSV0000000000037101__25.csv,AVG_SINGLE_UNIT,AVG_SINGLE_UNIT,4,NO
USA_CSV0000000000037101__25.csv,USA_CSV0000000000037101__27.csv,AVG_SINGLE_UNIT,AVG_SINGLE_UNIT,4,NO
USA_CSV0000000000034882__13.csv,USA_CSV0000000000037101__25.csv,AVG_SINGLE_UNIT,AVG_SINGLE_UNIT,4,NO
USA_CSV0000000000037101__25.csv,USA_CSV0000000000037101__3.csv,ACCESS_CONTROL,ACCESS_CONTROL,4,YES
USA_CSV0000000000034882__26.csv,USA_CSV0000000000037101__25.csv,ACCESS_CONTROL,ACCESS_CONTROL,4,YES
USA_CSV0000000000034882__14.csv,USA_CSV0000000000037101__25.csv,ACCESS_CONTROL,ACCESS_CONTROL,4,YES
USA_CSV0000000000033847__5.csv,USA_CSV0000000000037101__25.csv,PEAK_CAPACITY,PEAK_CAPACITY,4,NO
USA_CSV0000000000034882__14.csv,USA_CSV0000000000037101__25.csv,PEAK_CAPACITY,PEAK_CAPACITY,4,NO
USA_CSV0000000000033847__4.csv,USA_CSV0000000000037101__25.csv,PEAK_CAPACITY,PEAK_CAPACITY,4,NO
USA_CSV0000000000037101__25.csv,USA_CSV0000000000037101__3.csv,IS_GROUPED,IS_GROUPED,4,NO
USA_CSV0000000000034882__26.csv,USA_CSV0000000000037101__25.csv,IS_GROUPED,IS_GROUPED,4,NO
USA_CSV0000000000034882__14.csv,USA_CSV0000000000037101__25.csv,IS_GROUPED,IS_GROUPED,4,NO
USA_CSV0000000000037101__20.csv,USA_CSV0000000000037101__25.csv,TRUCK_ROUTE,TRUCK_ROUTE,4,NO
USA_CSV0000000000037101__25.csv,USA_CSV0000000000037101__3.csv,TRUCK_ROUTE,TRUCK_ROUTE,4,NO
USA_CSV0000000000034882__14.csv,USA_CSV0000000000037101__25.csv,TRUCK_ROUTE,TRUCK_ROUTE,4,NO
USA_CSV0000000000034882__26.csv,USA_CSV0000000000037101__25.csv,PERC_GREEN,PERC_GREEN,4,NO
USA_CSV0000000000037101__25.csv,USA_CSV0000000000037101__3.csv,PERC_GREEN,PERC_GREEN,4,NO
USA_CSV0000000000034882__26.csv,USA_CSV0000000000037101__25.csv,MEDIAN_WIDTH,MEDIAN_WIDTH,4,NO
USA_CSV0000000000033847__5.csv,USA_CSV0000000000037101__25.csv,SHOULDER_WIDTH_L,SHOULDER_WIDTH_L,4,NO
USA_CSV0000000000037101__25.csv,USA_CSV0000000000037101__3.csv,SHOULDER_WIDTH_L,SHOULDER_WIDTH_L,4,NO
USA_CSV0000000000034882__14.csv,USA_CSV0000000000037101__25.csv,SHOULDER_WIDTH_L,SHOULDER_WIDTH_L,4,NO
USA_CSV0000000000034882__22.csv,USA_CSV0000000000037101__25.csv,SHOULDER_WIDTH_L,SHOULDER_WIDTH_L,4,NO
USA_CSV0000000000033847__4.csv,USA_CSV0000000000037101__25.csv,SHOULDER_WIDTH_L,SHOULDER_WIDTH_L,4,NO
USA_CSV0000000000034882__26.csv,USA_CSV0000000000037101__25.csv,INTER_ROUTE_NUMBER,INTER_ROUTE_NUMBER,4,YES
USA_CSV0000000000033847__5.csv,USA_CSV0000000000037101__25.csv,ROUTE_SIGNING,ROUTE_SIGNING,4,YES
USA_CSV0000000000037101__16.csv,USA_CSV0000000000037101__25.csv,ROUTE_SIGNING,ROUTE_SIGNING,4,YES
USA_CSV0000000000034882__22.csv,USA_CSV0000000000037101__25.csv,ROUTE_SIGNING,ROUTE_SIGNING,4,YES
USA_CSV0000000000033847__4.csv,USA_CSV0000000000037101__25.csv,ROUTE_SIGNING,ROUTE_SIGNING,4,YES
USA_CSV0000000000034882__26.csv,USA_CSV0000000000037101__25.csv,THROUGH_LANES,THROUGH_LANES,4,YES
USA_CSV0000000000037101__20.csv,USA_CSV0000000000037101__25.csv,YEAR_SURF_IMPROV,YEAR_SURF_IMPROV,4,YES
USA_CSV0000000000037101__25.csv,USA_CSV0000000000037101__3.csv,YEAR_SURF_IMPROV,YEAR_SURF_IMPROV,4,YES
USA_CSV0000000000037101__16.csv,USA_CSV0000000000037101__25.csv,YEAR_SURF_IMPROV,YEAR_SURF_IMPROV,4,YES
USA_CSV0000000000033847__5.csv,USA_CSV0000000000037101__25.csv,DONUT_EXP_FACTOR,DONUT_EXP_FACTOR,4,NO
USA_CSV0000000000037101__20.csv,USA_CSV0000000000037101__25.csv,DONUT_EXP_FACTOR,DONUT_EXP_FACTOR,4,NO
USA_CSV0000000000037101__25.csv,USA_CSV0000000000037101__3.csv,DONUT_EXP_FACTOR,DONUT_EXP_FACTOR,4,NO
USA_CSV0000000000037101__25.csv,USA_CSV0000000000037101__3.csv,MEDIAN_TYPE,MEDIAN_TYPE,4,YES
USA_CSV0000000000034882__14.csv,USA_CSV0000000000037101__25.csv,MEDIAN_TYPE,MEDIAN_TYPE,4,YES
USA_CSV0000000000034882__26.csv,USA_CSV0000000000037101__25.csv,AVG_COMBINATION,AVG_COMBINATION,4,NO
USA_CSV0000000000037101__20.csv,USA_CSV0000000000037101__25.csv,AVG_COMBINATION,AVG_COMBINATION,4,NO
USA_CSV0000000000037101__25.csv,USA_CSV0000000000037101__3.csv,AVG_COMBINATION,AVG_COMBINATION,4,NO
USA_CSV0000000000034882__22.csv,USA_CSV0000000000037101__25.csv,AVG_COMBINATION,AVG_COMBINATION,4,NO
USA_CSV0000000000034882__14.csv,USA_CSV0000000000037101__25.csv,PEAK_PARKING,PEAK_PARKING,4,NO
USA_CSV0000000000034882__26.csv,USA_CSV0000000000037101__25.csv,UNBUILT_FACILITY,UNBUILT_FACILITY,4,NO
USA_CSV0000000000035897__25.csv,USA_CSV0000000000035897__26.csv,LANE_CLOSED,LANE_CLOSED,4,NO
USA_CSV0000000000035897__25.csv,USA_CSV0000000000035897__26.csv,MODERATE_INJURY,MODERATE_INJURY,4,NO
USA_CSV0000000000035897__25.csv,USA_CSV0000000000035897__26.csv,SCHOOL_ZONE,SCHOOL_ZONE,4,NO
USA_CSV0000000000035897__26.csv,USA_CSV0000000000035897__8.csv,MAJ_INJ_COUNT,MAJ_INJ_COUNT,4,NO
USA_CSV0000000000035897__26.csv,USA_CSV0000000000035897__4.csv,MAJ_INJ_COUNT,MAJ_INJ_COUNT,4,NO
USA_CSV0000000000035897__25.csv,USA_CSV0000000000035897__26.csv,MAJ_INJ_COUNT,MAJ_INJ_COUNT,4,NO
USA_CSV0000000000035897__26.csv,USA_CSV0000000000035897__8.csv,MOTORCYCLE_COUNT,MOTORCYCLE_COUNT,4,NO
USA_CSV0000000000035897__25.csv,USA_CSV0000000000035897__26.csv,MOTORCYCLE_COUNT,MOTORCYCLE_COUNT,4,NO
USA_CSV0000000000035897__26.csv,USA_CSV0000000000035897__8.csv,DRUGGED_DRIVER,DRUGGED_DRIVER,4,NO
USA_CSV0000000000035897__26.csv,USA_CSV0000000000035897__4.csv,DRUGGED_DRIVER,DRUGGED_DRIVER,4,NO
USA_CSV0000000000035897__25.csv,USA_CSV0000000000035897__26.csv,DRUGGED_DRIVER,DRUGGED_DRIVER,4,NO
USA_CSV0000000000035897__26.csv,USA_CSV0000000000035897__8.csv,STOP_CONTROLLED_INT,STOP_CONTROLLED_INT,4,NO
USA_CSV0000000000035897__25.csv,USA_CSV0000000000035897__26.csv,STOP_CONTROLLED_INT,STOP_CONTROLLED_INT,4,NO
USA_CSV0000000000035897__26.csv,USA_CSV0000000000035897__44.csv,STOP_CONTROLLED_INT,STOP_CONTROLLED_INT,4,NO
USA_CSV0000000000035897__26.csv,USA_CSV0000000000035897__8.csv,DRIVER_COUNT_75PLUS,DRIVER_COUNT_75PLUS,4,NO
USA_CSV0000000000035897__26.csv,USA_CSV0000000000035897__4.csv,DRIVER_COUNT_75PLUS,DRIVER_COUNT_75PLUS,4,NO
USA_CSV0000000000035897__25.csv,USA_CSV0000000000035897__26.csv,DRIVER_COUNT_75PLUS,DRIVER_COUNT_75PLUS,4,NO
USA_CSV0000000000035897__26.csv,USA_CSV0000000000035897__8.csv,VEHICLE_COUNT,VEHICLE_COUNT,4,NO
USA_CSV0000000000035897__25.csv,USA_CSV0000000000035897__26.csv,VEHICLE_COUNT,VEHICLE_COUNT,4,NO
USA_CSV0000000000035897__26.csv,USA_CSV0000000000035897__8.csv,DRINKING_DRIVER,DRINKING_DRIVER,4,NO
USA_CSV0000000000035897__26.csv,USA_CSV0000000000035897__4.csv,DRINKING_DRIVER,DRINKING_DRIVER,4,NO
USA_CSV0000000000035897__26.csv,USA_CSV0000000000035897__4.csv,HIT_BARRIER,HIT_BARRIER,4,NO
USA_CSV0000000000035897__25.csv,USA_CSV0000000000035897__26.csv,SNOW_SLUSH_ROAD,SNOW_SLUSH_ROAD,4,NO
USA_CSV0000000000035897__26.csv,USA_CSV0000000000035897__44.csv,DRIVER_COUNT_17YR,DRIVER_COUNT_17YR,4,NO
USA_CSV0000000000035897__25.csv,USA_CSV0000000000035897__26.csv,DRIVER_COUNT_17YR,DRIVER_COUNT_17YR,4,NO
USA_CSV0000000000035897__25.csv,USA_CSV0000000000035897__26.csv,TIME_OF_DAY,TIME_OF_DAY,4,YES
USA_CSV0000000000035897__26.csv,USA_CSV0000000000035897__4.csv,DRIVER_75PLUS,DRIVER_75PLUS,4,NO
USA_CSV0000000000035897__25.csv,USA_CSV0000000000035897__26.csv,DRIVER_75PLUS,DRIVER_75PLUS,4,NO
USA_CSV0000000000035897__26.csv,USA_CSV0000000000035897__8.csv,RUNNING_STOP_SIGN,RUNNING_STOP_SIGN,4,NO
USA_CSV0000000000035897__25.csv,USA_CSV0000000000035897__26.csv,RUNNING_STOP_SIGN,RUNNING_STOP_SIGN,4,NO
USA_CSV0000000000035897__26.csv,USA_CSV0000000000035897__8.csv,NON_INTERSECTION,NON_INTERSECTION,4,NO
USA_CSV0000000000035897__25.csv,USA_CSV0000000000035897__26.csv,NON_INTERSECTION,NON_INTERSECTION,4,NO
USA_CSV0000000000035897__26.csv,USA_CSV0000000000035897__44.csv,NON_INTERSECTION,NON_INTERSECTION,4,NO
USA_CSV0000000000035897__25.csv,USA_CSV0000000000035897__26.csv,HIT_PARKED_VEHICLE,HIT_PARKED_VEHICLE,4,NO
USA_CSV0000000000035897__26.csv,USA_CSV0000000000035897__44.csv,HIT_PARKED_VEHICLE,HIT_PARKED_VEHICLE,4,NO
USA_CSV0000000000035897__26.csv,USA_CSV0000000000035897__8.csv,MUNICIPALITY,MUNICIPALITY,4,YES
USA_CSV0000000000035897__26.csv,USA_CSV0000000000035897__4.csv,MUNICIPALITY,MUNICIPALITY,4,YES
USA_CSV0000000000035897__25.csv,USA_CSV0000000000035897__26.csv,MOTORCYCLE,MOTORCYCLE,4,NO
USA_CSV0000000000035897__26.csv,USA_CSV0000000000035897__8.csv,PERSON_COUNT,PERSON_COUNT,4,NO
USA_CSV0000000000035897__25.csv,USA_CSV0000000000035897__26.csv,PERSON_COUNT,PERSON_COUNT,4,NO
USA_CSV0000000000035897__26.csv,USA_CSV0000000000035897__8.csv,DRIVER_17YR,DRIVER_17YR,4,NO
USA_CSV0000000000035897__25.csv,USA_CSV0000000000035897__26.csv,DRIVER_17YR,DRIVER_17YR,4,NO
USA_CSV0000000000035897__26.csv,USA_CSV0000000000035897__8.csv,FATAL_OR_MAJ_INJ,FATAL_OR_MAJ_INJ,4,NO
USA_CSV0000000000035897__25.csv,USA_CSV0000000000035897__26.csv,FATAL_OR_MAJ_INJ,FATAL_OR_MAJ_INJ,4,NO
USA_CSV0000000000035897__25.csv,USA_CSV0000000000035897__26.csv,MAX_SEVERITY_LEVEL,MAX_SEVERITY_LEVEL,4,YES
USA_CSV0000000000035897__25.csv,USA_CSV0000000000035897__26.csv,ROADWAY_CRN,ROADWAY_CRN,4,YES
USA_CSV0000000000035897__26.csv,USA_CSV0000000000035897__4.csv,BELTED_DEATH_COUNT,BELTED_DEATH_COUNT,4,NO
USA_CSV0000000000035897__26.csv,USA_CSV0000000000035897__44.csv,URBAN_RURAL,URBAN_RURAL,4,NO
USA_CSV0000000000035897__25.csv,USA_CSV0000000000035897__26.csv,URBAN_RURAL,URBAN_RURAL,4,NO
USA_CSV0000000000035897__26.csv,USA_CSV0000000000035897__8.csv,MCYCLE_DEATH_COUNT,MCYCLE_DEATH_COUNT,4,NO
USA_CSV0000000000035897__26.csv,USA_CSV0000000000035897__4.csv,MCYCLE_DEATH_COUNT,MCYCLE_DEATH_COUNT,4,NO
USA_CSV0000000000035897__26.csv,USA_CSV0000000000035897__4.csv,OVERTURNED,OVERTURNED,4,NO
USA_CSV0000000000035897__25.csv,USA_CSV0000000000035897__26.csv,OVERTURNED,OVERTURNED,4,NO
USA_CSV0000000000035897__26.csv,USA_CSV0000000000035897__4.csv,LIMIT_65MPH,LIMIT_65MPH,4,NO
USA_CSV0000000000035897__25.csv,USA_CSV0000000000035897__26.csv,LIMIT_65MPH,LIMIT_65MPH,4,NO
USA_CSV0000000000035897__25.csv,USA_CSV0000000000035897__26.csv,LANE_COUNT,LANE_COUNT,4,NO
USA_CSV0000000000035897__26.csv,USA_CSV0000000000035897__44.csv,LANE_COUNT,LANE_COUNT,4,NO
USA_CSV0000000000035897__26.csv,USA_CSV0000000000035897__8.csv,FIRE_IN_VEHICLE,FIRE_IN_VEHICLE,4,NO
USA_CSV0000000000035897__25.csv,USA_CSV0000000000035897__26.csv,FIRE_IN_VEHICLE,FIRE_IN_VEHICLE,4,NO
USA_CSV0000000000035897__26.csv,USA_CSV0000000000035897__8.csv,UNK_INJ_PER_COUNT,UNK_INJ_PER_COUNT,4,NO
USA_CSV0000000000035897__25.csv,USA_CSV0000000000035897__26.csv,UNK_INJ_PER_COUNT,UNK_INJ_PER_COUNT,4,NO
USA_CSV0000000000035897__26.csv,USA_CSV0000000000035897__8.csv,FATIGUE_ASLEEP,FATIGUE_ASLEEP,4,NO
USA_CSV0000000000035897__25.csv,USA_CSV0000000000035897__26.csv,DRIVER_20YR,DRIVER_20YR,4,NO
USA_CSV0000000000035897__25.csv,USA_CSV0000000000035897__26.csv,COLLISION_TYPE,COLLISION_TYPE,4,YES
USA_CSV0000000000035897__26.csv,USA_CSV0000000000035897__8.csv,HAZARDOUS_TRUCK,HAZARDOUS_TRUCK,4,NO
USA_CSV0000000000035897__25.csv,USA_CSV0000000000035897__26.csv,HAZARDOUS_TRUCK,HAZARDOUS_TRUCK,4,NO
USA_CSV0000000000035897__26.csv,USA_CSV0000000000035897__8.csv,SV_RUN_OFF_RD,SV_RUN_OFF_RD,4,NO
USA_CSV0000000000035897__25.csv,USA_CSV0000000000035897__26.csv,SV_RUN_OFF_RD,SV_RUN_OFF_RD,4,NO
USA_CSV0000000000035897__26.csv,USA_CSV0000000000035897__8.csv,CRASH_YEAR,CRASH_YEAR,4,YES
USA_CSV0000000000035897__25.csv,USA_CSV0000000000035897__26.csv,CRASH_YEAR,CRASH_YEAR,4,YES
USA_CSV0000000000035897__26.csv,USA_CSV0000000000035897__44.csv,DEER_RELATED,DEER_RELATED,4,NO
USA_CSV0000000000035897__25.csv,USA_CSV0000000000035897__26.csv,DEER_RELATED,DEER_RELATED,4,NO
USA_CSV0000000000035897__25.csv,USA_CSV0000000000035897__26.csv,ROAD_OWNER,ROAD_OWNER,4,YES
USA_CSV0000000000035897__26.csv,USA_CSV0000000000035897__8.csv,TAILGATING,TAILGATING,4,NO
USA_CSV0000000000035897__25.csv,USA_CSV0000000000035897__26.csv,INTERSTATE,INTERSTATE,4,NO
USA_CSV0000000000035897__26.csv,USA_CSV0000000000035897__44.csv,INTERSTATE,INTERSTATE,4,NO
USA_CSV0000000000035897__25.csv,USA_CSV0000000000035897__26.csv,SMALL_TRUCK_COUNT,SMALL_TRUCK_COUNT,4,NO
USA_CSV0000000000035897__26.csv,USA_CSV0000000000035897__4.csv,SMALL_TRUCK_COUNT,SMALL_TRUCK_COUNT,4,NO
USA_CSV0000000000035897__26.csv,USA_CSV0000000000035897__8.csv,INJURY_COUNT,INJURY_COUNT,4,NO
USA_CSV0000000000035897__25.csv,USA_CSV0000000000035897__26.csv,INJURY_COUNT,INJURY_COUNT,4,NO
USA_CSV0000000000035897__25.csv,USA_CSV0000000000035897__26.csv,SPEED_LIMIT,SPEED_LIMIT,4,YES
USA_CSV0000000000035897__26.csv,USA_CSV0000000000035897__4.csv,MAJOR_INJURY,MAJOR_INJURY,4,NO
USA_CSV0000000000035897__26.csv,USA_CSV0000000000035897__8.csv,ROADWAY_COUNTY,ROADWAY_COUNTY,4,NO
USA_CSV0000000000035897__25.csv,USA_CSV0000000000035897__26.csv,ROADWAY_COUNTY,ROADWAY_COUNTY,4,NO
USA_CSV0000000000033847__5.csv,USA_CSV0000000000037101__27.csv,VERT_ALIGN,VERT_ALIGN,4,YES
USA_CSV0000000000034882__26.csv,USA_CSV0000000000037101__27.csv,LANE_WIDTH,LANE_WIDTH,4,NO
USA_CSV0000000000033847__17.csv,USA_CSV0000000000037101__27.csv,LANE_WIDTH,LANE_WIDTH,4,NO
USA_CSV0000000000037101__27.csv,USA_CSV0000000000037101__3.csv,SECTION_ID,SECTION_ID,4,YES
USA_CSV0000000000034882__14.csv,USA_CSV0000000000037101__27.csv,SECTION_ID,SECTION_ID,4,YES
USA_CSV0000000000034882__12.csv,USA_CSV0000000000037101__27.csv,SECTION_ID,SECTION_ID,4,YES
USA_CSV0000000000034882__22.csv,USA_CSV0000000000037101__27.csv,STATE_CODE,STATE_CODE,4,YES
USA_CSV0000000000037101__25.csv,USA_CSV0000000000037101__27.csv,STATE_CODE,STATE_CODE,4,YES
USA_CSV0000000000037101__27.csv,USA_CSV0000000000037101__3.csv,TURN_LANES_R,TURN_LANES_R,4,NO
USA_CSV0000000000034882__22.csv,USA_CSV0000000000037101__27.csv,TURN_LANES_R,TURN_LANES_R,4,NO
USA_CSV0000000000033847__17.csv,USA_CSV0000000000037101__27.csv,TURN_LANES_R,TURN_LANES_R,4,NO
USA_CSV0000000000037101__27.csv,USA_CSV0000000000037101__3.csv,NONATT_CODE,NONATT_CODE,4,YES
USA_CSV0000000000034882__14.csv,USA_CSV0000000000037101__27.csv,AVG_SINGLE_UNIT,AVG_SINGLE_UNIT,4,NO
USA_CSV0000000000034882__12.csv,USA_CSV0000000000037101__27.csv,AVG_SINGLE_UNIT,AVG_SINGLE_UNIT,4,NO
USA_CSV0000000000034882__13.csv,USA_CSV0000000000037101__27.csv,AVG_SINGLE_UNIT,AVG_SINGLE_UNIT,4,NO
USA_CSV0000000000037101__25.csv,USA_CSV0000000000037101__27.csv,AVG_SINGLE_UNIT,AVG_SINGLE_UNIT,4,NO
USA_CSV0000000000037101__27.csv,USA_CSV0000000000037101__3.csv,ACCESS_CONTROL,ACCESS_CONTROL,4,YES
USA_CSV0000000000034882__26.csv,USA_CSV0000000000037101__27.csv,ACCESS_CONTROL,ACCESS_CONTROL,4,YES
USA_CSV0000000000034882__14.csv,USA_CSV0000000000037101__27.csv,ACCESS_CONTROL,ACCESS_CONTROL,4,YES
USA_CSV0000000000033847__5.csv,USA_CSV0000000000037101__27.csv,PEAK_CAPACITY,PEAK_CAPACITY,4,NO
USA_CSV0000000000034882__14.csv,USA_CSV0000000000037101__27.csv,PEAK_CAPACITY,PEAK_CAPACITY,4,NO
USA_CSV0000000000033847__4.csv,USA_CSV0000000000037101__27.csv,PEAK_CAPACITY,PEAK_CAPACITY,4,NO
USA_CSV0000000000034882__12.csv,USA_CSV0000000000037101__27.csv,PEAK_CAPACITY,PEAK_CAPACITY,4,NO
USA_CSV0000000000037101__27.csv,USA_CSV0000000000037101__3.csv,IS_GROUPED,IS_GROUPED,4,NO
USA_CSV0000000000034882__26.csv,USA_CSV0000000000037101__27.csv,IS_GROUPED,IS_GROUPED,4,NO
USA_CSV0000000000037101__20.csv,USA_CSV0000000000037101__27.csv,TRUCK_ROUTE,TRUCK_ROUTE,4,NO
USA_CSV0000000000037101__27.csv,USA_CSV0000000000037101__3.csv,TRUCK_ROUTE,TRUCK_ROUTE,4,NO
USA_CSV0000000000034882__14.csv,USA_CSV0000000000037101__27.csv,TRUCK_ROUTE,TRUCK_ROUTE,4,NO
USA_CSV0000000000034882__12.csv,USA_CSV0000000000037101__27.csv,TRUCK_ROUTE,TRUCK_ROUTE,4,NO
USA_CSV0000000000034882__26.csv,USA_CSV0000000000037101__27.csv,PERC_GREEN,PERC_GREEN,4,NO
USA_CSV0000000000037101__27.csv,USA_CSV0000000000037101__3.csv,PERC_GREEN,PERC_GREEN,4,NO
USA_CSV0000000000034882__25.csv,USA_CSV0000000000037101__27.csv,PERC_GREEN,PERC_GREEN,4,NO
USA_CSV0000000000034882__29.csv,USA_CSV0000000000037101__27.csv,PERC_GREEN,PERC_GREEN,4,NO
USA_CSV0000000000034882__26.csv,USA_CSV0000000000037101__27.csv,MEDIAN_WIDTH,MEDIAN_WIDTH,4,NO
USA_CSV0000000000034882__25.csv,USA_CSV0000000000037101__27.csv,MEDIAN_WIDTH,MEDIAN_WIDTH,4,NO
USA_CSV0000000000033847__5.csv,USA_CSV0000000000037101__27.csv,SHOULDER_WIDTH_L,SHOULDER_WIDTH_L,4,NO
USA_CSV0000000000037101__27.csv,USA_CSV0000000000037101__3.csv,SHOULDER_WIDTH_L,SHOULDER_WIDTH_L,4,NO
USA_CSV0000000000034882__14.csv,USA_CSV0000000000037101__27.csv,SHOULDER_WIDTH_L,SHOULDER_WIDTH_L,4,NO
USA_CSV0000000000034882__22.csv,USA_CSV0000000000037101__27.csv,SHOULDER_WIDTH_L,SHOULDER_WIDTH_L,4,NO
USA_CSV0000000000033847__4.csv,USA_CSV0000000000037101__27.csv,SHOULDER_WIDTH_L,SHOULDER_WIDTH_L,4,NO
USA_CSV0000000000034882__26.csv,USA_CSV0000000000037101__27.csv,INTER_ROUTE_NUMBER,INTER_ROUTE_NUMBER,4,YES
USA_CSV0000000000033847__17.csv,USA_CSV0000000000037101__27.csv,INTER_ROUTE_NUMBER,INTER_ROUTE_NUMBER,4,YES
USA_CSV0000000000033847__5.csv,USA_CSV0000000000037101__27.csv,ROUTE_SIGNING,ROUTE_SIGNING,4,YES
USA_CSV0000000000037101__16.csv,USA_CSV0000000000037101__27.csv,ROUTE_SIGNING,ROUTE_SIGNING,4,YES
USA_CSV0000000000034882__22.csv,USA_CSV0000000000037101__27.csv,ROUTE_SIGNING,ROUTE_SIGNING,4,YES
USA_CSV0000000000033847__4.csv,USA_CSV0000000000037101__27.csv,ROUTE_SIGNING,ROUTE_SIGNING,4,YES
USA_CSV0000000000034882__26.csv,USA_CSV0000000000037101__27.csv,THROUGH_LANES,THROUGH_LANES,4,YES
USA_CSV0000000000037101__20.csv,USA_CSV0000000000037101__27.csv,YEAR_SURF_IMPROV,YEAR_SURF_IMPROV,4,YES
USA_CSV0000000000037101__27.csv,USA_CSV0000000000037101__3.csv,YEAR_SURF_IMPROV,YEAR_SURF_IMPROV,4,YES
USA_CSV0000000000033847__5.csv,USA_CSV0000000000037101__27.csv,DONUT_EXP_FACTOR,DONUT_EXP_FACTOR,4,NO
USA_CSV0000000000037101__20.csv,USA_CSV0000000000037101__27.csv,DONUT_EXP_FACTOR,DONUT_EXP_FACTOR,4,NO
USA_CSV0000000000037101__27.csv,USA_CSV0000000000037101__3.csv,DONUT_EXP_FACTOR,DONUT_EXP_FACTOR,4,NO
USA_CSV0000000000037101__27.csv,USA_CSV0000000000037101__3.csv,MEDIAN_TYPE,MEDIAN_TYPE,4,YES
USA_CSV0000000000034882__26.csv,USA_CSV0000000000037101__27.csv,AVG_COMBINATION,AVG_COMBINATION,4,NO
USA_CSV0000000000037101__20.csv,USA_CSV0000000000037101__27.csv,AVG_COMBINATION,AVG_COMBINATION,4,NO
USA_CSV0000000000037101__27.csv,USA_CSV0000000000037101__3.csv,AVG_COMBINATION,AVG_COMBINATION,4,NO
USA_CSV0000000000034882__22.csv,USA_CSV0000000000037101__27.csv,AVG_COMBINATION,AVG_COMBINATION,4,NO
USA_CSV0000000000034882__9.csv,USA_CSV0000000000037101__27.csv,AVG_COMBINATION,AVG_COMBINATION,4,NO
USA_CSV0000000000034882__14.csv,USA_CSV0000000000037101__27.csv,PEAK_PARKING,PEAK_PARKING,4,NO
USA_CSV0000000000034882__26.csv,USA_CSV0000000000037101__27.csv,UNBUILT_FACILITY,UNBUILT_FACILITY,4,NO
USA_CSV0000000000034882__14.csv,USA_CSV0000000000037101__27.csv,UNBUILT_FACILITY,UNBUILT_FACILITY,4,NO
CAN_CSV0000000000001735__1.csv,CAN_CSV0000000000002115__26.csv,Province/Canada,Province/Canada,4,YES
CAN_CSV0000000000001735__1.csv,CAN_CSV0000000000001735__4.csv,Province/Canada,Province/Canada,4,YES
CAN_CSV0000000000001487__5.csv,CAN_CSV0000000000027349__23.csv,DATA_ATTRIB_NOT,DATA_ATTRIB_NOT,4,NO
CAN_CSV0000000000001487__5.csv,CAN_CSV0000000000027349__20.csv,DATA_ATTRIB_NOT,DATA_ATTRIB_NOT,4,NO
CAN_CSV0000000000001487__25.csv,CAN_CSV0000000000001487__5.csv,DATA_ATTRIB_NOT,DATA_ATTRIB_NOT,4,NO
CAN_CSV0000000000001487__5.csv,CAN_CSV0000000000027354__6.csv,DATA_ATTRIB_NOT,DATA_ATTRIB_NOT,4,NO
CAN_CSV0000000000001487__5.csv,CAN_CSV0000000000027349__21.csv,DATA_ATTRIB_NOT,DATA_ATTRIB_NOT,4,NO
CAN_CSV0000000000001487__5.csv,CAN_CSV0000000000027353__2.csv,DATA_ATTRIB_NOT,DATA_ATTRIB_NOT,4,NO
CAN_CSV0000000000001487__25.csv,CAN_CSV0000000000001487__5.csv,CEILOMTR_ELEV,CEILOMTR_ELEV,4,NO
CAN_CSV0000000000001487__5.csv,CAN_CSV0000000000027346__12.csv,CEILOMTR_ELEV,CEILOMTR_ELEV,4,NO
CAN_CSV0000000000001487__5.csv,CAN_CSV0000000000027346__14.csv,CEILOMTR_ELEV,CEILOMTR_ELEV,4,NO
CAN_CSV0000000000001487__28.csv,CAN_CSV0000000000001487__5.csv,CEILOMTR_ELEV,CEILOMTR_ELEV,4,NO
CAN_CSV0000000000001487__35.csv,CAN_CSV0000000000001487__5.csv,PCPN_AMT_PST1MT_QA,PCPN_AMT_PST1MT_QA,4,NO
CAN_CSV0000000000001487__25.csv,CAN_CSV0000000000001487__5.csv,PCPN_AMT_PST1MT_QA,PCPN_AMT_PST1MT_QA,4,NO
CAN_CSV0000000000001487__28.csv,CAN_CSV0000000000001487__5.csv,PCPN_AMT_PST1MT_QA,PCPN_AMT_PST1MT_QA,4,NO
CAN_CSV0000000000001487__34.csv,CAN_CSV0000000000001487__5.csv,PCPN_AMT_PST1MT_QA,PCPN_AMT_PST1MT_QA,4,NO
CAN_CSV0000000000001487__26.csv,CAN_CSV0000000000001487__5.csv,PCPN_AMT_PST1MT_QA,PCPN_AMT_PST1MT_QA,4,NO
CAN_CSV0000000000001487__5.csv,CAN_CSV0000000000001487__9.csv,PCPN_AMT_PST1HR,PCPN_AMT_PST1HR,4,NO
CAN_CSV0000000000001487__25.csv,CAN_CSV0000000000001487__5.csv,PCPN_AMT_PST1HR,PCPN_AMT_PST1HR,4,NO
CAN_CSV0000000000001487__5.csv,CAN_CSV0000000000027346__23.csv,PCPN_AMT_PST1HR,PCPN_AMT_PST1HR,4,NO
CAN_CSV0000000000001487__28.csv,CAN_CSV0000000000001487__5.csv,PCPN_AMT_PST1HR,PCPN_AMT_PST1HR,4,NO
CAN_CSV0000000000001487__5.csv,CAN_CSV0000000000001487__8.csv,PCPN_AMT_PST1HR,PCPN_AMT_PST1HR,4,NO
CAN_CSV0000000000001487__26.csv,CAN_CSV0000000000001487__5.csv,PCPN_AMT_PST1HR,PCPN_AMT_PST1HR,4,NO
CAN_CSV0000000000001724__8.csv,CAN_CSV0000000000001797__36.csv,Province/Canada,Province/Canada,4,YES
CAN_CSV0000000000001787__6.csv,CAN_CSV0000000000001797__36.csv,Province/Canada,Province/Canada,4,YES
CAN_CSV0000000000001787__5.csv,CAN_CSV0000000000001797__36.csv,Province/Canada,Province/Canada,4,YES
CAN_CSV0000000000001787__0.csv,CAN_CSV0000000000001797__36.csv,Province/Canada,Province/Canada,4,YES
UK_CSV0000000000002183__1.csv,UK_CSV0000000000002183__9.csv,Disconnections,Disconnections,4,NO
UK_CSV0000000000002183__4.csv,UK_CSV0000000000002183__9.csv,Disconnections,Disconnections,4,NO
UK_CSV0000000000002183__8.csv,UK_CSV0000000000002183__9.csv,Disconnections,Disconnections,4,NO
UK_CSV0000000000002183__9.csv,UK_CSV0000000000003467__16.csv,Disconnections,Disconnections,4,NO
UK_CSV0000000000002183__1.csv,UK_CSV0000000000002183__9.csv,iPlayerUHD24hr,iPlayerUHD24hr,4,NO
UK_CSV0000000000002183__4.csv,UK_CSV0000000000002183__9.csv,iPlayerUHD24hr,iPlayerUHD24hr,4,NO
UK_CSV0000000000002183__8.csv,UK_CSV0000000000002183__9.csv,iPlayerUHD24hr,iPlayerUHD24hr,4,NO
UK_CSV0000000000002183__1.csv,UK_CSV0000000000002183__9.csv,NetflixFailedPeak,NetflixFailedPeak,4,NO
UK_CSV0000000000002183__4.csv,UK_CSV0000000000002183__9.csv,NetflixFailedPeak,NetflixFailedPeak,4,NO
UK_CSV0000000000002183__1.csv,UK_CSV0000000000002183__9.csv,YouTubeSD24hr,YouTubeSD24hr,4,NO
UK_CSV0000000000002183__4.csv,UK_CSV0000000000002183__9.csv,YouTubeSD24hr,YouTubeSD24hr,4,NO
UK_CSV0000000000002183__8.csv,UK_CSV0000000000002183__9.csv,YouTubeSD24hr,YouTubeSD24hr,4,NO
UK_CSV0000000000002183__1.csv,UK_CSV0000000000002183__9.csv,NetflixHD24hr,NetflixHD24hr,4,4NO
UK_CSV0000000000002183__4.csv,UK_CSV0000000000002183__9.csv,NetflixHD24hr,NetflixHD24hr,4,4NO
UK_CSV0000000000002183__8.csv,UK_CSV0000000000002183__9.csv,NetflixHD24hr,NetflixHD24hr,4,4NO
UK_CSV0000000000002183__1.csv,UK_CSV0000000000002183__9.csv,DNS Rate - peak,DNS Rate - peak,4,NO
UK_CSV0000000000002183__4.csv,UK_CSV0000000000002183__9.csv,DNS Rate - peak,DNS Rate - peak,4,NO
UK_CSV0000000000002183__8.csv,UK_CSV0000000000002183__9.csv,DNS Rate - peak,DNS Rate - peak,4,NO
UK_CSV0000000000002183__1.csv,UK_CSV0000000000002183__9.csv,iPlayerSD24hr,iPlayerSD24hr,4,NO
UK_CSV0000000000002183__4.csv,UK_CSV0000000000002183__9.csv,iPlayerSD24hr,iPlayerSD24hr,4,NO
UK_CSV0000000000002183__1.csv,UK_CSV0000000000002183__9.csv,Download - 19-20pm,Download - 19-20pm,4,NO
UK_CSV0000000000002183__4.csv,UK_CSV0000000000002183__9.csv,Download - 19-20pm,Download - 19-20pm,4,NO
UK_CSV0000000000002183__8.csv,UK_CSV0000000000002183__9.csv,Download - 19-20pm,Download - 19-20pm,4,NO
UK_CSV0000000000002183__1.csv,UK_CSV0000000000002183__9.csv,iPlayerUHDPeak,iPlayerUHDPeak,4,NO
UK_CSV0000000000002183__4.csv,UK_CSV0000000000002183__9.csv,iPlayerUHDPeak,iPlayerUHDPeak,4,NO
UK_CSV0000000000002183__8.csv,UK_CSV0000000000002183__9.csv,iPlayerUHDPeak,iPlayerUHDPeak,4,NO
UK_CSV0000000000002183__1.csv,UK_CSV0000000000002183__9.csv,Technology,Technology,4,YES
UK_CSV0000000000002183__4.csv,UK_CSV0000000000002183__9.csv,Technology,Technology,4,YES
UK_CSV0000000000002183__8.csv,UK_CSV0000000000002183__9.csv,Technology,Technology,4,YES
SG_CSV0000000000000925__10.csv,SG_CSV0000000000001714__17.csv,yearbornin_1_slice,yearbornin_1_slice,4,YES
SG_CSV0000000000000925__6.csv,SG_CSV0000000000001714__17.csv,yearbornin_1_slice,yearbornin_1_slice,4,YES
SG_CSV0000000000000925__0.csv,SG_CSV0000000000001714__17.csv,yearbornin_1_slice,yearbornin_1_slice,4,YES
SG_CSV0000000000000925__4.csv,SG_CSV0000000000001714__17.csv,yearbornin_1_slice,yearbornin_1_slice,4,YES
SG_CSV0000000000001714__17.csv,SG_CSV0000000000001714__6.csv,yearbornin_1_slice,yearbornin_1_slice,4,YES
SG_CSV0000000000000030__8.csv,SG_CSV0000000000000044__6.csv,secondary_ssic_code,secondary_ssic_code,4,YES
SG_CSV0000000000000030__4.csv,SG_CSV0000000000000030__8.csv,address_type,address_type,4,YES
CAN_CSV0000000000001487__8.csv,CAN_CSV0000000000001487__9.csv,AVG_MSLP_PST1MT_QA,AVG_MSLP_PST1MT_QA,4,NO
CAN_CSV0000000000001487__8.csv,CAN_CSV0000000000027349__23.csv,DATA_PAYLOAD_URI,DATA_PAYLOAD_URI,4,YES
CAN_CSV0000000000001487__8.csv,CAN_CSV0000000000001487__9.csv,DATA_PAYLOAD_URI,DATA_PAYLOAD_URI,4,YES
CAN_CSV0000000000001487__8.csv,CAN_CSV0000000000027349__20.csv,DATA_PAYLOAD_URI,DATA_PAYLOAD_URI,4,YES
CAN_CSV0000000000001487__25.csv,CAN_CSV0000000000001487__8.csv,DATA_PAYLOAD_URI,DATA_PAYLOAD_URI,4,YES
CAN_CSV0000000000001487__8.csv,CAN_CSV0000000000027349__21.csv,DATA_PAYLOAD_URI,DATA_PAYLOAD_URI,4,YES
CAN_CSV0000000000001487__8.csv,CAN_CSV0000000000027353__2.csv,DATA_PAYLOAD_URI,DATA_PAYLOAD_URI,4,YES
CAN_CSV0000000000001487__8.csv,CAN_CSV0000000000027355__11.csv,DATA_PAYLOAD_URI,DATA_PAYLOAD_URI,4,YES
CAN_CSV0000000000001487__28.csv,CAN_CSV0000000000001487__8.csv,DATA_PAYLOAD_URI,DATA_PAYLOAD_URI,4,YES
CAN_CSV0000000000001487__8.csv,CAN_CSV0000000000001487__9.csv,PRSNT_WX_1_QA,PRSNT_WX_1_QA,4,NO
CAN_CSV0000000000001487__10.csv,CAN_CSV0000000000001487__8.csv,PRSNT_WX_1_QA,PRSNT_WX_1_QA,4,NO
CAN_CSV0000000000001487__20.csv,CAN_CSV0000000000001487__8.csv,PRSNT_WX_1_QA,PRSNT_WX_1_QA,4,NO
CAN_CSV0000000000001487__8.csv,CAN_CSV0000000000027349__23.csv,PCPN_AMT_PST1MT,PCPN_AMT_PST1MT,4,NO
CAN_CSV0000000000001487__8.csv,CAN_CSV0000000000001487__9.csv,PCPN_AMT_PST1MT,PCPN_AMT_PST1MT,4,NO
CAN_CSV0000000000001487__8.csv,CAN_CSV0000000000027349__20.csv,PCPN_AMT_PST1MT,PCPN_AMT_PST1MT,4,NO
CAN_CSV0000000000001487__8.csv,CAN_CSV0000000000027349__21.csv,PCPN_AMT_PST1MT,PCPN_AMT_PST1MT,4,NO
CAN_CSV0000000000001487__8.csv,CAN_CSV0000000000027355__11.csv,PCPN_AMT_PST1MT,PCPN_AMT_PST1MT,4,NO
CAN_CSV0000000000001487__8.csv,CAN_CSV0000000000001487__9.csv,AVG_AIR_TEMP_PST1MT,AVG_AIR_TEMP_PST1MT,4,NO
CAN_CSV0000000000001487__25.csv,CAN_CSV0000000000001487__8.csv,AVG_AIR_TEMP_PST1MT,AVG_AIR_TEMP_PST1MT,4,NO
CAN_CSV0000000000001487__28.csv,CAN_CSV0000000000001487__8.csv,AVG_AIR_TEMP_PST1MT,AVG_AIR_TEMP_PST1MT,4,NO
CAN_CSV0000000000001487__8.csv,CAN_CSV0000000000001487__9.csv,CLD_BAS_HGT_1,CLD_BAS_HGT_1,4,NO
CAN_CSV0000000000001487__25.csv,CAN_CSV0000000000001487__8.csv,CLD_BAS_HGT_1,CLD_BAS_HGT_1,4,NO
CAN_CSV0000000000001487__28.csv,CAN_CSV0000000000001487__8.csv,CLD_BAS_HGT_1,CLD_BAS_HGT_1,4,NO
CAN_CSV0000000000001487__26.csv,CAN_CSV0000000000001487__8.csv,CLD_BAS_HGT_1,CLD_BAS_HGT_1,4,NO
CAN_CSV0000000000001487__8.csv,CAN_CSV0000000000027355__20.csv,CLD_BAS_HGT_1,CLD_BAS_HGT_1,4,NO
CAN_CSV0000000000001487__35.csv,CAN_CSV0000000000001487__8.csv,CLD_AMT_CODE_1,CLD_AMT_CODE_1,4,YES
CAN_CSV0000000000001487__8.csv,CAN_CSV0000000000001487__9.csv,CLD_AMT_CODE_1,CLD_AMT_CODE_1,4,YES
CAN_CSV0000000000001487__8.csv,CAN_CSV0000000000027353__2.csv,CLD_AMT_CODE_1,CLD_AMT_CODE_1,4,YES
CAN_CSV0000000000001487__8.csv,CAN_CSV0000000000027355__11.csv,CLD_AMT_CODE_1,CLD_AMT_CODE_1,4,YES
CAN_CSV0000000000001487__34.csv,CAN_CSV0000000000001487__8.csv,CLD_AMT_CODE_1,CLD_AMT_CODE_1,4,YES
CAN_CSV0000000000001487__8.csv,CAN_CSV0000000000027355__20.csv,CLD_AMT_CODE_1,CLD_AMT_CODE_1,4,YES
CAN_CSV0000000000001487__8.csv,CAN_CSV0000000000001487__9.csv,AVG_VIS_PST10MTS,AVG_VIS_PST10MTS,4,NO
CAN_CSV0000000000001487__25.csv,CAN_CSV0000000000001487__8.csv,AVG_VIS_PST10MTS,AVG_VIS_PST10MTS,4,NO
CAN_CSV0000000000001487__8.csv,CAN_CSV0000000000027353__2.csv,AVG_VIS_PST10MTS,AVG_VIS_PST10MTS,4,NO
CAN_CSV0000000000001487__28.csv,CAN_CSV0000000000001487__8.csv,AVG_VIS_PST10MTS,AVG_VIS_PST10MTS,4,NO
CAN_CSV0000000000001487__26.csv,CAN_CSV0000000000001487__8.csv,AVG_VIS_PST10MTS,AVG_VIS_PST10MTS,4,NO
CAN_CSV0000000000001487__35.csv,CAN_CSV0000000000001487__8.csv,ICAO_STN_ID,ICAO_STN_ID,4,YES
CAN_CSV0000000000001487__8.csv,CAN_CSV0000000000001487__9.csv,ICAO_STN_ID,ICAO_STN_ID,4,YES
CAN_CSV0000000000001487__8.csv,CAN_CSV0000000000027353__2.csv,ICAO_STN_ID,ICAO_STN_ID,4,YES
CAN_CSV0000000000001487__34.csv,CAN_CSV0000000000001487__8.csv,ICAO_STN_ID,ICAO_STN_ID,4,YES
CAN_CSV0000000000001487__8.csv,CAN_CSV0000000000001487__9.csv,CLD_AMT_CODE_1_QA,CLD_AMT_CODE_1_QA,4,YES
CAN_CSV0000000000001487__6.csv,CAN_CSV0000000000001487__8.csv,CLD_AMT_CODE_1_QA,CLD_AMT_CODE_1_QA,4,YES
CAN_CSV0000000000001487__7.csv,CAN_CSV0000000000001487__8.csv,CLD_AMT_CODE_1_QA,CLD_AMT_CODE_1_QA,4,YES
CAN_CSV0000000000001487__10.csv,CAN_CSV0000000000001487__8.csv,CLD_AMT_CODE_1_QA,CLD_AMT_CODE_1_QA,4,YES
CAN_CSV0000000000001487__8.csv,CAN_CSV0000000000027349__23.csv,AVG_REL_HUM_PST1MT,AVG_REL_HUM_PST1MT,4,NO
CAN_CSV0000000000001487__35.csv,CAN_CSV0000000000001487__8.csv,AVG_REL_HUM_PST1MT,AVG_REL_HUM_PST1MT,4,NO
CAN_CSV0000000000001487__8.csv,CAN_CSV0000000000027349__23.csv,AVG_MSLP_PST1MT,AVG_MSLP_PST1MT,4,NO
CAN_CSV0000000000001487__35.csv,CAN_CSV0000000000001487__8.csv,AVG_MSLP_PST1MT,AVG_MSLP_PST1MT,4,NO
CAN_CSV0000000000001487__8.csv,CAN_CSV0000000000001487__9.csv,AVG_MSLP_PST1MT,AVG_MSLP_PST1MT,4,NO
CAN_CSV0000000000001487__8.csv,CAN_CSV0000000000027349__20.csv,AVG_MSLP_PST1MT,AVG_MSLP_PST1MT,4,NO
CAN_CSV0000000000001487__8.csv,CAN_CSV0000000000027349__21.csv,AVG_MSLP_PST1MT,AVG_MSLP_PST1MT,4,NO
CAN_CSV0000000000001487__34.csv,CAN_CSV0000000000001487__8.csv,AVG_MSLP_PST1MT,AVG_MSLP_PST1MT,4,NO
CAN_CSV0000000000001487__8.csv,CAN_CSV0000000000027353__17.csv,AVG_MSLP_PST1MT,AVG_MSLP_PST1MT,4,NO
CAN_CSV0000000000001487__8.csv,CAN_CSV0000000000001487__9.csv,AVG_VIS_PST1MT_QA,AVG_VIS_PST1MT_QA,4,NO
CAN_CSV0000000000001487__25.csv,CAN_CSV0000000000001487__8.csv,AVG_VIS_PST1MT_QA,AVG_VIS_PST1MT_QA,4,NO
CAN_CSV0000000000001487__8.csv,CAN_CSV0000000000027346__14.csv,AVG_VIS_PST1MT_QA,AVG_VIS_PST1MT_QA,4,NO
CAN_CSV0000000000001487__28.csv,CAN_CSV0000000000001487__8.csv,AVG_VIS_PST1MT_QA,AVG_VIS_PST1MT_QA,4,NO
CAN_CSV0000000000001487__26.csv,CAN_CSV0000000000001487__8.csv,AVG_VIS_PST1MT_QA,AVG_VIS_PST1MT_QA,4,NO
CAN_CSV0000000000001487__10.csv,CAN_CSV0000000000001487__8.csv,AVG_VIS_PST1MT_QA,AVG_VIS_PST1MT_QA,4,NO
CAN_CSV0000000000001487__29.csv,CAN_CSV0000000000001487__8.csv,AVG_VIS_PST1MT_QA,AVG_VIS_PST1MT_QA,4,NO
CAN_CSV0000000000001487__24.csv,CAN_CSV0000000000001487__8.csv,AVG_VIS_PST1MT_QA,AVG_VIS_PST1MT_QA,4,NO
CAN_CSV0000000000001487__6.csv,CAN_CSV0000000000001487__8.csv,AVG_VIS_PST1MT_QA,AVG_VIS_PST1MT_QA,4,NO
CAN_CSV0000000000001487__8.csv,CAN_CSV0000000000001487__9.csv,PCPN_AMT_PST1HR,PCPN_AMT_PST1HR,4,NO
CAN_CSV0000000000001487__25.csv,CAN_CSV0000000000001487__8.csv,PCPN_AMT_PST1HR,PCPN_AMT_PST1HR,4,NO
CAN_CSV0000000000001487__8.csv,CAN_CSV0000000000027346__23.csv,PCPN_AMT_PST1HR,PCPN_AMT_PST1HR,4,NO
USA_CSV0000000000033847__5.csv,USA_CSV0000000000037101__20.csv,DONUT_EXP_FACTOR,DONUT_EXP_FACTOR,4,NO
USA_CSV0000000000037101__20.csv,USA_CSV0000000000037101__3.csv,DONUT_EXP_FACTOR,DONUT_EXP_FACTOR,4,NO
USA_CSV0000000000033847__5.csv,USA_CSV0000000000037101__20.csv,ROUTE_NUMBER,ROUTE_NUMBER,4,YES
USA_CSV0000000000037101__20.csv,USA_CSV0000000000037101__3.csv,ROUTE_NUMBER,ROUTE_NUMBER,4,YES
USA_CSV0000000000033847__4.csv,USA_CSV0000000000037101__20.csv,ROUTE_NUMBER,ROUTE_NUMBER,4,YES
USA_CSV0000000000034882__26.csv,USA_CSV0000000000037101__20.csv,AVG_COMBINATION,AVG_COMBINATION,4,NO
USA_CSV0000000000037101__20.csv,USA_CSV0000000000037101__3.csv,AVG_COMBINATION,AVG_COMBINATION,4,NO
USA_CSV0000000000033847__5.csv,USA_CSV0000000000037101__20.csv,TURN_LANES_L,TURN_LANES_L,4,NO
USA_CSV0000000000034882__26.csv,USA_CSV0000000000037101__20.csv,TURN_LANES_L,TURN_LANES_L,4,NO
USA_CSV0000000000037101__20.csv,USA_CSV0000000000037101__3.csv,TURN_LANES_L,TURN_LANES_L,4,NO
USA_CSV0000000000033847__4.csv,USA_CSV0000000000037101__20.csv,TURN_LANES_L,TURN_LANES_L,4,NO
USA_CSV0000000000037101__20.csv,USA_CSV0000000000037101__3.csv,PEAK_LANES,PEAK_LANES,4,NO
USA_CSV0000000000034882__14.csv,USA_CSV0000000000037101__20.csv,PEAK_LANES,PEAK_LANES,4,NO
USA_CSV0000000000034882__12.csv,USA_CSV0000000000037101__20.csv,PEAK_LANES,PEAK_LANES,4,NO
USA_CSV0000000000037101__20.csv,USA_CSV0000000000037101__3.csv,YEAR_SURF_IMPROV,YEAR_SURF_IMPROV,4,YES
USA_CSV0000000000037101__16.csv,USA_CSV0000000000037101__20.csv,YEAR_SURF_IMPROV,YEAR_SURF_IMPROV,4,YES
USA_CSV0000000000037101__20.csv,USA_CSV0000000000037101__3.csv,COUNTY_CODE,COUNTY_CODE,4,YES
USA_CSV0000000000037101__16.csv,USA_CSV0000000000037101__20.csv,COUNTY_CODE,COUNTY_CODE,4,YES
USA_CSV0000000000037101__20.csv,USA_CSV0000000000037101__3.csv,TRUCK_ROUTE,TRUCK_ROUTE,4,NO
USA_CSV0000000000034882__14.csv,USA_CSV0000000000037101__20.csv,TRUCK_ROUTE,TRUCK_ROUTE,4,NO
USA_CSV0000000000033847__5.csv,USA_CSV0000000000037101__20.csv,PERC_SIGHT,PERC_SIGHT,4,NO
USA_CSV0000000000033847__4.csv,USA_CSV0000000000037101__20.csv,PERC_SIGHT,PERC_SIGHT,4,NO
USA_CSV0000000000037101__20.csv,USA_CSV0000000000037101__3.csv,FUT_AADT_YEAR,FUT_AADT_YEAR,4,YES
USA_CSV0000000000037101__16.csv,USA_CSV0000000000037101__20.csv,FUT_AADT_YEAR,FUT_AADT_YEAR,4,YES
CAN_CSV0000000000001487__25.csv,CAN_CSV0000000000027355__20.csv,CEILOMTR_ELEV,CEILOMTR_ELEV,4,NO
CAN_CSV0000000000027346__12.csv,CAN_CSV0000000000027355__20.csv,CEILOMTR_ELEV,CEILOMTR_ELEV,4,NO
CAN_CSV0000000000027346__14.csv,CAN_CSV0000000000027355__20.csv,CEILOMTR_ELEV,CEILOMTR_ELEV,4,NO
CAN_CSV0000000000027349__23.csv,CAN_CSV0000000000027355__20.csv,PCPN_AMT_PST6HRS,PCPN_AMT_PST6HRS,4,NO
CAN_CSV0000000000027349__20.csv,CAN_CSV0000000000027355__20.csv,PCPN_AMT_PST6HRS,PCPN_AMT_PST6HRS,4,NO
CAN_CSV0000000000027349__21.csv,CAN_CSV0000000000027355__20.csv,PCPN_AMT_PST6HRS,PCPN_AMT_PST6HRS,4,NO
CAN_CSV0000000000001487__9.csv,CAN_CSV0000000000027355__20.csv,CLD_BAS_HGT_1,CLD_BAS_HGT_1,4,NO
CAN_CSV0000000000001487__25.csv,CAN_CSV0000000000027355__20.csv,CLD_BAS_HGT_1,CLD_BAS_HGT_1,4,NO
CAN_CSV0000000000001487__28.csv,CAN_CSV0000000000027355__20.csv,CLD_BAS_HGT_1,CLD_BAS_HGT_1,4,NO
CAN_CSV0000000000001487__8.csv,CAN_CSV0000000000027355__20.csv,CLD_BAS_HGT_1,CLD_BAS_HGT_1,4,NO
CAN_CSV0000000000001487__26.csv,CAN_CSV0000000000027355__20.csv,CLD_BAS_HGT_1,CLD_BAS_HGT_1,4,NO
CAN_CSV0000000000001487__10.csv,CAN_CSV0000000000027355__20.csv,CLD_BAS_HGT_1,CLD_BAS_HGT_1,4,NO
CAN_CSV0000000000027349__23.csv,CAN_CSV0000000000027355__20.csv,DATA_PAYLOAD_URI,DATA_PAYLOAD_URI,4,YES
CAN_CSV0000000000001487__9.csv,CAN_CSV0000000000027355__20.csv,DATA_PAYLOAD_URI,DATA_PAYLOAD_URI,4,YES
CAN_CSV0000000000027349__20.csv,CAN_CSV0000000000027355__20.csv,DATA_PAYLOAD_URI,DATA_PAYLOAD_URI,4,YES
CAN_CSV0000000000001487__25.csv,CAN_CSV0000000000027355__20.csv,DATA_PAYLOAD_URI,DATA_PAYLOAD_URI,4,YES
CAN_CSV0000000000027349__21.csv,CAN_CSV0000000000027355__20.csv,DATA_PAYLOAD_URI,DATA_PAYLOAD_URI,4,YES
CAN_CSV0000000000027353__2.csv,CAN_CSV0000000000027355__20.csv,DATA_PAYLOAD_URI,DATA_PAYLOAD_URI,4,YES
CAN_CSV0000000000027355__11.csv,CAN_CSV0000000000027355__20.csv,DATA_PAYLOAD_URI,DATA_PAYLOAD_URI,4,YES
CAN_CSV0000000000001487__28.csv,CAN_CSV0000000000027355__20.csv,DATA_PAYLOAD_URI,DATA_PAYLOAD_URI,4,YES
CAN_CSV0000000000001487__8.csv,CAN_CSV0000000000027355__20.csv,DATA_PAYLOAD_URI,DATA_PAYLOAD_URI,4,YES
CAN_CSV0000000000001487__35.csv,CAN_CSV0000000000027355__20.csv,CLD_AMT_CODE_1,CLD_AMT_CODE_1,4,YES
CAN_CSV0000000000001487__9.csv,CAN_CSV0000000000027355__20.csv,CLD_AMT_CODE_1,CLD_AMT_CODE_1,4,YES
CAN_CSV0000000000027353__2.csv,CAN_CSV0000000000027355__20.csv,CLD_AMT_CODE_1,CLD_AMT_CODE_1,4,YES
CAN_CSV0000000000027355__11.csv,CAN_CSV0000000000027355__20.csv,CLD_AMT_CODE_1,CLD_AMT_CODE_1,4,YES
CAN_CSV0000000000001487__34.csv,CAN_CSV0000000000027355__20.csv,CLD_AMT_CODE_1,CLD_AMT_CODE_1,4,YES
CAN_CSV0000000000027349__23.csv,CAN_CSV0000000000027355__20.csv,DNSTY_ALTD,DNSTY_ALTD,4,NO
CAN_CSV0000000000001487__35.csv,CAN_CSV0000000000027355__20.csv,DNSTY_ALTD,DNSTY_ALTD,4,NO
CAN_CSV0000000000027349__20.csv,CAN_CSV0000000000027355__20.csv,DNSTY_ALTD,DNSTY_ALTD,4,NO
CAN_CSV0000000000001487__25.csv,CAN_CSV0000000000027355__20.csv,DNSTY_ALTD,DNSTY_ALTD,4,NO
CAN_CSV0000000000027349__21.csv,CAN_CSV0000000000027355__20.csv,DNSTY_ALTD,DNSTY_ALTD,4,NO
CAN_CSV0000000000001487__28.csv,CAN_CSV0000000000027355__20.csv,DNSTY_ALTD,DNSTY_ALTD,4,NO
CAN_CSV0000000000001313__5.csv,CAN_CSV0000000000001313__9.csv,ProvinceID,ProvinceID,4,YES
CAN_CSV0000000000001313__5.csv,CAN_CSV0000000000001313__9.csv,LocationDescription,LocationDescription,4,NO
CAN_CSV0000000000001313__5.csv,CAN_CSV0000000000001313__9.csv,LatEnum_DisplayEng,LatEnum_DisplayEng,4,NO
CAN_CSV0000000000001313__5.csv,CAN_CSV0000000000001313__9.csv,TimeZoneID,TimeZoneID,4,YES
CAN_CSV0000000000001313__23.csv,CAN_CSV0000000000001313__9.csv,TimeZoneID,TimeZoneID,4,YES
CAN_CSV0000000000001313__5.csv,CAN_CSV0000000000001313__9.csv,DeployedEnum,DeployedEnum,4,NO
CAN_CSV0000000000001313__5.csv,CAN_CSV0000000000001313__9.csv,TotalUnknownCount,TotalUnknownCount,4,NO
USA_CSV0000000000036852__10.csv,USA_CSV0000000000036852__3.csv,Solicitation,Solicitation,4,YES
USA_CSV0000000000035554__13.csv,USA_CSV0000000000035554__16.csv,ETHNICITY1,ETHNICITY1,4,YES
USA_CSV0000000000035554__15.csv,USA_CSV0000000000035554__16.csv,ETHNICITY1,ETHNICITY1,4,YES
USA_CSV0000000000035554__13.csv,USA_CSV0000000000035554__16.csv,EDUCATION2,EDUCATION2,4,YES
USA_CSV0000000000035554__15.csv,USA_CSV0000000000035554__16.csv,EDUCATION2,EDUCATION2,4,YES
UK_CSV0000000000002010__17.csv,UK_CSV0000000000002010__6.csv,Circulation,Circulation,4,YES
UK_CSV0000000000002010__17.csv,UK_CSV0000000000003896__13.csv,Revision Flag,Revision Flag,4,NO
UK_CSV0000000000002010__17.csv,UK_CSV0000000000003896__3.csv,Revision Flag,Revision Flag,4,NO
UK_CSV0000000000002010__17.csv,UK_CSV0000000000002010__6.csv,Kidney Disease,Kidney Disease,4,NO
UK_CSV0000000000002010__17.csv,UK_CSV0000000000006676__2.csv,Kidney Disease,Kidney Disease,4,NO
UK_CSV0000000000002010__17.csv,UK_CSV0000000000006676__34.csv,Post-Op Q EQ VAS,Post-Op Q EQ VAS,4,YES
UK_CSV0000000000002010__17.csv,UK_CSV0000000000002010__3.csv,Post-Op Q EQ VAS,Post-Op Q EQ VAS,4,YES
UK_CSV0000000000002010__17.csv,UK_CSV0000000000003896__8.csv,Post-Op Q Anxiety,Post-Op Q Anxiety,4,YES
UK_CSV0000000000002010__17.csv,UK_CSV0000000000003896__13.csv,Post-Op Q Anxiety,Post-Op Q Anxiety,4,YES
UK_CSV0000000000002010__17.csv,UK_CSV0000000000002010__6.csv,Post-Op Q Anxiety,Post-Op Q Anxiety,4,YES
UK_CSV0000000000002010__17.csv,UK_CSV0000000000002010__9.csv,Post-Op Q Anxiety,Post-Op Q Anxiety,4,YES
UK_CSV0000000000002010__17.csv,UK_CSV0000000000002010__8.csv,Post-Op Q Anxiety,Post-Op Q Anxiety,4,YES
UK_CSV0000000000002010__17.csv,UK_CSV0000000000002010__6.csv,Pre-Op Q Activity,Pre-Op Q Activity,4,YES
UK_CSV0000000000002010__17.csv,UK_CSV0000000000003896__3.csv,Pre-Op Q Activity,Pre-Op Q Activity,4,YES
UK_CSV0000000000002010__17.csv,UK_CSV0000000000002010__9.csv,Pre-Op Q Activity,Pre-Op Q Activity,4,YES
UK_CSV0000000000002010__17.csv,UK_CSV0000000000002010__21.csv,Pre-Op Q Activity,Pre-Op Q Activity,4,YES
UK_CSV0000000000002010__17.csv,UK_CSV0000000000002010__8.csv,Pre-Op Q Activity,Pre-Op Q Activity,4,YES
UK_CSV0000000000002010__10.csv,UK_CSV0000000000002010__17.csv,Pre-Op Q Activity,Pre-Op Q Activity,4,YES
CAN_CSV0000000000001313__23.csv,CAN_CSV0000000000001313__5.csv,TimeZoneID,TimeZoneID,4,YES
CAN_CSV0000000000001313__23.csv,CAN_CSV0000000000001313__9.csv,TimeZoneID,TimeZoneID,4,YES
CAN_CSV0000000000001313__23.csv,CAN_CSV0000000000001313__5.csv,IIC_FullName,IIC_FullName,4,YES
CAN_CSV0000000000001313__23.csv,CAN_CSV0000000000001313__9.csv,IIC_FullName,IIC_FullName,4,YES
CAN_CSV0000000000002323.csv,CAN_CSV0000000000027430.csv,REF_DATE,REF_DATE,4,YES
CAN_CSV0000000000002323.csv,CAN_CSV0000000000027430.csv,Coordinate,Coordinate,4,YES
USA_CSV0000000000034847.csv,USA_CSV0000000000035745.csv,Street Name,Street Name,4,YES
USA_CSV0000000000035122.csv,USA_CSV0000000000035745.csv,Street Name,Street Name,4,YES
USA_CSV0000000000015120.csv,USA_CSV0000000000035745.csv,Application Type,Application Type,4,YES
USA_CSV0000000000015120.csv,USA_CSV0000000000035745.csv,Description of Work,Description of Work,4,NO
USA_CSV0000000000015120.csv,USA_CSV0000000000035745.csv,Permit Number,Permit Number,4,YES
USA_CSV0000000000015120.csv,USA_CSV0000000000035745.csv,Street Suffix,Street Suffix,4,YES
USA_CSV0000000000034847.csv,USA_CSV0000000000035745.csv,Street Number,Street Number,4,YES
USA_CSV0000000000015120.csv,USA_CSV0000000000035745.csv,Street Number,Street Number,4,YES
USA_CSV0000000000031647.csv,USA_CSV0000000000035745.csv,Street Number,Street Number,4,YES
CAN_CSV0000000000002323.csv,CAN_CSV0000000000027430.csv,Coordinate,Coordinate,4,YES
CAN_CSV0000000000002323.csv,CAN_CSV0000000000027430.csv,REF_DATE,REF_DATE,4,YES
CAN_CSV0000000000003463.csv,CAN_CSV0000000000010564.csv,Field Unit,Field Unit,4,YES
CAN_CSV0000000000003463.csv,CAN_CSV0000000000010564.csv,Incident Number,Incident Number,4,YES
CAN_CSV0000000000010564.csv,USA_CSV0000000000035412__0.csv,Incident Number,Incident Number,4,YES
CAN_CSV0000000000002115__26.csv,CAN_CSV0000000000004583.csv,Province/Canada,Province/Canada,4,YES
CAN_CSV0000000000001735__4.csv,CAN_CSV0000000000004583.csv,Province/Canada,Province/Canada,4,YES
CAN_CSV0000000000008164.csv,CAN_CSV0000000000024921.csv,TERME_FR_PARAMETRE,TERME_FR_PARAMETRE,4,YES
CAN_CSV0000000000008164.csv,CAN_CSV0000000000024921.csv,SUBJECT_EN,SUBJECT_EN,4,YES
CAN_CSV0000000000008164.csv,CAN_CSV0000000000024921.csv,DOMAINE_FR,DOMAINE_FR,4,YES
CAN_CSV0000000000008164.csv,CAN_CSV0000000000024921.csv,JUSTIFICATION_1_FR,JUSTIFICATION_1_FR,4,NO
CAN_CSV0000000000008164.csv,CAN_CSV0000000000024921.csv,TERM_EN_PARAMETER,TERM_EN_PARAMETER,4,YES
CAN_CSV0000000000020982.csv,CAN_CSV0000000000024893.csv,Function / Fonction,Function / Fonction,4,YES
CAN_CSV0000000000004354.csv,CAN_CSV0000000000020732.csv,Variable_English,Variable_English,4,YES
CAN_CSV0000000000019350.csv,CAN_CSV0000000000024695.csv,Facility details,Facility details,4,YES
CAN_CSV0000000000019350.csv,CAN_CSV0000000000024695.csv,Company name,Company name,4,YES
CAN_CSV0000000000019350.csv,CAN_CSV0000000000024695.csv,Report year,Report year,4,YES
UK_CSV0000000000001626.csv,UK_CSV0000000000002588.csv,Projection,Projection,4,YES
UK_CSV0000000000000759.csv,UK_CSV0000000000001626.csv,Projection,Projection,4,YES
UK_CSV0000000000001626.csv,UK_CSV0000000000002588.csv,LocationName,LocationName,4,YES
UK_CSV0000000000000759.csv,UK_CSV0000000000001626.csv,LocationName,LocationName,4,YES
UK_CSV0000000000001626.csv,UK_CSV0000000000002588.csv,Abundance_SACFORN,Abundance_SACFORN,4,YES
UK_CSV0000000000000759.csv,UK_CSV0000000000001626.csv,Abundance_SACFORN,Abundance_SACFORN,4,YES
UK_CSV0000000000001626.csv,UK_CSV0000000000002588.csv,SurveyName,SurveyName,4,YES
UK_CSV0000000000000759.csv,UK_CSV0000000000001626.csv,SurveyName,SurveyName,4,YES
UK_CSV0000000000001626.csv,UK_CSV0000000000002588.csv,SampleComment,SampleComment,4,NO
UK_CSV0000000000000759.csv,UK_CSV0000000000001626.csv,SampleComment,SampleComment,4,NO
UK_CSV0000000000000759.csv,UK_CSV0000000000002588.csv,Projection,Projection,4,YES
UK_CSV0000000000000759.csv,UK_CSV0000000000001626.csv,Projection,Projection,4,YES
UK_CSV0000000000000759.csv,UK_CSV0000000000002588.csv,LocationName,LocationName,4,YES
UK_CSV0000000000000759.csv,UK_CSV0000000000001626.csv,LocationName,LocationName,4,YES
UK_CSV0000000000000759.csv,UK_CSV0000000000002588.csv,Abundance_SACFORN,Abundance_SACFORN,4,YES
UK_CSV0000000000000759.csv,UK_CSV0000000000001626.csv,Abundance_SACFORN,Abundance_SACFORN,4,YES
UK_CSV0000000000000759.csv,UK_CSV0000000000002588.csv,SurveyName,SurveyName,4,YES
UK_CSV0000000000000759.csv,UK_CSV0000000000001626.csv,SurveyName,SurveyName,4,YES
UK_CSV0000000000000759.csv,UK_CSV0000000000002588.csv,SampleComment,SampleComment,4,NO
CAN_CSV0000000000003410.csv,CAN_CSV0000000000010564.csv,Incident Date,Incident Date,4,YES
CAN_CSV0000000000003410.csv,CAN_CSV0000000000010564.csv,Incident Number,Incident Number,4,YES
CAN_CSV0000000000003410.csv,USA_CSV0000000000035412__0.csv,Incident Number,Incident Number,4,YES
CAN_CSV0000000000003410.csv,CAN_CSV0000000000010564.csv,Field Unit,Field Unit,4,YES
USA_CSV0000000000033432.csv,USA_CSV0000000000035271.csv,year_of_enactment,year_of_enactment,4,YES
USA_CSV0000000000033600.csv,USA_CSV0000000000035271.csv,year_of_enactment,year_of_enactment,4,YES
USA_CSV0000000000033432.csv,USA_CSV0000000000035271.csv,program_code,program_code,4,YES
USA_CSV0000000000033600.csv,USA_CSV0000000000035271.csv,program_code,program_code,4,YES
USA_CSV0000000000032324.csv,USA_CSV0000000000035271.csv,program_code,program_code,4,YES
USA_CSV0000000000035271.csv,USA_CSV0000000000035712.csv,program_code,program_code,4,YES
USA_CSV0000000000035271.csv,USA_CSV0000000000036536.csv,program_code,program_code,4,YES
USA_CSV0000000000033432.csv,USA_CSV0000000000035271.csv,vendor_name,vendor_name,4,YES
USA_CSV0000000000033600.csv,USA_CSV0000000000035271.csv,vendor_name,vendor_name,4,YES
USA_CSV0000000000032324.csv,USA_CSV0000000000035271.csv,vendor_name,vendor_name,4,YES
USA_CSV0000000000035271.csv,USA_CSV0000000000036536.csv,vendor_name,vendor_name,4,YES
USA_CSV0000000000033432.csv,USA_CSV0000000000035271.csv,program_description,program_description,4,YES
USA_CSV0000000000033600.csv,USA_CSV0000000000035271.csv,program_description,program_description,4,YES
USA_CSV0000000000032324.csv,USA_CSV0000000000035271.csv,program_description,program_description,4,YES
USA_CSV0000000000035271.csv,USA_CSV0000000000035712.csv,program_description,program_description,4,YES
USA_CSV0000000000035271.csv,USA_CSV0000000000036536.csv,program_description,program_description,4,YES
USA_CSV0000000000035269.csv,USA_CSV0000000000035271.csv,program_description,program_description,4,YES
USA_CSV0000000000035271.csv,USA_CSV0000000000036961.csv,program_description,program_description,4,YES
USA_CSV0000000000033432.csv,USA_CSV0000000000035271.csv,budget_reference,budget_reference,4,YES
USA_CSV0000000000033600.csv,USA_CSV0000000000035271.csv,budget_reference,budget_reference,4,YES
USA_CSV0000000000032324.csv,USA_CSV0000000000035271.csv,budget_reference,budget_reference,4,YES
USA_CSV0000000000035271.csv,USA_CSV0000000000035712.csv,budget_reference,budget_reference,4,YES
USA_CSV0000000000035271.csv,USA_CSV0000000000036536.csv,budget_reference,budget_reference,4,YES
USA_CSV0000000000035269.csv,USA_CSV0000000000035271.csv,budget_reference,budget_reference,4,YES
USA_CSV0000000000035271.csv,USA_CSV0000000000036961.csv,budget_reference,budget_reference,4,YES
USA_CSV0000000000033432.csv,USA_CSV0000000000035271.csv,agency_name,agency_name,4,YES
USA_CSV0000000000033600.csv,USA_CSV0000000000035271.csv,agency_name,agency_name,4,YES
USA_CSV0000000000032324.csv,USA_CSV0000000000035271.csv,agency_name,agency_name,4,YES
USA_CSV0000000000035271.csv,USA_CSV0000000000035712.csv,agency_name,agency_name,4,YES
USA_CSV0000000000035271.csv,USA_CSV0000000000036536.csv,agency_name,agency_name,4,YES
USA_CSV0000000000033432.csv,USA_CSV0000000000035271.csv,account_description,account_description,4,YES
USA_CSV0000000000033600.csv,USA_CSV0000000000035271.csv,account_description,account_description,4,YES
USA_CSV0000000000032324.csv,USA_CSV0000000000035271.csv,account_description,account_description,4,YES
USA_CSV0000000000035271.csv,USA_CSV0000000000036536.csv,account_description,account_description,4,YES
USA_CSV0000000000033432.csv,USA_CSV0000000000035271.csv,accounting_period,accounting_period,4,YES
USA_CSV0000000000033600.csv,USA_CSV0000000000035271.csv,accounting_period,accounting_period,4,YES
USA_CSV0000000000032324.csv,USA_CSV0000000000035271.csv,accounting_period,accounting_period,4,YES
USA_CSV0000000000035271.csv,USA_CSV0000000000035712.csv,accounting_period,accounting_period,4,YES
USA_CSV0000000000035271.csv,USA_CSV0000000000036536.csv,accounting_period,accounting_period,4,YES
USA_CSV0000000000033432.csv,USA_CSV0000000000035271.csv,accounting_date,accounting_date,4,YES
USA_CSV0000000000033600.csv,USA_CSV0000000000035271.csv,accounting_date,accounting_date,4,YES
USA_CSV0000000000032324.csv,USA_CSV0000000000035271.csv,accounting_date,accounting_date,4,YES
USA_CSV0000000000035271.csv,USA_CSV0000000000035712.csv,accounting_date,accounting_date,4,YES
USA_CSV0000000000035271.csv,USA_CSV0000000000036536.csv,accounting_date,accounting_date,4,YES
USA_CSV0000000000033432.csv,USA_CSV0000000000035271.csv,account_type,account_type,4,YES
USA_CSV0000000000033600.csv,USA_CSV0000000000035271.csv,account_type,account_type,4,YES
USA_CSV0000000000032324.csv,USA_CSV0000000000035271.csv,account_type,account_type,4,YES
USA_CSV0000000000035271.csv,USA_CSV0000000000036536.csv,account_type,account_type,4,YES
USA_CSV0000000000033432.csv,USA_CSV0000000000035271.csv,fund_description,fund_description,4,YES
USA_CSV0000000000033600.csv,USA_CSV0000000000035271.csv,fund_description,fund_description,4,YES
USA_CSV0000000000032324.csv,USA_CSV0000000000035271.csv,fund_description,fund_description,4,YES
USA_CSV0000000000035271.csv,USA_CSV0000000000036536.csv,fund_description,fund_description,4,YES
USA_CSV0000000000035269.csv,USA_CSV0000000000035271.csv,fund_description,fund_description,4,YES
USA_CSV0000000000035271.csv,USA_CSV0000000000036961.csv,fund_description,fund_description,4,YES
USA_CSV0000000000035271.csv,USA_CSV0000000000035888.csv,fund_description,fund_description,4,YES
USA_CSV0000000000033288.csv,USA_CSV0000000000035271.csv,fund_description,fund_description,4,YES
USA_CSV0000000000033432.csv,USA_CSV0000000000035271.csv,department_name,department_name,4,YES
USA_CSV0000000000033600.csv,USA_CSV0000000000035271.csv,department_name,department_name,4,YES
USA_CSV0000000000032324.csv,USA_CSV0000000000035271.csv,department_name,department_name,4,YES
USA_CSV0000000000035271.csv,USA_CSV0000000000035712.csv,department_name,department_name,4,YES
USA_CSV0000000000035271.csv,USA_CSV0000000000036536.csv,department_name,department_name,4,YES
USA_CSV0000000000033432.csv,USA_CSV0000000000035271.csv,fiscal_year_begin,fiscal_year_begin,4,YES
USA_CSV0000000000033600.csv,USA_CSV0000000000035271.csv,fiscal_year_begin,fiscal_year_begin,4,YES
USA_CSV0000000000032324.csv,USA_CSV0000000000035271.csv,fiscal_year_begin,fiscal_year_begin,4,YES
USA_CSV0000000000035271.csv,USA_CSV0000000000035712.csv,fiscal_year_begin,fiscal_year_begin,4,YES
USA_CSV0000000000035271.csv,USA_CSV0000000000036536.csv,fiscal_year_begin,fiscal_year_begin,4,YES
USA_CSV0000000000033432.csv,USA_CSV0000000000035271.csv,fund_group,fund_group,4,YES
USA_CSV0000000000033600.csv,USA_CSV0000000000035271.csv,fund_group,fund_group,4,YES
USA_CSV0000000000032324.csv,USA_CSV0000000000035271.csv,fund_group,fund_group,4,YES
USA_CSV0000000000035271.csv,USA_CSV0000000000036536.csv,fund_group,fund_group,4,YES
USA_CSV0000000000033432.csv,USA_CSV0000000000035271.csv,account_category,account_category,4,YES
USA_CSV0000000000033600.csv,USA_CSV0000000000035271.csv,account_category,account_category,4,YES
USA_CSV0000000000032324.csv,USA_CSV0000000000035271.csv,account_category,account_category,4,YES
USA_CSV0000000000035271.csv,USA_CSV0000000000036536.csv,account_category,account_category,4,YES
USA_CSV0000000000035269.csv,USA_CSV0000000000035271.csv,account_category,account_category,4,YES
USA_CSV0000000000035271.csv,USA_CSV0000000000036961.csv,account_category,account_category,4,YES
USA_CSV0000000000035271.csv,USA_CSV0000000000035888.csv,account_category,account_category,4,YES
USA_CSV0000000000033288.csv,USA_CSV0000000000035271.csv,account_category,account_category,4,YES
USA_CSV0000000000033432.csv,USA_CSV0000000000035271.csv,document_id,document_id,4,YES
USA_CSV0000000000033600.csv,USA_CSV0000000000035271.csv,document_id,document_id,4,YES
USA_CSV0000000000032324.csv,USA_CSV0000000000035271.csv,document_id,document_id,4,YES
USA_CSV0000000000035271.csv,USA_CSV0000000000035712.csv,document_id,document_id,4,YES
USA_CSV0000000000035271.csv,USA_CSV0000000000036536.csv,document_id,document_id,4,YES
USA_CSV0000000000033432.csv,USA_CSV0000000000035271.csv,business_unit,business_unit,4,YES
USA_CSV0000000000033600.csv,USA_CSV0000000000035271.csv,business_unit,business_unit,4,YES
USA_CSV0000000000032324.csv,USA_CSV0000000000035271.csv,business_unit,business_unit,4,YES
USA_CSV0000000000035271.csv,USA_CSV0000000000035712.csv,business_unit,business_unit,4,YES
USA_CSV0000000000035271.csv,USA_CSV0000000000036536.csv,business_unit,business_unit,4,YES
USA_CSV0000000000033432.csv,USA_CSV0000000000035271.csv,monetary_amount,monetary_amount,4,NO
USA_CSV0000000000033600.csv,USA_CSV0000000000035271.csv,monetary_amount,monetary_amount,4,NO
USA_CSV0000000000032324.csv,USA_CSV0000000000035271.csv,monetary_amount,monetary_amount,4,NO
USA_CSV0000000000035271.csv,USA_CSV0000000000035712.csv,monetary_amount,monetary_amount,4,NO
USA_CSV0000000000035271.csv,USA_CSV0000000000036536.csv,monetary_amount,monetary_amount,4,NO
USA_CSV0000000000018004.csv,USA_CSV0000000000035934.csv,Council District,Council District,4,YES
USA_CSV0000000000018004.csv,USA_CSV0000000000036479.csv,Council District,Council District,4,YES
CAN_CSV0000000000000659.csv,CAN_CSV0000000000005102.csv,Characteristics,Characteristics,4,NO
CAN_CSV0000000000000581.csv,CAN_CSV0000000000000659.csv,Characteristics,Characteristics,4,NO
CAN_CSV0000000000000659.csv,CAN_CSV0000000000004753.csv,Characteristics,Characteristics,4,NO
CAN_CSV0000000000007832.csv,CAN_CSV0000000000009365.csv,Inspection Date,Inspection Date,4,YES
CAN_CSV0000000000007832.csv,CAN_CSV0000000000009365.csv,Program City,Program City,4,YES
CAN_CSV0000000000009365.csv,CAN_CSV0000000000018831.csv,Program City,Program City,4,YES
CAN_CSV0000000000007832.csv,CAN_CSV0000000000009365.csv,Inspection Reason,Inspection Reason,4,YES
CAN_CSV0000000000007832.csv,CAN_CSV0000000000009365.csv,Program ID,Program ID,4,YES
CAN_CSV0000000000009365.csv,CAN_CSV0000000000018831.csv,Program ID,Program ID,4,YES
CAN_CSV0000000000003365.csv,CAN_CSV0000000000009365.csv,Program ID,Program ID,4,YES
CAN_CSV0000000000007832.csv,CAN_CSV0000000000009365.csv,Postal Code,Postal Code,4,YES
CAN_CSV0000000000007832.csv,CAN_CSV0000000000009365.csv,Program Address,Program Address,4,YES
CAN_CSV0000000000009365.csv,CAN_CSV0000000000018831.csv,Program Address,Program Address,4,YES
CAN_CSV0000000000007832.csv,CAN_CSV0000000000009365.csv,Program Name,Program Name,4,YES
CAN_CSV0000000000009365.csv,CAN_CSV0000000000018831.csv,Program Name,Program Name,4,YES
SG_CSV0000000000001010.csv,SG_CSV0000000000001015.csv,issue_date,issue_date,4,YES
SG_CSV0000000000001010.csv,SG_CSV0000000000001015.csv,page_number,page_number,4,NO
SG_CSV0000000000001010.csv,SG_CSV0000000000001015.csv,newspaper_title,newspaper_title,4,YES
CAN_CSV0000000000016419.csv,CAN_CSV0000000000026045.csv,Review Type,Review Type,4,YES
CAN_CSV0000000000003274.csv,CAN_CSV0000000000026045.csv,Review Type,Review Type,4,YES
CAN_CSV0000000000009663.csv,CAN_CSV0000000000026045.csv,Review Type,Review Type,4,YES
CAN_CSV0000000000016419.csv,CAN_CSV0000000000026045.csv,Race Group,Race Group,4,YES
CAN_CSV0000000000003274.csv,CAN_CSV0000000000026045.csv,Race Group,Race Group,4,YES
CAN_CSV0000000000016419.csv,CAN_CSV0000000000026045.csv,Decision Month,Decision Month,4,YES
CAN_CSV0000000000003274.csv,CAN_CSV0000000000026045.csv,Decision Month,Decision Month,4,YES
CAN_CSV0000000000009663.csv,CAN_CSV0000000000026045.csv,Decision Month,Decision Month,4,YES
CAN_CSV0000000000009470.csv,CAN_CSV0000000000026045.csv,Decision Month,Decision Month,4,YES
CAN_CSV0000000000016419.csv,CAN_CSV0000000000026045.csv,Final Decision,Final Decision,4,YES
CAN_CSV0000000000003274.csv,CAN_CSV0000000000026045.csv,Final Decision,Final Decision,4,YES
CAN_CSV0000000000009470.csv,CAN_CSV0000000000026045.csv,Final Decision,Final Decision,4,YES
CAN_CSV0000000000016419.csv,CAN_CSV0000000000026045.csv,Sentence Type,Sentence Type,4,YES
CAN_CSV0000000000016419.csv,CAN_CSV0000000000026045.csv,Decision Category,Decision Category,4,YES
CAN_CSV0000000000003274.csv,CAN_CSV0000000000026045.csv,Decision Category,Decision Category,4,YES
CAN_CSV0000000000009663.csv,CAN_CSV0000000000026045.csv,Decision Category,Decision Category,4,YES
CAN_CSV0000000000016419.csv,CAN_CSV0000000000026045.csv,Decision Purpose,Decision Purpose,4,NO
CAN_CSV0000000000016419.csv,CAN_CSV0000000000026045.csv,Decision Type Group,Decision Type Group,4,YES
CAN_CSV0000000000003274.csv,CAN_CSV0000000000026045.csv,Decision Type Group,Decision Type Group,4,YES
CAN_CSV0000000000009470.csv,CAN_CSV0000000000026045.csv,Decision Type Group,Decision Type Group,4,YES
CAN_CSV0000000000016419.csv,CAN_CSV0000000000026045.csv,Jurisdiction,Jurisdiction,4,YES
CAN_CSV0000000000017604.csv,CAN_CSV0000000000026045.csv,Jurisdiction,Jurisdiction,4,YES
CAN_CSV0000000000003274.csv,CAN_CSV0000000000026045.csv,Jurisdiction,Jurisdiction,4,YES
CAN_CSV0000000000016419.csv,CAN_CSV0000000000026045.csv,Decision Type,Decision Type,4,YES
CAN_CSV0000000000003274.csv,CAN_CSV0000000000026045.csv,Decision Type,Decision Type,4,YES
CAN_CSV0000000000009470.csv,CAN_CSV0000000000026045.csv,Decision Type,Decision Type,4,YES
CAN_CSV0000000000016419.csv,CAN_CSV0000000000026045.csv,Major Offence Group,Major Offence Group,4,YES
CAN_CSV0000000000008029.csv,CAN_CSV0000000000009951.csv,CanadaProvince,CanadaProvince,4,YES
USA_CSV0000000000018004.csv,USA_CSV0000000000035934.csv,Community Board,Community Board,4,YES
USA_CSV0000000000035934.csv,USA_CSV0000000000036479.csv,Community Board,Community Board,4,YES
UK_CSV0000000000001626.csv,UK_CSV0000000000002588.csv,Projection,Projection,4,YES
UK_CSV0000000000000759.csv,UK_CSV0000000000002588.csv,Projection,Projection,4,YES
UK_CSV0000000000001626.csv,UK_CSV0000000000002588.csv,LocationName,LocationName,4,YES
UK_CSV0000000000000759.csv,UK_CSV0000000000002588.csv,LocationName,LocationName,4,YES
UK_CSV0000000000001626.csv,UK_CSV0000000000002588.csv,Abundance_SACFORN,Abundance_SACFORN,4,YES
UK_CSV0000000000000759.csv,UK_CSV0000000000002588.csv,Abundance_SACFORN,Abundance_SACFORN,4,YES
UK_CSV0000000000001626.csv,UK_CSV0000000000002588.csv,SampleComment,SampleComment,4,NO
UK_CSV0000000000000759.csv,UK_CSV0000000000002588.csv,SampleComment,SampleComment,4,NO
CAN_CSV0000000000001465.csv,CAN_CSV0000000000027410.csv,ProvinceEN,ProvinceEN,4,YES
CAN_CSV0000000000002131.csv,CAN_CSV0000000000027410.csv,ResearchSubjectCode,ResearchSubjectCode,4,YES
CAN_CSV0000000000002131.csv,CAN_CSV0000000000027410.csv,ProgramNameFR,ProgramNameFR,4,YES
CAN_CSV0000000000002131.csv,CAN_CSV0000000000027410.csv,CommitteeCode,CommitteeCode,4,YES
CAN_CSV0000000000001465.csv,CAN_CSV0000000000027410.csv,ProgramNameEN,ProgramNameEN,4,YES
CAN_CSV0000000000002131.csv,CAN_CSV0000000000027410.csv,ResearchSubjectFR,ResearchSubjectFR,4,NO
CAN_CSV0000000000002131.csv,CAN_CSV0000000000027410.csv,ApplicationID,ApplicationID,4,YES
CAN_CSV0000000000002131.csv,CAN_CSV0000000000027410.csv,ApplicationSummary,ApplicationSummary,4,NO
CAN_CSV0000000000002131.csv,CAN_CSV0000000000027410.csv,AreaOfApplicationEN,AreaOfApplicationEN,4,YES
CAN_CSV0000000000002131.csv,CAN_CSV0000000000027410.csv,AwardAmount,AwardAmount,4,NO
CAN_CSV0000000000002131.csv,CAN_CSV0000000000027410.csv,AreaOfApplicationFR,AreaOfApplicationFR,4,YES
CAN_CSV0000000000002131.csv,CAN_CSV0000000000027410.csv,OrganizationID,OrganizationID,4,YES
CAN_CSV0000000000002131.csv,CAN_CSV0000000000027410.csv,ResearchSubjectEN,ResearchSubjectEN,4,NO
USA_CSV0000000000032139.csv,USA_CSV0000000000034847.csv,Street Name,Street Name,4,YES
USA_CSV0000000000032139.csv,USA_CSV0000000000035122.csv,Street Name,Street Name,4,YES
USA_CSV0000000000032139.csv,USA_CSV0000000000035745.csv,Street Name,Street Name,4,YES
USA_CSV0000000000015120.csv,USA_CSV0000000000032139.csv,Street Name,Street Name,4,YES
USA_CSV0000000000018004.csv,USA_CSV0000000000032139.csv,Community Board,Community Board,4,YES
USA_CSV0000000000018004.csv,USA_CSV0000000000032139.csv,Council District,Council District,4,YES
USA_CSV0000000000032139.csv,USA_CSV0000000000035934.csv,Council District,Council District,4,YES
USA_CSV0000000000032139.csv,USA_CSV0000000000036479.csv,Council District,Council District,4,YES
CAN_CSV0000000000007832.csv,CAN_CSV0000000000009365.csv,Inspection Date,Inspection Date,4,YES
CAN_CSV0000000000007832.csv,CAN_CSV0000000000009365.csv,Program City,Program City,4,YES
CAN_CSV0000000000007832.csv,CAN_CSV0000000000009365.csv,Inspection Reason,Inspection Reason,4,YES
CAN_CSV0000000000007832.csv,CAN_CSV0000000000009365.csv,Program ID,Program ID,4,YES
CAN_CSV0000000000007832.csv,CAN_CSV0000000000018831.csv,Program ID,Program ID,4,YES
CAN_CSV0000000000003365.csv,CAN_CSV0000000000007832.csv,Program ID,Program ID,4,YES
CAN_CSV0000000000007832.csv,CAN_CSV0000000000009365.csv,Postal Code,Postal Code,4,YES
CAN_CSV0000000000007832.csv,CAN_CSV0000000000009365.csv,Program Address,Program Address,4,YES
CAN_CSV0000000000007832.csv,CAN_CSV0000000000009365.csv,Program Name,Program Name,4,YES
CAN_CSV0000000000005080.csv,CAN_CSV0000000000005102.csv,Characteristics,Characteristics,4,NO
USA_CSV0000000000033066.csv,USA_CSV0000000000036104.csv,ACCOUNT_DESCR,ACCOUNT_DESCR,4,NO
USA_CSV0000000000036104.csv,USA_CSV0000000000037099.csv,ACCOUNT_DESCR,ACCOUNT_DESCR,4,NO
USA_CSV0000000000033066.csv,USA_CSV0000000000036104.csv,VOUCHER_ID,VOUCHER_ID,4,YES
USA_CSV0000000000036104.csv,USA_CSV0000000000037099.csv,VOUCHER_ID,VOUCHER_ID,4,YES
USA_CSV0000000000033066.csv,USA_CSV0000000000036104.csv,VOUCHER_STYLE,VOUCHER_STYLE,4,YES
USA_CSV0000000000036104.csv,USA_CSV0000000000037099.csv,VOUCHER_STYLE,VOUCHER_STYLE,4,YES
USA_CSV0000000000033066.csv,USA_CSV0000000000036104.csv,FUND_DESCR,FUND_DESCR,4,NO
USA_CSV0000000000036104.csv,USA_CSV0000000000037099.csv,FUND_DESCR,FUND_DESCR,4,NO
USA_CSV0000000000033066.csv,USA_CSV0000000000036104.csv,business_unit,business_unit,4,YES
USA_CSV0000000000036104.csv,USA_CSV0000000000037099.csv,business_unit,business_unit,4,YES
USA_CSV0000000000024884.csv,USA_CSV0000000000036104.csv,business_unit,business_unit,4,YES
USA_CSV0000000000033066.csv,USA_CSV0000000000036104.csv,TRANSACTION_TYPE,TRANSACTION_TYPE,4,YES
USA_CSV0000000000036104.csv,USA_CSV0000000000037099.csv,TRANSACTION_TYPE,TRANSACTION_TYPE,4,YES
USA_CSV0000000000033066.csv,USA_CSV0000000000036104.csv,CLASS_DESCR,CLASS_DESCR,4,NO
USA_CSV0000000000036104.csv,USA_CSV0000000000037099.csv,CLASS_DESCR,CLASS_DESCR,4,NO
USA_CSV0000000000033066.csv,USA_CSV0000000000036104.csv,OCP_AGNCY_NAME,OCP_AGNCY_NAME,4,YES
USA_CSV0000000000036104.csv,USA_CSV0000000000037099.csv,OCP_AGNCY_NAME,OCP_AGNCY_NAME,4,YES
USA_CSV0000000000024884.csv,USA_CSV0000000000036104.csv,OCP_AGNCY_NAME,OCP_AGNCY_NAME,4,YES
USA_CSV0000000000033066.csv,USA_CSV0000000000036104.csv,FISCAL_YR_TAS,FISCAL_YR_TAS,4,NO
USA_CSV0000000000036104.csv,USA_CSV0000000000037099.csv,FISCAL_YR_TAS,FISCAL_YR_TAS,4,NO
CAN_CSV0000000000007832.csv,CAN_CSV0000000000018581.csv,Inspection Date,Inspection Date,4,YES
CAN_CSV0000000000009365.csv,CAN_CSV0000000000018581.csv,Inspection Date,Inspection Date,4,YES
CAN_CSV0000000000007832.csv,CAN_CSV0000000000018581.csv,Program City,Program City,4,YES
CAN_CSV0000000000009365.csv,CAN_CSV0000000000018581.csv,Program City,Program City,4,YES
CAN_CSV0000000000018581.csv,CAN_CSV0000000000018831.csv,Program City,Program City,4,YES
CAN_CSV0000000000007832.csv,CAN_CSV0000000000018581.csv,Inspection Reason,Inspection Reason,4,YES
CAN_CSV0000000000009365.csv,CAN_CSV0000000000018581.csv,Inspection Reason,Inspection Reason,4,YES
CAN_CSV0000000000018581.csv,CAN_CSV0000000000018831.csv,Inspection Reason,Inspection Reason,4,YES
CAN_CSV0000000000007832.csv,CAN_CSV0000000000018581.csv,Program ID,Program ID,4,YES
CAN_CSV0000000000009365.csv,CAN_CSV0000000000018581.csv,Program ID,Program ID,4,YES
CAN_CSV0000000000018581.csv,CAN_CSV0000000000018831.csv,Program ID,Program ID,4,YES
CAN_CSV0000000000003365.csv,CAN_CSV0000000000018581.csv,Program ID,Program ID,4,YES
CAN_CSV0000000000007832.csv,CAN_CSV0000000000018581.csv,Program Address,Program Address,4,YES
CAN_CSV0000000000009365.csv,CAN_CSV0000000000018581.csv,Program Address,Program Address,4,YES
CAN_CSV0000000000007832.csv,CAN_CSV0000000000018581.csv,Program Name,Program Name,4,YES
CAN_CSV0000000000009365.csv,CAN_CSV0000000000018581.csv,Program Name,Program Name,4,YES
CAN_CSV0000000000001465.csv,CAN_CSV0000000000024789.csv,ProvinceEN,ProvinceEN,4,YES
CAN_CSV0000000000024789.csv,CAN_CSV0000000000024792.csv,Établissement,Établissement,4,YES
CAN_CSV0000000000002131.csv,CAN_CSV0000000000024789.csv,ProgramNameFR,ProgramNameFR,4,YES
CAN_CSV0000000000001465.csv,CAN_CSV0000000000024789.csv,ProvinceFR,ProvinceFR,4,YES
CAN_CSV0000000000001465.csv,CAN_CSV0000000000024789.csv,ProgramNameEN,ProgramNameEN,4,YES
CAN_CSV0000000000024789.csv,CAN_CSV0000000000024792.csv,Competition_Year,Competition_Year,4,YES
CAN_CSV0000000000024789.csv,CAN_CSV0000000000024792.csv,Institution,Institution,4,YES
CAN_CSV0000000000024789.csv,CAN_CSV0000000000024792.csv,DisciplineEN,DisciplineEN,4,YES
CAN_CSV0000000000024789.csv,CAN_CSV0000000000024792.csv,MainDisciplineFR,MainDisciplineFR,4,YES
CAN_CSV0000000000024789.csv,CAN_CSV0000000000024792.csv,MainDisciplineEN,MainDisciplineEN,4,YES
CAN_CSV0000000000002131.csv,CAN_CSV0000000000024789.csv,AwardAmount,AwardAmount,4,NO
CAN_CSV0000000000024789.csv,CAN_CSV0000000000024792.csv,DisciplineFR,DisciplineFR,4,YES
USA_CSV0000000000017680.csv,USA_CSV0000000000023669.csv,SCHOOL NAME,SCHOOL NAME,4,YES
CAN_CSV0000000000004354.csv,CAN_CSV0000000000021238.csv,Variable_English,Variable_English,4,YES
CAN_CSV0000000000020732.csv,CAN_CSV0000000000021238.csv,Variable_English,Variable_English,4,YES
CAN_CSV0000000000017519.csv,CAN_CSV0000000000024255.csv,BookingStartDate,BookingStartDate,4,YES
CAN_CSV0000000000017519.csv,CAN_CSV0000000000024255.csv,BookingEnddate,BookingEnddate,4,YES
CAN_CSV0000000000009470.csv,CAN_CSV0000000000016419.csv,Review Type,Review Type,4,YES
CAN_CSV0000000000009470.csv,CAN_CSV0000000000026045.csv,Review Type,Review Type,4,YES
CAN_CSV0000000000009470.csv,CAN_CSV0000000000016419.csv,Race Group,Race Group,4,YES
CAN_CSV0000000000009470.csv,CAN_CSV0000000000026045.csv,Race Group,Race Group,4,YES
CAN_CSV0000000000003274.csv,CAN_CSV0000000000009470.csv,Race Group,Race Group,4,YES
CAN_CSV0000000000009470.csv,CAN_CSV0000000000009663.csv,Race Group,Race Group,4,YES
CAN_CSV0000000000009470.csv,CAN_CSV0000000000016419.csv,Decision Month,Decision Month,4,YES
CAN_CSV0000000000009470.csv,CAN_CSV0000000000026045.csv,Decision Month,Decision Month,4,YES
CAN_CSV0000000000003274.csv,CAN_CSV0000000000009470.csv,Decision Month,Decision Month,4,YES
CAN_CSV0000000000009470.csv,CAN_CSV0000000000009663.csv,Decision Month,Decision Month,4,YES
CAN_CSV0000000000009470.csv,CAN_CSV0000000000016419.csv,Final Decision,Final Decision,4,YES
CAN_CSV0000000000009470.csv,CAN_CSV0000000000026045.csv,Final Decision,Final Decision,4,YES
CAN_CSV0000000000003274.csv,CAN_CSV0000000000009470.csv,Final Decision,Final Decision,4,YES
CAN_CSV0000000000009470.csv,CAN_CSV0000000000016419.csv,Sentence Type,Sentence Type,4,YES
CAN_CSV0000000000009470.csv,CAN_CSV0000000000026045.csv,Sentence Type,Sentence Type,4,YES
CAN_CSV0000000000003274.csv,CAN_CSV0000000000009470.csv,Sentence Type,Sentence Type,4,YES
CAN_CSV0000000000009470.csv,CAN_CSV0000000000009663.csv,Sentence Type,Sentence Type,4,YES
CAN_CSV0000000000009470.csv,CAN_CSV0000000000016419.csv,Decision Category,Decision Category,4,YES
CAN_CSV0000000000009470.csv,CAN_CSV0000000000026045.csv,Decision Category,Decision Category,4,YES
CAN_CSV0000000000003274.csv,CAN_CSV0000000000009470.csv,Decision Category,Decision Category,4,YES
CAN_CSV0000000000009470.csv,CAN_CSV0000000000009663.csv,Decision Category,Decision Category,4,YES
CAN_CSV0000000000009470.csv,CAN_CSV0000000000016419.csv,Decision Purpose,Decision Purpose,4,NO
CAN_CSV0000000000009470.csv,CAN_CSV0000000000026045.csv,Decision Purpose,Decision Purpose,4,NO
CAN_CSV0000000000003274.csv,CAN_CSV0000000000009470.csv,Decision Purpose,Decision Purpose,4,NO
CAN_CSV0000000000009470.csv,CAN_CSV0000000000009663.csv,Decision Purpose,Decision Purpose,4,NO
CAN_CSV0000000000009470.csv,CAN_CSV0000000000016419.csv,Decision Type Group,Decision Type Group,4,YES
CAN_CSV0000000000009470.csv,CAN_CSV0000000000026045.csv,Decision Type Group,Decision Type Group,4,YES
CAN_CSV0000000000003274.csv,CAN_CSV0000000000009470.csv,Decision Type Group,Decision Type Group,4,YES
CAN_CSV0000000000009470.csv,CAN_CSV0000000000016419.csv,Jurisdiction,Jurisdiction,4,YES
CAN_CSV0000000000009470.csv,CAN_CSV0000000000026045.csv,Jurisdiction,Jurisdiction,4,YES
CAN_CSV0000000000009470.csv,CAN_CSV0000000000016419.csv,Decision Type,Decision Type,4,YES
CAN_CSV0000000000009470.csv,CAN_CSV0000000000026045.csv,Decision Type,Decision Type,4,YES
CAN_CSV0000000000003274.csv,CAN_CSV0000000000009470.csv,Decision Type,Decision Type,4,YES
CAN_CSV0000000000009470.csv,CAN_CSV0000000000016419.csv,Major Offence Group,Major Offence Group,4,YES
CAN_CSV0000000000009470.csv,CAN_CSV0000000000026045.csv,Major Offence Group,Major Offence Group,4,YES
CAN_CSV0000000000001286.csv,CAN_CSV0000000000027430.csv,REF_DATE,REF_DATE,4,YES
CAN_CSV0000000000001286.csv,CAN_CSV0000000000027430.csv,Coordinate,Coordinate,4,YES
CAN_CSV0000000000001286.csv,CAN_CSV0000000000002323.csv,Coordinate,Coordinate,4,YES
USA_CSV0000000000023669.csv,USA_CSV0000000000034497.csv,SCHOOL NAME,SCHOOL NAME,4,YES
USA_CSV0000000000033413.csv,USA_CSV0000000000034497.csv,OrganizationID,OrganizationID,4,YES
CAN_CSV0000000000000581.csv,CAN_CSV0000000000013912.csv,Coordinate,Coordinate,4,YES
CAN_CSV0000000000003356.csv,CAN_CSV0000000000015899.csv,Commercial Flow,Commercial Flow,4,NO
CAN_CSV0000000000012108.csv,CAN_CSV0000000000015899.csv,Commercial Flow,Commercial Flow,4,NO
CAN_CSV0000000000015899.csv,CAN_CSV0000000000022798.csv,Commercial Flow,Commercial Flow,4,NO
CAN_CSV0000000000012108.csv,CAN_CSV0000000000015899.csv,Travellers Flow,Travellers Flow,4,YES
CAN_CSV0000000000007832.csv,CAN_CSV0000000000018831.csv,Inspection Date,Inspection Date,4,YES
CAN_CSV0000000000009365.csv,CAN_CSV0000000000018831.csv,Inspection Date,Inspection Date,4,YES
CAN_CSV0000000000007832.csv,CAN_CSV0000000000018831.csv,Program City,Program City,4,YES
CAN_CSV0000000000009365.csv,CAN_CSV0000000000018831.csv,Program City,Program City,4,YES
CAN_CSV0000000000007832.csv,CAN_CSV0000000000018831.csv,Inspection Reason,Inspection Reason,4,YES
CAN_CSV0000000000009365.csv,CAN_CSV0000000000018831.csv,Inspection Reason,Inspection Reason,4,YES
CAN_CSV0000000000007832.csv,CAN_CSV0000000000018831.csv,Program ID,Program ID,4,YES
CAN_CSV0000000000009365.csv,CAN_CSV0000000000018831.csv,Program ID,Program ID,4,YES
CAN_CSV0000000000007832.csv,CAN_CSV0000000000018831.csv,Postal Code,Postal Code,4,YES
CAN_CSV0000000000009365.csv,CAN_CSV0000000000018831.csv,Postal Code,Postal Code,4,YES
CAN_CSV0000000000007832.csv,CAN_CSV0000000000018831.csv,Program Address,Program Address,4,YES
CAN_CSV0000000000009365.csv,CAN_CSV0000000000018831.csv,Program Address,Program Address,4,YES
CAN_CSV0000000000009365.csv,CAN_CSV0000000000018831.csv,Type of Program,Type of Program,4,YES
CAN_CSV0000000000007832.csv,CAN_CSV0000000000018831.csv,Program Name,Program Name,4,YES
CAN_CSV0000000000009365.csv,CAN_CSV0000000000018831.csv,Program Name,Program Name,4,YES
CAN_CSV0000000000005102.csv,CAN_CSV0000000000027243.csv,Characteristics,Characteristics,4,NO
CAN_CSV0000000000000581.csv,CAN_CSV0000000000027243.csv,Characteristics,Characteristics,4,NO
CAN_CSV0000000000004753.csv,CAN_CSV0000000000027243.csv,Characteristics,Characteristics,4,NO
USA_CSV0000000000033600.csv,USA_CSV0000000000036961.csv,year_of_enactment,year_of_enactment,4,YES
USA_CSV0000000000032324.csv,USA_CSV0000000000036961.csv,year_of_enactment,year_of_enactment,4,YES
USA_CSV0000000000036536.csv,USA_CSV0000000000036961.csv,year_of_enactment,year_of_enactment,4,YES
USA_CSV0000000000035269.csv,USA_CSV0000000000036961.csv,year_of_enactment,year_of_enactment,4,YES
USA_CSV0000000000035888.csv,USA_CSV0000000000036961.csv,year_of_enactment,year_of_enactment,4,YES
USA_CSV0000000000033288.csv,USA_CSV0000000000036961.csv,year_of_enactment,year_of_enactment,4,YES
USA_CSV0000000000033600.csv,USA_CSV0000000000036961.csv,program_code,program_code,4,YES
USA_CSV0000000000032324.csv,USA_CSV0000000000036961.csv,program_code,program_code,4,YES
USA_CSV0000000000035712.csv,USA_CSV0000000000036961.csv,program_code,program_code,4,YES
USA_CSV0000000000036536.csv,USA_CSV0000000000036961.csv,program_code,program_code,4,YES
USA_CSV0000000000033600.csv,USA_CSV0000000000036961.csv,vendor_name,vendor_name,4,YES
USA_CSV0000000000032324.csv,USA_CSV0000000000036961.csv,vendor_name,vendor_name,4,YES
USA_CSV0000000000036536.csv,USA_CSV0000000000036961.csv,vendor_name,vendor_name,4,YES
USA_CSV0000000000033600.csv,USA_CSV0000000000036961.csv,program_description,program_description,4,YES
USA_CSV0000000000032324.csv,USA_CSV0000000000036961.csv,program_description,program_description,4,YES
USA_CSV0000000000035712.csv,USA_CSV0000000000036961.csv,program_description,program_description,4,YES
USA_CSV0000000000036536.csv,USA_CSV0000000000036961.csv,program_description,program_description,4,YES
USA_CSV0000000000033600.csv,USA_CSV0000000000036961.csv,budget_reference,budget_reference,4,YES
USA_CSV0000000000032324.csv,USA_CSV0000000000036961.csv,budget_reference,budget_reference,4,YES
USA_CSV0000000000035712.csv,USA_CSV0000000000036961.csv,budget_reference,budget_reference,4,YES
USA_CSV0000000000036536.csv,USA_CSV0000000000036961.csv,budget_reference,budget_reference,4,YES
USA_CSV0000000000035269.csv,USA_CSV0000000000036961.csv,budget_reference,budget_reference,4,YES
USA_CSV0000000000035888.csv,USA_CSV0000000000036961.csv,budget_reference,budget_reference,4,YES
USA_CSV0000000000033600.csv,USA_CSV0000000000036961.csv,agency_name,agency_name,4,YES
USA_CSV0000000000032324.csv,USA_CSV0000000000036961.csv,agency_name,agency_name,4,YES
USA_CSV0000000000035712.csv,USA_CSV0000000000036961.csv,agency_name,agency_name,4,YES
USA_CSV0000000000036536.csv,USA_CSV0000000000036961.csv,agency_name,agency_name,4,YES
USA_CSV0000000000033600.csv,USA_CSV0000000000036961.csv,account_description,account_description,4,YES
USA_CSV0000000000032324.csv,USA_CSV0000000000036961.csv,account_description,account_description,4,YES
USA_CSV0000000000036536.csv,USA_CSV0000000000036961.csv,account_description,account_description,4,YES
USA_CSV0000000000033600.csv,USA_CSV0000000000036961.csv,accounting_period,accounting_period,4,YES
USA_CSV0000000000032324.csv,USA_CSV0000000000036961.csv,accounting_period,accounting_period,4,YES
USA_CSV0000000000035712.csv,USA_CSV0000000000036961.csv,accounting_period,accounting_period,4,YES
USA_CSV0000000000036536.csv,USA_CSV0000000000036961.csv,accounting_period,accounting_period,4,YES
USA_CSV0000000000035269.csv,USA_CSV0000000000036961.csv,accounting_period,accounting_period,4,YES
USA_CSV0000000000033600.csv,USA_CSV0000000000036961.csv,accounting_date,accounting_date,4,YES
USA_CSV0000000000032324.csv,USA_CSV0000000000036961.csv,accounting_date,accounting_date,4,YES
USA_CSV0000000000035712.csv,USA_CSV0000000000036961.csv,accounting_date,accounting_date,4,YES
USA_CSV0000000000036536.csv,USA_CSV0000000000036961.csv,accounting_date,accounting_date,4,YES
USA_CSV0000000000033600.csv,USA_CSV0000000000036961.csv,account_type,account_type,4,YES
USA_CSV0000000000032324.csv,USA_CSV0000000000036961.csv,account_type,account_type,4,YES
USA_CSV0000000000036536.csv,USA_CSV0000000000036961.csv,account_type,account_type,4,YES
USA_CSV0000000000035269.csv,USA_CSV0000000000036961.csv,account_type,account_type,4,YES
USA_CSV0000000000035888.csv,USA_CSV0000000000036961.csv,account_type,account_type,4,YES
USA_CSV0000000000033600.csv,USA_CSV0000000000036961.csv,fund_description,fund_description,4,YES
USA_CSV0000000000032324.csv,USA_CSV0000000000036961.csv,fund_description,fund_description,4,YES
USA_CSV0000000000036536.csv,USA_CSV0000000000036961.csv,fund_description,fund_description,4,YES
USA_CSV0000000000035269.csv,USA_CSV0000000000036961.csv,fund_description,fund_description,4,YES
USA_CSV0000000000035888.csv,USA_CSV0000000000036961.csv,fund_description,fund_description,4,YES
USA_CSV0000000000033288.csv,USA_CSV0000000000036961.csv,fund_description,fund_description,4,YES
USA_CSV0000000000033600.csv,USA_CSV0000000000036961.csv,department_name,department_name,4,YES
USA_CSV0000000000032324.csv,USA_CSV0000000000036961.csv,department_name,department_name,4,YES
USA_CSV0000000000035712.csv,USA_CSV0000000000036961.csv,department_name,department_name,4,YES
USA_CSV0000000000036536.csv,USA_CSV0000000000036961.csv,department_name,department_name,4,YES
USA_CSV0000000000033600.csv,USA_CSV0000000000036961.csv,fiscal_year_begin,fiscal_year_begin,4,YES
USA_CSV0000000000032324.csv,USA_CSV0000000000036961.csv,fiscal_year_begin,fiscal_year_begin,4,YES
USA_CSV0000000000035712.csv,USA_CSV0000000000036961.csv,fiscal_year_begin,fiscal_year_begin,4,YES
USA_CSV0000000000036536.csv,USA_CSV0000000000036961.csv,fiscal_year_begin,fiscal_year_begin,4,YES
USA_CSV0000000000035269.csv,USA_CSV0000000000036961.csv,fiscal_year_begin,fiscal_year_begin,4,YES
USA_CSV0000000000033600.csv,USA_CSV0000000000036961.csv,fund_group,fund_group,4,YES
USA_CSV0000000000032324.csv,USA_CSV0000000000036961.csv,fund_group,fund_group,4,YES
USA_CSV0000000000036536.csv,USA_CSV0000000000036961.csv,fund_group,fund_group,4,YES
USA_CSV0000000000035269.csv,USA_CSV0000000000036961.csv,fund_group,fund_group,4,YES
USA_CSV0000000000035888.csv,USA_CSV0000000000036961.csv,fund_group,fund_group,4,YES
USA_CSV0000000000033288.csv,USA_CSV0000000000036961.csv,fund_group,fund_group,4,YES
USA_CSV0000000000033774.csv,USA_CSV0000000000036961.csv,fund_group,fund_group,4,YES
USA_CSV0000000000035271.csv,USA_CSV0000000000036961.csv,fund_group,fund_group,4,YES
USA_CSV0000000000033600.csv,USA_CSV0000000000036961.csv,account_category,account_category,4,YES
USA_CSV0000000000032324.csv,USA_CSV0000000000036961.csv,account_category,account_category,4,YES
USA_CSV0000000000036536.csv,USA_CSV0000000000036961.csv,account_category,account_category,4,YES
USA_CSV0000000000033600.csv,USA_CSV0000000000036961.csv,document_id,document_id,4,YES
USA_CSV0000000000032324.csv,USA_CSV0000000000036961.csv,document_id,document_id,4,YES
USA_CSV0000000000035712.csv,USA_CSV0000000000036961.csv,document_id,document_id,4,YES
USA_CSV0000000000036536.csv,USA_CSV0000000000036961.csv,document_id,document_id,4,YES
USA_CSV0000000000033600.csv,USA_CSV0000000000036961.csv,business_unit,business_unit,4,YES
USA_CSV0000000000032324.csv,USA_CSV0000000000036961.csv,business_unit,business_unit,4,YES
USA_CSV0000000000035712.csv,USA_CSV0000000000036961.csv,business_unit,business_unit,4,YES
USA_CSV0000000000036536.csv,USA_CSV0000000000036961.csv,business_unit,business_unit,4,YES
USA_CSV0000000000033600.csv,USA_CSV0000000000036961.csv,monetary_amount,monetary_amount,4,NO
USA_CSV0000000000032324.csv,USA_CSV0000000000036961.csv,monetary_amount,monetary_amount,4,NO
USA_CSV0000000000035712.csv,USA_CSV0000000000036961.csv,monetary_amount,monetary_amount,4,NO
USA_CSV0000000000036536.csv,USA_CSV0000000000036961.csv,monetary_amount,monetary_amount,4,NO
USA_CSV0000000000033413.csv,USA_CSV0000000000035509__5.csv,OrganizationLevel,OrganizationLevel,4,YES
USA_CSV0000000000033413.csv,USA_CSV0000000000034497.csv,OrganizationID,OrganizationID,4,YES
USA_CSV0000000000033413.csv,USA_CSV0000000000036823.csv,ESDOrganizationId,ESDOrganizationId,4,YES
USA_CSV0000000000033413.csv,USA_CSV0000000000036823.csv,SchoolName,SchoolName,4,YES
USA_CSV0000000000033413.csv,USA_CSV0000000000034122.csv,SchoolName,SchoolName,4,YES
USA_CSV0000000000033413.csv,USA_CSV0000000000034122.csv,SchoolCode,SchoolCode,4,YES
USA_CSV0000000000033413.csv,USA_CSV0000000000033944.csv,SCHOOLYEAR,SCHOOLYEAR,4,YES
USA_CSV0000000000033413.csv,USA_CSV0000000000035509__5.csv,DistrictName,DistrictName,4,YES
USA_CSV0000000000033413.csv,USA_CSV0000000000036823.csv,DistrictName,DistrictName,4,YES
CAN_CSV0000000000023436.csv,CAN_CSV0000000000025306.csv,Date & Time,Date & Time,4,YES
CAN_CSV0000000000001370.csv,CAN_CSV0000000000002115__26.csv,Province/Canada,Province/Canada,4,YES
CAN_CSV0000000000001370.csv,CAN_CSV0000000000001735__4.csv,Province/Canada,Province/Canada,4,YES
CAN_CSV0000000000001370.csv,CAN_CSV0000000000002115__26.csv,Year Année,Year Année,4,YES
USA_CSV0000000000032353.csv,USA_CSV0000000000034990.csv,Shape_Area,Shape_Area,4,NO
USA_CSV0000000000033543.csv,USA_CSV0000000000033630.csv,First Name,First Name,4,YES
USA_CSV0000000000031994.csv,USA_CSV0000000000033543.csv,First Name,First Name,4,YES
USA_CSV0000000000033156.csv,USA_CSV0000000000033543.csv,First Name,First Name,4,YES
USA_CSV0000000000033543.csv,USA_CSV0000000000035439.csv,First Name,First Name,4,YES
USA_CSV0000000000033543.csv,USA_CSV0000000000035827.csv,First Name,First Name,4,YES
USA_CSV0000000000031994.csv,USA_CSV0000000000033543.csv,Business Name,Business Name,4,YES
USA_CSV0000000000033543.csv,USA_CSV0000000000035439.csv,Business Name,Business Name,4,YES
USA_CSV0000000000033543.csv,USA_CSV0000000000035827.csv,Business Name,Business Name,4,YES
USA_CSV0000000000033543.csv,USA_CSV0000000000033630.csv,Business Name,Business Name,4,YES
USA_CSV0000000000033156.csv,USA_CSV0000000000033543.csv,Business Name,Business Name,4,YES
USA_CSV0000000000033543.csv,USA_CSV0000000000033630.csv,Registry Date,Registry Date,4,YES
USA_CSV0000000000031994.csv,USA_CSV0000000000033543.csv,Registry Date,Registry Date,4,YES
USA_CSV0000000000033156.csv,USA_CSV0000000000033543.csv,Registry Date,Registry Date,4,YES
USA_CSV0000000000033543.csv,USA_CSV0000000000035439.csv,Registry Date,Registry Date,4,YES
USA_CSV0000000000033543.csv,USA_CSV0000000000035827.csv,Registry Date,Registry Date,4,YES
CAN_CSV0000000000001963.csv,CAN_CSV0000000000016775.csv,service_id,service_id,4,YES
CAN_CSV0000000000009256.csv,CAN_CSV0000000000016775.csv,service_id,service_id,4,YES
CAN_CSV0000000000001861.csv,CAN_CSV0000000000016775.csv,service_id,service_id,4,YES
CAN_CSV0000000000009256.csv,CAN_CSV0000000000016775.csv,service_std_target,service_std_target,4,NO
CAN_CSV0000000000009256.csv,CAN_CSV0000000000016775.csv,service_std_type,service_std_type,4,YES
CAN_CSV0000000000001963.csv,CAN_CSV0000000000016775.csv,service_name_fr,service_name_fr,4,YES
CAN_CSV0000000000009256.csv,CAN_CSV0000000000016775.csv,service_name_fr,service_name_fr,4,YES
CAN_CSV0000000000001861.csv,CAN_CSV0000000000016775.csv,service_name_fr,service_name_fr,4,YES
CAN_CSV0000000000009256.csv,CAN_CSV0000000000016775.csv,service_std_url_en,service_std_url_en,4,YES
CAN_CSV0000000000001963.csv,CAN_CSV0000000000016775.csv,department_name_en,department_name_en,4,YES
CAN_CSV0000000000009256.csv,CAN_CSV0000000000016775.csv,department_name_en,department_name_en,4,YES
CAN_CSV0000000000001861.csv,CAN_CSV0000000000016775.csv,department_name_en,department_name_en,4,YES
CAN_CSV0000000000009256.csv,CAN_CSV0000000000016775.csv,total_volume,total_volume,4,NO
CAN_CSV0000000000009256.csv,CAN_CSV0000000000016775.csv,service_std_url_fr,service_std_url_fr,4,YES
CAN_CSV0000000000009256.csv,CAN_CSV0000000000016775.csv,service_std_fr,service_std_fr,4,NO
CAN_CSV0000000000009256.csv,CAN_CSV0000000000016775.csv,performance,performance,4,NO
CAN_CSV0000000000001963.csv,CAN_CSV0000000000016775.csv,service_name_en,service_name_en,4,YES
CAN_CSV0000000000009256.csv,CAN_CSV0000000000016775.csv,service_name_en,service_name_en,4,YES
CAN_CSV0000000000001861.csv,CAN_CSV0000000000016775.csv,service_name_en,service_name_en,4,YES
CAN_CSV0000000000009256.csv,CAN_CSV0000000000016775.csv,target_type,target_type,4,YES
CAN_CSV0000000000009256.csv,CAN_CSV0000000000016775.csv,service_std_en,service_std_en,4,NO
USA_CSV0000000000033066.csv,USA_CSV0000000000037302.csv,VOUCHER_STYLE,VOUCHER_STYLE,4,YES
USA_CSV0000000000033066.csv,USA_CSV0000000000037099.csv,VOUCHER_STYLE,VOUCHER_STYLE,4,YES
USA_CSV0000000000033066.csv,USA_CSV0000000000036104.csv,VOUCHER_STYLE,VOUCHER_STYLE,4,YES
USA_CSV0000000000033066.csv,USA_CSV0000000000037302.csv,VOUCHER_ID,VOUCHER_ID,4,YES
USA_CSV0000000000033066.csv,USA_CSV0000000000037099.csv,VOUCHER_ID,VOUCHER_ID,4,YES
USA_CSV0000000000033066.csv,USA_CSV0000000000036104.csv,VOUCHER_ID,VOUCHER_ID,4,YES
USA_CSV0000000000033066.csv,USA_CSV0000000000037302.csv,TRANSACTION_TYPE,TRANSACTION_TYPE,4,YES
USA_CSV0000000000031994.csv,USA_CSV0000000000033543.csv,First Name,First Name,4,YES
USA_CSV0000000000031994.csv,USA_CSV0000000000033630.csv,First Name,First Name,4,YES
USA_CSV0000000000031994.csv,USA_CSV0000000000033543.csv,Entity Type,Entity Type,4,YES
USA_CSV0000000000031994.csv,USA_CSV0000000000033630.csv,Entity Type,Entity Type,4,YES
USA_CSV0000000000031994.csv,USA_CSV0000000000034329.csv,Entity Type,Entity Type,4,YES
USA_CSV0000000000031994.csv,USA_CSV0000000000033156.csv,Entity Type,Entity Type,4,YES
USA_CSV0000000000031994.csv,USA_CSV0000000000035439.csv,Entity Type,Entity Type,4,YES
USA_CSV0000000000031994.csv,USA_CSV0000000000035827.csv,Entity Type,Entity Type,4,YES
USA_CSV0000000000031994.csv,USA_CSV0000000000035439.csv,Business Name,Business Name,4,YES
USA_CSV0000000000031994.csv,USA_CSV0000000000033543.csv,Registry Date,Registry Date,4,YES
USA_CSV0000000000031994.csv,USA_CSV0000000000033630.csv,Registry Date,Registry Date,4,YES
USA_CSV0000000000031994.csv,USA_CSV0000000000034329.csv,Registry Date,Registry Date,4,YES
USA_CSV0000000000031994.csv,USA_CSV0000000000033156.csv,Registry Date,Registry Date,4,YES
USA_CSV0000000000031994.csv,USA_CSV0000000000035439.csv,Registry Date,Registry Date,4,YES
USA_CSV0000000000031994.csv,USA_CSV0000000000035827.csv,Registry Date,Registry Date,4,YES
USA_CSV0000000000031994.csv,USA_CSV0000000000033543.csv,Registry Number,Registry Number,4,YES
CAN_CSV0000000000014850.csv,CAN_CSV0000000000024921.csv,TERME_FR_PARAMETRE,TERME_FR_PARAMETRE,4,YES
CAN_CSV0000000000014850.csv,CAN_CSV0000000000024921.csv,SUBJECT_EN,SUBJECT_EN,4,YES
CAN_CSV0000000000014850.csv,CAN_CSV0000000000024921.csv,DOMAINE_FR,DOMAINE_FR,4,YES
CAN_CSV0000000000014850.csv,CAN_CSV0000000000024921.csv,JUSTIFICATION_1_FR,JUSTIFICATION_1_FR,4,NO
CAN_CSV0000000000014850.csv,CAN_CSV0000000000024921.csv,TERM_EN_PARAMETER,TERM_EN_PARAMETER,4,YES
CAN_CSV0000000000003365.csv,CAN_CSV0000000000007832.csv,Inspection Date,Inspection Date,4,YES
CAN_CSV0000000000003365.csv,CAN_CSV0000000000009365.csv,Inspection Date,Inspection Date,4,YES
CAN_CSV0000000000003365.csv,CAN_CSV0000000000007832.csv,Program City,Program City,4,YES
CAN_CSV0000000000003365.csv,CAN_CSV0000000000009365.csv,Program City,Program City,4,YES
CAN_CSV0000000000003365.csv,CAN_CSV0000000000018831.csv,Program City,Program City,4,YES
CAN_CSV0000000000003365.csv,CAN_CSV0000000000007832.csv,Inspection Reason,Inspection Reason,4,YES
CAN_CSV0000000000003365.csv,CAN_CSV0000000000009365.csv,Inspection Reason,Inspection Reason,4,YES
CAN_CSV0000000000003365.csv,CAN_CSV0000000000007832.csv,Program ID,Program ID,4,YES
CAN_CSV0000000000003365.csv,CAN_CSV0000000000009365.csv,Program ID,Program ID,4,YES
CAN_CSV0000000000003365.csv,CAN_CSV0000000000018831.csv,Program ID,Program ID,4,YES
CAN_CSV0000000000003365.csv,CAN_CSV0000000000018581.csv,Program ID,Program ID,4,YES
CAN_CSV0000000000003365.csv,CAN_CSV0000000000007832.csv,Postal Code,Postal Code,4,YES
CAN_CSV0000000000003365.csv,CAN_CSV0000000000009365.csv,Postal Code,Postal Code,4,YES
CAN_CSV0000000000003365.csv,CAN_CSV0000000000007832.csv,Program Address,Program Address,4,YES
CAN_CSV0000000000003365.csv,CAN_CSV0000000000009365.csv,Program Address,Program Address,4,YES
CAN_CSV0000000000003365.csv,CAN_CSV0000000000018831.csv,Program Address,Program Address,4,YES
CAN_CSV0000000000003365.csv,CAN_CSV0000000000009365.csv,Type of Program,Type of Program,4,YES
CAN_CSV0000000000003365.csv,CAN_CSV0000000000007832.csv,Program Name,Program Name,4,YES
CAN_CSV0000000000003365.csv,CAN_CSV0000000000009365.csv,Program Name,Program Name,4,YES
CAN_CSV0000000000003365.csv,CAN_CSV0000000000018831.csv,Program Name,Program Name,4,YES
USA_CSV0000000000024884.csv,USA_CSV0000000000037302.csv,OCP_AGNCY_NAME,OCP_AGNCY_NAME,4,YES
USA_CSV0000000000024884.csv,USA_CSV0000000000033066.csv,OCP_AGNCY_NAME,OCP_AGNCY_NAME,4,YES
USA_CSV0000000000024884.csv,USA_CSV0000000000037099.csv,OCP_AGNCY_NAME,OCP_AGNCY_NAME,4,YES
USA_CSV0000000000024884.csv,USA_CSV0000000000036104.csv,OCP_AGNCY_NAME,OCP_AGNCY_NAME,4,YES
USA_CSV0000000000024884.csv,USA_CSV0000000000037302.csv,business_unit,business_unit,4,YES
UK_CSV0000000000000987.csv,UK_CSV0000000000001955.csv,Falls within,Falls within,4,YES
UK_CSV0000000000000987.csv,UK_CSV0000000000001955.csv,Reported by,Reported by,4,YES
UK_CSV0000000000000987.csv,UK_CSV0000000000001955.csv,Crime type,Crime type,4,YES
CAN_CSV0000000000001861.csv,CAN_CSV0000000000001963.csv,online_comments_fr,online_comments_fr,4,NO
CAN_CSV0000000000001861.csv,CAN_CSV0000000000001963.csv,calls_received,calls_received,4,NO
CAN_CSV0000000000001861.csv,CAN_CSV0000000000016775.csv,service_id,service_id,4,YES
CAN_CSV0000000000001861.csv,CAN_CSV0000000000001963.csv,service_id,service_id,4,YES
CAN_CSV0000000000001861.csv,CAN_CSV0000000000009256.csv,service_id,service_id,4,YES
CAN_CSV0000000000001861.csv,CAN_CSV0000000000001963.csv,service_fee,service_fee,4,NO
CAN_CSV0000000000001861.csv,CAN_CSV0000000000001963.csv,service_scope,service_scope,4,YES
CAN_CSV0000000000001861.csv,CAN_CSV0000000000001963.csv,e_decision,e_decision,4,NO
CAN_CSV0000000000001861.csv,CAN_CSV0000000000001963.csv,e_registration,e_registration,4,NO
CAN_CSV0000000000001861.csv,CAN_CSV0000000000016775.csv,service_name_fr,service_name_fr,4,YES
CAN_CSV0000000000001861.csv,CAN_CSV0000000000001963.csv,service_name_fr,service_name_fr,4,YES
CAN_CSV0000000000001861.csv,CAN_CSV0000000000009256.csv,service_name_fr,service_name_fr,4,YES
CAN_CSV0000000000001861.csv,CAN_CSV0000000000001963.csv,special_remarks_en,special_remarks_en,4,NO
CAN_CSV0000000000001861.csv,CAN_CSV0000000000001963.csv,e_feedback,e_feedback,4,NO
CAN_CSV0000000000001861.csv,CAN_CSV0000000000001963.csv,web_visits,web_visits,4,NO
CAN_CSV0000000000001861.csv,CAN_CSV0000000000016775.csv,department_name_en,department_name_en,4,YES
CAN_CSV0000000000001861.csv,CAN_CSV0000000000001963.csv,department_name_en,department_name_en,4,YES
CAN_CSV0000000000001861.csv,CAN_CSV0000000000009256.csv,department_name_en,department_name_en,4,YES
CAN_CSV0000000000001861.csv,CAN_CSV0000000000016775.csv,department_name_fr,department_name_fr,4,YES
CAN_CSV0000000000001861.csv,CAN_CSV0000000000001963.csv,department_name_fr,department_name_fr,4,YES
CAN_CSV0000000000001861.csv,CAN_CSV0000000000009256.csv,department_name_fr,department_name_fr,4,YES
CAN_CSV0000000000001861.csv,CAN_CSV0000000000001963.csv,e_issuance,e_issuance,4,NO
CAN_CSV0000000000001861.csv,CAN_CSV0000000000016775.csv,fiscal_yr,fiscal_yr,4,YES
CAN_CSV0000000000001861.csv,CAN_CSV0000000000001963.csv,fiscal_yr,fiscal_yr,4,YES
CAN_CSV0000000000001861.csv,CAN_CSV0000000000009256.csv,fiscal_yr,fiscal_yr,4,YES
CAN_CSV0000000000001861.csv,CAN_CSV0000000000001963.csv,special_remarks_fr,special_remarks_fr,4,NO
CAN_CSV0000000000001861.csv,CAN_CSV0000000000001963.csv,e_application,e_application,4,NO
CAN_CSV0000000000001861.csv,CAN_CSV0000000000001963.csv,total_applications,total_applications,4,NO
CAN_CSV0000000000001861.csv,CAN_CSV0000000000001963.csv,client_feedback,client_feedback,4,NO
CAN_CSV0000000000001861.csv,CAN_CSV0000000000001963.csv,other_applications,other_applications,4,NO
CAN_CSV0000000000001861.csv,CAN_CSV0000000000001963.csv,e_authentication,e_authentication,4,NO
CAN_CSV0000000000001861.csv,CAN_CSV0000000000001963.csv,email_applications,email_applications,4,NO
CAN_CSV0000000000001861.csv,CAN_CSV0000000000001963.csv,fax_applications,fax_applications,4,NO
CAN_CSV0000000000001861.csv,CAN_CSV0000000000016775.csv,service_name_en,service_name_en,4,YES
CAN_CSV0000000000001286.csv,CAN_CSV0000000000027430.csv,Gender (3),Gender (3),4,NO
CAN_CSV0000000000003463.csv,CAN_CSV0000000000010564.csv,Incident Date,Incident Date,4,YES
CAN_CSV0000000000003410.csv,CAN_CSV0000000000003463.csv,Incident Date,Incident Date,4,YES
CAN_CSV0000000000003463.csv,CAN_CSV0000000000010564.csv,Incident Number,Incident Number,4,YES
CAN_CSV0000000000003410.csv,CAN_CSV0000000000003463.csv,Incident Number,Incident Number,4,YES
CAN_CSV0000000000003463.csv,USA_CSV0000000000035412__0.csv,Incident Number,Incident Number,4,YES
CAN_CSV0000000000003463.csv,CAN_CSV0000000000010564.csv,Field Unit,Field Unit,4,YES
CAN_CSV0000000000003410.csv,CAN_CSV0000000000003463.csv,Field Unit,Field Unit,4,YES
USA_CSV0000000000034847.csv,USA_CSV0000000000037148.csv,Street Name,Street Name,4,YES
USA_CSV0000000000035122.csv,USA_CSV0000000000037148.csv,Street Name,Street Name,4,YES
CAN_CSV0000000000001423.csv,CAN_CSV0000000000001435.csv,LF_SEGMENT,LF_SEGMENT,4,YES
USA_CSV0000000000033543.csv,USA_CSV0000000000035827.csv,First Name,First Name,4,YES
USA_CSV0000000000033630.csv,USA_CSV0000000000035827.csv,First Name,First Name,4,YES
USA_CSV0000000000031994.csv,USA_CSV0000000000035827.csv,First Name,First Name,4,YES
USA_CSV0000000000033543.csv,USA_CSV0000000000035827.csv,Entity Type,Entity Type,4,YES
USA_CSV0000000000033630.csv,USA_CSV0000000000035827.csv,Entity Type,Entity Type,4,YES
USA_CSV0000000000031994.csv,USA_CSV0000000000035827.csv,Entity Type,Entity Type,4,YES
USA_CSV0000000000033156.csv,USA_CSV0000000000035827.csv,Entity Type,Entity Type,4,YES
USA_CSV0000000000035439.csv,USA_CSV0000000000035827.csv,Entity Type,Entity Type,4,YES
USA_CSV0000000000033543.csv,USA_CSV0000000000035827.csv,Registry Date,Registry Date,4,YES
USA_CSV0000000000033630.csv,USA_CSV0000000000035827.csv,Registry Date,Registry Date,4,YES
USA_CSV0000000000031994.csv,USA_CSV0000000000035827.csv,Registry Date,Registry Date,4,YES
USA_CSV0000000000033156.csv,USA_CSV0000000000035827.csv,Registry Date,Registry Date,4,YES
USA_CSV0000000000035439.csv,USA_CSV0000000000035827.csv,Registry Date,Registry Date,4,YES
CAN_CSV0000000000001286.csv,CAN_CSV0000000000027430.csv,Statistics (3),Statistics (3),4,NO
CAN_CSV0000000000016419.csv,CAN_CSV0000000000026045.csv,Review Type,Review Type,4,YES
CAN_CSV0000000000003274.csv,CAN_CSV0000000000016419.csv,Review Type,Review Type,4,YES
CAN_CSV0000000000009663.csv,CAN_CSV0000000000016419.csv,Review Type,Review Type,4,YES
CAN_CSV0000000000016419.csv,CAN_CSV0000000000026045.csv,Race Group,Race Group,4,YES
CAN_CSV0000000000003274.csv,CAN_CSV0000000000016419.csv,Race Group,Race Group,4,YES
CAN_CSV0000000000009663.csv,CAN_CSV0000000000016419.csv,Race Group,Race Group,4,YES
CAN_CSV0000000000016419.csv,CAN_CSV0000000000026045.csv,Decision Month,Decision Month,4,YES
CAN_CSV0000000000003274.csv,CAN_CSV0000000000016419.csv,Decision Month,Decision Month,4,YES
CAN_CSV0000000000009663.csv,CAN_CSV0000000000016419.csv,Decision Month,Decision Month,4,YES
CAN_CSV0000000000016419.csv,CAN_CSV0000000000026045.csv,Final Decision,Final Decision,4,YES
CAN_CSV0000000000016419.csv,CAN_CSV0000000000026045.csv,Sentence Type,Sentence Type,4,YES
CAN_CSV0000000000016419.csv,CAN_CSV0000000000026045.csv,Decision Category,Decision Category,4,YES
CAN_CSV0000000000003274.csv,CAN_CSV0000000000016419.csv,Decision Category,Decision Category,4,YES
CAN_CSV0000000000009663.csv,CAN_CSV0000000000016419.csv,Decision Category,Decision Category,4,YES
CAN_CSV0000000000009470.csv,CAN_CSV0000000000016419.csv,Decision Category,Decision Category,4,YES
CAN_CSV0000000000016419.csv,CAN_CSV0000000000026045.csv,Decision Purpose,Decision Purpose,4,NO
CAN_CSV0000000000003274.csv,CAN_CSV0000000000016419.csv,Decision Purpose,Decision Purpose,4,NO
CAN_CSV0000000000009663.csv,CAN_CSV0000000000016419.csv,Decision Purpose,Decision Purpose,4,NO
CAN_CSV0000000000016419.csv,CAN_CSV0000000000026045.csv,Decision Type Group,Decision Type Group,4,YES
CAN_CSV0000000000003274.csv,CAN_CSV0000000000016419.csv,Decision Type Group,Decision Type Group,4,YES
CAN_CSV0000000000009470.csv,CAN_CSV0000000000016419.csv,Decision Type Group,Decision Type Group,4,YES
CAN_CSV0000000000016419.csv,CAN_CSV0000000000026045.csv,Decision Type,Decision Type,4,YES
CAN_CSV0000000000003274.csv,CAN_CSV0000000000016419.csv,Decision Type,Decision Type,4,YES
CAN_CSV0000000000009470.csv,CAN_CSV0000000000016419.csv,Decision Type,Decision Type,4,YES
CAN_CSV0000000000016419.csv,CAN_CSV0000000000026045.csv,Major Offence Group,Major Offence Group,4,YES
CAN_CSV0000000000003274.csv,CAN_CSV0000000000016419.csv,Major Offence Group,Major Offence Group,4,YES
CAN_CSV0000000000009663.csv,CAN_CSV0000000000016419.csv,Major Offence Group,Major Offence Group,4,YES
USA_CSV0000000000033543.csv,USA_CSV0000000000034329.csv,First Name,First Name,4,YES
USA_CSV0000000000033630.csv,USA_CSV0000000000034329.csv,First Name,First Name,4,YES
USA_CSV0000000000031994.csv,USA_CSV0000000000034329.csv,First Name,First Name,4,YES
USA_CSV0000000000033156.csv,USA_CSV0000000000034329.csv,First Name,First Name,4,YES
USA_CSV0000000000034329.csv,USA_CSV0000000000035439.csv,First Name,First Name,4,YES
USA_CSV0000000000034329.csv,USA_CSV0000000000035827.csv,First Name,First Name,4,YES
USA_CSV0000000000033543.csv,USA_CSV0000000000034329.csv,Entity Type,Entity Type,4,YES
USA_CSV0000000000031994.csv,USA_CSV0000000000034329.csv,Business Name,Business Name,4,YES
USA_CSV0000000000034329.csv,USA_CSV0000000000035439.csv,Business Name,Business Name,4,YES
USA_CSV0000000000034329.csv,USA_CSV0000000000035827.csv,Business Name,Business Name,4,YES
USA_CSV0000000000033543.csv,USA_CSV0000000000034329.csv,Business Name,Business Name,4,YES
USA_CSV0000000000033630.csv,USA_CSV0000000000034329.csv,Business Name,Business Name,4,YES
USA_CSV0000000000033543.csv,USA_CSV0000000000034329.csv,Registry Date,Registry Date,4,YES
USA_CSV0000000000033630.csv,USA_CSV0000000000034329.csv,Registry Date,Registry Date,4,YES
USA_CSV0000000000031994.csv,USA_CSV0000000000034329.csv,Registry Date,Registry Date,4,YES
USA_CSV0000000000033156.csv,USA_CSV0000000000034329.csv,Registry Date,Registry Date,4,YES
USA_CSV0000000000034329.csv,USA_CSV0000000000035439.csv,Registry Date,Registry Date,4,YES
USA_CSV0000000000034329.csv,USA_CSV0000000000035827.csv,Registry Date,Registry Date,4,YES
USA_CSV0000000000033543.csv,USA_CSV0000000000034329.csv,Registry Number,Registry Number,4,YES
USA_CSV0000000000033630.csv,USA_CSV0000000000034329.csv,Registry Number,Registry Number,4,YES
USA_CSV0000000000031994.csv,USA_CSV0000000000034329.csv,Registry Number,Registry Number,4,YES
USA_CSV0000000000014698.csv,USA_CSV0000000000035654.csv,BOUNDARYGR,BOUNDARYGR,4,YES
USA_CSV0000000000014698.csv,USA_CSV0000000000035654.csv,SCHOOL_ADD,SCHOOL_ADD,4,YES
USA_CSV0000000000018004.csv,USA_CSV0000000000036479.csv,Community Board,Community Board,4,YES
USA_CSV0000000000035934.csv,USA_CSV0000000000036479.csv,Community Board,Community Board,4,YES
USA_CSV0000000000018004.csv,USA_CSV0000000000036479.csv,Council District,Council District,4,YES
USA_CSV0000000000035934.csv,USA_CSV0000000000036479.csv,Council District,Council District,4,YES
CAN_CSV0000000000003356.csv,CAN_CSV0000000000012108.csv,CBSA Office,CBSA Office,4,YES
CAN_CSV0000000000012108.csv,CAN_CSV0000000000022798.csv,CBSA Office,CBSA Office,4,YES
CAN_CSV0000000000012108.csv,CAN_CSV0000000000022798.csv,Travellers Flow,Travellers Flow,4,YES
CAN_CSV0000000000003356.csv,CAN_CSV0000000000012108.csv,Commercial Flow,Commercial Flow,4,NO
CAN_CSV0000000000012108.csv,CAN_CSV0000000000022798.csv,Commercial Flow,Commercial Flow,4,NO
CAN_CSV0000000000012108.csv,CAN_CSV0000000000015899.csv,Commercial Flow,Commercial Flow,4,NO
USA_CSV0000000000033432.csv,USA_CSV0000000000035712.csv,accounting_period,accounting_period,4,YES
USA_CSV0000000000032324.csv,USA_CSV0000000000035712.csv,accounting_period,accounting_period,4,YES
USA_CSV0000000000035712.csv,USA_CSV0000000000036536.csv,accounting_period,accounting_period,4,YES
USA_CSV0000000000035269.csv,USA_CSV0000000000035712.csv,accounting_period,accounting_period,4,YES
USA_CSV0000000000033432.csv,USA_CSV0000000000035712.csv,accounting_date,accounting_date,4,YES
USA_CSV0000000000032324.csv,USA_CSV0000000000035712.csv,accounting_date,accounting_date,4,YES
USA_CSV0000000000035712.csv,USA_CSV0000000000036536.csv,accounting_date,accounting_date,4,YES
USA_CSV0000000000033432.csv,USA_CSV0000000000035712.csv,document_id,document_id,4,YES
USA_CSV0000000000032324.csv,USA_CSV0000000000035712.csv,document_id,document_id,4,YES
USA_CSV0000000000035712.csv,USA_CSV0000000000036536.csv,document_id,document_id,4,YES
USA_CSV0000000000035269.csv,USA_CSV0000000000035712.csv,document_id,document_id,4,YES
USA_CSV0000000000035712.csv,USA_CSV0000000000036961.csv,document_id,document_id,4,YES
USA_CSV0000000000035712.csv,USA_CSV0000000000035888.csv,document_id,document_id,4,YES
USA_CSV0000000000033432.csv,USA_CSV0000000000035712.csv,department_name,department_name,4,YES
USA_CSV0000000000032324.csv,USA_CSV0000000000035712.csv,department_name,department_name,4,YES
USA_CSV0000000000035712.csv,USA_CSV0000000000036536.csv,department_name,department_name,4,YES
USA_CSV0000000000035269.csv,USA_CSV0000000000035712.csv,department_name,department_name,4,YES
USA_CSV0000000000035712.csv,USA_CSV0000000000036961.csv,department_name,department_name,4,YES
USA_CSV0000000000035712.csv,USA_CSV0000000000035888.csv,department_name,department_name,4,YES
USA_CSV0000000000033288.csv,USA_CSV0000000000035712.csv,department_name,department_name,4,YES
USA_CSV0000000000033432.csv,USA_CSV0000000000035712.csv,budget_reference,budget_reference,4,YES
USA_CSV0000000000032324.csv,USA_CSV0000000000035712.csv,budget_reference,budget_reference,4,YES
USA_CSV0000000000035712.csv,USA_CSV0000000000036536.csv,budget_reference,budget_reference,4,YES
USA_CSV0000000000033432.csv,USA_CSV0000000000035712.csv,program_description,program_description,4,YES
USA_CSV0000000000032324.csv,USA_CSV0000000000035712.csv,program_description,program_description,4,YES
USA_CSV0000000000035712.csv,USA_CSV0000000000036536.csv,program_description,program_description,4,YES
USA_CSV0000000000033432.csv,USA_CSV0000000000035712.csv,business_unit,business_unit,4,YES
USA_CSV0000000000032324.csv,USA_CSV0000000000035712.csv,business_unit,business_unit,4,YES
USA_CSV0000000000035712.csv,USA_CSV0000000000036536.csv,business_unit,business_unit,4,YES
USA_CSV0000000000033432.csv,USA_CSV0000000000035712.csv,monetary_amount,monetary_amount,4,NO
USA_CSV0000000000032324.csv,USA_CSV0000000000035712.csv,monetary_amount,monetary_amount,4,NO
USA_CSV0000000000035712.csv,USA_CSV0000000000036536.csv,monetary_amount,monetary_amount,4,NO
USA_CSV0000000000035269.csv,USA_CSV0000000000035712.csv,monetary_amount,monetary_amount,4,NO
USA_CSV0000000000035712.csv,USA_CSV0000000000036961.csv,monetary_amount,monetary_amount,4,NO
USA_CSV0000000000035712.csv,USA_CSV0000000000035888.csv,monetary_amount,monetary_amount,4,NO
USA_CSV0000000000033432.csv,USA_CSV0000000000035712.csv,agency_name,agency_name,4,YES
USA_CSV0000000000032324.csv,USA_CSV0000000000035712.csv,agency_name,agency_name,4,YES
USA_CSV0000000000035712.csv,USA_CSV0000000000036536.csv,agency_name,agency_name,4,YES
USA_CSV0000000000035269.csv,USA_CSV0000000000035712.csv,agency_name,agency_name,4,YES
USA_CSV0000000000035712.csv,USA_CSV0000000000036961.csv,agency_name,agency_name,4,YES
USA_CSV0000000000033432.csv,USA_CSV0000000000035712.csv,fiscal_year_begin,fiscal_year_begin,4,YES
USA_CSV0000000000032324.csv,USA_CSV0000000000035712.csv,fiscal_year_begin,fiscal_year_begin,4,YES
USA_CSV0000000000035712.csv,USA_CSV0000000000036536.csv,fiscal_year_begin,fiscal_year_begin,4,YES
USA_CSV0000000000033288.csv,USA_CSV0000000000033432.csv,year_of_enactment,year_of_enactment,4,YES
USA_CSV0000000000033288.csv,USA_CSV0000000000033600.csv,year_of_enactment,year_of_enactment,4,YES
USA_CSV0000000000032324.csv,USA_CSV0000000000033288.csv,year_of_enactment,year_of_enactment,4,YES
USA_CSV0000000000033288.csv,USA_CSV0000000000036536.csv,year_of_enactment,year_of_enactment,4,YES
USA_CSV0000000000033288.csv,USA_CSV0000000000035269.csv,year_of_enactment,year_of_enactment,4,YES
USA_CSV0000000000033288.csv,USA_CSV0000000000036961.csv,year_of_enactment,year_of_enactment,4,YES
USA_CSV0000000000033288.csv,USA_CSV0000000000035888.csv,year_of_enactment,year_of_enactment,4,YES
USA_CSV0000000000033288.csv,USA_CSV0000000000033774.csv,year_of_enactment,year_of_enactment,4,YES
USA_CSV0000000000033288.csv,USA_CSV0000000000035271.csv,year_of_enactment,year_of_enactment,4,YES
USA_CSV0000000000033288.csv,USA_CSV0000000000036844.csv,year_of_enactment,year_of_enactment,4,YES
USA_CSV0000000000033288.csv,USA_CSV0000000000033432.csv,program_code,program_code,4,YES
USA_CSV0000000000033288.csv,USA_CSV0000000000033600.csv,program_code,program_code,4,YES
USA_CSV0000000000032324.csv,USA_CSV0000000000033288.csv,program_code,program_code,4,YES
USA_CSV0000000000033288.csv,USA_CSV0000000000035712.csv,program_code,program_code,4,YES
USA_CSV0000000000033288.csv,USA_CSV0000000000036536.csv,program_code,program_code,4,YES
USA_CSV0000000000033288.csv,USA_CSV0000000000035269.csv,program_code,program_code,4,YES
USA_CSV0000000000033288.csv,USA_CSV0000000000033432.csv,vendor_name,vendor_name,4,YES
USA_CSV0000000000033288.csv,USA_CSV0000000000033600.csv,vendor_name,vendor_name,4,YES
USA_CSV0000000000032324.csv,USA_CSV0000000000033288.csv,vendor_name,vendor_name,4,YES
USA_CSV0000000000033288.csv,USA_CSV0000000000036536.csv,vendor_name,vendor_name,4,YES
USA_CSV0000000000033288.csv,USA_CSV0000000000035269.csv,vendor_name,vendor_name,4,YES
USA_CSV0000000000033288.csv,USA_CSV0000000000033432.csv,program_description,program_description,4,YES
USA_CSV0000000000033288.csv,USA_CSV0000000000033600.csv,program_description,program_description,4,YES
USA_CSV0000000000032324.csv,USA_CSV0000000000033288.csv,program_description,program_description,4,YES
USA_CSV0000000000033288.csv,USA_CSV0000000000035712.csv,program_description,program_description,4,YES
USA_CSV0000000000033288.csv,USA_CSV0000000000036536.csv,program_description,program_description,4,YES
USA_CSV0000000000033288.csv,USA_CSV0000000000035269.csv,program_description,program_description,4,YES
USA_CSV0000000000033288.csv,USA_CSV0000000000036961.csv,program_description,program_description,4,YES
USA_CSV0000000000033288.csv,USA_CSV0000000000033432.csv,budget_reference,budget_reference,4,YES
USA_CSV0000000000033288.csv,USA_CSV0000000000033600.csv,budget_reference,budget_reference,4,YES
USA_CSV0000000000032324.csv,USA_CSV0000000000033288.csv,budget_reference,budget_reference,4,YES
USA_CSV0000000000033288.csv,USA_CSV0000000000035712.csv,budget_reference,budget_reference,4,YES
USA_CSV0000000000033288.csv,USA_CSV0000000000036536.csv,budget_reference,budget_reference,4,YES
USA_CSV0000000000033288.csv,USA_CSV0000000000035269.csv,budget_reference,budget_reference,4,YES
USA_CSV0000000000033288.csv,USA_CSV0000000000036961.csv,budget_reference,budget_reference,4,YES
USA_CSV0000000000033288.csv,USA_CSV0000000000033432.csv,agency_name,agency_name,4,YES
USA_CSV0000000000033288.csv,USA_CSV0000000000033600.csv,agency_name,agency_name,4,YES
USA_CSV0000000000032324.csv,USA_CSV0000000000033288.csv,agency_name,agency_name,4,YES
USA_CSV0000000000033288.csv,USA_CSV0000000000035712.csv,agency_name,agency_name,4,YES
USA_CSV0000000000033288.csv,USA_CSV0000000000036536.csv,agency_name,agency_name,4,YES
USA_CSV0000000000033288.csv,USA_CSV0000000000033432.csv,account_description,account_description,4,YES
USA_CSV0000000000033288.csv,USA_CSV0000000000033600.csv,account_description,account_description,4,YES
USA_CSV0000000000032324.csv,USA_CSV0000000000033288.csv,account_description,account_description,4,YES
USA_CSV0000000000033288.csv,USA_CSV0000000000036536.csv,account_description,account_description,4,YES
USA_CSV0000000000033288.csv,USA_CSV0000000000035269.csv,account_description,account_description,4,YES
USA_CSV0000000000033288.csv,USA_CSV0000000000036961.csv,account_description,account_description,4,YES
USA_CSV0000000000033288.csv,USA_CSV0000000000035888.csv,account_description,account_description,4,YES
USA_CSV0000000000033288.csv,USA_CSV0000000000033774.csv,account_description,account_description,4,YES
USA_CSV0000000000033288.csv,USA_CSV0000000000035271.csv,account_description,account_description,4,YES
USA_CSV0000000000033288.csv,USA_CSV0000000000033432.csv,accounting_period,accounting_period,4,YES
USA_CSV0000000000033288.csv,USA_CSV0000000000033600.csv,accounting_period,accounting_period,4,YES
USA_CSV0000000000032324.csv,USA_CSV0000000000033288.csv,accounting_period,accounting_period,4,YES
USA_CSV0000000000033288.csv,USA_CSV0000000000035712.csv,accounting_period,accounting_period,4,YES
USA_CSV0000000000033288.csv,USA_CSV0000000000036536.csv,accounting_period,accounting_period,4,YES
USA_CSV0000000000033288.csv,USA_CSV0000000000033432.csv,accounting_date,accounting_date,4,YES
USA_CSV0000000000033288.csv,USA_CSV0000000000033600.csv,accounting_date,accounting_date,4,YES
USA_CSV0000000000032324.csv,USA_CSV0000000000033288.csv,accounting_date,accounting_date,4,YES
USA_CSV0000000000033288.csv,USA_CSV0000000000035712.csv,accounting_date,accounting_date,4,YES
USA_CSV0000000000033288.csv,USA_CSV0000000000036536.csv,accounting_date,accounting_date,4,YES
USA_CSV0000000000033288.csv,USA_CSV0000000000033432.csv,account_type,account_type,4,YES
USA_CSV0000000000033288.csv,USA_CSV0000000000033600.csv,account_type,account_type,4,YES
USA_CSV0000000000032324.csv,USA_CSV0000000000033288.csv,account_type,account_type,4,YES
USA_CSV0000000000033288.csv,USA_CSV0000000000036536.csv,account_type,account_type,4,YES
USA_CSV0000000000033288.csv,USA_CSV0000000000033432.csv,fund_description,fund_description,4,YES
USA_CSV0000000000033288.csv,USA_CSV0000000000033600.csv,fund_description,fund_description,4,YES
USA_CSV0000000000032324.csv,USA_CSV0000000000033288.csv,fund_description,fund_description,4,YES
USA_CSV0000000000033288.csv,USA_CSV0000000000036536.csv,fund_description,fund_description,4,YES
USA_CSV0000000000033288.csv,USA_CSV0000000000035269.csv,fund_description,fund_description,4,YES
USA_CSV0000000000033288.csv,USA_CSV0000000000036961.csv,fund_description,fund_description,4,YES
USA_CSV0000000000033288.csv,USA_CSV0000000000033432.csv,department_name,department_name,4,YES
USA_CSV0000000000033288.csv,USA_CSV0000000000033600.csv,department_name,department_name,4,YES
USA_CSV0000000000032324.csv,USA_CSV0000000000033288.csv,department_name,department_name,4,YES
USA_CSV0000000000033288.csv,USA_CSV0000000000035712.csv,department_name,department_name,4,YES
USA_CSV0000000000033288.csv,USA_CSV0000000000036536.csv,department_name,department_name,4,YES
USA_CSV0000000000033288.csv,USA_CSV0000000000033432.csv,fiscal_year_begin,fiscal_year_begin,4,YES
USA_CSV0000000000033288.csv,USA_CSV0000000000033600.csv,fiscal_year_begin,fiscal_year_begin,4,YES
USA_CSV0000000000032324.csv,USA_CSV0000000000033288.csv,fiscal_year_begin,fiscal_year_begin,4,YES
USA_CSV0000000000033288.csv,USA_CSV0000000000035712.csv,fiscal_year_begin,fiscal_year_begin,4,YES
USA_CSV0000000000033288.csv,USA_CSV0000000000036536.csv,fiscal_year_begin,fiscal_year_begin,4,YES
USA_CSV0000000000033288.csv,USA_CSV0000000000035269.csv,fiscal_year_begin,fiscal_year_begin,4,YES
USA_CSV0000000000033288.csv,USA_CSV0000000000033432.csv,fund_group,fund_group,4,YES
USA_CSV0000000000033288.csv,USA_CSV0000000000033600.csv,fund_group,fund_group,4,YES
USA_CSV0000000000032324.csv,USA_CSV0000000000033288.csv,fund_group,fund_group,4,YES
USA_CSV0000000000033288.csv,USA_CSV0000000000036536.csv,fund_group,fund_group,4,YES
USA_CSV0000000000033288.csv,USA_CSV0000000000035269.csv,fund_group,fund_group,4,YES
USA_CSV0000000000033288.csv,USA_CSV0000000000036961.csv,fund_group,fund_group,4,YES
USA_CSV0000000000033288.csv,USA_CSV0000000000035888.csv,fund_group,fund_group,4,YES
USA_CSV0000000000033288.csv,USA_CSV0000000000033432.csv,account_category,account_category,4,YES
USA_CSV0000000000033288.csv,USA_CSV0000000000033600.csv,account_category,account_category,4,YES
USA_CSV0000000000032324.csv,USA_CSV0000000000033288.csv,account_category,account_category,4,YES
USA_CSV0000000000033288.csv,USA_CSV0000000000036536.csv,account_category,account_category,4,YES
USA_CSV0000000000033288.csv,USA_CSV0000000000035269.csv,account_category,account_category,4,YES
USA_CSV0000000000033288.csv,USA_CSV0000000000036961.csv,account_category,account_category,4,YES
USA_CSV0000000000033288.csv,USA_CSV0000000000033432.csv,document_id,document_id,4,YES
USA_CSV0000000000033288.csv,USA_CSV0000000000033600.csv,document_id,document_id,4,YES
USA_CSV0000000000032324.csv,USA_CSV0000000000033288.csv,document_id,document_id,4,YES
USA_CSV0000000000033288.csv,USA_CSV0000000000035712.csv,document_id,document_id,4,YES
USA_CSV0000000000033288.csv,USA_CSV0000000000036536.csv,document_id,document_id,4,YES
USA_CSV0000000000033288.csv,USA_CSV0000000000035269.csv,document_id,document_id,4,YES
USA_CSV0000000000033288.csv,USA_CSV0000000000036961.csv,document_id,document_id,4,YES
USA_CSV0000000000033288.csv,USA_CSV0000000000035888.csv,document_id,document_id,4,YES
USA_CSV0000000000033288.csv,USA_CSV0000000000033432.csv,business_unit,business_unit,4,YES
USA_CSV0000000000033288.csv,USA_CSV0000000000033600.csv,business_unit,business_unit,4,YES
USA_CSV0000000000032324.csv,USA_CSV0000000000033288.csv,business_unit,business_unit,4,YES
USA_CSV0000000000033288.csv,USA_CSV0000000000035712.csv,business_unit,business_unit,4,YES
USA_CSV0000000000033288.csv,USA_CSV0000000000036536.csv,business_unit,business_unit,4,YES
USA_CSV0000000000033288.csv,USA_CSV0000000000035269.csv,business_unit,business_unit,4,YES
USA_CSV0000000000033288.csv,USA_CSV0000000000036961.csv,business_unit,business_unit,4,YES
USA_CSV0000000000033288.csv,USA_CSV0000000000035888.csv,business_unit,business_unit,4,YES
USA_CSV0000000000033288.csv,USA_CSV0000000000033432.csv,monetary_amount,monetary_amount,4,NO
USA_CSV0000000000033288.csv,USA_CSV0000000000033600.csv,monetary_amount,monetary_amount,4,NO
USA_CSV0000000000032324.csv,USA_CSV0000000000033288.csv,monetary_amount,monetary_amount,4,NO
USA_CSV0000000000033288.csv,USA_CSV0000000000035712.csv,monetary_amount,monetary_amount,4,NO
USA_CSV0000000000033288.csv,USA_CSV0000000000036536.csv,monetary_amount,monetary_amount,4,NO
USA_CSV0000000000033288.csv,USA_CSV0000000000035269.csv,monetary_amount,monetary_amount,4,NO
USA_CSV0000000000033288.csv,USA_CSV0000000000036961.csv,monetary_amount,monetary_amount,4,NO
CAN_CSV0000000000001465.csv,CAN_CSV0000000000002131.csv,ProvinceEN,ProvinceEN,4,YES
CAN_CSV0000000000002131.csv,CAN_CSV0000000000027410.csv,ResearchSubjectCode,ResearchSubjectCode,4,YES
CAN_CSV0000000000002131.csv,CAN_CSV0000000000027410.csv,CommitteeCode,CommitteeCode,4,YES
CAN_CSV0000000000002131.csv,CAN_CSV0000000000027410.csv,ResearchSubjectFR,ResearchSubjectFR,4,NO
CAN_CSV0000000000002131.csv,CAN_CSV0000000000027410.csv,ApplicationID,ApplicationID,4,YES
CAN_CSV0000000000002131.csv,CAN_CSV0000000000027410.csv,AreaOfApplicationFR,AreaOfApplicationFR,4,YES
CAN_CSV0000000000002131.csv,CAN_CSV0000000000027410.csv,ResearchSubjectEN,ResearchSubjectEN,4,NO
CAN_CSV0000000000004753.csv,CAN_CSV0000000000005102.csv,Characteristics,Characteristics,4,NO
CAN_CSV0000000000016419.csv,CAN_CSV0000000000023229.csv,Review Type,Review Type,4,YES
CAN_CSV0000000000023229.csv,CAN_CSV0000000000026045.csv,Review Type,Review Type,4,YES
CAN_CSV0000000000016419.csv,CAN_CSV0000000000023229.csv,Race Group,Race Group,4,YES
CAN_CSV0000000000023229.csv,CAN_CSV0000000000026045.csv,Race Group,Race Group,4,YES
CAN_CSV0000000000009663.csv,CAN_CSV0000000000023229.csv,Fiscal Year,Fiscal Year,4,YES
CAN_CSV0000000000016419.csv,CAN_CSV0000000000023229.csv,Decision Month,Decision Month,4,YES
CAN_CSV0000000000023229.csv,CAN_CSV0000000000026045.csv,Decision Month,Decision Month,4,YES
CAN_CSV0000000000003274.csv,CAN_CSV0000000000023229.csv,Decision Month,Decision Month,4,YES
CAN_CSV0000000000009663.csv,CAN_CSV0000000000023229.csv,Decision Month,Decision Month,4,YES
CAN_CSV0000000000009663.csv,CAN_CSV0000000000023229.csv,Review Group,Review Group,4,YES
CAN_CSV0000000000016419.csv,CAN_CSV0000000000023229.csv,Sentence Type,Sentence Type,4,YES
CAN_CSV0000000000023229.csv,CAN_CSV0000000000026045.csv,Sentence Type,Sentence Type,4,YES
CAN_CSV0000000000016419.csv,CAN_CSV0000000000023229.csv,Decision Purpose,Decision Purpose,4,NO
CAN_CSV0000000000023229.csv,CAN_CSV0000000000026045.csv,Decision Purpose,Decision Purpose,4,NO
CAN_CSV0000000000003274.csv,CAN_CSV0000000000023229.csv,Decision Purpose,Decision Purpose,4,NO
CAN_CSV0000000000016419.csv,CAN_CSV0000000000023229.csv,Jurisdiction,Jurisdiction,4,YES
CAN_CSV0000000000023229.csv,CAN_CSV0000000000026045.csv,Jurisdiction,Jurisdiction,4,YES
CAN_CSV0000000000017604.csv,CAN_CSV0000000000023229.csv,Jurisdiction,Jurisdiction,4,YES
CAN_CSV0000000000016419.csv,CAN_CSV0000000000023229.csv,Decision Category,Decision Category,4,YES
CAN_CSV0000000000023229.csv,CAN_CSV0000000000026045.csv,Decision Category,Decision Category,4,YES
CAN_CSV0000000000016419.csv,CAN_CSV0000000000023229.csv,Major Offence Group,Major Offence Group,4,YES
CAN_CSV0000000000023229.csv,CAN_CSV0000000000026045.csv,Major Offence Group,Major Offence Group,4,YES
CAN_CSV0000000000003274.csv,CAN_CSV0000000000023229.csv,Major Offence Group,Major Offence Group,4,YES
CAN_CSV0000000000017519.csv,CAN_CSV0000000000024255.csv,BookingStartDate,BookingStartDate,4,YES
CAN_CSV0000000000017519.csv,CAN_CSV0000000000024255.csv,BookingEnddate,BookingEnddate,4,YES
USA_CSV0000000000033432.csv,USA_CSV0000000000035888.csv,program_code,program_code,4,YES
USA_CSV0000000000033600.csv,USA_CSV0000000000035888.csv,program_code,program_code,4,YES
USA_CSV0000000000032324.csv,USA_CSV0000000000035888.csv,program_code,program_code,4,YES
USA_CSV0000000000035712.csv,USA_CSV0000000000035888.csv,program_code,program_code,4,YES
USA_CSV0000000000035269.csv,USA_CSV0000000000035888.csv,program_code,program_code,4,YES
USA_CSV0000000000035888.csv,USA_CSV0000000000036961.csv,program_code,program_code,4,YES
USA_CSV0000000000033432.csv,USA_CSV0000000000035888.csv,vendor_name,vendor_name,4,YES
USA_CSV0000000000033600.csv,USA_CSV0000000000035888.csv,vendor_name,vendor_name,4,YES
USA_CSV0000000000032324.csv,USA_CSV0000000000035888.csv,vendor_name,vendor_name,4,YES
USA_CSV0000000000035269.csv,USA_CSV0000000000035888.csv,vendor_name,vendor_name,4,YES
USA_CSV0000000000035888.csv,USA_CSV0000000000036961.csv,vendor_name,vendor_name,4,YES
USA_CSV0000000000033288.csv,USA_CSV0000000000035888.csv,vendor_name,vendor_name,4,YES
USA_CSV0000000000033774.csv,USA_CSV0000000000035888.csv,vendor_name,vendor_name,4,YES
USA_CSV0000000000035271.csv,USA_CSV0000000000035888.csv,vendor_name,vendor_name,4,YES
USA_CSV0000000000035888.csv,USA_CSV0000000000036844.csv,vendor_name,vendor_name,4,YES
USA_CSV0000000000033432.csv,USA_CSV0000000000035888.csv,program_description,program_description,4,YES
USA_CSV0000000000033600.csv,USA_CSV0000000000035888.csv,program_description,program_description,4,YES
USA_CSV0000000000032324.csv,USA_CSV0000000000035888.csv,program_description,program_description,4,YES
USA_CSV0000000000035712.csv,USA_CSV0000000000035888.csv,program_description,program_description,4,YES
USA_CSV0000000000035269.csv,USA_CSV0000000000035888.csv,program_description,program_description,4,YES
USA_CSV0000000000035888.csv,USA_CSV0000000000036961.csv,program_description,program_description,4,YES
USA_CSV0000000000033432.csv,USA_CSV0000000000035888.csv,budget_reference,budget_reference,4,YES
USA_CSV0000000000033600.csv,USA_CSV0000000000035888.csv,budget_reference,budget_reference,4,YES
USA_CSV0000000000032324.csv,USA_CSV0000000000035888.csv,budget_reference,budget_reference,4,YES
USA_CSV0000000000035712.csv,USA_CSV0000000000035888.csv,budget_reference,budget_reference,4,YES
USA_CSV0000000000035269.csv,USA_CSV0000000000035888.csv,budget_reference,budget_reference,4,YES
USA_CSV0000000000035888.csv,USA_CSV0000000000036961.csv,budget_reference,budget_reference,4,YES
USA_CSV0000000000033432.csv,USA_CSV0000000000035888.csv,agency_name,agency_name,4,YES
USA_CSV0000000000033600.csv,USA_CSV0000000000035888.csv,agency_name,agency_name,4,YES
USA_CSV0000000000032324.csv,USA_CSV0000000000035888.csv,agency_name,agency_name,4,YES
USA_CSV0000000000035712.csv,USA_CSV0000000000035888.csv,agency_name,agency_name,4,YES
USA_CSV0000000000035269.csv,USA_CSV0000000000035888.csv,agency_name,agency_name,4,YES
USA_CSV0000000000033432.csv,USA_CSV0000000000035888.csv,account_description,account_description,4,YES
USA_CSV0000000000033600.csv,USA_CSV0000000000035888.csv,account_description,account_description,4,YES
USA_CSV0000000000032324.csv,USA_CSV0000000000035888.csv,account_description,account_description,4,YES
USA_CSV0000000000035269.csv,USA_CSV0000000000035888.csv,account_description,account_description,4,YES
USA_CSV0000000000035888.csv,USA_CSV0000000000036961.csv,account_description,account_description,4,YES
USA_CSV0000000000033288.csv,USA_CSV0000000000035888.csv,account_description,account_description,4,YES
USA_CSV0000000000033432.csv,USA_CSV0000000000035888.csv,accounting_period,accounting_period,4,YES
USA_CSV0000000000033600.csv,USA_CSV0000000000035888.csv,accounting_period,accounting_period,4,YES
USA_CSV0000000000032324.csv,USA_CSV0000000000035888.csv,accounting_period,accounting_period,4,YES
USA_CSV0000000000035712.csv,USA_CSV0000000000035888.csv,accounting_period,accounting_period,4,YES
USA_CSV0000000000033432.csv,USA_CSV0000000000035888.csv,accounting_date,accounting_date,4,YES
USA_CSV0000000000033600.csv,USA_CSV0000000000035888.csv,accounting_date,accounting_date,4,YES
USA_CSV0000000000032324.csv,USA_CSV0000000000035888.csv,accounting_date,accounting_date,4,YES
USA_CSV0000000000035712.csv,USA_CSV0000000000035888.csv,accounting_date,accounting_date,4,YES
USA_CSV0000000000033432.csv,USA_CSV0000000000035888.csv,account_type,account_type,4,YES
USA_CSV0000000000033600.csv,USA_CSV0000000000035888.csv,account_type,account_type,4,YES
USA_CSV0000000000032324.csv,USA_CSV0000000000035888.csv,account_type,account_type,4,YES
USA_CSV0000000000035269.csv,USA_CSV0000000000035888.csv,account_type,account_type,4,YES
USA_CSV0000000000035888.csv,USA_CSV0000000000036961.csv,account_type,account_type,4,YES
USA_CSV0000000000033288.csv,USA_CSV0000000000035888.csv,account_type,account_type,4,YES
USA_CSV0000000000033774.csv,USA_CSV0000000000035888.csv,account_type,account_type,4,YES
USA_CSV0000000000033432.csv,USA_CSV0000000000035888.csv,fund_description,fund_description,4,YES
USA_CSV0000000000033600.csv,USA_CSV0000000000035888.csv,fund_description,fund_description,4,YES
USA_CSV0000000000032324.csv,USA_CSV0000000000035888.csv,fund_description,fund_description,4,YES
USA_CSV0000000000033432.csv,USA_CSV0000000000035888.csv,department_name,department_name,4,YES
USA_CSV0000000000033600.csv,USA_CSV0000000000035888.csv,department_name,department_name,4,YES
USA_CSV0000000000032324.csv,USA_CSV0000000000035888.csv,department_name,department_name,4,YES
USA_CSV0000000000035712.csv,USA_CSV0000000000035888.csv,department_name,department_name,4,YES
USA_CSV0000000000035269.csv,USA_CSV0000000000035888.csv,department_name,department_name,4,YES
USA_CSV0000000000035888.csv,USA_CSV0000000000036961.csv,department_name,department_name,4,YES
USA_CSV0000000000033288.csv,USA_CSV0000000000035888.csv,department_name,department_name,4,YES
USA_CSV0000000000033432.csv,USA_CSV0000000000035888.csv,fiscal_year_begin,fiscal_year_begin,4,YES
USA_CSV0000000000033600.csv,USA_CSV0000000000035888.csv,fiscal_year_begin,fiscal_year_begin,4,YES
USA_CSV0000000000032324.csv,USA_CSV0000000000035888.csv,fiscal_year_begin,fiscal_year_begin,4,YES
USA_CSV0000000000035712.csv,USA_CSV0000000000035888.csv,fiscal_year_begin,fiscal_year_begin,4,YES
USA_CSV0000000000035269.csv,USA_CSV0000000000035888.csv,fiscal_year_begin,fiscal_year_begin,4,YES
USA_CSV0000000000035888.csv,USA_CSV0000000000036961.csv,fiscal_year_begin,fiscal_year_begin,4,YES
USA_CSV0000000000033432.csv,USA_CSV0000000000035888.csv,fund_group,fund_group,4,YES
USA_CSV0000000000033600.csv,USA_CSV0000000000035888.csv,fund_group,fund_group,4,YES
USA_CSV0000000000032324.csv,USA_CSV0000000000035888.csv,fund_group,fund_group,4,YES
USA_CSV0000000000035269.csv,USA_CSV0000000000035888.csv,fund_group,fund_group,4,YES
USA_CSV0000000000035888.csv,USA_CSV0000000000036961.csv,fund_group,fund_group,4,YES
USA_CSV0000000000033288.csv,USA_CSV0000000000035888.csv,fund_group,fund_group,4,YES
USA_CSV0000000000033774.csv,USA_CSV0000000000035888.csv,fund_group,fund_group,4,YES
USA_CSV0000000000035271.csv,USA_CSV0000000000035888.csv,fund_group,fund_group,4,YES
USA_CSV0000000000033432.csv,USA_CSV0000000000035888.csv,account_category,account_category,4,YES
USA_CSV0000000000033600.csv,USA_CSV0000000000035888.csv,account_category,account_category,4,YES
USA_CSV0000000000032324.csv,USA_CSV0000000000035888.csv,account_category,account_category,4,YES
USA_CSV0000000000033432.csv,USA_CSV0000000000035888.csv,document_id,document_id,4,YES
USA_CSV0000000000033600.csv,USA_CSV0000000000035888.csv,document_id,document_id,4,YES
USA_CSV0000000000032324.csv,USA_CSV0000000000035888.csv,document_id,document_id,4,YES
USA_CSV0000000000035712.csv,USA_CSV0000000000035888.csv,document_id,document_id,4,YES
USA_CSV0000000000033432.csv,USA_CSV0000000000035888.csv,business_unit,business_unit,4,YES
USA_CSV0000000000033600.csv,USA_CSV0000000000035888.csv,business_unit,business_unit,4,YES
USA_CSV0000000000032324.csv,USA_CSV0000000000035888.csv,business_unit,business_unit,4,YES
USA_CSV0000000000035712.csv,USA_CSV0000000000035888.csv,business_unit,business_unit,4,YES
USA_CSV0000000000035269.csv,USA_CSV0000000000035888.csv,business_unit,business_unit,4,YES
USA_CSV0000000000033432.csv,USA_CSV0000000000035888.csv,monetary_amount,monetary_amount,4,NO
USA_CSV0000000000033600.csv,USA_CSV0000000000035888.csv,monetary_amount,monetary_amount,4,NO
USA_CSV0000000000032324.csv,USA_CSV0000000000035888.csv,monetary_amount,monetary_amount,4,NO
USA_CSV0000000000035712.csv,USA_CSV0000000000035888.csv,monetary_amount,monetary_amount,4,NO
USA_CSV0000000000035269.csv,USA_CSV0000000000035888.csv,monetary_amount,monetary_amount,4,NO
USA_CSV0000000000035888.csv,USA_CSV0000000000036961.csv,monetary_amount,monetary_amount,4,NO
CAN_CSV0000000000004354.csv,CAN_CSV0000000000012002.csv,Variable_English,Variable_English,4,YES
CAN_CSV0000000000012002.csv,CAN_CSV0000000000020732.csv,Variable_English,Variable_English,4,YES
CAN_CSV0000000000012002.csv,CAN_CSV0000000000021238.csv,Variable_English,Variable_English,4,YES
CAN_CSV0000000000003274.csv,CAN_CSV0000000000016419.csv,Sentence Type,Sentence Type,4,YES
CAN_CSV0000000000003274.csv,CAN_CSV0000000000026045.csv,Sentence Type,Sentence Type,4,YES
CAN_CSV0000000000003274.csv,CAN_CSV0000000000016419.csv,Jurisdiction,Jurisdiction,4,YES
CAN_CSV0000000000003274.csv,CAN_CSV0000000000026045.csv,Jurisdiction,Jurisdiction,4,YES
CAN_CSV0000000000003274.csv,CAN_CSV0000000000017604.csv,Jurisdiction,Jurisdiction,4,YES
CAN_CSV0000000000003274.csv,CAN_CSV0000000000016419.csv,Major Offence Group,Major Offence Group,4,YES
CAN_CSV0000000000003274.csv,CAN_CSV0000000000026045.csv,Major Offence Group,Major Offence Group,4,YES
CAN_CSV0000000000003274.csv,CAN_CSV0000000000009663.csv,Major Offence Group,Major Offence Group,4,YES
USA_CSV0000000000032324.csv,USA_CSV0000000000033432.csv,year_of_enactment,year_of_enactment,4,YES
USA_CSV0000000000032324.csv,USA_CSV0000000000033600.csv,year_of_enactment,year_of_enactment,4,YES
USA_CSV0000000000032324.csv,USA_CSV0000000000035269.csv,year_of_enactment,year_of_enactment,4,YES
USA_CSV0000000000032324.csv,USA_CSV0000000000036961.csv,year_of_enactment,year_of_enactment,4,YES
USA_CSV0000000000032324.csv,USA_CSV0000000000035888.csv,year_of_enactment,year_of_enactment,4,YES
USA_CSV0000000000032324.csv,USA_CSV0000000000033288.csv,year_of_enactment,year_of_enactment,4,YES
USA_CSV0000000000032324.csv,USA_CSV0000000000033774.csv,year_of_enactment,year_of_enactment,4,YES
USA_CSV0000000000032324.csv,USA_CSV0000000000035271.csv,year_of_enactment,year_of_enactment,4,YES
USA_CSV0000000000032324.csv,USA_CSV0000000000033432.csv,program_code,program_code,4,YES
USA_CSV0000000000032324.csv,USA_CSV0000000000033600.csv,program_code,program_code,4,YES
USA_CSV0000000000032324.csv,USA_CSV0000000000035712.csv,program_code,program_code,4,YES
USA_CSV0000000000032324.csv,USA_CSV0000000000033432.csv,vendor_name,vendor_name,4,YES
USA_CSV0000000000032324.csv,USA_CSV0000000000033600.csv,vendor_name,vendor_name,4,YES
USA_CSV0000000000032324.csv,USA_CSV0000000000035269.csv,vendor_name,vendor_name,4,YES
USA_CSV0000000000032324.csv,USA_CSV0000000000036961.csv,vendor_name,vendor_name,4,YES
USA_CSV0000000000032324.csv,USA_CSV0000000000035888.csv,vendor_name,vendor_name,4,YES
USA_CSV0000000000032324.csv,USA_CSV0000000000033288.csv,vendor_name,vendor_name,4,YES
USA_CSV0000000000032324.csv,USA_CSV0000000000033432.csv,program_description,program_description,4,YES
USA_CSV0000000000032324.csv,USA_CSV0000000000033600.csv,program_description,program_description,4,YES
USA_CSV0000000000032324.csv,USA_CSV0000000000035712.csv,program_description,program_description,4,YES
USA_CSV0000000000032324.csv,USA_CSV0000000000035269.csv,program_description,program_description,4,YES
USA_CSV0000000000032324.csv,USA_CSV0000000000036961.csv,program_description,program_description,4,YES
USA_CSV0000000000032324.csv,USA_CSV0000000000033432.csv,budget_reference,budget_reference,4,YES
USA_CSV0000000000032324.csv,USA_CSV0000000000033600.csv,budget_reference,budget_reference,4,YES
USA_CSV0000000000032324.csv,USA_CSV0000000000035712.csv,budget_reference,budget_reference,4,YES
USA_CSV0000000000032324.csv,USA_CSV0000000000033432.csv,agency_name,agency_name,4,YES
USA_CSV0000000000032324.csv,USA_CSV0000000000033600.csv,agency_name,agency_name,4,YES
USA_CSV0000000000032324.csv,USA_CSV0000000000035712.csv,agency_name,agency_name,4,YES
USA_CSV0000000000032324.csv,USA_CSV0000000000035269.csv,agency_name,agency_name,4,YES
USA_CSV0000000000032324.csv,USA_CSV0000000000036961.csv,agency_name,agency_name,4,YES
USA_CSV0000000000032324.csv,USA_CSV0000000000033432.csv,account_description,account_description,4,YES
USA_CSV0000000000032324.csv,USA_CSV0000000000033600.csv,account_description,account_description,4,YES
USA_CSV0000000000032324.csv,USA_CSV0000000000035269.csv,account_description,account_description,4,YES
USA_CSV0000000000032324.csv,USA_CSV0000000000036961.csv,account_description,account_description,4,YES
USA_CSV0000000000032324.csv,USA_CSV0000000000035888.csv,account_description,account_description,4,YES
USA_CSV0000000000032324.csv,USA_CSV0000000000033288.csv,account_description,account_description,4,YES
USA_CSV0000000000032324.csv,USA_CSV0000000000033432.csv,accounting_period,accounting_period,4,YES
USA_CSV0000000000032324.csv,USA_CSV0000000000033600.csv,accounting_period,accounting_period,4,YES
USA_CSV0000000000032324.csv,USA_CSV0000000000035712.csv,accounting_period,accounting_period,4,YES
USA_CSV0000000000032324.csv,USA_CSV0000000000033432.csv,accounting_date,accounting_date,4,YES
USA_CSV0000000000032324.csv,USA_CSV0000000000033600.csv,accounting_date,accounting_date,4,YES
USA_CSV0000000000032324.csv,USA_CSV0000000000035712.csv,accounting_date,accounting_date,4,YES
USA_CSV0000000000032324.csv,USA_CSV0000000000035269.csv,accounting_date,accounting_date,4,YES
USA_CSV0000000000032324.csv,USA_CSV0000000000036961.csv,accounting_date,accounting_date,4,YES
USA_CSV0000000000032324.csv,USA_CSV0000000000033432.csv,account_type,account_type,4,YES
USA_CSV0000000000032324.csv,USA_CSV0000000000033600.csv,account_type,account_type,4,YES
USA_CSV0000000000032324.csv,USA_CSV0000000000035269.csv,account_type,account_type,4,YES
USA_CSV0000000000032324.csv,USA_CSV0000000000036961.csv,account_type,account_type,4,YES
USA_CSV0000000000032324.csv,USA_CSV0000000000035888.csv,account_type,account_type,4,YES
USA_CSV0000000000032324.csv,USA_CSV0000000000033288.csv,account_type,account_type,4,YES
USA_CSV0000000000032324.csv,USA_CSV0000000000033774.csv,account_type,account_type,4,YES
USA_CSV0000000000032324.csv,USA_CSV0000000000035271.csv,account_type,account_type,4,YES
USA_CSV0000000000032324.csv,USA_CSV0000000000033432.csv,fund_description,fund_description,4,YES
USA_CSV0000000000032324.csv,USA_CSV0000000000033600.csv,fund_description,fund_description,4,YES
USA_CSV0000000000032324.csv,USA_CSV0000000000035269.csv,fund_description,fund_description,4,YES
USA_CSV0000000000032324.csv,USA_CSV0000000000036961.csv,fund_description,fund_description,4,YES
USA_CSV0000000000032324.csv,USA_CSV0000000000033432.csv,department_name,department_name,4,YES
USA_CSV0000000000032324.csv,USA_CSV0000000000033600.csv,department_name,department_name,4,YES
USA_CSV0000000000032324.csv,USA_CSV0000000000035712.csv,department_name,department_name,4,YES
USA_CSV0000000000032324.csv,USA_CSV0000000000033432.csv,fiscal_year_begin,fiscal_year_begin,4,YES
USA_CSV0000000000032324.csv,USA_CSV0000000000033600.csv,fiscal_year_begin,fiscal_year_begin,4,YES
USA_CSV0000000000032324.csv,USA_CSV0000000000035712.csv,fiscal_year_begin,fiscal_year_begin,4,YES
USA_CSV0000000000032324.csv,USA_CSV0000000000035269.csv,fiscal_year_begin,fiscal_year_begin,4,YES
USA_CSV0000000000032324.csv,USA_CSV0000000000033432.csv,fund_group,fund_group,4,YES
USA_CSV0000000000032324.csv,USA_CSV0000000000033600.csv,fund_group,fund_group,4,YES
USA_CSV0000000000032324.csv,USA_CSV0000000000035269.csv,fund_group,fund_group,4,YES
USA_CSV0000000000032324.csv,USA_CSV0000000000036961.csv,fund_group,fund_group,4,YES
USA_CSV0000000000032324.csv,USA_CSV0000000000035888.csv,fund_group,fund_group,4,YES
USA_CSV0000000000032324.csv,USA_CSV0000000000033288.csv,fund_group,fund_group,4,YES
USA_CSV0000000000032324.csv,USA_CSV0000000000033774.csv,fund_group,fund_group,4,YES
USA_CSV0000000000032324.csv,USA_CSV0000000000035271.csv,fund_group,fund_group,4,YES
USA_CSV0000000000032324.csv,USA_CSV0000000000033432.csv,account_category,account_category,4,YES
USA_CSV0000000000032324.csv,USA_CSV0000000000033600.csv,account_category,account_category,4,YES
USA_CSV0000000000032324.csv,USA_CSV0000000000035269.csv,account_category,account_category,4,YES
USA_CSV0000000000032324.csv,USA_CSV0000000000036961.csv,account_category,account_category,4,YES
USA_CSV0000000000032324.csv,USA_CSV0000000000035888.csv,account_category,account_category,4,YES
USA_CSV0000000000032324.csv,USA_CSV0000000000033288.csv,account_category,account_category,4,YES
USA_CSV0000000000032324.csv,USA_CSV0000000000033774.csv,account_category,account_category,4,YES
USA_CSV0000000000032324.csv,USA_CSV0000000000033432.csv,document_id,document_id,4,YES
USA_CSV0000000000032324.csv,USA_CSV0000000000033600.csv,document_id,document_id,4,YES
USA_CSV0000000000032324.csv,USA_CSV0000000000035712.csv,document_id,document_id,4,YES
USA_CSV0000000000032324.csv,USA_CSV0000000000035269.csv,document_id,document_id,4,YES
USA_CSV0000000000032324.csv,USA_CSV0000000000036961.csv,document_id,document_id,4,YES
USA_CSV0000000000032324.csv,USA_CSV0000000000035888.csv,document_id,document_id,4,YES
USA_CSV0000000000032324.csv,USA_CSV0000000000033432.csv,business_unit,business_unit,4,YES
USA_CSV0000000000032324.csv,USA_CSV0000000000033600.csv,business_unit,business_unit,4,YES
USA_CSV0000000000032324.csv,USA_CSV0000000000035712.csv,business_unit,business_unit,4,YES
USA_CSV0000000000032324.csv,USA_CSV0000000000035269.csv,business_unit,business_unit,4,YES
USA_CSV0000000000032324.csv,USA_CSV0000000000036961.csv,business_unit,business_unit,4,YES
USA_CSV0000000000032324.csv,USA_CSV0000000000033432.csv,monetary_amount,monetary_amount,4,NO
USA_CSV0000000000032324.csv,USA_CSV0000000000033600.csv,monetary_amount,monetary_amount,4,NO
USA_CSV0000000000032324.csv,USA_CSV0000000000035712.csv,monetary_amount,monetary_amount,4,NO
USA_CSV0000000000033413.csv,USA_CSV0000000000034122.csv,OrganizationLevel,OrganizationLevel,4,YES
USA_CSV0000000000034122.csv,USA_CSV0000000000035509__5.csv,OrganizationLevel,OrganizationLevel,4,YES
USA_CSV0000000000033413.csv,USA_CSV0000000000034122.csv,ESDOrganizationId,ESDOrganizationId,4,YES
USA_CSV0000000000033413.csv,USA_CSV0000000000034122.csv,DistrictCode,DistrictCode,4,YES
USA_CSV0000000000033413.csv,USA_CSV0000000000034122.csv,SchoolName,SchoolName,4,YES
USA_CSV0000000000034122.csv,USA_CSV0000000000036823.csv,SchoolName,SchoolName,4,YES
USA_CSV0000000000033413.csv,USA_CSV0000000000034122.csv,SchoolCode,SchoolCode,4,YES
USA_CSV0000000000033413.csv,USA_CSV0000000000034122.csv,SCHOOLYEAR,SCHOOLYEAR,4,YES
USA_CSV0000000000033413.csv,USA_CSV0000000000034122.csv,DistrictName,DistrictName,4,YES
USA_CSV0000000000034122.csv,USA_CSV0000000000035509__5.csv,DistrictName,DistrictName,4,YES
USA_CSV0000000000033432.csv,USA_CSV0000000000036844.csv,year_of_enactment,year_of_enactment,4,YES
USA_CSV0000000000033600.csv,USA_CSV0000000000036844.csv,year_of_enactment,year_of_enactment,4,YES
USA_CSV0000000000032324.csv,USA_CSV0000000000036844.csv,year_of_enactment,year_of_enactment,4,YES
USA_CSV0000000000036536.csv,USA_CSV0000000000036844.csv,year_of_enactment,year_of_enactment,4,YES
USA_CSV0000000000035269.csv,USA_CSV0000000000036844.csv,year_of_enactment,year_of_enactment,4,YES
USA_CSV0000000000036844.csv,USA_CSV0000000000036961.csv,year_of_enactment,year_of_enactment,4,YES
USA_CSV0000000000035888.csv,USA_CSV0000000000036844.csv,year_of_enactment,year_of_enactment,4,YES
USA_CSV0000000000033432.csv,USA_CSV0000000000036844.csv,program_code,program_code,4,YES
USA_CSV0000000000033600.csv,USA_CSV0000000000036844.csv,program_code,program_code,4,YES
USA_CSV0000000000032324.csv,USA_CSV0000000000036844.csv,program_code,program_code,4,YES
USA_CSV0000000000035712.csv,USA_CSV0000000000036844.csv,program_code,program_code,4,YES
USA_CSV0000000000033432.csv,USA_CSV0000000000036844.csv,vendor_name,vendor_name,4,YES
USA_CSV0000000000033600.csv,USA_CSV0000000000036844.csv,vendor_name,vendor_name,4,YES
USA_CSV0000000000032324.csv,USA_CSV0000000000036844.csv,vendor_name,vendor_name,4,YES
USA_CSV0000000000036536.csv,USA_CSV0000000000036844.csv,vendor_name,vendor_name,4,YES
USA_CSV0000000000033432.csv,USA_CSV0000000000036844.csv,program_description,program_description,4,YES
USA_CSV0000000000033600.csv,USA_CSV0000000000036844.csv,program_description,program_description,4,YES
USA_CSV0000000000032324.csv,USA_CSV0000000000036844.csv,program_description,program_description,4,YES
USA_CSV0000000000035712.csv,USA_CSV0000000000036844.csv,program_description,program_description,4,YES
USA_CSV0000000000036536.csv,USA_CSV0000000000036844.csv,program_description,program_description,4,YES
USA_CSV0000000000033432.csv,USA_CSV0000000000036844.csv,budget_reference,budget_reference,4,YES
USA_CSV0000000000033600.csv,USA_CSV0000000000036844.csv,budget_reference,budget_reference,4,YES
USA_CSV0000000000032324.csv,USA_CSV0000000000036844.csv,budget_reference,budget_reference,4,YES
USA_CSV0000000000035712.csv,USA_CSV0000000000036844.csv,budget_reference,budget_reference,4,YES
USA_CSV0000000000036536.csv,USA_CSV0000000000036844.csv,budget_reference,budget_reference,4,YES
USA_CSV0000000000035269.csv,USA_CSV0000000000036844.csv,budget_reference,budget_reference,4,YES
USA_CSV0000000000033432.csv,USA_CSV0000000000036844.csv,agency_name,agency_name,4,YES
USA_CSV0000000000033600.csv,USA_CSV0000000000036844.csv,agency_name,agency_name,4,YES
USA_CSV0000000000032324.csv,USA_CSV0000000000036844.csv,agency_name,agency_name,4,YES
USA_CSV0000000000035712.csv,USA_CSV0000000000036844.csv,agency_name,agency_name,4,YES
USA_CSV0000000000033432.csv,USA_CSV0000000000036844.csv,account_description,account_description,4,YES
USA_CSV0000000000033600.csv,USA_CSV0000000000036844.csv,account_description,account_description,4,YES
USA_CSV0000000000032324.csv,USA_CSV0000000000036844.csv,account_description,account_description,4,YES
USA_CSV0000000000036536.csv,USA_CSV0000000000036844.csv,account_description,account_description,4,YES
USA_CSV0000000000035269.csv,USA_CSV0000000000036844.csv,account_description,account_description,4,YES
USA_CSV0000000000036844.csv,USA_CSV0000000000036961.csv,account_description,account_description,4,YES
USA_CSV0000000000035888.csv,USA_CSV0000000000036844.csv,account_description,account_description,4,YES
USA_CSV0000000000033432.csv,USA_CSV0000000000036844.csv,accounting_period,accounting_period,4,YES
USA_CSV0000000000033600.csv,USA_CSV0000000000036844.csv,accounting_period,accounting_period,4,YES
USA_CSV0000000000032324.csv,USA_CSV0000000000036844.csv,accounting_period,accounting_period,4,YES
USA_CSV0000000000035712.csv,USA_CSV0000000000036844.csv,accounting_period,accounting_period,4,YES
USA_CSV0000000000033432.csv,USA_CSV0000000000036844.csv,accounting_date,accounting_date,4,YES
USA_CSV0000000000033600.csv,USA_CSV0000000000036844.csv,accounting_date,accounting_date,4,YES
USA_CSV0000000000032324.csv,USA_CSV0000000000036844.csv,accounting_date,accounting_date,4,YES
USA_CSV0000000000035712.csv,USA_CSV0000000000036844.csv,accounting_date,accounting_date,4,YES
USA_CSV0000000000036536.csv,USA_CSV0000000000036844.csv,accounting_date,accounting_date,4,YES
USA_CSV0000000000035269.csv,USA_CSV0000000000036844.csv,accounting_date,accounting_date,4,YES
USA_CSV0000000000036844.csv,USA_CSV0000000000036961.csv,accounting_date,accounting_date,4,YES
USA_CSV0000000000033432.csv,USA_CSV0000000000036844.csv,account_type,account_type,4,YES
USA_CSV0000000000033600.csv,USA_CSV0000000000036844.csv,account_type,account_type,4,YES
USA_CSV0000000000032324.csv,USA_CSV0000000000036844.csv,account_type,account_type,4,YES
USA_CSV0000000000036536.csv,USA_CSV0000000000036844.csv,account_type,account_type,4,YES
USA_CSV0000000000033432.csv,USA_CSV0000000000036844.csv,fund_description,fund_description,4,YES
USA_CSV0000000000033600.csv,USA_CSV0000000000036844.csv,fund_description,fund_description,4,YES
USA_CSV0000000000032324.csv,USA_CSV0000000000036844.csv,fund_description,fund_description,4,YES
USA_CSV0000000000036536.csv,USA_CSV0000000000036844.csv,fund_description,fund_description,4,YES
USA_CSV0000000000035269.csv,USA_CSV0000000000036844.csv,fund_description,fund_description,4,YES
USA_CSV0000000000036844.csv,USA_CSV0000000000036961.csv,fund_description,fund_description,4,YES
USA_CSV0000000000035888.csv,USA_CSV0000000000036844.csv,fund_description,fund_description,4,YES
USA_CSV0000000000033432.csv,USA_CSV0000000000036844.csv,department_name,department_name,4,YES
USA_CSV0000000000033600.csv,USA_CSV0000000000036844.csv,department_name,department_name,4,YES
USA_CSV0000000000032324.csv,USA_CSV0000000000036844.csv,department_name,department_name,4,YES
USA_CSV0000000000035712.csv,USA_CSV0000000000036844.csv,department_name,department_name,4,YES
USA_CSV0000000000036536.csv,USA_CSV0000000000036844.csv,department_name,department_name,4,YES
USA_CSV0000000000033432.csv,USA_CSV0000000000036844.csv,fiscal_year_begin,fiscal_year_begin,4,YES
USA_CSV0000000000033600.csv,USA_CSV0000000000036844.csv,fiscal_year_begin,fiscal_year_begin,4,YES
USA_CSV0000000000032324.csv,USA_CSV0000000000036844.csv,fiscal_year_begin,fiscal_year_begin,4,YES
USA_CSV0000000000035712.csv,USA_CSV0000000000036844.csv,fiscal_year_begin,fiscal_year_begin,4,YES
USA_CSV0000000000036536.csv,USA_CSV0000000000036844.csv,fiscal_year_begin,fiscal_year_begin,4,YES
USA_CSV0000000000035269.csv,USA_CSV0000000000036844.csv,fiscal_year_begin,fiscal_year_begin,4,YES
USA_CSV0000000000036844.csv,USA_CSV0000000000036961.csv,fiscal_year_begin,fiscal_year_begin,4,YES
USA_CSV0000000000033432.csv,USA_CSV0000000000036844.csv,fund_group,fund_group,4,YES
USA_CSV0000000000033600.csv,USA_CSV0000000000036844.csv,fund_group,fund_group,4,YES
USA_CSV0000000000032324.csv,USA_CSV0000000000036844.csv,fund_group,fund_group,4,YES
USA_CSV0000000000036536.csv,USA_CSV0000000000036844.csv,fund_group,fund_group,4,YES
USA_CSV0000000000035269.csv,USA_CSV0000000000036844.csv,fund_group,fund_group,4,YES
USA_CSV0000000000036844.csv,USA_CSV0000000000036961.csv,fund_group,fund_group,4,YES
USA_CSV0000000000035888.csv,USA_CSV0000000000036844.csv,fund_group,fund_group,4,YES
USA_CSV0000000000033432.csv,USA_CSV0000000000036844.csv,account_category,account_category,4,YES
USA_CSV0000000000033600.csv,USA_CSV0000000000036844.csv,account_category,account_category,4,YES
USA_CSV0000000000032324.csv,USA_CSV0000000000036844.csv,account_category,account_category,4,YES
USA_CSV0000000000036536.csv,USA_CSV0000000000036844.csv,account_category,account_category,4,YES
USA_CSV0000000000035269.csv,USA_CSV0000000000036844.csv,account_category,account_category,4,YES
USA_CSV0000000000036844.csv,USA_CSV0000000000036961.csv,account_category,account_category,4,YES
USA_CSV0000000000035888.csv,USA_CSV0000000000036844.csv,account_category,account_category,4,YES
USA_CSV0000000000033774.csv,USA_CSV0000000000036844.csv,account_category,account_category,4,YES
USA_CSV0000000000035271.csv,USA_CSV0000000000036844.csv,account_category,account_category,4,YES
USA_CSV0000000000033432.csv,USA_CSV0000000000036844.csv,document_id,document_id,4,YES
USA_CSV0000000000033600.csv,USA_CSV0000000000036844.csv,document_id,document_id,4,YES
USA_CSV0000000000032324.csv,USA_CSV0000000000036844.csv,document_id,document_id,4,YES
USA_CSV0000000000035712.csv,USA_CSV0000000000036844.csv,document_id,document_id,4,YES
USA_CSV0000000000036536.csv,USA_CSV0000000000036844.csv,document_id,document_id,4,YES
USA_CSV0000000000035269.csv,USA_CSV0000000000036844.csv,document_id,document_id,4,YES
USA_CSV0000000000036844.csv,USA_CSV0000000000036961.csv,document_id,document_id,4,YES
USA_CSV0000000000033432.csv,USA_CSV0000000000036844.csv,business_unit,business_unit,4,YES
USA_CSV0000000000033600.csv,USA_CSV0000000000036844.csv,business_unit,business_unit,4,YES
USA_CSV0000000000032324.csv,USA_CSV0000000000036844.csv,business_unit,business_unit,4,YES
USA_CSV0000000000035712.csv,USA_CSV0000000000036844.csv,business_unit,business_unit,4,YES
USA_CSV0000000000036536.csv,USA_CSV0000000000036844.csv,business_unit,business_unit,4,YES
USA_CSV0000000000033432.csv,USA_CSV0000000000036844.csv,monetary_amount,monetary_amount,4,NO
USA_CSV0000000000033600.csv,USA_CSV0000000000036844.csv,monetary_amount,monetary_amount,4,NO
USA_CSV0000000000032324.csv,USA_CSV0000000000036844.csv,monetary_amount,monetary_amount,4,NO
USA_CSV0000000000035712.csv,USA_CSV0000000000036844.csv,monetary_amount,monetary_amount,4,NO
USA_CSV0000000000036536.csv,USA_CSV0000000000036844.csv,monetary_amount,monetary_amount,4,NO
USA_CSV0000000000035269.csv,USA_CSV0000000000036844.csv,monetary_amount,monetary_amount,4,NO
USA_CSV0000000000036844.csv,USA_CSV0000000000036961.csv,monetary_amount,monetary_amount,4,NO
USA_CSV0000000000035888.csv,USA_CSV0000000000036844.csv,monetary_amount,monetary_amount,4,NO
USA_CSV0000000000032353.csv,USA_CSV0000000000032785.csv,SCHOOLYEAR,SCHOOLYEAR,4,YES
CAN_CSV0000000000001423.csv,CAN_CSV0000000000001435.csv,LF_SEGMENT,LF_SEGMENT,4,YES
CAN_CSV0000000000009663.csv,CAN_CSV0000000000016419.csv,Review Type,Review Type,4,YES
CAN_CSV0000000000009663.csv,CAN_CSV0000000000026045.csv,Review Type,Review Type,4,YES
CAN_CSV0000000000003274.csv,CAN_CSV0000000000009663.csv,Review Type,Review Type,4,YES
CAN_CSV0000000000009470.csv,CAN_CSV0000000000009663.csv,Review Type,Review Type,4,YES
CAN_CSV0000000000009663.csv,CAN_CSV0000000000016419.csv,Race Group,Race Group,4,YES
CAN_CSV0000000000009663.csv,CAN_CSV0000000000026045.csv,Race Group,Race Group,4,YES
CAN_CSV0000000000003274.csv,CAN_CSV0000000000009663.csv,Race Group,Race Group,4,YES
CAN_CSV0000000000009663.csv,CAN_CSV0000000000023229.csv,Fiscal Year,Fiscal Year,4,YES
CAN_CSV0000000000009663.csv,CAN_CSV0000000000016419.csv,Decision Month,Decision Month,4,YES
CAN_CSV0000000000009663.csv,CAN_CSV0000000000026045.csv,Decision Month,Decision Month,4,YES
CAN_CSV0000000000009663.csv,CAN_CSV0000000000023229.csv,Review Group,Review Group,4,YES
CAN_CSV0000000000009663.csv,CAN_CSV0000000000016419.csv,Sentence Type,Sentence Type,4,YES
CAN_CSV0000000000009663.csv,CAN_CSV0000000000026045.csv,Sentence Type,Sentence Type,4,YES
CAN_CSV0000000000009663.csv,CAN_CSV0000000000016419.csv,Decision Purpose,Decision Purpose,4,NO
CAN_CSV0000000000009663.csv,CAN_CSV0000000000026045.csv,Decision Purpose,Decision Purpose,4,NO
CAN_CSV0000000000003274.csv,CAN_CSV0000000000009663.csv,Decision Purpose,Decision Purpose,4,NO
CAN_CSV0000000000009663.csv,CAN_CSV0000000000016419.csv,Jurisdiction,Jurisdiction,4,YES
CAN_CSV0000000000009663.csv,CAN_CSV0000000000026045.csv,Jurisdiction,Jurisdiction,4,YES
CAN_CSV0000000000009663.csv,CAN_CSV0000000000016419.csv,Decision Category,Decision Category,4,YES
CAN_CSV0000000000009663.csv,CAN_CSV0000000000026045.csv,Decision Category,Decision Category,4,YES
CAN_CSV0000000000003274.csv,CAN_CSV0000000000009663.csv,Decision Category,Decision Category,4,YES
CAN_CSV0000000000009663.csv,CAN_CSV0000000000016419.csv,Major Offence Group,Major Offence Group,4,YES
CAN_CSV0000000000009663.csv,CAN_CSV0000000000026045.csv,Major Offence Group,Major Offence Group,4,YES
CAN_CSV0000000000003274.csv,CAN_CSV0000000000009663.csv,Major Offence Group,Major Offence Group,4,YES
CAN_CSV0000000000024893.csv,CAN_CSV0000000000025245.csv,Unit / UnitÃ©,Unit / UnitÃ©,4,YES
CAN_CSV0000000000009606.csv,CAN_CSV0000000000022699.csv,COMPANY-ENTREPRISE,COMPANY-ENTREPRISE,4,YES
CAN_CSV0000000000009606.csv,CAN_CSV0000000000022699.csv,PROVINCE_FRA,PROVINCE_FRA,4,YES
CAN_CSV0000000000009606.csv,CAN_CSV0000000000022699.csv,PROVINCE_ENG,PROVINCE_ENG,4,YES
CAN_CSV0000000000009606.csv,CAN_CSV0000000000022699.csv,CITY-VILLE,CITY-VILLE,4,YES
USA_CSV0000000000008127.csv,USA_CSV0000000000008574.csv,DATA SOURCE,DATA SOURCE,4,YES
USA_CSV0000000000008127.csv,USA_CSV0000000000008574.csv,SCHOOL CODE,SCHOOL CODE,4,YES
USA_CSV0000000000008127.csv,USA_CSV0000000000008574.csv,PROGRAM TYPE,PROGRAM TYPE,4,YES
USA_CSV0000000000008127.csv,USA_CSV0000000000008574.csv,SCHOOL NAME,SCHOOL NAME,4,YES
USA_CSV0000000000008127.csv,USA_CSV0000000000008574.csv,NUMBER OF SECTIONS,NUMBER OF SECTIONS,4,NO
USA_CSV0000000000020493.csv,USA_CSV0000000000032785.csv,SCHOOLYEAR,SCHOOLYEAR,4,YES
USA_CSV0000000000020493.csv,USA_CSV0000000000032353.csv,SCHOOLYEAR,SCHOOLYEAR,4,YES
CAN_CSV0000000000001963.csv,CAN_CSV0000000000016775.csv,department_name_fr,department_name_fr,4,YES
CAN_CSV0000000000001963.csv,CAN_CSV0000000000009256.csv,department_name_fr,department_name_fr,4,YES
CAN_CSV0000000000001861.csv,CAN_CSV0000000000001963.csv,department_name_fr,department_name_fr,4,YES
CAN_CSV0000000000001963.csv,CAN_CSV0000000000016775.csv,service_id,service_id,4,YES
CAN_CSV0000000000001963.csv,CAN_CSV0000000000009256.csv,service_id,service_id,4,YES
CAN_CSV0000000000001963.csv,CAN_CSV0000000000016775.csv,fiscal_yr,fiscal_yr,4,YES
CAN_CSV0000000000001963.csv,CAN_CSV0000000000009256.csv,fiscal_yr,fiscal_yr,4,YES
CAN_CSV0000000000001963.csv,CAN_CSV0000000000016775.csv,department_name_en,department_name_en,4,YES
CAN_CSV0000000000001963.csv,CAN_CSV0000000000009256.csv,department_name_en,department_name_en,4,YES
CAN_CSV0000000000001861.csv,CAN_CSV0000000000001963.csv,department_name_en,department_name_en,4,YES
CAN_CSV0000000000004720.csv,CAN_CSV0000000000005102.csv,Characteristics,Characteristics,4,NO
CAN_CSV0000000000000581.csv,CAN_CSV0000000000004720.csv,Characteristics,Characteristics,4,NO
USA_CSV0000000000033432.csv,USA_CSV0000000000033534.csv,year_of_enactment,year_of_enactment,4,YES
USA_CSV0000000000033534.csv,USA_CSV0000000000033600.csv,year_of_enactment,year_of_enactment,4,YES
USA_CSV0000000000032324.csv,USA_CSV0000000000033534.csv,year_of_enactment,year_of_enactment,4,YES
USA_CSV0000000000033534.csv,USA_CSV0000000000036536.csv,year_of_enactment,year_of_enactment,4,YES
USA_CSV0000000000033534.csv,USA_CSV0000000000035269.csv,year_of_enactment,year_of_enactment,4,YES
USA_CSV0000000000033534.csv,USA_CSV0000000000036961.csv,year_of_enactment,year_of_enactment,4,YES
USA_CSV0000000000033534.csv,USA_CSV0000000000035888.csv,year_of_enactment,year_of_enactment,4,YES
USA_CSV0000000000033534.csv,USA_CSV0000000000033774.csv,year_of_enactment,year_of_enactment,4,YES
USA_CSV0000000000033432.csv,USA_CSV0000000000033534.csv,program_code,program_code,4,YES
USA_CSV0000000000033534.csv,USA_CSV0000000000033600.csv,program_code,program_code,4,YES
USA_CSV0000000000032324.csv,USA_CSV0000000000033534.csv,program_code,program_code,4,YES
USA_CSV0000000000033534.csv,USA_CSV0000000000035712.csv,program_code,program_code,4,YES
USA_CSV0000000000033534.csv,USA_CSV0000000000036536.csv,program_code,program_code,4,YES
USA_CSV0000000000033534.csv,USA_CSV0000000000035269.csv,program_code,program_code,4,YES
USA_CSV0000000000033534.csv,USA_CSV0000000000036961.csv,program_code,program_code,4,YES
USA_CSV0000000000033432.csv,USA_CSV0000000000033534.csv,vendor_name,vendor_name,4,YES
USA_CSV0000000000033534.csv,USA_CSV0000000000033600.csv,vendor_name,vendor_name,4,YES
USA_CSV0000000000032324.csv,USA_CSV0000000000033534.csv,vendor_name,vendor_name,4,YES
USA_CSV0000000000033534.csv,USA_CSV0000000000036536.csv,vendor_name,vendor_name,4,YES
USA_CSV0000000000033534.csv,USA_CSV0000000000035269.csv,vendor_name,vendor_name,4,YES
USA_CSV0000000000033534.csv,USA_CSV0000000000036961.csv,vendor_name,vendor_name,4,YES
USA_CSV0000000000033534.csv,USA_CSV0000000000035888.csv,vendor_name,vendor_name,4,YES
USA_CSV0000000000033534.csv,USA_CSV0000000000033774.csv,vendor_name,vendor_name,4,YES
USA_CSV0000000000033432.csv,USA_CSV0000000000033534.csv,program_description,program_description,4,YES
USA_CSV0000000000033534.csv,USA_CSV0000000000033600.csv,program_description,program_description,4,YES
USA_CSV0000000000032324.csv,USA_CSV0000000000033534.csv,program_description,program_description,4,YES
USA_CSV0000000000033534.csv,USA_CSV0000000000035712.csv,program_description,program_description,4,YES
USA_CSV0000000000033534.csv,USA_CSV0000000000036536.csv,program_description,program_description,4,YES
USA_CSV0000000000033534.csv,USA_CSV0000000000035269.csv,program_description,program_description,4,YES
USA_CSV0000000000033534.csv,USA_CSV0000000000036961.csv,program_description,program_description,4,YES
USA_CSV0000000000033432.csv,USA_CSV0000000000033534.csv,budget_reference,budget_reference,4,YES
USA_CSV0000000000033534.csv,USA_CSV0000000000033600.csv,budget_reference,budget_reference,4,YES
USA_CSV0000000000032324.csv,USA_CSV0000000000033534.csv,budget_reference,budget_reference,4,YES
USA_CSV0000000000033534.csv,USA_CSV0000000000035712.csv,budget_reference,budget_reference,4,YES
USA_CSV0000000000033432.csv,USA_CSV0000000000033534.csv,agency_name,agency_name,4,YES
USA_CSV0000000000033534.csv,USA_CSV0000000000033600.csv,agency_name,agency_name,4,YES
USA_CSV0000000000032324.csv,USA_CSV0000000000033534.csv,agency_name,agency_name,4,YES
USA_CSV0000000000033534.csv,USA_CSV0000000000035712.csv,agency_name,agency_name,4,YES
USA_CSV0000000000033534.csv,USA_CSV0000000000036536.csv,agency_name,agency_name,4,YES
USA_CSV0000000000033432.csv,USA_CSV0000000000033534.csv,account_description,account_description,4,YES
USA_CSV0000000000033534.csv,USA_CSV0000000000033600.csv,account_description,account_description,4,YES
USA_CSV0000000000032324.csv,USA_CSV0000000000033534.csv,account_description,account_description,4,YES
USA_CSV0000000000033534.csv,USA_CSV0000000000036536.csv,account_description,account_description,4,YES
USA_CSV0000000000033534.csv,USA_CSV0000000000035269.csv,account_description,account_description,4,YES
USA_CSV0000000000033534.csv,USA_CSV0000000000036961.csv,account_description,account_description,4,YES
USA_CSV0000000000033534.csv,USA_CSV0000000000035888.csv,account_description,account_description,4,YES
USA_CSV0000000000033534.csv,USA_CSV0000000000033774.csv,account_description,account_description,4,YES
USA_CSV0000000000033534.csv,USA_CSV0000000000035271.csv,account_description,account_description,4,YES
USA_CSV0000000000033432.csv,USA_CSV0000000000033534.csv,accounting_period,accounting_period,4,YES
USA_CSV0000000000033534.csv,USA_CSV0000000000033600.csv,accounting_period,accounting_period,4,YES
USA_CSV0000000000032324.csv,USA_CSV0000000000033534.csv,accounting_period,accounting_period,4,YES
USA_CSV0000000000033534.csv,USA_CSV0000000000035712.csv,accounting_period,accounting_period,4,YES
USA_CSV0000000000033534.csv,USA_CSV0000000000036536.csv,accounting_period,accounting_period,4,YES
USA_CSV0000000000033432.csv,USA_CSV0000000000033534.csv,accounting_date,accounting_date,4,YES
USA_CSV0000000000033534.csv,USA_CSV0000000000033600.csv,accounting_date,accounting_date,4,YES
USA_CSV0000000000032324.csv,USA_CSV0000000000033534.csv,accounting_date,accounting_date,4,YES
USA_CSV0000000000033534.csv,USA_CSV0000000000035712.csv,accounting_date,accounting_date,4,YES
USA_CSV0000000000033534.csv,USA_CSV0000000000036536.csv,accounting_date,accounting_date,4,YES
USA_CSV0000000000033432.csv,USA_CSV0000000000033534.csv,account_type,account_type,4,YES
USA_CSV0000000000033534.csv,USA_CSV0000000000033600.csv,account_type,account_type,4,YES
USA_CSV0000000000032324.csv,USA_CSV0000000000033534.csv,account_type,account_type,4,YES
USA_CSV0000000000033534.csv,USA_CSV0000000000036536.csv,account_type,account_type,4,YES
USA_CSV0000000000033534.csv,USA_CSV0000000000035269.csv,account_type,account_type,4,YES
USA_CSV0000000000033534.csv,USA_CSV0000000000036961.csv,account_type,account_type,4,YES
USA_CSV0000000000033534.csv,USA_CSV0000000000035888.csv,account_type,account_type,4,YES
USA_CSV0000000000033432.csv,USA_CSV0000000000033534.csv,fund_description,fund_description,4,YES
USA_CSV0000000000033534.csv,USA_CSV0000000000033600.csv,fund_description,fund_description,4,YES
USA_CSV0000000000032324.csv,USA_CSV0000000000033534.csv,fund_description,fund_description,4,YES
USA_CSV0000000000033534.csv,USA_CSV0000000000036536.csv,fund_description,fund_description,4,YES
USA_CSV0000000000033534.csv,USA_CSV0000000000035269.csv,fund_description,fund_description,4,YES
USA_CSV0000000000033534.csv,USA_CSV0000000000036961.csv,fund_description,fund_description,4,YES
USA_CSV0000000000033534.csv,USA_CSV0000000000035888.csv,fund_description,fund_description,4,YES
USA_CSV0000000000033534.csv,USA_CSV0000000000033774.csv,fund_description,fund_description,4,YES
USA_CSV0000000000033534.csv,USA_CSV0000000000035271.csv,fund_description,fund_description,4,YES
USA_CSV0000000000033534.csv,USA_CSV0000000000036844.csv,fund_description,fund_description,4,YES
USA_CSV0000000000033432.csv,USA_CSV0000000000033534.csv,department_name,department_name,4,YES
USA_CSV0000000000033534.csv,USA_CSV0000000000033600.csv,department_name,department_name,4,YES
USA_CSV0000000000032324.csv,USA_CSV0000000000033534.csv,department_name,department_name,4,YES
USA_CSV0000000000033534.csv,USA_CSV0000000000035712.csv,department_name,department_name,4,YES
USA_CSV0000000000033534.csv,USA_CSV0000000000036536.csv,department_name,department_name,4,YES
USA_CSV0000000000033432.csv,USA_CSV0000000000033534.csv,fiscal_year_begin,fiscal_year_begin,4,YES
USA_CSV0000000000033534.csv,USA_CSV0000000000033600.csv,fiscal_year_begin,fiscal_year_begin,4,YES
USA_CSV0000000000032324.csv,USA_CSV0000000000033534.csv,fiscal_year_begin,fiscal_year_begin,4,YES
USA_CSV0000000000033534.csv,USA_CSV0000000000035712.csv,fiscal_year_begin,fiscal_year_begin,4,YES
USA_CSV0000000000033534.csv,USA_CSV0000000000036536.csv,fiscal_year_begin,fiscal_year_begin,4,YES
USA_CSV0000000000033534.csv,USA_CSV0000000000035269.csv,fiscal_year_begin,fiscal_year_begin,4,YES
USA_CSV0000000000033534.csv,USA_CSV0000000000036961.csv,fiscal_year_begin,fiscal_year_begin,4,YES
USA_CSV0000000000033432.csv,USA_CSV0000000000033534.csv,fund_group,fund_group,4,YES
USA_CSV0000000000033534.csv,USA_CSV0000000000033600.csv,fund_group,fund_group,4,YES
USA_CSV0000000000032324.csv,USA_CSV0000000000033534.csv,fund_group,fund_group,4,YES
USA_CSV0000000000033534.csv,USA_CSV0000000000036536.csv,fund_group,fund_group,4,YES
USA_CSV0000000000033432.csv,USA_CSV0000000000033534.csv,account_category,account_category,4,YES
USA_CSV0000000000033534.csv,USA_CSV0000000000033600.csv,account_category,account_category,4,YES
USA_CSV0000000000032324.csv,USA_CSV0000000000033534.csv,account_category,account_category,4,YES
USA_CSV0000000000033534.csv,USA_CSV0000000000036536.csv,account_category,account_category,4,YES
USA_CSV0000000000033534.csv,USA_CSV0000000000035269.csv,account_category,account_category,4,YES
USA_CSV0000000000033534.csv,USA_CSV0000000000036961.csv,account_category,account_category,4,YES
USA_CSV0000000000033432.csv,USA_CSV0000000000033534.csv,document_id,document_id,4,YES
USA_CSV0000000000033534.csv,USA_CSV0000000000033600.csv,document_id,document_id,4,YES
USA_CSV0000000000032324.csv,USA_CSV0000000000033534.csv,document_id,document_id,4,YES
USA_CSV0000000000033534.csv,USA_CSV0000000000035712.csv,document_id,document_id,4,YES
USA_CSV0000000000033534.csv,USA_CSV0000000000036536.csv,document_id,document_id,4,YES
USA_CSV0000000000033534.csv,USA_CSV0000000000035269.csv,document_id,document_id,4,YES
USA_CSV0000000000033432.csv,USA_CSV0000000000033534.csv,business_unit,business_unit,4,YES
USA_CSV0000000000033534.csv,USA_CSV0000000000033600.csv,business_unit,business_unit,4,YES
USA_CSV0000000000032324.csv,USA_CSV0000000000033534.csv,business_unit,business_unit,4,YES
USA_CSV0000000000033534.csv,USA_CSV0000000000035712.csv,business_unit,business_unit,4,YES
USA_CSV0000000000033534.csv,USA_CSV0000000000036536.csv,business_unit,business_unit,4,YES
USA_CSV0000000000033534.csv,USA_CSV0000000000035269.csv,business_unit,business_unit,4,YES
USA_CSV0000000000033432.csv,USA_CSV0000000000033534.csv,monetary_amount,monetary_amount,4,NO
USA_CSV0000000000033534.csv,USA_CSV0000000000033600.csv,monetary_amount,monetary_amount,4,NO
USA_CSV0000000000032324.csv,USA_CSV0000000000033534.csv,monetary_amount,monetary_amount,4,NO
USA_CSV0000000000033534.csv,USA_CSV0000000000035712.csv,monetary_amount,monetary_amount,4,NO
USA_CSV0000000000033534.csv,USA_CSV0000000000036536.csv,monetary_amount,monetary_amount,4,NO
CAN_CSV0000000000007832.csv,CAN_CSV0000000000011356.csv,Program City,Program City,4,YES
CAN_CSV0000000000009365.csv,CAN_CSV0000000000011356.csv,Program City,Program City,4,YES
CAN_CSV0000000000011356.csv,CAN_CSV0000000000018831.csv,Program City,Program City,4,YES
CAN_CSV0000000000007832.csv,CAN_CSV0000000000011356.csv,Inspection Date,Inspection Date,4,YES
CAN_CSV0000000000009365.csv,CAN_CSV0000000000011356.csv,Inspection Date,Inspection Date,4,YES
CAN_CSV0000000000007832.csv,CAN_CSV0000000000011356.csv,Inspection Reason,Inspection Reason,4,YES
CAN_CSV0000000000009365.csv,CAN_CSV0000000000011356.csv,Inspection Reason,Inspection Reason,4,YES
CAN_CSV0000000000007832.csv,CAN_CSV0000000000011356.csv,Postal Code,Postal Code,4,YES
CAN_CSV0000000000009365.csv,CAN_CSV0000000000011356.csv,Postal Code,Postal Code,4,YES
CAN_CSV0000000000007832.csv,CAN_CSV0000000000011356.csv,Program Address,Program Address,4,YES
CAN_CSV0000000000009365.csv,CAN_CSV0000000000011356.csv,Program Address,Program Address,4,YES
CAN_CSV0000000000011356.csv,CAN_CSV0000000000018831.csv,Program Address,Program Address,4,YES
CAN_CSV0000000000009365.csv,CAN_CSV0000000000011356.csv,Type of Program,Type of Program,4,YES
CAN_CSV0000000000011356.csv,CAN_CSV0000000000018831.csv,Type of Program,Type of Program,4,YES
CAN_CSV0000000000003365.csv,CAN_CSV0000000000011356.csv,Type of Program,Type of Program,4,YES
CAN_CSV0000000000011356.csv,CAN_CSV0000000000018831.csv,Phone Number,Phone Number,4,YES
CAN_CSV0000000000007832.csv,CAN_CSV0000000000011356.csv,Program Name,Program Name,4,YES
CAN_CSV0000000000009365.csv,CAN_CSV0000000000011356.csv,Program Name,Program Name,4,YES
CAN_CSV0000000000016419.csv,CAN_CSV0000000000017604.csv,Jurisdiction,Jurisdiction,4,YES
CAN_CSV0000000000004391.csv,CAN_CSV0000000000022085.csv,DataGroup1_Order,DataGroup1_Order,4,NO
CAN_CSV0000000000004391.csv,CAN_CSV0000000000022085.csv,DataGroup1,DataGroup1,4,YES
CAN_CSV0000000000004391.csv,CAN_CSV0000000000022085.csv,DataGroup2,DataGroup2,4,YES
USA_CSV0000000000012886.csv,USA_CSV0000000000035934.csv,StreetName,StreetName,4,YES
USA_CSV0000000000012886.csv,USA_CSV0000000000034460.csv,BusinessName,BusinessName,4,YES
CAN_CSV0000000000002131.csv,CAN_CSV0000000000024792.csv,ProgramNameFR,ProgramNameFR,4,YES
CAN_CSV0000000000001465.csv,CAN_CSV0000000000024792.csv,ProvinceFR,ProvinceFR,4,YES
CAN_CSV0000000000001465.csv,CAN_CSV0000000000024792.csv,ProgramNameEN,ProgramNameEN,4,YES
CAN_CSV0000000000024789.csv,CAN_CSV0000000000024792.csv,Competition_Year,Competition_Year,4,YES
CAN_CSV0000000000024789.csv,CAN_CSV0000000000024792.csv,MainDisciplineFR,MainDisciplineFR,4,YES
CAN_CSV0000000000024789.csv,CAN_CSV0000000000024792.csv,Area_of_ResearchEN,Area_of_ResearchEN,4,YES
CAN_CSV0000000000002131.csv,CAN_CSV0000000000024792.csv,AwardAmount,AwardAmount,4,NO
CAN_CSV0000000000024789.csv,CAN_CSV0000000000024792.csv,Area_of_ResearchFR,Area_of_ResearchFR,4,YES
CAN_CSV0000000000022503.csv,CAN_CSV0000000000023436.csv,Date & Time,Date & Time,4,YES
USA_CSV0000000000018004.csv,USA_CSV0000000000031647.csv,Council District,Council District,4,YES
USA_CSV0000000000031647.csv,USA_CSV0000000000035934.csv,Council District,Council District,4,YES
USA_CSV0000000000031647.csv,USA_CSV0000000000034847.csv,Street Name,Street Name,4,YES
USA_CSV0000000000031647.csv,USA_CSV0000000000035122.csv,Street Name,Street Name,4,YES
USA_CSV0000000000031647.csv,USA_CSV0000000000035745.csv,Street Name,Street Name,4,YES
USA_CSV0000000000015120.csv,USA_CSV0000000000031647.csv,Street Name,Street Name,4,YES
USA_CSV0000000000018004.csv,USA_CSV0000000000031647.csv,Community Board,Community Board,4,YES
USA_CSV0000000000031647.csv,USA_CSV0000000000034847.csv,Street Number,Street Number,4,YES
USA_CSV0000000000031647.csv,USA_CSV0000000000035745.csv,Street Number,Street Number,4,YES
USA_CSV0000000000033432.csv,USA_CSV0000000000033774.csv,year_of_enactment,year_of_enactment,4,YES
USA_CSV0000000000033600.csv,USA_CSV0000000000033774.csv,year_of_enactment,year_of_enactment,4,YES
USA_CSV0000000000033774.csv,USA_CSV0000000000036536.csv,year_of_enactment,year_of_enactment,4,YES
USA_CSV0000000000033432.csv,USA_CSV0000000000033774.csv,program_code,program_code,4,YES
USA_CSV0000000000033600.csv,USA_CSV0000000000033774.csv,program_code,program_code,4,YES
USA_CSV0000000000033774.csv,USA_CSV0000000000035712.csv,program_code,program_code,4,YES
USA_CSV0000000000033432.csv,USA_CSV0000000000033774.csv,vendor_name,vendor_name,4,YES
USA_CSV0000000000033600.csv,USA_CSV0000000000033774.csv,vendor_name,vendor_name,4,YES
USA_CSV0000000000033774.csv,USA_CSV0000000000036536.csv,vendor_name,vendor_name,4,YES
USA_CSV0000000000033774.csv,USA_CSV0000000000035269.csv,vendor_name,vendor_name,4,YES
USA_CSV0000000000033774.csv,USA_CSV0000000000036961.csv,vendor_name,vendor_name,4,YES
USA_CSV0000000000033432.csv,USA_CSV0000000000033774.csv,program_description,program_description,4,YES
USA_CSV0000000000033600.csv,USA_CSV0000000000033774.csv,program_description,program_description,4,YES
USA_CSV0000000000033774.csv,USA_CSV0000000000035712.csv,program_description,program_description,4,YES
USA_CSV0000000000033774.csv,USA_CSV0000000000036536.csv,program_description,program_description,4,YES
USA_CSV0000000000033432.csv,USA_CSV0000000000033774.csv,budget_reference,budget_reference,4,YES
USA_CSV0000000000033600.csv,USA_CSV0000000000033774.csv,budget_reference,budget_reference,4,YES
USA_CSV0000000000033774.csv,USA_CSV0000000000035712.csv,budget_reference,budget_reference,4,YES
USA_CSV0000000000033774.csv,USA_CSV0000000000036536.csv,budget_reference,budget_reference,4,YES
USA_CSV0000000000033774.csv,USA_CSV0000000000035269.csv,budget_reference,budget_reference,4,YES
USA_CSV0000000000033774.csv,USA_CSV0000000000036961.csv,budget_reference,budget_reference,4,YES
USA_CSV0000000000033432.csv,USA_CSV0000000000033774.csv,agency_name,agency_name,4,YES
USA_CSV0000000000033600.csv,USA_CSV0000000000033774.csv,agency_name,agency_name,4,YES
USA_CSV0000000000033774.csv,USA_CSV0000000000035712.csv,agency_name,agency_name,4,YES
USA_CSV0000000000033774.csv,USA_CSV0000000000036536.csv,agency_name,agency_name,4,YES
USA_CSV0000000000033774.csv,USA_CSV0000000000035269.csv,agency_name,agency_name,4,YES
USA_CSV0000000000033432.csv,USA_CSV0000000000033774.csv,account_description,account_description,4,YES
USA_CSV0000000000033600.csv,USA_CSV0000000000033774.csv,account_description,account_description,4,YES
USA_CSV0000000000033774.csv,USA_CSV0000000000036536.csv,account_description,account_description,4,YES
USA_CSV0000000000033774.csv,USA_CSV0000000000035269.csv,account_description,account_description,4,YES
USA_CSV0000000000033774.csv,USA_CSV0000000000036961.csv,account_description,account_description,4,YES
USA_CSV0000000000033774.csv,USA_CSV0000000000035888.csv,account_description,account_description,4,YES
USA_CSV0000000000033288.csv,USA_CSV0000000000033774.csv,account_description,account_description,4,YES
USA_CSV0000000000033432.csv,USA_CSV0000000000033774.csv,accounting_period,accounting_period,4,YES
USA_CSV0000000000033600.csv,USA_CSV0000000000033774.csv,accounting_period,accounting_period,4,YES
USA_CSV0000000000033774.csv,USA_CSV0000000000035712.csv,accounting_period,accounting_period,4,YES
USA_CSV0000000000033774.csv,USA_CSV0000000000036536.csv,accounting_period,accounting_period,4,YES
USA_CSV0000000000033432.csv,USA_CSV0000000000033774.csv,accounting_date,accounting_date,4,YES
USA_CSV0000000000033600.csv,USA_CSV0000000000033774.csv,accounting_date,accounting_date,4,YES
USA_CSV0000000000033774.csv,USA_CSV0000000000035712.csv,accounting_date,accounting_date,4,YES
USA_CSV0000000000033774.csv,USA_CSV0000000000036536.csv,accounting_date,accounting_date,4,YES
USA_CSV0000000000033432.csv,USA_CSV0000000000033774.csv,account_type,account_type,4,YES
USA_CSV0000000000033600.csv,USA_CSV0000000000033774.csv,account_type,account_type,4,YES
USA_CSV0000000000033774.csv,USA_CSV0000000000036536.csv,account_type,account_type,4,YES
USA_CSV0000000000033774.csv,USA_CSV0000000000035269.csv,account_type,account_type,4,YES
USA_CSV0000000000033774.csv,USA_CSV0000000000036961.csv,account_type,account_type,4,YES
USA_CSV0000000000033774.csv,USA_CSV0000000000035888.csv,account_type,account_type,4,YES
USA_CSV0000000000033288.csv,USA_CSV0000000000033774.csv,account_type,account_type,4,YES
USA_CSV0000000000033432.csv,USA_CSV0000000000033774.csv,fund_description,fund_description,4,YES
USA_CSV0000000000033600.csv,USA_CSV0000000000033774.csv,fund_description,fund_description,4,YES
USA_CSV0000000000033774.csv,USA_CSV0000000000036536.csv,fund_description,fund_description,4,YES
USA_CSV0000000000033774.csv,USA_CSV0000000000035269.csv,fund_description,fund_description,4,YES
USA_CSV0000000000033774.csv,USA_CSV0000000000036961.csv,fund_description,fund_description,4,YES
USA_CSV0000000000033774.csv,USA_CSV0000000000035888.csv,fund_description,fund_description,4,YES
USA_CSV0000000000033288.csv,USA_CSV0000000000033774.csv,fund_description,fund_description,4,YES
USA_CSV0000000000033432.csv,USA_CSV0000000000033774.csv,department_name,department_name,4,YES
USA_CSV0000000000033600.csv,USA_CSV0000000000033774.csv,department_name,department_name,4,YES
USA_CSV0000000000033774.csv,USA_CSV0000000000035712.csv,department_name,department_name,4,YES
USA_CSV0000000000033774.csv,USA_CSV0000000000036536.csv,department_name,department_name,4,YES
USA_CSV0000000000033432.csv,USA_CSV0000000000033774.csv,fiscal_year_begin,fiscal_year_begin,4,YES
USA_CSV0000000000033600.csv,USA_CSV0000000000033774.csv,fiscal_year_begin,fiscal_year_begin,4,YES
USA_CSV0000000000033774.csv,USA_CSV0000000000035712.csv,fiscal_year_begin,fiscal_year_begin,4,YES
USA_CSV0000000000033774.csv,USA_CSV0000000000036536.csv,fiscal_year_begin,fiscal_year_begin,4,YES
USA_CSV0000000000033774.csv,USA_CSV0000000000035269.csv,fiscal_year_begin,fiscal_year_begin,4,YES
USA_CSV0000000000033774.csv,USA_CSV0000000000036961.csv,fiscal_year_begin,fiscal_year_begin,4,YES
USA_CSV0000000000033432.csv,USA_CSV0000000000033774.csv,fund_group,fund_group,4,YES
USA_CSV0000000000033600.csv,USA_CSV0000000000033774.csv,fund_group,fund_group,4,YES
USA_CSV0000000000033774.csv,USA_CSV0000000000036536.csv,fund_group,fund_group,4,YES
USA_CSV0000000000033774.csv,USA_CSV0000000000035269.csv,fund_group,fund_group,4,YES
USA_CSV0000000000033774.csv,USA_CSV0000000000036961.csv,fund_group,fund_group,4,YES
USA_CSV0000000000033432.csv,USA_CSV0000000000033774.csv,account_category,account_category,4,YES
USA_CSV0000000000033600.csv,USA_CSV0000000000033774.csv,account_category,account_category,4,YES
USA_CSV0000000000033774.csv,USA_CSV0000000000036536.csv,account_category,account_category,4,YES
USA_CSV0000000000033774.csv,USA_CSV0000000000035269.csv,account_category,account_category,4,YES
USA_CSV0000000000033774.csv,USA_CSV0000000000036961.csv,account_category,account_category,4,YES
USA_CSV0000000000033432.csv,USA_CSV0000000000033774.csv,document_id,document_id,4,YES
USA_CSV0000000000033600.csv,USA_CSV0000000000033774.csv,document_id,document_id,4,YES
USA_CSV0000000000033774.csv,USA_CSV0000000000035712.csv,document_id,document_id,4,YES
USA_CSV0000000000033774.csv,USA_CSV0000000000036536.csv,document_id,document_id,4,YES
USA_CSV0000000000033432.csv,USA_CSV0000000000033774.csv,business_unit,business_unit,4,YES
USA_CSV0000000000033600.csv,USA_CSV0000000000033774.csv,business_unit,business_unit,4,YES
USA_CSV0000000000033774.csv,USA_CSV0000000000035712.csv,business_unit,business_unit,4,YES
USA_CSV0000000000033774.csv,USA_CSV0000000000036536.csv,business_unit,business_unit,4,YES
USA_CSV0000000000033774.csv,USA_CSV0000000000035269.csv,business_unit,business_unit,4,YES
USA_CSV0000000000033774.csv,USA_CSV0000000000036961.csv,business_unit,business_unit,4,YES
USA_CSV0000000000033774.csv,USA_CSV0000000000035888.csv,business_unit,business_unit,4,YES
USA_CSV0000000000033432.csv,USA_CSV0000000000033774.csv,monetary_amount,monetary_amount,4,NO
USA_CSV0000000000033600.csv,USA_CSV0000000000033774.csv,monetary_amount,monetary_amount,4,NO
USA_CSV0000000000033774.csv,USA_CSV0000000000035712.csv,monetary_amount,monetary_amount,4,NO
USA_CSV0000000000033774.csv,USA_CSV0000000000036536.csv,monetary_amount,monetary_amount,4,NO
UK_CSV0000000000001955.csv,UK_CSV0000000000003122.csv,Falls within,Falls within,4,YES
UK_CSV0000000000001955.csv,UK_CSV0000000000003122.csv,Reported by,Reported by,4,YES
USA_CSV0000000000028805.csv,USA_CSV0000000000035654.csv,BOUNDARYGR,BOUNDARYGR,4,YES
USA_CSV0000000000028805.csv,USA_CSV0000000000035654.csv,SCHOOL_ADD,SCHOOL_ADD,4,YES
USA_CSV0000000000028805.csv,USA_CSV0000000000034990.csv,Shape_Area,Shape_Area,4,NO
USA_CSV0000000000028805.csv,USA_CSV0000000000032353.csv,Shape_Area,Shape_Area,4,NO
CAN_CSV0000000000009606.csv,CAN_CSV0000000000022699.csv,COMPANY-ENTREPRISE,COMPANY-ENTREPRISE,4,YES
CAN_CSV0000000000009606.csv,CAN_CSV0000000000022699.csv,PROVINCE_FRA,PROVINCE_FRA,4,YES
CAN_CSV0000000000009606.csv,CAN_CSV0000000000022699.csv,PROVINCE_ENG,PROVINCE_ENG,4,YES
CAN_CSV0000000000009606.csv,CAN_CSV0000000000022699.csv,CITY-VILLE,CITY-VILLE,4,YES
USA_CSV0000000000033432.csv,USA_CSV0000000000035269.csv,year_of_enactment,year_of_enactment,4,YES
USA_CSV0000000000032324.csv,USA_CSV0000000000035269.csv,year_of_enactment,year_of_enactment,4,YES
USA_CSV0000000000035269.csv,USA_CSV0000000000036536.csv,year_of_enactment,year_of_enactment,4,YES
USA_CSV0000000000035269.csv,USA_CSV0000000000036961.csv,year_of_enactment,year_of_enactment,4,YES
USA_CSV0000000000035269.csv,USA_CSV0000000000035888.csv,year_of_enactment,year_of_enactment,4,YES
USA_CSV0000000000033288.csv,USA_CSV0000000000035269.csv,year_of_enactment,year_of_enactment,4,YES
USA_CSV0000000000033774.csv,USA_CSV0000000000035269.csv,year_of_enactment,year_of_enactment,4,YES
USA_CSV0000000000035269.csv,USA_CSV0000000000035271.csv,year_of_enactment,year_of_enactment,4,YES
USA_CSV0000000000033432.csv,USA_CSV0000000000035269.csv,program_code,program_code,4,YES
USA_CSV0000000000032324.csv,USA_CSV0000000000035269.csv,program_code,program_code,4,YES
USA_CSV0000000000035269.csv,USA_CSV0000000000035712.csv,program_code,program_code,4,YES
USA_CSV0000000000035269.csv,USA_CSV0000000000036536.csv,program_code,program_code,4,YES
USA_CSV0000000000033432.csv,USA_CSV0000000000035269.csv,vendor_name,vendor_name,4,YES
USA_CSV0000000000032324.csv,USA_CSV0000000000035269.csv,vendor_name,vendor_name,4,YES
USA_CSV0000000000035269.csv,USA_CSV0000000000036536.csv,vendor_name,vendor_name,4,YES
USA_CSV0000000000035269.csv,USA_CSV0000000000036961.csv,vendor_name,vendor_name,4,YES
USA_CSV0000000000035269.csv,USA_CSV0000000000035888.csv,vendor_name,vendor_name,4,YES
USA_CSV0000000000033288.csv,USA_CSV0000000000035269.csv,vendor_name,vendor_name,4,YES
USA_CSV0000000000033774.csv,USA_CSV0000000000035269.csv,vendor_name,vendor_name,4,YES
USA_CSV0000000000035269.csv,USA_CSV0000000000035271.csv,vendor_name,vendor_name,4,YES
USA_CSV0000000000035269.csv,USA_CSV0000000000036844.csv,vendor_name,vendor_name,4,YES
USA_CSV0000000000033432.csv,USA_CSV0000000000035269.csv,program_description,program_description,4,YES
USA_CSV0000000000032324.csv,USA_CSV0000000000035269.csv,program_description,program_description,4,YES
USA_CSV0000000000035269.csv,USA_CSV0000000000035712.csv,program_description,program_description,4,YES
USA_CSV0000000000035269.csv,USA_CSV0000000000036536.csv,program_description,program_description,4,YES
USA_CSV0000000000035269.csv,USA_CSV0000000000036961.csv,program_description,program_description,4,YES
USA_CSV0000000000033432.csv,USA_CSV0000000000035269.csv,budget_reference,budget_reference,4,YES
USA_CSV0000000000032324.csv,USA_CSV0000000000035269.csv,budget_reference,budget_reference,4,YES
USA_CSV0000000000035269.csv,USA_CSV0000000000035712.csv,budget_reference,budget_reference,4,YES
USA_CSV0000000000035269.csv,USA_CSV0000000000036536.csv,budget_reference,budget_reference,4,YES
USA_CSV0000000000033432.csv,USA_CSV0000000000035269.csv,agency_name,agency_name,4,YES
USA_CSV0000000000032324.csv,USA_CSV0000000000035269.csv,agency_name,agency_name,4,YES
USA_CSV0000000000035269.csv,USA_CSV0000000000035712.csv,agency_name,agency_name,4,YES
USA_CSV0000000000035269.csv,USA_CSV0000000000036536.csv,agency_name,agency_name,4,YES
USA_CSV0000000000035269.csv,USA_CSV0000000000036961.csv,agency_name,agency_name,4,YES
USA_CSV0000000000033432.csv,USA_CSV0000000000035269.csv,account_description,account_description,4,YES
USA_CSV0000000000032324.csv,USA_CSV0000000000035269.csv,account_description,account_description,4,YES
USA_CSV0000000000035269.csv,USA_CSV0000000000036536.csv,account_description,account_description,4,YES
USA_CSV0000000000033432.csv,USA_CSV0000000000035269.csv,accounting_period,accounting_period,4,YES
USA_CSV0000000000032324.csv,USA_CSV0000000000035269.csv,accounting_period,accounting_period,4,YES
USA_CSV0000000000035269.csv,USA_CSV0000000000035712.csv,accounting_period,accounting_period,4,YES
USA_CSV0000000000035269.csv,USA_CSV0000000000036536.csv,accounting_period,accounting_period,4,YES
USA_CSV0000000000033432.csv,USA_CSV0000000000035269.csv,accounting_date,accounting_date,4,YES
USA_CSV0000000000032324.csv,USA_CSV0000000000035269.csv,accounting_date,accounting_date,4,YES
USA_CSV0000000000035269.csv,USA_CSV0000000000035712.csv,accounting_date,accounting_date,4,YES
USA_CSV0000000000035269.csv,USA_CSV0000000000036536.csv,accounting_date,accounting_date,4,YES
USA_CSV0000000000033432.csv,USA_CSV0000000000035269.csv,account_type,account_type,4,YES
USA_CSV0000000000032324.csv,USA_CSV0000000000035269.csv,account_type,account_type,4,YES
USA_CSV0000000000035269.csv,USA_CSV0000000000036536.csv,account_type,account_type,4,YES
USA_CSV0000000000035269.csv,USA_CSV0000000000036961.csv,account_type,account_type,4,YES
USA_CSV0000000000035269.csv,USA_CSV0000000000035888.csv,account_type,account_type,4,YES
USA_CSV0000000000033288.csv,USA_CSV0000000000035269.csv,account_type,account_type,4,YES
USA_CSV0000000000033774.csv,USA_CSV0000000000035269.csv,account_type,account_type,4,YES
USA_CSV0000000000033432.csv,USA_CSV0000000000035269.csv,fund_description,fund_description,4,YES
USA_CSV0000000000032324.csv,USA_CSV0000000000035269.csv,fund_description,fund_description,4,YES
USA_CSV0000000000035269.csv,USA_CSV0000000000036536.csv,fund_description,fund_description,4,YES
USA_CSV0000000000035269.csv,USA_CSV0000000000036961.csv,fund_description,fund_description,4,YES
USA_CSV0000000000035269.csv,USA_CSV0000000000035888.csv,fund_description,fund_description,4,YES
USA_CSV0000000000033288.csv,USA_CSV0000000000035269.csv,fund_description,fund_description,4,YES
USA_CSV0000000000033432.csv,USA_CSV0000000000035269.csv,department_name,department_name,4,YES
USA_CSV0000000000032324.csv,USA_CSV0000000000035269.csv,department_name,department_name,4,YES
USA_CSV0000000000035269.csv,USA_CSV0000000000035712.csv,department_name,department_name,4,YES
USA_CSV0000000000035269.csv,USA_CSV0000000000036536.csv,department_name,department_name,4,YES
USA_CSV0000000000035269.csv,USA_CSV0000000000036961.csv,department_name,department_name,4,YES
USA_CSV0000000000033432.csv,USA_CSV0000000000035269.csv,fiscal_year_begin,fiscal_year_begin,4,YES
USA_CSV0000000000032324.csv,USA_CSV0000000000035269.csv,fiscal_year_begin,fiscal_year_begin,4,YES
USA_CSV0000000000035269.csv,USA_CSV0000000000035712.csv,fiscal_year_begin,fiscal_year_begin,4,YES
USA_CSV0000000000035269.csv,USA_CSV0000000000036536.csv,fiscal_year_begin,fiscal_year_begin,4,YES
USA_CSV0000000000033432.csv,USA_CSV0000000000035269.csv,fund_group,fund_group,4,YES
USA_CSV0000000000032324.csv,USA_CSV0000000000035269.csv,fund_group,fund_group,4,YES
USA_CSV0000000000035269.csv,USA_CSV0000000000036536.csv,fund_group,fund_group,4,YES
USA_CSV0000000000035269.csv,USA_CSV0000000000036961.csv,fund_group,fund_group,4,YES
USA_CSV0000000000035269.csv,USA_CSV0000000000035888.csv,fund_group,fund_group,4,YES
USA_CSV0000000000033432.csv,USA_CSV0000000000035269.csv,account_category,account_category,4,YES
USA_CSV0000000000032324.csv,USA_CSV0000000000035269.csv,account_category,account_category,4,YES
USA_CSV0000000000035269.csv,USA_CSV0000000000036536.csv,account_category,account_category,4,YES
USA_CSV0000000000035269.csv,USA_CSV0000000000036961.csv,account_category,account_category,4,YES
USA_CSV0000000000035269.csv,USA_CSV0000000000035888.csv,account_category,account_category,4,YES
USA_CSV0000000000033432.csv,USA_CSV0000000000035269.csv,document_id,document_id,4,YES
USA_CSV0000000000032324.csv,USA_CSV0000000000035269.csv,document_id,document_id,4,YES
USA_CSV0000000000035269.csv,USA_CSV0000000000035712.csv,document_id,document_id,4,YES
USA_CSV0000000000035269.csv,USA_CSV0000000000036536.csv,document_id,document_id,4,YES
USA_CSV0000000000033432.csv,USA_CSV0000000000035269.csv,business_unit,business_unit,4,YES
USA_CSV0000000000032324.csv,USA_CSV0000000000035269.csv,business_unit,business_unit,4,YES
USA_CSV0000000000035269.csv,USA_CSV0000000000035712.csv,business_unit,business_unit,4,YES
USA_CSV0000000000035269.csv,USA_CSV0000000000036536.csv,business_unit,business_unit,4,YES
USA_CSV0000000000035269.csv,USA_CSV0000000000036961.csv,business_unit,business_unit,4,YES
USA_CSV0000000000035269.csv,USA_CSV0000000000035888.csv,business_unit,business_unit,4,YES
USA_CSV0000000000033288.csv,USA_CSV0000000000035269.csv,business_unit,business_unit,4,YES
USA_CSV0000000000033432.csv,USA_CSV0000000000035269.csv,monetary_amount,monetary_amount,4,NO
USA_CSV0000000000032324.csv,USA_CSV0000000000035269.csv,monetary_amount,monetary_amount,4,NO
USA_CSV0000000000035269.csv,USA_CSV0000000000035712.csv,monetary_amount,monetary_amount,4,NO
USA_CSV0000000000035269.csv,USA_CSV0000000000036536.csv,monetary_amount,monetary_amount,4,NO
USA_CSV0000000000035269.csv,USA_CSV0000000000036961.csv,monetary_amount,monetary_amount,4,NO
USA_CSV0000000000033066.csv,USA_CSV0000000000037302.csv,ACCOUNT_DESCR,ACCOUNT_DESCR,4,NO
USA_CSV0000000000037099.csv,USA_CSV0000000000037302.csv,ACCOUNT_DESCR,ACCOUNT_DESCR,4,NO
USA_CSV0000000000033066.csv,USA_CSV0000000000037302.csv,VOUCHER_ID,VOUCHER_ID,4,YES
USA_CSV0000000000037099.csv,USA_CSV0000000000037302.csv,VOUCHER_ID,VOUCHER_ID,4,YES
USA_CSV0000000000033066.csv,USA_CSV0000000000037302.csv,VOUCHER_STYLE,VOUCHER_STYLE,4,YES
USA_CSV0000000000037099.csv,USA_CSV0000000000037302.csv,VOUCHER_STYLE,VOUCHER_STYLE,4,YES
USA_CSV0000000000033066.csv,USA_CSV0000000000037302.csv,FUND_DESCR,FUND_DESCR,4,NO
USA_CSV0000000000037099.csv,USA_CSV0000000000037302.csv,FUND_DESCR,FUND_DESCR,4,NO
USA_CSV0000000000033066.csv,USA_CSV0000000000037302.csv,business_unit,business_unit,4,YES
USA_CSV0000000000037099.csv,USA_CSV0000000000037302.csv,business_unit,business_unit,4,YES
USA_CSV0000000000024884.csv,USA_CSV0000000000037302.csv,business_unit,business_unit,4,YES
USA_CSV0000000000033066.csv,USA_CSV0000000000037302.csv,DEPTID_DESCR,DEPTID_DESCR,4,NO
USA_CSV0000000000037099.csv,USA_CSV0000000000037302.csv,DEPTID_DESCR,DEPTID_DESCR,4,NO
USA_CSV0000000000033066.csv,USA_CSV0000000000037302.csv,TRANSACTION_TYPE,TRANSACTION_TYPE,4,YES
USA_CSV0000000000037099.csv,USA_CSV0000000000037302.csv,TRANSACTION_TYPE,TRANSACTION_TYPE,4,YES
USA_CSV0000000000033066.csv,USA_CSV0000000000037302.csv,CLASS_DESCR,CLASS_DESCR,4,NO
USA_CSV0000000000037099.csv,USA_CSV0000000000037302.csv,CLASS_DESCR,CLASS_DESCR,4,NO
USA_CSV0000000000033066.csv,USA_CSV0000000000037302.csv,OCP_AGNCY_NAME,OCP_AGNCY_NAME,4,YES
USA_CSV0000000000037099.csv,USA_CSV0000000000037302.csv,OCP_AGNCY_NAME,OCP_AGNCY_NAME,4,YES
USA_CSV0000000000024884.csv,USA_CSV0000000000037302.csv,OCP_AGNCY_NAME,OCP_AGNCY_NAME,4,YES
USA_CSV0000000000033066.csv,USA_CSV0000000000037302.csv,FISCAL_YR_TAS,FISCAL_YR_TAS,4,NO
USA_CSV0000000000037099.csv,USA_CSV0000000000037302.csv,FISCAL_YR_TAS,FISCAL_YR_TAS,4,NO
USA_CSV0000000000015120.csv,USA_CSV0000000000035745.csv,Application Type,Application Type,4,YES
USA_CSV0000000000015120.csv,USA_CSV0000000000034847.csv,Street Name,Street Name,4,YES
USA_CSV0000000000015120.csv,USA_CSV0000000000035122.csv,Street Name,Street Name,4,YES
USA_CSV0000000000015120.csv,USA_CSV0000000000035745.csv,Street Name,Street Name,4,YES
USA_CSV0000000000015120.csv,USA_CSV0000000000035745.csv,Street Suffix,Street Suffix,4,YES
USA_CSV0000000000015120.csv,USA_CSV0000000000035745.csv,Description of Work,Description of Work,4,NO
CAN_CSV0000000000004700.csv,CAN_CSV0000000000013725.csv,Seasonal adjustment,Seasonal adjustment,4,NO
CAN_CSV0000000000003356.csv,CAN_CSV0000000000012108.csv,Commercial Flow,Commercial Flow,4,NO
CAN_CSV0000000000003356.csv,CAN_CSV0000000000022798.csv,Commercial Flow,Commercial Flow,4,NO
USA_CSV0000000000014698.csv,USA_CSV0000000000034990.csv,SCHOOL_NAM,SCHOOL_NAM,4,YES
USA_CSV0000000000031994.csv,USA_CSV0000000000033630.csv,First Name,First Name,4,YES
USA_CSV0000000000033630.csv,USA_CSV0000000000034329.csv,First Name,First Name,4,YES
USA_CSV0000000000033156.csv,USA_CSV0000000000033630.csv,First Name,First Name,4,YES
USA_CSV0000000000033630.csv,USA_CSV0000000000035439.csv,First Name,First Name,4,YES
USA_CSV0000000000033630.csv,USA_CSV0000000000035827.csv,First Name,First Name,4,YES
USA_CSV0000000000031994.csv,USA_CSV0000000000033630.csv,Entity Type,Entity Type,4,YES
USA_CSV0000000000033630.csv,USA_CSV0000000000034329.csv,Entity Type,Entity Type,4,YES
USA_CSV0000000000033156.csv,USA_CSV0000000000033630.csv,Entity Type,Entity Type,4,YES
USA_CSV0000000000033630.csv,USA_CSV0000000000035439.csv,Entity Type,Entity Type,4,YES
USA_CSV0000000000033630.csv,USA_CSV0000000000035827.csv,Entity Type,Entity Type,4,YES
USA_CSV0000000000031994.csv,USA_CSV0000000000033630.csv,Business Name,Business Name,4,YES
USA_CSV0000000000033630.csv,USA_CSV0000000000035439.csv,Business Name,Business Name,4,YES
USA_CSV0000000000033630.csv,USA_CSV0000000000035827.csv,Business Name,Business Name,4,YES
USA_CSV0000000000031994.csv,USA_CSV0000000000033630.csv,Registry Date,Registry Date,4,YES
USA_CSV0000000000033630.csv,USA_CSV0000000000034329.csv,Registry Date,Registry Date,4,YES
USA_CSV0000000000033156.csv,USA_CSV0000000000033630.csv,Registry Date,Registry Date,4,YES
USA_CSV0000000000033630.csv,USA_CSV0000000000035439.csv,Registry Date,Registry Date,4,YES
USA_CSV0000000000033630.csv,USA_CSV0000000000035827.csv,Registry Date,Registry Date,4,YES
USA_CSV0000000000031994.csv,USA_CSV0000000000033630.csv,Registry Number,Registry Number,4,YES
USA_CSV0000000000033630.csv,USA_CSV0000000000034329.csv,Registry Number,Registry Number,4,YES
CAN_CSV0000000000000961.csv,CAN_CSV0000000000000965.csv,Employment size,Employment size,4,YES
CAN_CSV0000000000008029.csv,CAN_CSV0000000000009951.csv,CanadaProvince,CanadaProvince,4,YES
USA_CSV0000000000032353.csv,USA_CSV0000000000034990.csv,Shape_Area,Shape_Area,4,NO
USA_CSV0000000000034395.csv,USA_CSV0000000000036419.csv,SHAPE_Length,SHAPE_Length,4,NO
USA_CSV0000000000034395.csv,USA_CSV0000000000036419.csv,OBJECTID,OBJECTID,4,YES
USA_CSV0000000000033413.csv,USA_CSV0000000000036823.csv,SchoolName,SchoolName,4,YES
USA_CSV0000000000033413.csv,USA_CSV0000000000036823.csv,OrganizationLevel,OrganizationLevel,4,YES
USA_CSV0000000000035509__5.csv,USA_CSV0000000000036823.csv,OrganizationLevel,OrganizationLevel,4,YES
USA_CSV0000000000033413.csv,USA_CSV0000000000036823.csv,ESDOrganizationId,ESDOrganizationId,4,YES
USA_CSV0000000000034122.csv,USA_CSV0000000000036823.csv,ESDOrganizationId,ESDOrganizationId,4,YES
USA_CSV0000000000033413.csv,USA_CSV0000000000036823.csv,DistrictName,DistrictName,4,YES
USA_CSV0000000000035509__5.csv,USA_CSV0000000000036823.csv,DistrictName,DistrictName,4,YES
USA_CSV0000000000033432.csv,USA_CSV0000000000033600.csv,year_of_enactment,year_of_enactment,4,YES
USA_CSV0000000000032324.csv,USA_CSV0000000000033432.csv,year_of_enactment,year_of_enactment,4,YES
USA_CSV0000000000033432.csv,USA_CSV0000000000036536.csv,year_of_enactment,year_of_enactment,4,YES
USA_CSV0000000000033432.csv,USA_CSV0000000000035269.csv,year_of_enactment,year_of_enactment,4,YES
USA_CSV0000000000033432.csv,USA_CSV0000000000036961.csv,year_of_enactment,year_of_enactment,4,YES
USA_CSV0000000000033432.csv,USA_CSV0000000000033600.csv,program_code,program_code,4,YES
USA_CSV0000000000032324.csv,USA_CSV0000000000033432.csv,program_code,program_code,4,YES
USA_CSV0000000000033432.csv,USA_CSV0000000000035712.csv,program_code,program_code,4,YES
USA_CSV0000000000033432.csv,USA_CSV0000000000036536.csv,program_code,program_code,4,YES
USA_CSV0000000000033432.csv,USA_CSV0000000000035269.csv,program_code,program_code,4,YES
USA_CSV0000000000033432.csv,USA_CSV0000000000033600.csv,vendor_name,vendor_name,4,YES
USA_CSV0000000000032324.csv,USA_CSV0000000000033432.csv,vendor_name,vendor_name,4,YES
USA_CSV0000000000033432.csv,USA_CSV0000000000036536.csv,vendor_name,vendor_name,4,YES
USA_CSV0000000000033432.csv,USA_CSV0000000000033600.csv,program_description,program_description,4,YES
USA_CSV0000000000032324.csv,USA_CSV0000000000033432.csv,program_description,program_description,4,YES
USA_CSV0000000000033432.csv,USA_CSV0000000000035712.csv,program_description,program_description,4,YES
USA_CSV0000000000033432.csv,USA_CSV0000000000036536.csv,program_description,program_description,4,YES
USA_CSV0000000000033432.csv,USA_CSV0000000000035269.csv,program_description,program_description,4,YES
USA_CSV0000000000033432.csv,USA_CSV0000000000033600.csv,budget_reference,budget_reference,4,YES
USA_CSV0000000000032324.csv,USA_CSV0000000000033432.csv,budget_reference,budget_reference,4,YES
USA_CSV0000000000033432.csv,USA_CSV0000000000035712.csv,budget_reference,budget_reference,4,YES
USA_CSV0000000000033432.csv,USA_CSV0000000000036536.csv,budget_reference,budget_reference,4,YES
USA_CSV0000000000033432.csv,USA_CSV0000000000033600.csv,agency_name,agency_name,4,YES
USA_CSV0000000000032324.csv,USA_CSV0000000000033432.csv,agency_name,agency_name,4,YES
USA_CSV0000000000033432.csv,USA_CSV0000000000035712.csv,agency_name,agency_name,4,YES
USA_CSV0000000000033432.csv,USA_CSV0000000000036536.csv,agency_name,agency_name,4,YES
USA_CSV0000000000033432.csv,USA_CSV0000000000035269.csv,agency_name,agency_name,4,YES
USA_CSV0000000000033432.csv,USA_CSV0000000000033600.csv,account_description,account_description,4,YES
USA_CSV0000000000032324.csv,USA_CSV0000000000033432.csv,account_description,account_description,4,YES
USA_CSV0000000000033432.csv,USA_CSV0000000000036536.csv,account_description,account_description,4,YES
USA_CSV0000000000033432.csv,USA_CSV0000000000033600.csv,accounting_period,accounting_period,4,YES
USA_CSV0000000000032324.csv,USA_CSV0000000000033432.csv,accounting_period,accounting_period,4,YES
USA_CSV0000000000033432.csv,USA_CSV0000000000035712.csv,accounting_period,accounting_period,4,YES
USA_CSV0000000000033432.csv,USA_CSV0000000000036536.csv,accounting_period,accounting_period,4,YES
USA_CSV0000000000033432.csv,USA_CSV0000000000033600.csv,accounting_date,accounting_date,4,YES
USA_CSV0000000000032324.csv,USA_CSV0000000000033432.csv,accounting_date,accounting_date,4,YES
USA_CSV0000000000033432.csv,USA_CSV0000000000035712.csv,accounting_date,accounting_date,4,YES
USA_CSV0000000000033432.csv,USA_CSV0000000000036536.csv,accounting_date,accounting_date,4,YES
USA_CSV0000000000033432.csv,USA_CSV0000000000035269.csv,accounting_date,accounting_date,4,YES
USA_CSV0000000000033432.csv,USA_CSV0000000000036961.csv,accounting_date,accounting_date,4,YES
USA_CSV0000000000033432.csv,USA_CSV0000000000033600.csv,account_type,account_type,4,YES
USA_CSV0000000000032324.csv,USA_CSV0000000000033432.csv,account_type,account_type,4,YES
USA_CSV0000000000033432.csv,USA_CSV0000000000036536.csv,account_type,account_type,4,YES
USA_CSV0000000000033432.csv,USA_CSV0000000000035269.csv,account_type,account_type,4,YES
USA_CSV0000000000033432.csv,USA_CSV0000000000036961.csv,account_type,account_type,4,YES
USA_CSV0000000000033432.csv,USA_CSV0000000000035888.csv,account_type,account_type,4,YES
USA_CSV0000000000033288.csv,USA_CSV0000000000033432.csv,account_type,account_type,4,YES
USA_CSV0000000000033432.csv,USA_CSV0000000000033774.csv,account_type,account_type,4,YES
USA_CSV0000000000033432.csv,USA_CSV0000000000035271.csv,account_type,account_type,4,YES
USA_CSV0000000000033432.csv,USA_CSV0000000000036844.csv,account_type,account_type,4,YES
USA_CSV0000000000033432.csv,USA_CSV0000000000033600.csv,fund_description,fund_description,4,YES
USA_CSV0000000000032324.csv,USA_CSV0000000000033432.csv,fund_description,fund_description,4,YES
USA_CSV0000000000033432.csv,USA_CSV0000000000036536.csv,fund_description,fund_description,4,YES
USA_CSV0000000000033432.csv,USA_CSV0000000000035269.csv,fund_description,fund_description,4,YES
USA_CSV0000000000033432.csv,USA_CSV0000000000036961.csv,fund_description,fund_description,4,YES
USA_CSV0000000000033432.csv,USA_CSV0000000000035888.csv,fund_description,fund_description,4,YES
USA_CSV0000000000033432.csv,USA_CSV0000000000033600.csv,department_name,department_name,4,YES
USA_CSV0000000000032324.csv,USA_CSV0000000000033432.csv,department_name,department_name,4,YES
USA_CSV0000000000033432.csv,USA_CSV0000000000035712.csv,department_name,department_name,4,YES
USA_CSV0000000000033432.csv,USA_CSV0000000000036536.csv,department_name,department_name,4,YES
USA_CSV0000000000033432.csv,USA_CSV0000000000035269.csv,department_name,department_name,4,YES
USA_CSV0000000000033432.csv,USA_CSV0000000000036961.csv,department_name,department_name,4,YES
USA_CSV0000000000033432.csv,USA_CSV0000000000035888.csv,department_name,department_name,4,YES
USA_CSV0000000000033288.csv,USA_CSV0000000000033432.csv,department_name,department_name,4,YES
USA_CSV0000000000033432.csv,USA_CSV0000000000033600.csv,fiscal_year_begin,fiscal_year_begin,4,YES
USA_CSV0000000000032324.csv,USA_CSV0000000000033432.csv,fiscal_year_begin,fiscal_year_begin,4,YES
USA_CSV0000000000033432.csv,USA_CSV0000000000035712.csv,fiscal_year_begin,fiscal_year_begin,4,YES
USA_CSV0000000000033432.csv,USA_CSV0000000000036536.csv,fiscal_year_begin,fiscal_year_begin,4,YES
USA_CSV0000000000033432.csv,USA_CSV0000000000035269.csv,fiscal_year_begin,fiscal_year_begin,4,YES
USA_CSV0000000000033432.csv,USA_CSV0000000000036961.csv,fiscal_year_begin,fiscal_year_begin,4,YES
USA_CSV0000000000033432.csv,USA_CSV0000000000033600.csv,fund_group,fund_group,4,YES
USA_CSV0000000000032324.csv,USA_CSV0000000000033432.csv,fund_group,fund_group,4,YES
USA_CSV0000000000033432.csv,USA_CSV0000000000036536.csv,fund_group,fund_group,4,YES
USA_CSV0000000000033432.csv,USA_CSV0000000000033600.csv,account_category,account_category,4,YES
USA_CSV0000000000032324.csv,USA_CSV0000000000033432.csv,account_category,account_category,4,YES
USA_CSV0000000000033432.csv,USA_CSV0000000000036536.csv,account_category,account_category,4,YES
USA_CSV0000000000033432.csv,USA_CSV0000000000035269.csv,account_category,account_category,4,YES
USA_CSV0000000000033432.csv,USA_CSV0000000000036961.csv,account_category,account_category,4,YES
USA_CSV0000000000033432.csv,USA_CSV0000000000035888.csv,account_category,account_category,4,YES
USA_CSV0000000000033288.csv,USA_CSV0000000000033432.csv,account_category,account_category,4,YES
USA_CSV0000000000033432.csv,USA_CSV0000000000033600.csv,document_id,document_id,4,YES
USA_CSV0000000000032324.csv,USA_CSV0000000000033432.csv,document_id,document_id,4,YES
USA_CSV0000000000033432.csv,USA_CSV0000000000035712.csv,document_id,document_id,4,YES
USA_CSV0000000000033432.csv,USA_CSV0000000000036536.csv,document_id,document_id,4,YES
USA_CSV0000000000033432.csv,USA_CSV0000000000035269.csv,document_id,document_id,4,YES
USA_CSV0000000000033432.csv,USA_CSV0000000000036961.csv,document_id,document_id,4,YES
USA_CSV0000000000033432.csv,USA_CSV0000000000035888.csv,document_id,document_id,4,YES
USA_CSV0000000000033432.csv,USA_CSV0000000000033600.csv,business_unit,business_unit,4,YES
USA_CSV0000000000032324.csv,USA_CSV0000000000033432.csv,business_unit,business_unit,4,YES
USA_CSV0000000000033432.csv,USA_CSV0000000000035712.csv,business_unit,business_unit,4,YES
USA_CSV0000000000033432.csv,USA_CSV0000000000036536.csv,business_unit,business_unit,4,YES
USA_CSV0000000000033432.csv,USA_CSV0000000000033600.csv,monetary_amount,monetary_amount,4,NO
USA_CSV0000000000032324.csv,USA_CSV0000000000033432.csv,monetary_amount,monetary_amount,4,NO
USA_CSV0000000000033432.csv,USA_CSV0000000000035712.csv,monetary_amount,monetary_amount,4,NO
USA_CSV0000000000033432.csv,USA_CSV0000000000036536.csv,monetary_amount,monetary_amount,4,NO
USA_CSV0000000000033432.csv,USA_CSV0000000000035269.csv,monetary_amount,monetary_amount,4,NO
USA_CSV0000000000033432.csv,USA_CSV0000000000036961.csv,monetary_amount,monetary_amount,4,NO
USA_CSV0000000000034847.csv,USA_CSV0000000000035122.csv,Street Name,Street Name,4,YES
USA_CSV0000000000034847.csv,USA_CSV0000000000035745.csv,Street Name,Street Name,4,YES
USA_CSV0000000000015120.csv,USA_CSV0000000000034847.csv,Street Name,Street Name,4,YES
USA_CSV0000000000034847.csv,USA_CSV0000000000035745.csv,Street Number,Street Number,4,YES
CAN_CSV0000000000022503.csv,CAN_CSV0000000000023436.csv,Date & Time,Date & Time,4,YES
USA_CSV0000000000018004.csv,USA_CSV0000000000023803.csv,Community Board,Community Board,4,YES
USA_CSV0000000000023803.csv,USA_CSV0000000000035934.csv,Community Board,Community Board,4,YES
USA_CSV0000000000018004.csv,USA_CSV0000000000023803.csv,Council District,Council District,4,YES
USA_CSV0000000000023803.csv,USA_CSV0000000000035934.csv,Council District,Council District,4,YES
USA_CSV0000000000023803.csv,USA_CSV0000000000036479.csv,Council District,Council District,4,YES
USA_CSV0000000000008127.csv,USA_CSV0000000000008574.csv,DATA SOURCE,DATA SOURCE,4,YES
USA_CSV0000000000008127.csv,USA_CSV0000000000008574.csv,SCHOOL CODE,SCHOOL CODE,4,YES
USA_CSV0000000000008127.csv,USA_CSV0000000000008574.csv,SCHOOL NAME,SCHOOL NAME,4,YES
USA_CSV0000000000008127.csv,USA_CSV0000000000008574.csv,NUMBER OF SECTIONS,NUMBER OF SECTIONS,4,NO
USA_CSV0000000000034395.csv,USA_CSV0000000000036419.csv,SHAPE_Length,SHAPE_Length,4,NO
USA_CSV0000000000034395.csv,USA_CSV0000000000036419.csv,OBJECTID,OBJECTID,4,YES
USA_CSV0000000000017680.csv,USA_CSV0000000000023669.csv,SCHOOL NAME,SCHOOL NAME,4,YES
USA_CSV0000000000017680.csv,USA_CSV0000000000023669.csv,Cohort Category,Cohort Category,4,YES
USA_CSV0000000000017680.csv,USA_CSV0000000000023669.csv,Cohort Year,Cohort Year,4,YES
USA_CSV0000000000033432.csv,USA_CSV0000000000033600.csv,program_code,program_code,4,YES
USA_CSV0000000000032324.csv,USA_CSV0000000000033600.csv,program_code,program_code,4,YES
USA_CSV0000000000033600.csv,USA_CSV0000000000035712.csv,program_code,program_code,4,YES
USA_CSV0000000000033600.csv,USA_CSV0000000000036536.csv,program_code,program_code,4,YES
USA_CSV0000000000033600.csv,USA_CSV0000000000035269.csv,program_code,program_code,4,YES
USA_CSV0000000000033600.csv,USA_CSV0000000000036961.csv,program_code,program_code,4,YES
USA_CSV0000000000033600.csv,USA_CSV0000000000035888.csv,program_code,program_code,4,YES
USA_CSV0000000000033432.csv,USA_CSV0000000000033600.csv,vendor_name,vendor_name,4,YES
USA_CSV0000000000032324.csv,USA_CSV0000000000033600.csv,vendor_name,vendor_name,4,YES
USA_CSV0000000000033600.csv,USA_CSV0000000000036536.csv,vendor_name,vendor_name,4,YES
USA_CSV0000000000033600.csv,USA_CSV0000000000035269.csv,vendor_name,vendor_name,4,YES
USA_CSV0000000000033600.csv,USA_CSV0000000000036961.csv,vendor_name,vendor_name,4,YES
USA_CSV0000000000033432.csv,USA_CSV0000000000033600.csv,program_description,program_description,4,YES
USA_CSV0000000000032324.csv,USA_CSV0000000000033600.csv,program_description,program_description,4,YES
USA_CSV0000000000033600.csv,USA_CSV0000000000035712.csv,program_description,program_description,4,YES
USA_CSV0000000000033600.csv,USA_CSV0000000000036536.csv,program_description,program_description,4,YES
USA_CSV0000000000033600.csv,USA_CSV0000000000035269.csv,program_description,program_description,4,YES
USA_CSV0000000000033600.csv,USA_CSV0000000000036961.csv,program_description,program_description,4,YES
USA_CSV0000000000033600.csv,USA_CSV0000000000035888.csv,program_description,program_description,4,YES
USA_CSV0000000000033432.csv,USA_CSV0000000000033600.csv,budget_reference,budget_reference,4,YES
USA_CSV0000000000032324.csv,USA_CSV0000000000033600.csv,budget_reference,budget_reference,4,YES
USA_CSV0000000000033600.csv,USA_CSV0000000000035712.csv,budget_reference,budget_reference,4,YES
USA_CSV0000000000033600.csv,USA_CSV0000000000036536.csv,budget_reference,budget_reference,4,YES
USA_CSV0000000000033432.csv,USA_CSV0000000000033600.csv,agency_name,agency_name,4,YES
USA_CSV0000000000032324.csv,USA_CSV0000000000033600.csv,agency_name,agency_name,4,YES
USA_CSV0000000000033600.csv,USA_CSV0000000000035712.csv,agency_name,agency_name,4,YES
USA_CSV0000000000033600.csv,USA_CSV0000000000036536.csv,agency_name,agency_name,4,YES
USA_CSV0000000000033432.csv,USA_CSV0000000000033600.csv,account_description,account_description,4,YES
USA_CSV0000000000032324.csv,USA_CSV0000000000033600.csv,account_description,account_description,4,YES
USA_CSV0000000000033600.csv,USA_CSV0000000000036536.csv,account_description,account_description,4,YES
USA_CSV0000000000033600.csv,USA_CSV0000000000035269.csv,account_description,account_description,4,YES
USA_CSV0000000000033600.csv,USA_CSV0000000000036961.csv,account_description,account_description,4,YES
USA_CSV0000000000033600.csv,USA_CSV0000000000035888.csv,account_description,account_description,4,YES
USA_CSV0000000000033288.csv,USA_CSV0000000000033600.csv,account_description,account_description,4,YES
USA_CSV0000000000033600.csv,USA_CSV0000000000033774.csv,account_description,account_description,4,YES
USA_CSV0000000000033600.csv,USA_CSV0000000000035271.csv,account_description,account_description,4,YES
USA_CSV0000000000033600.csv,USA_CSV0000000000036844.csv,account_description,account_description,4,YES
USA_CSV0000000000033432.csv,USA_CSV0000000000033600.csv,accounting_period,accounting_period,4,YES
USA_CSV0000000000032324.csv,USA_CSV0000000000033600.csv,accounting_period,accounting_period,4,YES
USA_CSV0000000000033600.csv,USA_CSV0000000000035712.csv,accounting_period,accounting_period,4,YES
USA_CSV0000000000033600.csv,USA_CSV0000000000036536.csv,accounting_period,accounting_period,4,YES
USA_CSV0000000000033432.csv,USA_CSV0000000000033600.csv,accounting_date,accounting_date,4,YES
USA_CSV0000000000032324.csv,USA_CSV0000000000033600.csv,accounting_date,accounting_date,4,YES
USA_CSV0000000000033600.csv,USA_CSV0000000000035712.csv,accounting_date,accounting_date,4,YES
USA_CSV0000000000033600.csv,USA_CSV0000000000036536.csv,accounting_date,accounting_date,4,YES
USA_CSV0000000000033432.csv,USA_CSV0000000000033600.csv,account_type,account_type,4,YES
USA_CSV0000000000032324.csv,USA_CSV0000000000033600.csv,account_type,account_type,4,YES
USA_CSV0000000000033600.csv,USA_CSV0000000000036536.csv,account_type,account_type,4,YES
USA_CSV0000000000033600.csv,USA_CSV0000000000035269.csv,account_type,account_type,4,YES
USA_CSV0000000000033600.csv,USA_CSV0000000000036961.csv,account_type,account_type,4,YES
USA_CSV0000000000033600.csv,USA_CSV0000000000035888.csv,account_type,account_type,4,YES
USA_CSV0000000000033288.csv,USA_CSV0000000000033600.csv,account_type,account_type,4,YES
USA_CSV0000000000033600.csv,USA_CSV0000000000033774.csv,account_type,account_type,4,YES
USA_CSV0000000000033600.csv,USA_CSV0000000000035271.csv,account_type,account_type,4,YES
USA_CSV0000000000033600.csv,USA_CSV0000000000036844.csv,account_type,account_type,4,YES
USA_CSV0000000000033432.csv,USA_CSV0000000000033600.csv,fund_description,fund_description,4,YES
USA_CSV0000000000032324.csv,USA_CSV0000000000033600.csv,fund_description,fund_description,4,YES
USA_CSV0000000000033600.csv,USA_CSV0000000000036536.csv,fund_description,fund_description,4,YES
USA_CSV0000000000033600.csv,USA_CSV0000000000035269.csv,fund_description,fund_description,4,YES
USA_CSV0000000000033600.csv,USA_CSV0000000000036961.csv,fund_description,fund_description,4,YES
USA_CSV0000000000033600.csv,USA_CSV0000000000035888.csv,fund_description,fund_description,4,YES
USA_CSV0000000000033288.csv,USA_CSV0000000000033600.csv,fund_description,fund_description,4,YES
USA_CSV0000000000033600.csv,USA_CSV0000000000033774.csv,fund_description,fund_description,4,YES
USA_CSV0000000000033600.csv,USA_CSV0000000000035271.csv,fund_description,fund_description,4,YES
USA_CSV0000000000033600.csv,USA_CSV0000000000036844.csv,fund_description,fund_description,4,YES
USA_CSV0000000000033432.csv,USA_CSV0000000000033600.csv,department_name,department_name,4,YES
USA_CSV0000000000032324.csv,USA_CSV0000000000033600.csv,department_name,department_name,4,YES
USA_CSV0000000000033600.csv,USA_CSV0000000000035712.csv,department_name,department_name,4,YES
USA_CSV0000000000033600.csv,USA_CSV0000000000036536.csv,department_name,department_name,4,YES
USA_CSV0000000000033432.csv,USA_CSV0000000000033600.csv,fiscal_year_begin,fiscal_year_begin,4,YES
USA_CSV0000000000032324.csv,USA_CSV0000000000033600.csv,fiscal_year_begin,fiscal_year_begin,4,YES
USA_CSV0000000000033600.csv,USA_CSV0000000000035712.csv,fiscal_year_begin,fiscal_year_begin,4,YES
USA_CSV0000000000033600.csv,USA_CSV0000000000036536.csv,fiscal_year_begin,fiscal_year_begin,4,YES
USA_CSV0000000000033600.csv,USA_CSV0000000000035269.csv,fiscal_year_begin,fiscal_year_begin,4,YES
USA_CSV0000000000033600.csv,USA_CSV0000000000036961.csv,fiscal_year_begin,fiscal_year_begin,4,YES
USA_CSV0000000000033432.csv,USA_CSV0000000000033600.csv,fund_group,fund_group,4,YES
USA_CSV0000000000032324.csv,USA_CSV0000000000033600.csv,fund_group,fund_group,4,YES
USA_CSV0000000000033600.csv,USA_CSV0000000000036536.csv,fund_group,fund_group,4,YES
USA_CSV0000000000033600.csv,USA_CSV0000000000035269.csv,fund_group,fund_group,4,YES
USA_CSV0000000000033600.csv,USA_CSV0000000000036961.csv,fund_group,fund_group,4,YES
USA_CSV0000000000033600.csv,USA_CSV0000000000035888.csv,fund_group,fund_group,4,YES
USA_CSV0000000000033288.csv,USA_CSV0000000000033600.csv,fund_group,fund_group,4,YES
USA_CSV0000000000033432.csv,USA_CSV0000000000033600.csv,account_category,account_category,4,YES
USA_CSV0000000000032324.csv,USA_CSV0000000000033600.csv,account_category,account_category,4,YES
USA_CSV0000000000033600.csv,USA_CSV0000000000036536.csv,account_category,account_category,4,YES
USA_CSV0000000000033600.csv,USA_CSV0000000000035269.csv,account_category,account_category,4,YES
USA_CSV0000000000033600.csv,USA_CSV0000000000036961.csv,account_category,account_category,4,YES
USA_CSV0000000000033432.csv,USA_CSV0000000000033600.csv,document_id,document_id,4,YES
USA_CSV0000000000032324.csv,USA_CSV0000000000033600.csv,document_id,document_id,4,YES
USA_CSV0000000000033600.csv,USA_CSV0000000000035712.csv,document_id,document_id,4,YES
USA_CSV0000000000033600.csv,USA_CSV0000000000036536.csv,document_id,document_id,4,YES
USA_CSV0000000000033600.csv,USA_CSV0000000000035269.csv,document_id,document_id,4,YES
USA_CSV0000000000033600.csv,USA_CSV0000000000036961.csv,document_id,document_id,4,YES
USA_CSV0000000000033600.csv,USA_CSV0000000000035888.csv,document_id,document_id,4,YES
USA_CSV0000000000033432.csv,USA_CSV0000000000033600.csv,business_unit,business_unit,4,YES
USA_CSV0000000000032324.csv,USA_CSV0000000000033600.csv,business_unit,business_unit,4,YES
USA_CSV0000000000033600.csv,USA_CSV0000000000035712.csv,business_unit,business_unit,4,YES
USA_CSV0000000000033600.csv,USA_CSV0000000000036536.csv,business_unit,business_unit,4,YES
USA_CSV0000000000033432.csv,USA_CSV0000000000033600.csv,monetary_amount,monetary_amount,4,NO
USA_CSV0000000000032324.csv,USA_CSV0000000000033600.csv,monetary_amount,monetary_amount,4,NO
USA_CSV0000000000033600.csv,USA_CSV0000000000035712.csv,monetary_amount,monetary_amount,4,NO
USA_CSV0000000000033600.csv,USA_CSV0000000000036536.csv,monetary_amount,monetary_amount,4,NO
CAN_CSV0000000000009256.csv,CAN_CSV0000000000016775.csv,service_id,service_id,4,YES
CAN_CSV0000000000001963.csv,CAN_CSV0000000000009256.csv,service_id,service_id,4,YES
CAN_CSV0000000000009256.csv,CAN_CSV0000000000016775.csv,service_std_target,service_std_target,4,NO
CAN_CSV0000000000009256.csv,CAN_CSV0000000000016775.csv,service_name_fr,service_name_fr,4,YES
CAN_CSV0000000000001963.csv,CAN_CSV0000000000009256.csv,service_name_fr,service_name_fr,4,YES
CAN_CSV0000000000001861.csv,CAN_CSV0000000000009256.csv,service_name_fr,service_name_fr,4,YES
CAN_CSV0000000000009256.csv,CAN_CSV0000000000016775.csv,service_std_url_en,service_std_url_en,4,YES
CAN_CSV0000000000009256.csv,CAN_CSV0000000000016775.csv,target_met,target_met,4,NO
CAN_CSV0000000000009256.csv,CAN_CSV0000000000016775.csv,department_name_en,department_name_en,4,YES
CAN_CSV0000000000001963.csv,CAN_CSV0000000000009256.csv,department_name_en,department_name_en,4,YES
CAN_CSV0000000000001861.csv,CAN_CSV0000000000009256.csv,department_name_en,department_name_en,4,YES
CAN_CSV0000000000009256.csv,CAN_CSV0000000000016775.csv,department_name_fr,department_name_fr,4,YES
CAN_CSV0000000000001963.csv,CAN_CSV0000000000009256.csv,department_name_fr,department_name_fr,4,YES
CAN_CSV0000000000009256.csv,CAN_CSV0000000000016775.csv,total_volume,total_volume,4,NO
CAN_CSV0000000000009256.csv,CAN_CSV0000000000016775.csv,service_std_url_fr,service_std_url_fr,4,YES
CAN_CSV0000000000009256.csv,CAN_CSV0000000000016775.csv,service_std_fr,service_std_fr,4,NO
CAN_CSV0000000000009256.csv,CAN_CSV0000000000016775.csv,performance,performance,4,NO
CAN_CSV0000000000009256.csv,CAN_CSV0000000000016775.csv,service_name_en,service_name_en,4,YES
CAN_CSV0000000000001963.csv,CAN_CSV0000000000009256.csv,service_name_en,service_name_en,4,YES
CAN_CSV0000000000009256.csv,CAN_CSV0000000000016775.csv,target_type,target_type,4,YES
CAN_CSV0000000000009256.csv,CAN_CSV0000000000016775.csv,service_std_en,service_std_en,4,NO
USA_CSV0000000000033156.csv,USA_CSV0000000000033543.csv,First Name,First Name,4,YES
USA_CSV0000000000033156.csv,USA_CSV0000000000033630.csv,First Name,First Name,4,YES
USA_CSV0000000000031994.csv,USA_CSV0000000000033156.csv,First Name,First Name,4,YES
USA_CSV0000000000033156.csv,USA_CSV0000000000034329.csv,First Name,First Name,4,YES
USA_CSV0000000000033156.csv,USA_CSV0000000000035439.csv,First Name,First Name,4,YES
USA_CSV0000000000033156.csv,USA_CSV0000000000035827.csv,First Name,First Name,4,YES
USA_CSV0000000000031994.csv,USA_CSV0000000000033156.csv,Business Name,Business Name,4,YES
USA_CSV0000000000033156.csv,USA_CSV0000000000035439.csv,Business Name,Business Name,4,YES
USA_CSV0000000000033156.csv,USA_CSV0000000000035827.csv,Business Name,Business Name,4,YES
USA_CSV0000000000033156.csv,USA_CSV0000000000033543.csv,Registry Date,Registry Date,4,YES
USA_CSV0000000000033156.csv,USA_CSV0000000000033630.csv,Registry Date,Registry Date,4,YES
USA_CSV0000000000031994.csv,USA_CSV0000000000033156.csv,Registry Date,Registry Date,4,YES
USA_CSV0000000000033156.csv,USA_CSV0000000000034329.csv,Registry Date,Registry Date,4,YES
USA_CSV0000000000033156.csv,USA_CSV0000000000035439.csv,Registry Date,Registry Date,4,YES
USA_CSV0000000000033156.csv,USA_CSV0000000000035827.csv,Registry Date,Registry Date,4,YES
USA_CSV0000000000033156.csv,USA_CSV0000000000033543.csv,Registry Number,Registry Number,4,YES
USA_CSV0000000000033156.csv,USA_CSV0000000000033630.csv,Registry Number,Registry Number,4,YES
USA_CSV0000000000031994.csv,USA_CSV0000000000033156.csv,Registry Number,Registry Number,4,YES
UK_CSV0000000000001955.csv,UK_CSV0000000000004295.csv,Falls within,Falls within,4,YES
UK_CSV0000000000001955.csv,UK_CSV0000000000004295.csv,Reported by,Reported by,4,YES
UK_CSV0000000000001955.csv,UK_CSV0000000000004295.csv,Crime type,Crime type,4,YES
USA_CSV0000000000034847.csv,USA_CSV0000000000035122.csv,Street Name,Street Name,4,YES
USA_CSV0000000000035122.csv,USA_CSV0000000000035745.csv,Street Name,Street Name,4,YES
USA_CSV0000000000015120.csv,USA_CSV0000000000035122.csv,Street Name,Street Name,4,YES
USA_CSV0000000000031647.csv,USA_CSV0000000000035122.csv,Street Name,Street Name,4,YES
CAN_CSV0000000000003274.csv,CAN_CSV0000000000016419.csv,Review Type,Review Type,4,YES
CAN_CSV0000000000003274.csv,CAN_CSV0000000000026045.csv,Review Type,Review Type,4,YES
CAN_CSV0000000000003274.csv,CAN_CSV0000000000009663.csv,Review Type,Review Type,4,YES
CAN_CSV0000000000003274.csv,CAN_CSV0000000000009470.csv,Review Type,Review Type,4,YES
CAN_CSV0000000000003274.csv,CAN_CSV0000000000016419.csv,Race Group,Race Group,4,YES
CAN_CSV0000000000003274.csv,CAN_CSV0000000000026045.csv,Race Group,Race Group,4,YES
CAN_CSV0000000000003274.csv,CAN_CSV0000000000009663.csv,Race Group,Race Group,4,YES
CAN_CSV0000000000003274.csv,CAN_CSV0000000000016419.csv,Decision Month,Decision Month,4,YES
CAN_CSV0000000000003274.csv,CAN_CSV0000000000026045.csv,Decision Month,Decision Month,4,YES
CAN_CSV0000000000003274.csv,CAN_CSV0000000000016419.csv,Final Decision,Final Decision,4,YES
CAN_CSV0000000000003274.csv,CAN_CSV0000000000026045.csv,Final Decision,Final Decision,4,YES
CAN_CSV0000000000003274.csv,CAN_CSV0000000000009470.csv,Final Decision,Final Decision,4,YES
CAN_CSV0000000000003274.csv,CAN_CSV0000000000016419.csv,Decision Category,Decision Category,4,YES
CAN_CSV0000000000003274.csv,CAN_CSV0000000000026045.csv,Decision Category,Decision Category,4,YES
CAN_CSV0000000000003274.csv,CAN_CSV0000000000009663.csv,Decision Category,Decision Category,4,YES
CAN_CSV0000000000003274.csv,CAN_CSV0000000000016419.csv,Decision Purpose,Decision Purpose,4,NO
CAN_CSV0000000000003274.csv,CAN_CSV0000000000026045.csv,Decision Purpose,Decision Purpose,4,NO
CAN_CSV0000000000003274.csv,CAN_CSV0000000000009663.csv,Decision Purpose,Decision Purpose,4,NO
CAN_CSV0000000000003274.csv,CAN_CSV0000000000016419.csv,Decision Type Group,Decision Type Group,4,YES
CAN_CSV0000000000003274.csv,CAN_CSV0000000000026045.csv,Decision Type Group,Decision Type Group,4,YES
CAN_CSV0000000000003274.csv,CAN_CSV0000000000009470.csv,Decision Type Group,Decision Type Group,4,YES
CAN_CSV0000000000003274.csv,CAN_CSV0000000000016419.csv,Decision Type,Decision Type,4,YES
CAN_CSV0000000000003274.csv,CAN_CSV0000000000026045.csv,Decision Type,Decision Type,4,YES
CAN_CSV0000000000003274.csv,CAN_CSV0000000000009470.csv,Decision Type,Decision Type,4,YES
USA_CSV0000000000006400.csv,USA_CSV0000000000018004.csv,Community Board,Community Board,4,YES
CAN_CSV0000000000019350.csv,CAN_CSV0000000000024695.csv,Facility details,Facility details,4,YES
CAN_CSV0000000000019350.csv,CAN_CSV0000000000024695.csv,Company name,Company name,4,YES
CAN_CSV0000000000019350.csv,CAN_CSV0000000000024695.csv,Facility name,Facility name,4,YES
CAN_CSV0000000000008165.csv,CAN_CSV0000000000024921.csv,TERME_FR_PARAMETRE,TERME_FR_PARAMETRE,4,YES
CAN_CSV0000000000008165.csv,CAN_CSV0000000000024921.csv,SUBJECT_EN,SUBJECT_EN,4,YES
CAN_CSV0000000000008165.csv,CAN_CSV0000000000024921.csv,DOMAINE_FR,DOMAINE_FR,4,YES
CAN_CSV0000000000008165.csv,CAN_CSV0000000000024921.csv,JUSTIFICATION_1_FR,JUSTIFICATION_1_FR,4,NO
CAN_CSV0000000000008165.csv,CAN_CSV0000000000024921.csv,TERM_EN_PARAMETER,TERM_EN_PARAMETER,4,YES
CAN_CSV0000000000007676.csv,CAN_CSV0000000000007677.csv,Deph/Profondeur(m),Deph/Profondeur(m),4,NO
CAN_CSV0000000000007676.csv,CAN_CSV0000000000007677.csv,Salinity/Salinité,Salinity/Salinité,4,NO
CAN_CSV0000000000007676.csv,CAN_CSV0000000000007677.csv,Ship/Navire,Ship/Navire,4,YES
CAN_CSV0000000000003595.csv,CAN_CSV0000000000021131.csv,Outcome Fiscal Year,Outcome Fiscal Year,4,YES
CAN_CSV0000000000003595.csv,CAN_CSV0000000000021131.csv,Method of Trial,Method of Trial,4,YES
CAN_CSV0000000000003595.csv,CAN_CSV0000000000021131.csv,Outcome Month,Outcome Month,4,YES
CAN_CSV0000000000003595.csv,CAN_CSV0000000000021131.csv,Request Type,Request Type,4,YES
USA_CSV0000000000033432.csv,USA_CSV0000000000036536.csv,year_of_enactment,year_of_enactment,4,YES
USA_CSV0000000000033600.csv,USA_CSV0000000000036536.csv,year_of_enactment,year_of_enactment,4,YES
USA_CSV0000000000032324.csv,USA_CSV0000000000036536.csv,year_of_enactment,year_of_enactment,4,YES
USA_CSV0000000000035269.csv,USA_CSV0000000000036536.csv,year_of_enactment,year_of_enactment,4,YES
USA_CSV0000000000036536.csv,USA_CSV0000000000036961.csv,year_of_enactment,year_of_enactment,4,YES
USA_CSV0000000000035888.csv,USA_CSV0000000000036536.csv,year_of_enactment,year_of_enactment,4,YES
USA_CSV0000000000033288.csv,USA_CSV0000000000036536.csv,year_of_enactment,year_of_enactment,4,YES
USA_CSV0000000000033774.csv,USA_CSV0000000000036536.csv,year_of_enactment,year_of_enactment,4,YES
USA_CSV0000000000035271.csv,USA_CSV0000000000036536.csv,year_of_enactment,year_of_enactment,4,YES
USA_CSV0000000000036536.csv,USA_CSV0000000000036844.csv,year_of_enactment,year_of_enactment,4,YES
USA_CSV0000000000033432.csv,USA_CSV0000000000036536.csv,program_code,program_code,4,YES
USA_CSV0000000000033600.csv,USA_CSV0000000000036536.csv,program_code,program_code,4,YES
USA_CSV0000000000032324.csv,USA_CSV0000000000036536.csv,program_code,program_code,4,YES
USA_CSV0000000000035712.csv,USA_CSV0000000000036536.csv,program_code,program_code,4,YES
USA_CSV0000000000035269.csv,USA_CSV0000000000036536.csv,program_code,program_code,4,YES
USA_CSV0000000000036536.csv,USA_CSV0000000000036961.csv,program_code,program_code,4,YES
USA_CSV0000000000033432.csv,USA_CSV0000000000036536.csv,vendor_name,vendor_name,4,YES
USA_CSV0000000000033600.csv,USA_CSV0000000000036536.csv,vendor_name,vendor_name,4,YES
USA_CSV0000000000032324.csv,USA_CSV0000000000036536.csv,vendor_name,vendor_name,4,YES
USA_CSV0000000000035269.csv,USA_CSV0000000000036536.csv,vendor_name,vendor_name,4,YES
USA_CSV0000000000036536.csv,USA_CSV0000000000036961.csv,vendor_name,vendor_name,4,YES
USA_CSV0000000000035888.csv,USA_CSV0000000000036536.csv,vendor_name,vendor_name,4,YES
USA_CSV0000000000033288.csv,USA_CSV0000000000036536.csv,vendor_name,vendor_name,4,YES
USA_CSV0000000000033432.csv,USA_CSV0000000000036536.csv,program_description,program_description,4,YES
USA_CSV0000000000033600.csv,USA_CSV0000000000036536.csv,program_description,program_description,4,YES
USA_CSV0000000000032324.csv,USA_CSV0000000000036536.csv,program_description,program_description,4,YES
USA_CSV0000000000035712.csv,USA_CSV0000000000036536.csv,program_description,program_description,4,YES
USA_CSV0000000000033432.csv,USA_CSV0000000000036536.csv,budget_reference,budget_reference,4,YES
USA_CSV0000000000033600.csv,USA_CSV0000000000036536.csv,budget_reference,budget_reference,4,YES
USA_CSV0000000000032324.csv,USA_CSV0000000000036536.csv,budget_reference,budget_reference,4,YES
USA_CSV0000000000035712.csv,USA_CSV0000000000036536.csv,budget_reference,budget_reference,4,YES
USA_CSV0000000000033432.csv,USA_CSV0000000000036536.csv,agency_name,agency_name,4,YES
USA_CSV0000000000033600.csv,USA_CSV0000000000036536.csv,agency_name,agency_name,4,YES
USA_CSV0000000000032324.csv,USA_CSV0000000000036536.csv,agency_name,agency_name,4,YES
USA_CSV0000000000035712.csv,USA_CSV0000000000036536.csv,agency_name,agency_name,4,YES
USA_CSV0000000000035269.csv,USA_CSV0000000000036536.csv,agency_name,agency_name,4,YES
USA_CSV0000000000036536.csv,USA_CSV0000000000036961.csv,agency_name,agency_name,4,YES
USA_CSV0000000000035888.csv,USA_CSV0000000000036536.csv,agency_name,agency_name,4,YES
USA_CSV0000000000033432.csv,USA_CSV0000000000036536.csv,account_description,account_description,4,YES
USA_CSV0000000000033600.csv,USA_CSV0000000000036536.csv,account_description,account_description,4,YES
USA_CSV0000000000032324.csv,USA_CSV0000000000036536.csv,account_description,account_description,4,YES
USA_CSV0000000000035269.csv,USA_CSV0000000000036536.csv,account_description,account_description,4,YES
USA_CSV0000000000036536.csv,USA_CSV0000000000036961.csv,account_description,account_description,4,YES
USA_CSV0000000000035888.csv,USA_CSV0000000000036536.csv,account_description,account_description,4,YES
USA_CSV0000000000033288.csv,USA_CSV0000000000036536.csv,account_description,account_description,4,YES
USA_CSV0000000000033774.csv,USA_CSV0000000000036536.csv,account_description,account_description,4,YES
USA_CSV0000000000035271.csv,USA_CSV0000000000036536.csv,account_description,account_description,4,YES
USA_CSV0000000000033432.csv,USA_CSV0000000000036536.csv,accounting_period,accounting_period,4,YES
USA_CSV0000000000033600.csv,USA_CSV0000000000036536.csv,accounting_period,accounting_period,4,YES
USA_CSV0000000000032324.csv,USA_CSV0000000000036536.csv,accounting_period,accounting_period,4,YES
USA_CSV0000000000035712.csv,USA_CSV0000000000036536.csv,accounting_period,accounting_period,4,YES
USA_CSV0000000000033432.csv,USA_CSV0000000000036536.csv,accounting_date,accounting_date,4,YES
USA_CSV0000000000033600.csv,USA_CSV0000000000036536.csv,accounting_date,accounting_date,4,YES
USA_CSV0000000000032324.csv,USA_CSV0000000000036536.csv,accounting_date,accounting_date,4,YES
USA_CSV0000000000035712.csv,USA_CSV0000000000036536.csv,accounting_date,accounting_date,4,YES
USA_CSV0000000000033432.csv,USA_CSV0000000000036536.csv,account_type,account_type,4,YES
USA_CSV0000000000033600.csv,USA_CSV0000000000036536.csv,account_type,account_type,4,YES
USA_CSV0000000000032324.csv,USA_CSV0000000000036536.csv,account_type,account_type,4,YES
USA_CSV0000000000033432.csv,USA_CSV0000000000036536.csv,fund_description,fund_description,4,YES
USA_CSV0000000000033600.csv,USA_CSV0000000000036536.csv,fund_description,fund_description,4,YES
USA_CSV0000000000032324.csv,USA_CSV0000000000036536.csv,fund_description,fund_description,4,YES
USA_CSV0000000000035269.csv,USA_CSV0000000000036536.csv,fund_description,fund_description,4,YES
USA_CSV0000000000036536.csv,USA_CSV0000000000036961.csv,fund_description,fund_description,4,YES
USA_CSV0000000000033432.csv,USA_CSV0000000000036536.csv,department_name,department_name,4,YES
USA_CSV0000000000033600.csv,USA_CSV0000000000036536.csv,department_name,department_name,4,YES
USA_CSV0000000000032324.csv,USA_CSV0000000000036536.csv,department_name,department_name,4,YES
USA_CSV0000000000035712.csv,USA_CSV0000000000036536.csv,department_name,department_name,4,YES
USA_CSV0000000000035269.csv,USA_CSV0000000000036536.csv,department_name,department_name,4,YES
USA_CSV0000000000036536.csv,USA_CSV0000000000036961.csv,department_name,department_name,4,YES
USA_CSV0000000000033432.csv,USA_CSV0000000000036536.csv,fiscal_year_begin,fiscal_year_begin,4,YES
USA_CSV0000000000033600.csv,USA_CSV0000000000036536.csv,fiscal_year_begin,fiscal_year_begin,4,YES
USA_CSV0000000000032324.csv,USA_CSV0000000000036536.csv,fiscal_year_begin,fiscal_year_begin,4,YES
USA_CSV0000000000035712.csv,USA_CSV0000000000036536.csv,fiscal_year_begin,fiscal_year_begin,4,YES
USA_CSV0000000000035269.csv,USA_CSV0000000000036536.csv,fiscal_year_begin,fiscal_year_begin,4,YES
USA_CSV0000000000036536.csv,USA_CSV0000000000036961.csv,fiscal_year_begin,fiscal_year_begin,4,YES
USA_CSV0000000000033432.csv,USA_CSV0000000000036536.csv,fund_group,fund_group,4,YES
USA_CSV0000000000033600.csv,USA_CSV0000000000036536.csv,fund_group,fund_group,4,YES
USA_CSV0000000000032324.csv,USA_CSV0000000000036536.csv,fund_group,fund_group,4,YES
USA_CSV0000000000035269.csv,USA_CSV0000000000036536.csv,fund_group,fund_group,4,YES
USA_CSV0000000000036536.csv,USA_CSV0000000000036961.csv,fund_group,fund_group,4,YES
USA_CSV0000000000035888.csv,USA_CSV0000000000036536.csv,fund_group,fund_group,4,YES
USA_CSV0000000000033288.csv,USA_CSV0000000000036536.csv,fund_group,fund_group,4,YES
USA_CSV0000000000033774.csv,USA_CSV0000000000036536.csv,fund_group,fund_group,4,YES
USA_CSV0000000000035271.csv,USA_CSV0000000000036536.csv,fund_group,fund_group,4,YES
USA_CSV0000000000033432.csv,USA_CSV0000000000036536.csv,account_category,account_category,4,YES
USA_CSV0000000000033600.csv,USA_CSV0000000000036536.csv,account_category,account_category,4,YES
USA_CSV0000000000032324.csv,USA_CSV0000000000036536.csv,account_category,account_category,4,YES
USA_CSV0000000000035269.csv,USA_CSV0000000000036536.csv,account_category,account_category,4,YES
USA_CSV0000000000036536.csv,USA_CSV0000000000036961.csv,account_category,account_category,4,YES
USA_CSV0000000000035888.csv,USA_CSV0000000000036536.csv,account_category,account_category,4,YES
USA_CSV0000000000033288.csv,USA_CSV0000000000036536.csv,account_category,account_category,4,YES
USA_CSV0000000000033774.csv,USA_CSV0000000000036536.csv,account_category,account_category,4,YES
USA_CSV0000000000035271.csv,USA_CSV0000000000036536.csv,account_category,account_category,4,YES
USA_CSV0000000000033432.csv,USA_CSV0000000000036536.csv,document_id,document_id,4,YES
USA_CSV0000000000033600.csv,USA_CSV0000000000036536.csv,document_id,document_id,4,YES
USA_CSV0000000000032324.csv,USA_CSV0000000000036536.csv,document_id,document_id,4,YES
USA_CSV0000000000035712.csv,USA_CSV0000000000036536.csv,document_id,document_id,4,YES
USA_CSV0000000000033432.csv,USA_CSV0000000000036536.csv,business_unit,business_unit,4,YES
USA_CSV0000000000033600.csv,USA_CSV0000000000036536.csv,business_unit,business_unit,4,YES
USA_CSV0000000000032324.csv,USA_CSV0000000000036536.csv,business_unit,business_unit,4,YES
USA_CSV0000000000035712.csv,USA_CSV0000000000036536.csv,business_unit,business_unit,4,YES
USA_CSV0000000000033432.csv,USA_CSV0000000000036536.csv,monetary_amount,monetary_amount,4,NO
USA_CSV0000000000033600.csv,USA_CSV0000000000036536.csv,monetary_amount,monetary_amount,4,NO
USA_CSV0000000000032324.csv,USA_CSV0000000000036536.csv,monetary_amount,monetary_amount,4,NO
USA_CSV0000000000035712.csv,USA_CSV0000000000036536.csv,monetary_amount,monetary_amount,4,NO
USA_CSV0000000000035269.csv,USA_CSV0000000000036536.csv,monetary_amount,monetary_amount,4,NO
CAN_CSV0000000000003595.csv,CAN_CSV0000000000021131.csv,Outcome Fiscal Year,Outcome Fiscal Year,4,YES
CAN_CSV0000000000003595.csv,CAN_CSV0000000000021131.csv,Outcome Month,Outcome Month,4,YES
CAN_CSV0000000000003595.csv,CAN_CSV0000000000021131.csv,Request Type,Request Type,4,YES
USA_CSV0000000000037099.csv,USA_CSV0000000000037302.csv,ACCOUNT_DESCR,ACCOUNT_DESCR,4,NO
USA_CSV0000000000033066.csv,USA_CSV0000000000037099.csv,ACCOUNT_DESCR,ACCOUNT_DESCR,4,NO
USA_CSV0000000000036104.csv,USA_CSV0000000000037099.csv,ACCOUNT_DESCR,ACCOUNT_DESCR,4,NO
USA_CSV0000000000037099.csv,USA_CSV0000000000037302.csv,VOUCHER_ID,VOUCHER_ID,4,YES
USA_CSV0000000000033066.csv,USA_CSV0000000000037099.csv,VOUCHER_ID,VOUCHER_ID,4,YES
USA_CSV0000000000036104.csv,USA_CSV0000000000037099.csv,VOUCHER_ID,VOUCHER_ID,4,YES
USA_CSV0000000000037099.csv,USA_CSV0000000000037302.csv,FUND_DESCR,FUND_DESCR,4,NO
USA_CSV0000000000033066.csv,USA_CSV0000000000037099.csv,FUND_DESCR,FUND_DESCR,4,NO
USA_CSV0000000000036104.csv,USA_CSV0000000000037099.csv,FUND_DESCR,FUND_DESCR,4,NO
USA_CSV0000000000037099.csv,USA_CSV0000000000037302.csv,business_unit,business_unit,4,YES
USA_CSV0000000000033066.csv,USA_CSV0000000000037099.csv,business_unit,business_unit,4,YES
USA_CSV0000000000024884.csv,USA_CSV0000000000037099.csv,business_unit,business_unit,4,YES
USA_CSV0000000000036104.csv,USA_CSV0000000000037099.csv,business_unit,business_unit,4,YES
USA_CSV0000000000037099.csv,USA_CSV0000000000037302.csv,TRANSACTION_TYPE,TRANSACTION_TYPE,4,YES
USA_CSV0000000000033066.csv,USA_CSV0000000000037099.csv,TRANSACTION_TYPE,TRANSACTION_TYPE,4,YES
USA_CSV0000000000036104.csv,USA_CSV0000000000037099.csv,TRANSACTION_TYPE,TRANSACTION_TYPE,4,YES
USA_CSV0000000000037099.csv,USA_CSV0000000000037302.csv,CLASS_DESCR,CLASS_DESCR,4,NO
USA_CSV0000000000033066.csv,USA_CSV0000000000037099.csv,CLASS_DESCR,CLASS_DESCR,4,NO
USA_CSV0000000000037099.csv,USA_CSV0000000000037302.csv,OCP_AGNCY_NAME,OCP_AGNCY_NAME,4,YES
USA_CSV0000000000033066.csv,USA_CSV0000000000037099.csv,OCP_AGNCY_NAME,OCP_AGNCY_NAME,4,YES
USA_CSV0000000000024884.csv,USA_CSV0000000000037099.csv,OCP_AGNCY_NAME,OCP_AGNCY_NAME,4,YES
USA_CSV0000000000036104.csv,USA_CSV0000000000037099.csv,OCP_AGNCY_NAME,OCP_AGNCY_NAME,4,YES
USA_CSV0000000000037099.csv,USA_CSV0000000000037302.csv,FISCAL_YR_TAS,FISCAL_YR_TAS,4,NO
USA_CSV0000000000033066.csv,USA_CSV0000000000037099.csv,FISCAL_YR_TAS,FISCAL_YR_TAS,4,NO
USA_CSV0000000000036104.csv,USA_CSV0000000000037099.csv,FISCAL_YR_TAS,FISCAL_YR_TAS,4,NO
USA_CSV0000000000033543.csv,USA_CSV0000000000035439.csv,Entity Type,Entity Type,4,YES
USA_CSV0000000000033630.csv,USA_CSV0000000000035439.csv,Entity Type,Entity Type,4,YES
USA_CSV0000000000031994.csv,USA_CSV0000000000035439.csv,Entity Type,Entity Type,4,YES
USA_CSV0000000000034329.csv,USA_CSV0000000000035439.csv,Entity Type,Entity Type,4,YES
USA_CSV0000000000033156.csv,USA_CSV0000000000035439.csv,Entity Type,Entity Type,4,YES
USA_CSV0000000000035439.csv,USA_CSV0000000000035827.csv,Entity Type,Entity Type,4,YES
USA_CSV0000000000031994.csv,USA_CSV0000000000035439.csv,Business Name,Business Name,4,YES
USA_CSV0000000000035439.csv,USA_CSV0000000000035827.csv,Business Name,Business Name,4,YES
USA_CSV0000000000033543.csv,USA_CSV0000000000035439.csv,Registry Date,Registry Date,4,YES
USA_CSV0000000000033630.csv,USA_CSV0000000000035439.csv,Registry Date,Registry Date,4,YES
USA_CSV0000000000031994.csv,USA_CSV0000000000035439.csv,Registry Date,Registry Date,4,YES
USA_CSV0000000000034329.csv,USA_CSV0000000000035439.csv,Registry Date,Registry Date,4,YES
USA_CSV0000000000033156.csv,USA_CSV0000000000035439.csv,Registry Date,Registry Date,4,YES
USA_CSV0000000000035439.csv,USA_CSV0000000000035827.csv,Registry Date,Registry Date,4,YES
CAN_CSV0000000000003356.csv,CAN_CSV0000000000022798.csv,CBSA Office,CBSA Office,4,YES
CAN_CSV0000000000012108.csv,CAN_CSV0000000000022798.csv,CBSA Office,CBSA Office,4,YES
CAN_CSV0000000000003356.csv,CAN_CSV0000000000022798.csv,Commercial Flow,Commercial Flow,4,NO
CAN_CSV0000000000012108.csv,CAN_CSV0000000000022798.csv,Commercial Flow,Commercial Flow,4,NO
CAN_CSV0000000000015899.csv,CAN_CSV0000000000022798.csv,Commercial Flow,Commercial Flow,4,NO
USA_CSV0000000000012886.csv,USA_CSV0000000000034460.csv,BusinessName,BusinessName,4,YES
CAN_CSV0000000000000474.csv,CAN_CSV0000000000000629.csv,REF_DATE,REF_DATE,4,YES
CAN_CSV0000000000000474.csv,CAN_CSV0000000000000659.csv,REF_DATE,REF_DATE,4,YES
CAN_CSV0000000000000474.csv,CAN_CSV0000000000000724.csv,REF_DATE,REF_DATE,4,YES
CAN_CSV0000000000000474.csv,CAN_CSV0000000000000732.csv,REF_DATE,REF_DATE,4,YES
CAN_CSV0000000000000474.csv,CAN_CSV0000000000000965.csv,REF_DATE,REF_DATE,4,YES
CAN_CSV0000000000000474.csv,CAN_CSV0000000000005418.csv,REF_DATE,REF_DATE,4,YES
CAN_CSV0000000000000474.csv,CAN_CSV0000000000013036.csv,REF_DATE,REF_DATE,4,YES
CAN_CSV0000000000000474.csv,CAN_CSV0000000000013946.csv,REF_DATE,REF_DATE,4,YES
CAN_CSV0000000000000474.csv,CAN_CSV0000000000013953.csv,REF_DATE,REF_DATE,4,YES
CAN_CSV0000000000000474.csv,CAN_CSV0000000000014005.csv,REF_DATE,REF_DATE,4,YES
CAN_CSV0000000000000474.csv,CAN_CSV0000000000014052.csv,REF_DATE,REF_DATE,4,YES
CAN_CSV0000000000000474.csv,CAN_CSV0000000000014474.csv,REF_DATE,REF_DATE,4,YES
CAN_CSV0000000000000474.csv,CAN_CSV0000000000015762.csv,REF_DATE,REF_DATE,4,YES
CAN_CSV0000000000000474.csv,CAN_CSV0000000000027188.csv,REF_DATE,REF_DATE,4,YES
CAN_CSV0000000000000474.csv,CAN_CSV0000000000027243.csv,REF_DATE,REF_DATE,4,YES
CAN_CSV0000000000000558.csv,CAN_CSV0000000000000629.csv,COORDINATE,COORDINATE,4,YES
CAN_CSV0000000000000558.csv,CAN_CSV0000000000000638.csv,COORDINATE,COORDINATE,4,YES
CAN_CSV0000000000000558.csv,CAN_CSV0000000000000659.csv,REF_DATE,REF_DATE,4,YES
CAN_CSV0000000000000558.csv,CAN_CSV0000000000000724.csv,COORDINATE,COORDINATE,4,YES
CAN_CSV0000000000000558.csv,CAN_CSV0000000000004753.csv,COORDINATE,COORDINATE,4,YES
CAN_CSV0000000000000558.csv,CAN_CSV0000000000004940.csv,REF_DATE,REF_DATE,4,YES
CAN_CSV0000000000000558.csv,CAN_CSV0000000000004940.csv,COORDINATE,COORDINATE,4,YES
CAN_CSV0000000000000558.csv,CAN_CSV0000000000004959.csv,COORDINATE,COORDINATE,4,YES
CAN_CSV0000000000000558.csv,CAN_CSV0000000000005070.csv,REF_DATE,REF_DATE,4,YES
CAN_CSV0000000000000558.csv,CAN_CSV0000000000005070.csv,COORDINATE,COORDINATE,4,YES
CAN_CSV0000000000000558.csv,CAN_CSV0000000000005080.csv,COORDINATE,COORDINATE,4,YES
CAN_CSV0000000000000558.csv,CAN_CSV0000000000005102.csv,REF_DATE,REF_DATE,4,YES
CAN_CSV0000000000000558.csv,CAN_CSV0000000000005102.csv,COORDINATE,COORDINATE,4,YES
CAN_CSV0000000000000558.csv,CAN_CSV0000000000005583.csv,REF_DATE,REF_DATE,4,YES
CAN_CSV0000000000000558.csv,CAN_CSV0000000000005583.csv,COORDINATE,COORDINATE,4,YES
CAN_CSV0000000000000558.csv,CAN_CSV0000000000014052.csv,COORDINATE,COORDINATE,4,YES
CAN_CSV0000000000000558.csv,CAN_CSV0000000000014474.csv,COORDINATE,COORDINATE,4,YES
CAN_CSV0000000000000558.csv,CAN_CSV0000000000027188.csv,REF_DATE,REF_DATE,4,YES
CAN_CSV0000000000000558.csv,CAN_CSV0000000000027188.csv,COORDINATE,COORDINATE,4,YES
CAN_CSV0000000000000558.csv,CAN_CSV0000000000027243.csv,REF_DATE,REF_DATE,4,YES
CAN_CSV0000000000000581.csv,CAN_CSV0000000000000634.csv,REF_DATE,REF_DATE,4,YES
CAN_CSV0000000000000581.csv,CAN_CSV0000000000000642.csv,REF_DATE,REF_DATE,4,YES
CAN_CSV0000000000000581.csv,CAN_CSV0000000000000659.csv,REF_DATE,REF_DATE,4,YES
CAN_CSV0000000000000581.csv,CAN_CSV0000000000004753.csv,REF_DATE,REF_DATE,4,YES
CAN_CSV0000000000000581.csv,CAN_CSV0000000000004940.csv,REF_DATE,REF_DATE,4,YES
CAN_CSV0000000000000581.csv,CAN_CSV0000000000004959.csv,REF_DATE,REF_DATE,4,YES
CAN_CSV0000000000000581.csv,CAN_CSV0000000000005013.csv,REF_DATE,REF_DATE,4,YES
CAN_CSV0000000000000581.csv,CAN_CSV0000000000005070.csv,REF_DATE,REF_DATE,4,YES
CAN_CSV0000000000000581.csv,CAN_CSV0000000000005079.csv,REF_DATE,REF_DATE,4,YES
CAN_CSV0000000000000581.csv,CAN_CSV0000000000005080.csv,REF_DATE,REF_DATE,4,YES
CAN_CSV0000000000000581.csv,CAN_CSV0000000000005102.csv,REF_DATE,REF_DATE,4,YES
CAN_CSV0000000000000581.csv,CAN_CSV0000000000005336.csv,REF_DATE,REF_DATE,4,YES
CAN_CSV0000000000000581.csv,CAN_CSV0000000000005418.csv,REF_DATE,REF_DATE,4,YES
CAN_CSV0000000000000581.csv,CAN_CSV0000000000005583.csv,REF_DATE,REF_DATE,4,YES
CAN_CSV0000000000000581.csv,CAN_CSV0000000000014005.csv,REF_DATE,REF_DATE,4,YES
CAN_CSV0000000000000581.csv,CAN_CSV0000000000014052.csv,REF_DATE,REF_DATE,4,YES
CAN_CSV0000000000000581.csv,CAN_CSV0000000000014315.csv,REF_DATE,REF_DATE,4,YES
CAN_CSV0000000000000581.csv,CAN_CSV0000000000014474.csv,REF_DATE,REF_DATE,4,YES
CAN_CSV0000000000000581.csv,CAN_CSV0000000000027188.csv,REF_DATE,REF_DATE,4,YES
CAN_CSV0000000000000581.csv,CAN_CSV0000000000027243.csv,REF_DATE,REF_DATE,4,YES
CAN_CSV0000000000000629.csv,CAN_CSV0000000000000634.csv,REF_DATE,REF_DATE,4,YES
CAN_CSV0000000000000629.csv,CAN_CSV0000000000000642.csv,REF_DATE,REF_DATE,4,YES
CAN_CSV0000000000000629.csv,CAN_CSV0000000000000724.csv,REF_DATE,REF_DATE,4,YES
CAN_CSV0000000000000629.csv,CAN_CSV0000000000000732.csv,REF_DATE,REF_DATE,4,YES
CAN_CSV0000000000000629.csv,CAN_CSV0000000000000732.csv,COORDINATE,COORDINATE,4,YES
CAN_CSV0000000000000629.csv,CAN_CSV0000000000000893.csv,REF_DATE,REF_DATE,4,YES
CAN_CSV0000000000000629.csv,CAN_CSV0000000000000961.csv,REF_DATE,REF_DATE,4,YES
CAN_CSV0000000000000629.csv,CAN_CSV0000000000000961.csv,COORDINATE,COORDINATE,4,YES
CAN_CSV0000000000000629.csv,CAN_CSV0000000000000965.csv,REF_DATE,REF_DATE,4,YES
CAN_CSV0000000000000629.csv,CAN_CSV0000000000000965.csv,COORDINATE,COORDINATE,4,YES
CAN_CSV0000000000000629.csv,CAN_CSV0000000000001018.csv,REF_DATE,REF_DATE,4,YES
CAN_CSV0000000000000629.csv,CAN_CSV0000000000001058.csv,REF_DATE,REF_DATE,4,YES
CAN_CSV0000000000000629.csv,CAN_CSV0000000000001090.csv,REF_DATE,REF_DATE,4,YES
CAN_CSV0000000000000629.csv,CAN_CSV0000000000001090.csv,COORDINATE,COORDINATE,4,YES
CAN_CSV0000000000000629.csv,CAN_CSV0000000000001185.csv,REF_DATE,REF_DATE,4,YES
CAN_CSV0000000000000629.csv,CAN_CSV0000000000001185.csv,COORDINATE,COORDINATE,4,YES
CAN_CSV0000000000000629.csv,CAN_CSV0000000000001198.csv,REF_DATE,REF_DATE,4,YES
CAN_CSV0000000000000629.csv,CAN_CSV0000000000001198.csv,COORDINATE,COORDINATE,4,YES
CAN_CSV0000000000000629.csv,CAN_CSV0000000000001286.csv,REF_DATE,REF_DATE,4,YES
CAN_CSV0000000000000629.csv,CAN_CSV0000000000004959.csv,REF_DATE,REF_DATE,4,YES
CAN_CSV0000000000000629.csv,CAN_CSV0000000000004959.csv,COORDINATE,COORDINATE,4,YES
CAN_CSV0000000000000629.csv,CAN_CSV0000000000005079.csv,REF_DATE,REF_DATE,4,YES
CAN_CSV0000000000000629.csv,CAN_CSV0000000000005318.csv,REF_DATE,REF_DATE,4,YES
CAN_CSV0000000000000629.csv,CAN_CSV0000000000005318.csv,COORDINATE,COORDINATE,4,YES
CAN_CSV0000000000000629.csv,CAN_CSV0000000000005336.csv,REF_DATE,REF_DATE,4,YES
CAN_CSV0000000000000629.csv,CAN_CSV0000000000005486.csv,REF_DATE,REF_DATE,4,YES
CAN_CSV0000000000000629.csv,CAN_CSV0000000000005486.csv,COORDINATE,COORDINATE,4,YES
CAN_CSV0000000000000629.csv,CAN_CSV0000000000005583.csv,REF_DATE,REF_DATE,4,YES
CAN_CSV0000000000000629.csv,CAN_CSV0000000000005583.csv,COORDINATE,COORDINATE,4,YES
CAN_CSV0000000000000629.csv,CAN_CSV0000000000005927.csv,REF_DATE,REF_DATE,4,YES
CAN_CSV0000000000000629.csv,CAN_CSV0000000000005930.csv,REF_DATE,REF_DATE,4,YES
CAN_CSV0000000000000629.csv,CAN_CSV0000000000005930.csv,COORDINATE,COORDINATE,4,YES
CAN_CSV0000000000000629.csv,CAN_CSV0000000000006809.csv,REF_DATE,REF_DATE,4,YES
CAN_CSV0000000000000629.csv,CAN_CSV0000000000007014.csv,REF_DATE,REF_DATE,4,YES
CAN_CSV0000000000000629.csv,CAN_CSV0000000000013008.csv,REF_DATE,REF_DATE,4,YES
CAN_CSV0000000000000629.csv,CAN_CSV0000000000013036.csv,REF_DATE,REF_DATE,4,YES
CAN_CSV0000000000000629.csv,CAN_CSV0000000000013036.csv,COORDINATE,COORDINATE,4,YES
CAN_CSV0000000000000629.csv,CAN_CSV0000000000013124.csv,REF_DATE,REF_DATE,4,YES
CAN_CSV0000000000000629.csv,CAN_CSV0000000000013397.csv,REF_DATE,REF_DATE,4,YES
CAN_CSV0000000000000629.csv,CAN_CSV0000000000013397.csv,COORDINATE,COORDINATE,4,YES
CAN_CSV0000000000000629.csv,CAN_CSV0000000000013427.csv,REF_DATE,REF_DATE,4,YES
CAN_CSV0000000000000629.csv,CAN_CSV0000000000013427.csv,COORDINATE,COORDINATE,4,YES
CAN_CSV0000000000000629.csv,CAN_CSV0000000000013602.csv,REF_DATE,REF_DATE,4,YES
CAN_CSV0000000000000629.csv,CAN_CSV0000000000013602.csv,COORDINATE,COORDINATE,4,YES
CAN_CSV0000000000000629.csv,CAN_CSV0000000000013725.csv,REF_DATE,REF_DATE,4,YES
CAN_CSV0000000000000629.csv,CAN_CSV0000000000013725.csv,COORDINATE,COORDINATE,4,YES
CAN_CSV0000000000000629.csv,CAN_CSV0000000000013732.csv,REF_DATE,REF_DATE,4,YES
CAN_CSV0000000000000629.csv,CAN_CSV0000000000013732.csv,COORDINATE,COORDINATE,4,YES
CAN_CSV0000000000000629.csv,CAN_CSV0000000000013788.csv,REF_DATE,REF_DATE,4,YES
CAN_CSV0000000000000629.csv,CAN_CSV0000000000013788.csv,COORDINATE,COORDINATE,4,YES
CAN_CSV0000000000000629.csv,CAN_CSV0000000000013912.csv,REF_DATE,REF_DATE,4,YES
CAN_CSV0000000000000629.csv,CAN_CSV0000000000013912.csv,COORDINATE,COORDINATE,4,YES
CAN_CSV0000000000000629.csv,CAN_CSV0000000000013946.csv,REF_DATE,REF_DATE,4,YES
CAN_CSV0000000000000629.csv,CAN_CSV0000000000013953.csv,REF_DATE,REF_DATE,4,YES
CAN_CSV0000000000000629.csv,CAN_CSV0000000000013953.csv,COORDINATE,COORDINATE,4,YES
CAN_CSV0000000000000629.csv,CAN_CSV0000000000014005.csv,REF_DATE,REF_DATE,4,YES
CAN_CSV0000000000000629.csv,CAN_CSV0000000000014052.csv,REF_DATE,REF_DATE,4,YES
CAN_CSV0000000000000629.csv,CAN_CSV0000000000014052.csv,COORDINATE,COORDINATE,4,YES
CAN_CSV0000000000000629.csv,CAN_CSV0000000000014474.csv,REF_DATE,REF_DATE,4,YES
CAN_CSV0000000000000629.csv,CAN_CSV0000000000014474.csv,COORDINATE,COORDINATE,4,YES
CAN_CSV0000000000000629.csv,CAN_CSV0000000000015700.csv,REF_DATE,REF_DATE,4,YES
CAN_CSV0000000000000629.csv,CAN_CSV0000000000015700.csv,COORDINATE,COORDINATE,4,YES
CAN_CSV0000000000000629.csv,CAN_CSV0000000000015762.csv,REF_DATE,REF_DATE,4,YES
CAN_CSV0000000000000629.csv,CAN_CSV0000000000015762.csv,COORDINATE,COORDINATE,4,YES
CAN_CSV0000000000000629.csv,CAN_CSV0000000000027051.csv,REF_DATE,REF_DATE,4,YES
CAN_CSV0000000000000629.csv,CAN_CSV0000000000027051.csv,COORDINATE,COORDINATE,4,YES
CAN_CSV0000000000000629.csv,CAN_CSV0000000000027188.csv,REF_DATE,REF_DATE,4,YES
CAN_CSV0000000000000629.csv,CAN_CSV0000000000027188.csv,COORDINATE,COORDINATE,4,YES
CAN_CSV0000000000000629.csv,CAN_CSV0000000000027243.csv,REF_DATE,REF_DATE,4,YES
CAN_CSV0000000000000629.csv,CAN_CSV0000000000027430.csv,REF_DATE,REF_DATE,4,YES
CAN_CSV0000000000000634.csv,CAN_CSV0000000000000638.csv,REF_DATE,REF_DATE,4,YES
CAN_CSV0000000000000634.csv,CAN_CSV0000000000000659.csv,REF_DATE,REF_DATE,4,YES
CAN_CSV0000000000000634.csv,CAN_CSV0000000000000893.csv,REF_DATE,REF_DATE,4,YES
CAN_CSV0000000000000634.csv,CAN_CSV0000000000000965.csv,REF_DATE,REF_DATE,4,YES
CAN_CSV0000000000000634.csv,CAN_CSV0000000000001090.csv,REF_DATE,REF_DATE,4,YES
CAN_CSV0000000000000634.csv,CAN_CSV0000000000004753.csv,REF_DATE,REF_DATE,4,YES
CAN_CSV0000000000000634.csv,CAN_CSV0000000000004959.csv,REF_DATE,REF_DATE,4,YES
CAN_CSV0000000000000634.csv,CAN_CSV0000000000005079.csv,REF_DATE,REF_DATE,4,YES
CAN_CSV0000000000000634.csv,CAN_CSV0000000000005080.csv,REF_DATE,REF_DATE,4,YES
CAN_CSV0000000000000634.csv,CAN_CSV0000000000005418.csv,REF_DATE,REF_DATE,4,YES
CAN_CSV0000000000000634.csv,CAN_CSV0000000000005583.csv,REF_DATE,REF_DATE,4,YES
CAN_CSV0000000000000634.csv,CAN_CSV0000000000005927.csv,REF_DATE,REF_DATE,4,YES
CAN_CSV0000000000000634.csv,CAN_CSV0000000000005930.csv,REF_DATE,REF_DATE,4,YES
CAN_CSV0000000000000634.csv,CAN_CSV0000000000006988.csv,REF_DATE,REF_DATE,4,YES
CAN_CSV0000000000000634.csv,CAN_CSV0000000000012837.csv,REF_DATE,REF_DATE,4,YES
CAN_CSV0000000000000634.csv,CAN_CSV0000000000013036.csv,REF_DATE,REF_DATE,4,YES
CAN_CSV0000000000000634.csv,CAN_CSV0000000000013124.csv,REF_DATE,REF_DATE,4,YES
CAN_CSV0000000000000634.csv,CAN_CSV0000000000013397.csv,REF_DATE,REF_DATE,4,YES
CAN_CSV0000000000000634.csv,CAN_CSV0000000000013788.csv,REF_DATE,REF_DATE,4,YES
CAN_CSV0000000000000634.csv,CAN_CSV0000000000013946.csv,REF_DATE,REF_DATE,4,YES
CAN_CSV0000000000000634.csv,CAN_CSV0000000000013953.csv,REF_DATE,REF_DATE,4,YES
CAN_CSV0000000000000634.csv,CAN_CSV0000000000014052.csv,REF_DATE,REF_DATE,4,YES
CAN_CSV0000000000000634.csv,CAN_CSV0000000000014474.csv,REF_DATE,REF_DATE,4,YES
CAN_CSV0000000000000634.csv,CAN_CSV0000000000027188.csv,REF_DATE,REF_DATE,4,YES
CAN_CSV0000000000000634.csv,CAN_CSV0000000000027243.csv,REF_DATE,REF_DATE,4,YES
CAN_CSV0000000000000638.csv,CAN_CSV0000000000000659.csv,REF_DATE,REF_DATE,4,YES
CAN_CSV0000000000000638.csv,CAN_CSV0000000000000732.csv,REF_DATE,REF_DATE,4,YES
CAN_CSV0000000000000638.csv,CAN_CSV0000000000000732.csv,COORDINATE,COORDINATE,4,YES
CAN_CSV0000000000000638.csv,CAN_CSV0000000000000893.csv,REF_DATE,REF_DATE,4,YES
CAN_CSV0000000000000638.csv,CAN_CSV0000000000001090.csv,REF_DATE,REF_DATE,4,YES
CAN_CSV0000000000000638.csv,CAN_CSV0000000000001090.csv,COORDINATE,COORDINATE,4,YES
CAN_CSV0000000000000638.csv,CAN_CSV0000000000001286.csv,REF_DATE,REF_DATE,4,YES
CAN_CSV0000000000000638.csv,CAN_CSV0000000000004753.csv,REF_DATE,REF_DATE,4,YES
CAN_CSV0000000000000638.csv,CAN_CSV0000000000004753.csv,COORDINATE,COORDINATE,4,YES
CAN_CSV0000000000000638.csv,CAN_CSV0000000000004959.csv,REF_DATE,REF_DATE,4,YES
CAN_CSV0000000000000638.csv,CAN_CSV0000000000004959.csv,COORDINATE,COORDINATE,4,YES
CAN_CSV0000000000000638.csv,CAN_CSV0000000000005070.csv,COORDINATE,COORDINATE,4,YES
CAN_CSV0000000000000638.csv,CAN_CSV0000000000005079.csv,REF_DATE,REF_DATE,4,YES
CAN_CSV0000000000000638.csv,CAN_CSV0000000000005102.csv,REF_DATE,REF_DATE,4,YES
CAN_CSV0000000000000638.csv,CAN_CSV0000000000005583.csv,COORDINATE,COORDINATE,4,YES
CAN_CSV0000000000000638.csv,CAN_CSV0000000000013397.csv,REF_DATE,REF_DATE,4,YES
CAN_CSV0000000000000638.csv,CAN_CSV0000000000013397.csv,COORDINATE,COORDINATE,4,YES
CAN_CSV0000000000000638.csv,CAN_CSV0000000000013725.csv,REF_DATE,REF_DATE,4,YES
CAN_CSV0000000000000638.csv,CAN_CSV0000000000013953.csv,REF_DATE,REF_DATE,4,YES
CAN_CSV0000000000000638.csv,CAN_CSV0000000000013953.csv,COORDINATE,COORDINATE,4,YES
CAN_CSV0000000000000638.csv,CAN_CSV0000000000014005.csv,REF_DATE,REF_DATE,4,YES
CAN_CSV0000000000000638.csv,CAN_CSV0000000000014052.csv,REF_DATE,REF_DATE,4,YES
CAN_CSV0000000000000638.csv,CAN_CSV0000000000014052.csv,COORDINATE,COORDINATE,4,YES
CAN_CSV0000000000000638.csv,CAN_CSV0000000000027188.csv,REF_DATE,REF_DATE,4,YES
CAN_CSV0000000000000638.csv,CAN_CSV0000000000027188.csv,COORDINATE,COORDINATE,4,YES
CAN_CSV0000000000000638.csv,CAN_CSV0000000000027243.csv,REF_DATE,REF_DATE,4,YES
CAN_CSV0000000000000642.csv,CAN_CSV0000000000000659.csv,REF_DATE,REF_DATE,4,YES
CAN_CSV0000000000000642.csv,CAN_CSV0000000000000724.csv,REF_DATE,REF_DATE,4,YES
CAN_CSV0000000000000642.csv,CAN_CSV0000000000000724.csv,COORDINATE,COORDINATE,4,YES
CAN_CSV0000000000000642.csv,CAN_CSV0000000000000732.csv,REF_DATE,REF_DATE,4,YES
CAN_CSV0000000000000642.csv,CAN_CSV0000000000000732.csv,COORDINATE,COORDINATE,4,YES
CAN_CSV0000000000000642.csv,CAN_CSV0000000000000965.csv,REF_DATE,REF_DATE,4,YES
CAN_CSV0000000000000642.csv,CAN_CSV0000000000004720.csv,REF_DATE,REF_DATE,4,YES
CAN_CSV0000000000000642.csv,CAN_CSV0000000000004959.csv,REF_DATE,REF_DATE,4,YES
CAN_CSV0000000000000642.csv,CAN_CSV0000000000005013.csv,REF_DATE,REF_DATE,4,YES
CAN_CSV0000000000000642.csv,CAN_CSV0000000000005070.csv,REF_DATE,REF_DATE,4,YES
CAN_CSV0000000000000642.csv,CAN_CSV0000000000005318.csv,REF_DATE,REF_DATE,4,YES
CAN_CSV0000000000000642.csv,CAN_CSV0000000000005318.csv,COORDINATE,COORDINATE,4,YES
CAN_CSV0000000000000642.csv,CAN_CSV0000000000005336.csv,REF_DATE,REF_DATE,4,YES
CAN_CSV0000000000000642.csv,CAN_CSV0000000000005418.csv,REF_DATE,REF_DATE,4,YES
CAN_CSV0000000000000642.csv,CAN_CSV0000000000005583.csv,REF_DATE,REF_DATE,4,YES
CAN_CSV0000000000000642.csv,CAN_CSV0000000000005583.csv,COORDINATE,COORDINATE,4,YES
CAN_CSV0000000000000642.csv,CAN_CSV0000000000005927.csv,REF_DATE,REF_DATE,4,YES
CAN_CSV0000000000000642.csv,CAN_CSV0000000000006650.csv,REF_DATE,REF_DATE,4,YES
CAN_CSV0000000000000642.csv,CAN_CSV0000000000006650.csv,COORDINATE,COORDINATE,4,YES
CAN_CSV0000000000000642.csv,CAN_CSV0000000000006872.csv,REF_DATE,REF_DATE,4,YES
CAN_CSV0000000000000642.csv,CAN_CSV0000000000006882.csv,REF_DATE,REF_DATE,4,YES
CAN_CSV0000000000000642.csv,CAN_CSV0000000000013036.csv,REF_DATE,REF_DATE,4,YES
CAN_CSV0000000000000642.csv,CAN_CSV0000000000013036.csv,COORDINATE,COORDINATE,4,YES
CAN_CSV0000000000000642.csv,CAN_CSV0000000000013397.csv,REF_DATE,REF_DATE,4,YES
CAN_CSV0000000000000642.csv,CAN_CSV0000000000013725.csv,REF_DATE,REF_DATE,4,YES
CAN_CSV0000000000000642.csv,CAN_CSV0000000000014005.csv,REF_DATE,REF_DATE,4,YES
CAN_CSV0000000000000642.csv,CAN_CSV0000000000014052.csv,REF_DATE,REF_DATE,4,YES
CAN_CSV0000000000000642.csv,CAN_CSV0000000000014052.csv,COORDINATE,COORDINATE,4,YES
CAN_CSV0000000000000642.csv,CAN_CSV0000000000014474.csv,REF_DATE,REF_DATE,4,YES
CAN_CSV0000000000000642.csv,CAN_CSV0000000000027188.csv,REF_DATE,REF_DATE,4,YES
CAN_CSV0000000000000642.csv,CAN_CSV0000000000027188.csv,COORDINATE,COORDINATE,4,YES
CAN_CSV0000000000000642.csv,CAN_CSV0000000000027243.csv,REF_DATE,REF_DATE,4,YES
CAN_CSV0000000000000659.csv,CAN_CSV0000000000000732.csv,REF_DATE,REF_DATE,4,YES
CAN_CSV0000000000000659.csv,CAN_CSV0000000000000965.csv,REF_DATE,REF_DATE,4,YES
CAN_CSV0000000000000659.csv,CAN_CSV0000000000001090.csv,REF_DATE,REF_DATE,4,YES
CAN_CSV0000000000000659.csv,CAN_CSV0000000000001286.csv,REF_DATE,REF_DATE,4,YES
CAN_CSV0000000000000659.csv,CAN_CSV0000000000004720.csv,REF_DATE,REF_DATE,4,YES
CAN_CSV0000000000000659.csv,CAN_CSV0000000000004753.csv,REF_DATE,REF_DATE,4,YES
CAN_CSV0000000000000659.csv,CAN_CSV0000000000004940.csv,REF_DATE,REF_DATE,4,YES
CAN_CSV0000000000000659.csv,CAN_CSV0000000000004959.csv,REF_DATE,REF_DATE,4,YES
CAN_CSV0000000000000659.csv,CAN_CSV0000000000005013.csv,REF_DATE,REF_DATE,4,YES
CAN_CSV0000000000000659.csv,CAN_CSV0000000000005070.csv,REF_DATE,REF_DATE,4,YES
CAN_CSV0000000000000659.csv,CAN_CSV0000000000005079.csv,REF_DATE,REF_DATE,4,YES
CAN_CSV0000000000000659.csv,CAN_CSV0000000000005080.csv,REF_DATE,REF_DATE,4,YES
CAN_CSV0000000000000659.csv,CAN_CSV0000000000005102.csv,REF_DATE,REF_DATE,4,YES
CAN_CSV0000000000000659.csv,CAN_CSV0000000000005336.csv,REF_DATE,REF_DATE,4,YES
CAN_CSV0000000000000659.csv,CAN_CSV0000000000005418.csv,REF_DATE,REF_DATE,4,YES
CAN_CSV0000000000000659.csv,CAN_CSV0000000000005583.csv,REF_DATE,REF_DATE,4,YES
CAN_CSV0000000000000659.csv,CAN_CSV0000000000014005.csv,REF_DATE,REF_DATE,4,YES
CAN_CSV0000000000000659.csv,CAN_CSV0000000000014315.csv,REF_DATE,REF_DATE,4,YES
CAN_CSV0000000000000659.csv,CAN_CSV0000000000014474.csv,REF_DATE,REF_DATE,4,YES
CAN_CSV0000000000000659.csv,CAN_CSV0000000000027188.csv,REF_DATE,REF_DATE,4,YES
CAN_CSV0000000000000659.csv,CAN_CSV0000000000027243.csv,REF_DATE,REF_DATE,4,YES
CAN_CSV0000000000000724.csv,CAN_CSV0000000000000732.csv,REF_DATE,REF_DATE,4,YES
CAN_CSV0000000000000724.csv,CAN_CSV0000000000000732.csv,COORDINATE,COORDINATE,4,YES
CAN_CSV0000000000000724.csv,CAN_CSV0000000000005079.csv,REF_DATE,REF_DATE,4,YES
CAN_CSV0000000000000724.csv,CAN_CSV0000000000005079.csv,COORDINATE,COORDINATE,4,YES
CAN_CSV0000000000000724.csv,CAN_CSV0000000000007184.csv,REF_DATE,REF_DATE,4,YES
CAN_CSV0000000000000724.csv,CAN_CSV0000000000013036.csv,REF_DATE,REF_DATE,4,YES
CAN_CSV0000000000000724.csv,CAN_CSV0000000000014005.csv,REF_DATE,REF_DATE,4,YES
CAN_CSV0000000000000732.csv,CAN_CSV0000000000000831.csv,REF_DATE,REF_DATE,4,YES
CAN_CSV0000000000000732.csv,CAN_CSV0000000000000831.csv,COORDINATE,COORDINATE,4,YES
CAN_CSV0000000000000732.csv,CAN_CSV0000000000005927.csv,REF_DATE,REF_DATE,4,YES
CAN_CSV0000000000000732.csv,CAN_CSV0000000000005930.csv,REF_DATE,REF_DATE,4,YES
CAN_CSV0000000000000732.csv,CAN_CSV0000000000005930.csv,COORDINATE,COORDINATE,4,YES
CAN_CSV0000000000000732.csv,CAN_CSV0000000000013036.csv,COORDINATE,COORDINATE,4,YES
CAN_CSV0000000000000732.csv,CAN_CSV0000000000013427.csv,REF_DATE,REF_DATE,4,YES
CAN_CSV0000000000000732.csv,CAN_CSV0000000000013427.csv,COORDINATE,COORDINATE,4,YES
CAN_CSV0000000000000732.csv,CAN_CSV0000000000013725.csv,REF_DATE,REF_DATE,4,YES
CAN_CSV0000000000000732.csv,CAN_CSV0000000000013725.csv,COORDINATE,COORDINATE,4,YES
CAN_CSV0000000000000732.csv,CAN_CSV0000000000013732.csv,REF_DATE,REF_DATE,4,YES
CAN_CSV0000000000000732.csv,CAN_CSV0000000000013732.csv,COORDINATE,COORDINATE,4,YES
CAN_CSV0000000000000732.csv,CAN_CSV0000000000013946.csv,REF_DATE,REF_DATE,4,YES
CAN_CSV0000000000000732.csv,CAN_CSV0000000000013946.csv,COORDINATE,COORDINATE,4,YES
CAN_CSV0000000000000732.csv,CAN_CSV0000000000013953.csv,REF_DATE,REF_DATE,4,YES
CAN_CSV0000000000000732.csv,CAN_CSV0000000000013953.csv,COORDINATE,COORDINATE,4,YES
CAN_CSV0000000000000732.csv,CAN_CSV0000000000027243.csv,REF_DATE,REF_DATE,4,YES
CAN_CSV0000000000000831.csv,CAN_CSV0000000000013036.csv,REF_DATE,REF_DATE,4,YES
CAN_CSV0000000000000831.csv,CAN_CSV0000000000013036.csv,COORDINATE,COORDINATE,4,YES
CAN_CSV0000000000000831.csv,CAN_CSV0000000000013427.csv,REF_DATE,REF_DATE,4,YES
CAN_CSV0000000000000831.csv,CAN_CSV0000000000013427.csv,COORDINATE,COORDINATE,4,YES
CAN_CSV0000000000000831.csv,CAN_CSV0000000000013725.csv,REF_DATE,REF_DATE,4,YES
CAN_CSV0000000000000831.csv,CAN_CSV0000000000013732.csv,REF_DATE,REF_DATE,4,YES
CAN_CSV0000000000000831.csv,CAN_CSV0000000000013732.csv,COORDINATE,COORDINATE,4,YES
CAN_CSV0000000000000831.csv,CAN_CSV0000000000013788.csv,REF_DATE,REF_DATE,4,YES
CAN_CSV0000000000000831.csv,CAN_CSV0000000000013788.csv,COORDINATE,COORDINATE,4,YES
CAN_CSV0000000000000831.csv,CAN_CSV0000000000013912.csv,REF_DATE,REF_DATE,4,YES
CAN_CSV0000000000000831.csv,CAN_CSV0000000000013912.csv,COORDINATE,COORDINATE,4,YES
CAN_CSV0000000000000831.csv,CAN_CSV0000000000013946.csv,REF_DATE,REF_DATE,4,YES
CAN_CSV0000000000000831.csv,CAN_CSV0000000000013946.csv,COORDINATE,COORDINATE,4,YES
CAN_CSV0000000000000831.csv,CAN_CSV0000000000013953.csv,REF_DATE,REF_DATE,4,YES
CAN_CSV0000000000000831.csv,CAN_CSV0000000000015700.csv,REF_DATE,REF_DATE,4,YES
CAN_CSV0000000000000831.csv,CAN_CSV0000000000015700.csv,COORDINATE,COORDINATE,4,YES
CAN_CSV0000000000000893.csv,CAN_CSV0000000000002295.csv,REF_DATE,REF_DATE,4,YES
CAN_CSV0000000000000893.csv,CAN_CSV0000000000004711.csv,REF_DATE,REF_DATE,4,YES
CAN_CSV0000000000000893.csv,CAN_CSV0000000000004959.csv,REF_DATE,REF_DATE,4,YES
CAN_CSV0000000000000893.csv,CAN_CSV0000000000005930.csv,REF_DATE,REF_DATE,4,YES
CAN_CSV0000000000000893.csv,CAN_CSV0000000000006650.csv,REF_DATE,REF_DATE,4,YES
CAN_CSV0000000000000893.csv,CAN_CSV0000000000006809.csv,REF_DATE,REF_DATE,4,YES
CAN_CSV0000000000000893.csv,CAN_CSV0000000000013397.csv,REF_DATE,REF_DATE,4,YES
CAN_CSV0000000000000893.csv,CAN_CSV0000000000013725.csv,REF_DATE,REF_DATE,4,YES
CAN_CSV0000000000000893.csv,CAN_CSV0000000000013732.csv,REF_DATE,REF_DATE,4,YES
CAN_CSV0000000000000893.csv,CAN_CSV0000000000013788.csv,REF_DATE,REF_DATE,4,YES
CAN_CSV0000000000000893.csv,CAN_CSV0000000000013912.csv,REF_DATE,REF_DATE,4,YES
CAN_CSV0000000000000893.csv,CAN_CSV0000000000013953.csv,REF_DATE,REF_DATE,4,YES
CAN_CSV0000000000000961.csv,CAN_CSV0000000000000965.csv,REF_DATE,REF_DATE,4,YES
CAN_CSV0000000000000961.csv,CAN_CSV0000000000000965.csv,COORDINATE,COORDINATE,4,YES
CAN_CSV0000000000002295.csv,CAN_CSV0000000000004959.csv,REF_DATE,REF_DATE,4,YES
CAN_CSV0000000000002295.csv,CAN_CSV0000000000005336.csv,REF_DATE,REF_DATE,4,YES
CAN_CSV0000000000002295.csv,CAN_CSV0000000000006988.csv,REF_DATE,REF_DATE,4,YES
CAN_CSV0000000000002295.csv,CAN_CSV0000000000013036.csv,REF_DATE,REF_DATE,4,YES
CAN_CSV0000000000002295.csv,CAN_CSV0000000000013788.csv,REF_DATE,REF_DATE,4,YES
CAN_CSV0000000000002295.csv,CAN_CSV0000000000027430.csv,REF_DATE,REF_DATE,4,YES
CAN_CSV0000000000002323.csv,CAN_CSV0000000000004959.csv,REF_DATE,REF_DATE,4,YES
CAN_CSV0000000000002323.csv,CAN_CSV0000000000005336.csv,REF_DATE,REF_DATE,4,YES
CAN_CSV0000000000002323.csv,CAN_CSV0000000000013124.csv,REF_DATE,REF_DATE,4,YES
CAN_CSV0000000000002323.csv,CAN_CSV0000000000014474.csv,REF_DATE,REF_DATE,4,YES
CAN_CSV0000000000002323.csv,CAN_CSV0000000000027188.csv,REF_DATE,REF_DATE,4,YES
CAN_CSV0000000000004700.csv,CAN_CSV0000000000004711.csv,REF_DATE,REF_DATE,4,YES
CAN_CSV0000000000004700.csv,CAN_CSV0000000000005744.csv,REF_DATE,REF_DATE,4,YES
CAN_CSV0000000000004700.csv,CAN_CSV0000000000013725.csv,REF_DATE,REF_DATE,4,YES
CAN_CSV0000000000004700.csv,CAN_CSV0000000000013788.csv,REF_DATE,REF_DATE,4,YES
CAN_CSV0000000000004700.csv,CAN_CSV0000000000013912.csv,REF_DATE,REF_DATE,4,YES
CAN_CSV0000000000004700.csv,CAN_CSV0000000000013953.csv,REF_DATE,REF_DATE,4,YES
CAN_CSV0000000000004700.csv,CAN_CSV0000000000015762.csv,REF_DATE,REF_DATE,4,YES
CAN_CSV0000000000004700.csv,CAN_CSV0000000000027051.csv,REF_DATE,REF_DATE,4,YES
CAN_CSV0000000000004711.csv,CAN_CSV0000000000005927.csv,REF_DATE,REF_DATE,4,YES
CAN_CSV0000000000004711.csv,CAN_CSV0000000000005930.csv,REF_DATE,REF_DATE,4,YES
CAN_CSV0000000000004711.csv,CAN_CSV0000000000006650.csv,REF_DATE,REF_DATE,4,YES
CAN_CSV0000000000004711.csv,CAN_CSV0000000000006650.csv,COORDINATE,COORDINATE,4,YES
CAN_CSV0000000000004711.csv,CAN_CSV0000000000013427.csv,REF_DATE,REF_DATE,4,YES
CAN_CSV0000000000004711.csv,CAN_CSV0000000000013602.csv,REF_DATE,REF_DATE,4,YES
CAN_CSV0000000000004711.csv,CAN_CSV0000000000013602.csv,COORDINATE,COORDINATE,4,YES
CAN_CSV0000000000004711.csv,CAN_CSV0000000000013788.csv,COORDINATE,COORDINATE,4,YES
CAN_CSV0000000000004720.csv,CAN_CSV0000000000005013.csv,REF_DATE,REF_DATE,4,YES
CAN_CSV0000000000004720.csv,CAN_CSV0000000000005070.csv,REF_DATE,REF_DATE,4,YES
CAN_CSV0000000000004720.csv,CAN_CSV0000000000005102.csv,REF_DATE,REF_DATE,4,YES
CAN_CSV0000000000004720.csv,CAN_CSV0000000000027243.csv,REF_DATE,REF_DATE,4,YES
CAN_CSV0000000000004753.csv,CAN_CSV0000000000004940.csv,REF_DATE,REF_DATE,4,YES
CAN_CSV0000000000004753.csv,CAN_CSV0000000000004940.csv,COORDINATE,COORDINATE,4,YES
CAN_CSV0000000000004753.csv,CAN_CSV0000000000005070.csv,REF_DATE,REF_DATE,4,YES
CAN_CSV0000000000004753.csv,CAN_CSV0000000000005070.csv,COORDINATE,COORDINATE,4,YES
CAN_CSV0000000000004753.csv,CAN_CSV0000000000005079.csv,REF_DATE,REF_DATE,4,YES
CAN_CSV0000000000004753.csv,CAN_CSV0000000000005079.csv,COORDINATE,COORDINATE,4,YES
CAN_CSV0000000000004753.csv,CAN_CSV0000000000005080.csv,REF_DATE,REF_DATE,4,YES
CAN_CSV0000000000004753.csv,CAN_CSV0000000000005080.csv,COORDINATE,COORDINATE,4,YES
CAN_CSV0000000000004753.csv,CAN_CSV0000000000005102.csv,REF_DATE,REF_DATE,4,YES
CAN_CSV0000000000004753.csv,CAN_CSV0000000000005102.csv,COORDINATE,COORDINATE,4,YES
CAN_CSV0000000000004753.csv,CAN_CSV0000000000005583.csv,REF_DATE,REF_DATE,4,YES
CAN_CSV0000000000004753.csv,CAN_CSV0000000000014052.csv,REF_DATE,REF_DATE,4,YES
CAN_CSV0000000000004753.csv,CAN_CSV0000000000027243.csv,REF_DATE,REF_DATE,4,YES
CAN_CSV0000000000004940.csv,CAN_CSV0000000000005080.csv,REF_DATE,REF_DATE,4,YES
CAN_CSV0000000000004940.csv,CAN_CSV0000000000005080.csv,COORDINATE,COORDINATE,4,YES
CAN_CSV0000000000005080.csv,CAN_CSV0000000000005102.csv,REF_DATE,REF_DATE,4,YES
CAN_CSV0000000000005318.csv,CAN_CSV0000000000005336.csv,REF_DATE,REF_DATE,4,YES
CAN_CSV0000000000005318.csv,CAN_CSV0000000000005336.csv,COORDINATE,COORDINATE,4,YES
CAN_CSV0000000000005318.csv,CAN_CSV0000000000005583.csv,REF_DATE,REF_DATE,4,YES
CAN_CSV0000000000005318.csv,CAN_CSV0000000000006809.csv,REF_DATE,REF_DATE,4,YES
CAN_CSV0000000000005318.csv,CAN_CSV0000000000006988.csv,REF_DATE,REF_DATE,4,YES
CAN_CSV0000000000005318.csv,CAN_CSV0000000000006988.csv,COORDINATE,COORDINATE,4,YES
CAN_CSV0000000000005318.csv,CAN_CSV0000000000007184.csv,REF_DATE,REF_DATE,4,YES
CAN_CSV0000000000005318.csv,CAN_CSV0000000000012837.csv,REF_DATE,REF_DATE,4,YES
CAN_CSV0000000000005318.csv,CAN_CSV0000000000013036.csv,REF_DATE,REF_DATE,4,YES
CAN_CSV0000000000005318.csv,CAN_CSV0000000000013036.csv,COORDINATE,COORDINATE,4,YES
CAN_CSV0000000000005318.csv,CAN_CSV0000000000013397.csv,REF_DATE,REF_DATE,4,YES
CAN_CSV0000000000005318.csv,CAN_CSV0000000000013397.csv,COORDINATE,COORDINATE,4,YES
CAN_CSV0000000000005318.csv,CAN_CSV0000000000013725.csv,REF_DATE,REF_DATE,4,YES
CAN_CSV0000000000005318.csv,CAN_CSV0000000000013725.csv,COORDINATE,COORDINATE,4,YES
CAN_CSV0000000000005318.csv,CAN_CSV0000000000013732.csv,REF_DATE,REF_DATE,4,YES
CAN_CSV0000000000005318.csv,CAN_CSV0000000000013953.csv,REF_DATE,REF_DATE,4,YES
CAN_CSV0000000000005318.csv,CAN_CSV0000000000014005.csv,REF_DATE,REF_DATE,4,YES
CAN_CSV0000000000005336.csv,CAN_CSV0000000000005927.csv,REF_DATE,REF_DATE,4,YES
CAN_CSV0000000000005336.csv,CAN_CSV0000000000006872.csv,REF_DATE,REF_DATE,4,YES
CAN_CSV0000000000005336.csv,CAN_CSV0000000000007184.csv,REF_DATE,REF_DATE,4,YES
CAN_CSV0000000000005336.csv,CAN_CSV0000000000012837.csv,REF_DATE,REF_DATE,4,YES
CAN_CSV0000000000005336.csv,CAN_CSV0000000000013036.csv,REF_DATE,REF_DATE,4,YES
CAN_CSV0000000000005336.csv,CAN_CSV0000000000013036.csv,COORDINATE,COORDINATE,4,YES
CAN_CSV0000000000005336.csv,CAN_CSV0000000000013124.csv,REF_DATE,REF_DATE,4,YES
CAN_CSV0000000000005336.csv,CAN_CSV0000000000013397.csv,REF_DATE,REF_DATE,4,YES
CAN_CSV0000000000005336.csv,CAN_CSV0000000000013397.csv,COORDINATE,COORDINATE,4,YES
CAN_CSV0000000000005336.csv,CAN_CSV0000000000013427.csv,REF_DATE,REF_DATE,4,YES
CAN_CSV0000000000005336.csv,CAN_CSV0000000000013427.csv,COORDINATE,COORDINATE,4,YES
CAN_CSV0000000000005336.csv,CAN_CSV0000000000013953.csv,REF_DATE,REF_DATE,4,YES
CAN_CSV0000000000005336.csv,CAN_CSV0000000000013953.csv,COORDINATE,COORDINATE,4,YES
CAN_CSV0000000000005336.csv,CAN_CSV0000000000014315.csv,REF_DATE,REF_DATE,4,YES
CAN_CSV0000000000005418.csv,CAN_CSV0000000000006872.csv,REF_DATE,REF_DATE,4,YES
CAN_CSV0000000000005744.csv,CAN_CSV0000000000013008.csv,REF_DATE,REF_DATE,4,YES