query_table,candidate_table,query_column,candidate_column
csvData1549285.csv,csvData20409520.csv,DRtg,DRtg
csvData917122.csv,csvData16083137.csv,AST%,AST%
csvData917122.csv,csvData16083137.csv,ORB%,ORB%
csvData917122.csv,csvData16083137.csv,TRB%,TRB%
csvData25322806.csv,csvData8770780.csv,STL%,STL%
csvData14518660.csv,csvData2852713.csv,Rpos,Rpos
csvData14518660.csv,csvData2852713.csv,Rbaser,Rbaser
csvData1902536.csv,csvData18661263.csv,Player,Player
csvData20535739.csv,csvData19688700.csv,Player,Player
csvData13891302.csv,csvData436368.csv,Team,Team
csvData4798003.csv,csvData436368.csv,Team,Team
csvData23033509.csv,csvData2877720.csv,SLG,SLG
csvData23033509.csv,csvData2877720.csv,Player,Player
csvData10025189.csv,csvData8804961.csv,Team,Team
csvData4674540.csv,csvData29453038.csv,Team,Team
csvData7470046.csv,csvData17093328.csv,ORtg,ORtg
csvData7470046.csv,csvData17093328.csv,Date,Date
csvData7470046.csv,csvData17093328.csv,DRtg,DRtg
csvData26651945.csv,csvData2877720.csv,Player,Player
csvData23141915.csv,csvData13051044.csv,DRB%,DRB%
csvData23141915.csv,csvData13051044.csv,ORB%,ORB%
csvData7063593.csv,csvData11585188.csv,AST%,AST%
csvData23141915.csv,csvData1549285.csv,DRtg,DRtg
csvData26853929.csv,csvData7320164.csv,SLG,SLG
csvData13703215.csv,csvData13434912.csv,Team,Team
csvData13891302.csv,csvData6592205.csv,Player,Player
csvData13891302.csv,csvData6592205.csv,GIDP,GIDP
csvData25917960.csv,csvData25120653.csv,AST%,AST%
csvData4431378.csv,csvData4823585.csv,Player,Player
csvData22418917.csv,csvData11585188.csv,AST%,AST%
csvData22418917.csv,csvData11585188.csv,Date,Date
csvData23141915.csv,csvData7470046.csv,ORtg,ORtg
csvData4676916.csv,csvData1444875.csv,Team,Team
csvData1644016.csv,csvData17054209.csv,Date,Date
csvData8620997.csv,csvData14833792.csv,GIDP,GIDP
csvData1444875.csv,csvData19072013.csv,Player,Player
csvData23967202.csv,csvData8770780.csv,TOV%,TOV%
csvData14690251.csv,csvData27987124.csv,AVG,AVG
csvData14690251.csv,csvData27987124.csv,Player,Player
csvData4823585.csv,csvData24807247.csv,RBI,RBI
csvData25437325.csv,csvData21873021.csv,Player,Player
csvData432880.csv,csvData16984008.csv,AST%,AST%
csvData432880.csv,csvData16984008.csv,Date,Date
csvData2798756.csv,csvData23141915.csv,TOV%,TOV%
csvData7104405.csv,csvData22658714.csv,Player,Player
csvData19621512.csv,csvData15894443.csv,PPF,PPF
csvData15745723.csv,csvData18661263.csv,Team,Team
csvData17302070.csv,csvData2590167.csv,POS,POS
csvData17302070.csv,csvData2590167.csv,GIDP,GIDP
csvData17377633.csv,csvData22060727.csv,TRB%,TRB%
csvData24131822.csv,csvData15497713.csv,oppOBP,oppOBP
csvData24131822.csv,csvData15497713.csv,oppRPA+,oppRPA+
csvData26651945.csv,csvData18493125.csv,Player,Player
csvData17302070.csv,csvData23033509.csv,Player,Player
csvData25794067.csv,csvData20076526.csv,AST%,AST%
csvData25441565.csv,csvData1786628.csv,eFG%,eFG%
csvData25441565.csv,csvData1786628.csv,TRB%,TRB%
csvData5124506.csv,csvData20535739.csv,Team,Team
csvData5124506.csv,csvData20535739.csv,Player,Player
csvData15745723.csv,csvData18661263.csv,Player,Player
csvData6444295.csv,csvData12976003.csv,ORB,ORB
csvData6444295.csv,csvData12976003.csv,BPG,BPG
csvData19688700.csv,csvData18784108.csv,Player,Player
csvData4676916.csv,csvData23033509.csv,OPS,OPS
csvData5376485.csv,csvData5124506.csv,OPS,OPS
csvData19130941.csv,csvData23033509.csv,SLG,SLG
csvData26651945.csv,csvData2761087.csv,Team,Team
csvData23003743.csv,csvData20535739.csv,Player,Player
csvData14833792.csv,csvData21084464.csv,Player,Player
csvData4823585.csv,csvData2761087.csv,Player,Player
csvData19688700.csv,csvData2877720.csv,Player,Player
csvData21286196.csv,csvData13703215.csv,Team,Team
csvData17093328.csv,csvData7470046.csv,AST%,AST%
csvData21300577.csv,csvData29402006.csv,OBP,OBP
csvData13771482.csv,csvData5376485.csv,Team,Team
csvData7222492.csv,csvData16773977.csv,FTM,FTM
csvData7615166.csv,csvData4823585.csv,Player,Player
csvData13703215.csv,csvData29453038.csv,RBI,RBI
csvData17093328.csv,csvData23141915.csv,ORtg,ORtg
csvData17093328.csv,csvData23141915.csv,USG%,USG%
csvData17093328.csv,csvData23141915.csv,TRB%,TRB%
csvData14429913.csv,csvData11585188.csv,BLK%,BLK%
csvData1102081.csv,csvData26651945.csv,GIDP,GIDP
csvData18661263.csv,csvData18784108.csv,Player,Player
csvData22418917.csv,csvData16984008.csv,ORB%,ORB%
csvData22418917.csv,csvData16984008.csv,USG%,USG%
csvData27987124.csv,csvData7401568.csv,Player,Player
csvData26817631.csv,csvData26761314.csv,USG%,USG%
csvData13638124.csv,csvData1902536.csv,Player,Player
csvData25120653.csv,csvData2055974.csv,eFG%,eFG%
csvData8479264.csv,csvData18661263.csv,SLG,SLG
csvData4676916.csv,csvData27987124.csv,SLG,SLG
csvData4676916.csv,csvData27987124.csv,Player,Player
csvData1444875.csv,csvData4676916.csv,Team,Team
csvData1549285.csv,csvData8963593.csv,AST%,AST%
csvData1549285.csv,csvData8963593.csv,GmSc,GmSc
csvData22418917.csv,csvData19659867.csv,TOV%,TOV%
csvData22418917.csv,csvData19659867.csv,Opp,Opp
csvData22418917.csv,csvData19659867.csv,AST%,AST%
csvData13891302.csv,csvData20535739.csv,Team,Team
csvData12739105.csv,csvData16984008.csv,TS%,TS%
csvData12739105.csv,csvData16984008.csv,ORB%,ORB%
csvData12739105.csv,csvData16984008.csv,DRtg,DRtg
csvData7615166.csv,csvData7104405.csv,Player,Player
csvData3383853.csv,csvData8479264.csv,Team,Team
csvData25917960.csv,csvData8963593.csv,TS%,TS%
csvData25917960.csv,csvData8963593.csv,GmSc,GmSc
csvData10027553.csv,csvData8598250.csv,Team,Team
csvData8479264.csv,csvData18661263.csv,POS,POS
csvData8479264.csv,csvData18661263.csv,OPS,OPS
csvData18784108.csv,csvData1902536.csv,Player,Player
csvData2879490.csv,csvData13336059.csv,POS,POS
csvData25283220.csv,csvData19553885.csv,OPS,OPS
csvData15965777.csv,csvData1102081.csv,POS,POS
csvData19688700.csv,csvData14833792.csv,Team,Team
csvData19688700.csv,csvData14833792.csv,SLG,SLG
csvData21873021.csv,csvData18493125.csv,Player,Player
csvData18798221.csv,csvData1549285.csv,GmSc,GmSc
csvData18798221.csv,csvData1549285.csv,DRtg,DRtg
csvData10212811.csv,csvData26672678.csv,Player,Player
csvData5416457.csv,csvData24591574.csv,AST%,AST%
csvData5416457.csv,csvData24591574.csv,TOV%,TOV%
csvData2877720.csv,csvData26651945.csv,Player,Player
csvData919002.csv,csvData17093328.csv,ORtg,ORtg
csvData2877720.csv,csvData2590167.csv,SLG,SLG
csvData7320164.csv,csvData23033509.csv,GIDP,GIDP
csvData28193349.csv,csvData23033509.csv,GIDP,GIDP
csvData29230622.csv,csvData9469123.csv,AGE,AGE
csvData25120653.csv,csvData432880.csv,AST%,AST%
csvData9079863.csv,csvData2792289.csv,ORtg,ORtg
csvData919002.csv,csvData24782950.csv,ORB%,ORB%
csvData21647644.csv,csvData7401568.csv,Player,Player
csvData436368.csv,csvData25283220.csv,Team,Team
csvData2590167.csv,csvData17302070.csv,GIDP,GIDP
csvData6592205.csv,csvData24807247.csv,RBI,RBI
csvData14690251.csv,csvData29453038.csv,Team,Team
csvData14690251.csv,csvData29453038.csv,GIDP,GIDP
csvData20535739.csv,csvData3383853.csv,OPS,OPS
csvData20535739.csv,csvData3383853.csv,Player,Player
csvData21873021.csv,csvData18493125.csv,GIDP,GIDP
csvData13891302.csv,csvData9739809.csv,GIDP,GIDP
csvData2590167.csv,csvData27987124.csv,SLG,SLG
csvData13434912.csv,csvData436368.csv,POS,POS
csvData15933779.csv,csvData432880.csv,BLK%,BLK%
csvData23141915.csv,csvData7470046.csv,GmSc,GmSc
csvData8479264.csv,csvData436368.csv,RBI,RBI
csvData17302070.csv,csvData3383853.csv,OPS,OPS
csvData9079863.csv,csvData19898919.csv,GmSc,GmSc
csvData16000106.csv,csvData17302070.csv,Team,Team
csvData16000106.csv,csvData17302070.csv,Player,Player
csvData10074535.csv,csvData4823585.csv,Player,Player
csvData1444875.csv,csvData19130941.csv,Player,Player
csvData21675463.csv,csvData27987124.csv,SLG,SLG
csvData21675463.csv,csvData27987124.csv,RBI,RBI
csvData25120653.csv,csvData25917960.csv,DRtg,DRtg
csvData9103974.csv,csvData24341501.csv,NAME,NAME
csvData9103974.csv,csvData24341501.csv,YEAR,YEAR
csvData7470046.csv,csvData10001964.csv,ORB%,ORB%
csvData7470046.csv,csvData10001964.csv,AST%,AST%
csvData25437325.csv,csvData5124506.csv,Team,Team
csvData11957850.csv,csvData22418917.csv,USG%,USG%
csvData11957850.csv,csvData22418917.csv,Opp,Opp
csvData15745723.csv,csvData7401568.csv,Player,Player
csvData4290459.csv,csvData26150573.csv,eFG%,eFG%
csvData7434868.csv,csvData16736013.csv,FGA,FGA
csvData2852713.csv,csvData14518660.csv,Rbaser,Rbaser
csvData9103974.csv,csvData8549891.csv,oppSLG,oppSLG
csvData22418917.csv,csvData26662503.csv,eFG%,eFG%
csvData25437325.csv,csvData18661263.csv,Player,Player
csvData14213420.csv,csvData24807247.csv,RBI,RBI
csvData4823585.csv,csvData18493125.csv,Player,Player
csvData8066901.csv,csvData9768769.csv,OPS,OPS
csvData25450714.csv,csvData13336059.csv,POS,POS
csvData26651945.csv,csvData436368.csv,RBI,RBI
csvData3383853.csv,csvData22658714.csv,Team,Team
csvData17093328.csv,csvData7470046.csv,ORB%,ORB%
csvData28386553.csv,csvData14833792.csv,GIDP,GIDP
csvData8479264.csv,csvData7401568.csv,Player,Player
csvData13336059.csv,csvData15745723.csv,AVG,AVG
csvData27008272.csv,csvData16773977.csv,FGA,FGA
csvData8479264.csv,csvData26853929.csv,SLG,SLG
csvData22688206.csv,csvData18518969.csv,DRB%,DRB%
csvData27987124.csv,csvData18661263.csv,POS,POS
csvData19621512.csv,csvData15894443.csv,oppOBP,oppOBP
csvData1102081.csv,csvData7401568.csv,Player,Player
csvData29383799.csv,csvData2590167.csv,GIDP,GIDP
csvData18661263.csv,csvData3383853.csv,Player,Player
csvData15745723.csv,csvData23033509.csv,GIDP,GIDP
csvData2404013.csv,csvData21198812.csv,SLG,SLG
csvData25450714.csv,csvData13336059.csv,AVG,AVG
csvData2798756.csv,csvData14248779.csv,DRB%,DRB%
csvData19130941.csv,csvData23033509.csv,GIDP,GIDP
csvData7615166.csv,csvData1102081.csv,RBI,RBI
csvData27008272.csv,csvData6444295.csv,ORB,ORB
csvData20535739.csv,csvData1102081.csv,Team,Team
csvData1549285.csv,csvData2660625.csv,Opp,Opp
csvData17377633.csv,csvData1549285.csv,DRtg,DRtg
csvData5376485.csv,csvData21286196.csv,POS,POS
csvData26239762.csv,csvData14248779.csv,STL%,STL%
csvData26239762.csv,csvData14248779.csv,GmSc,GmSc
csvData24807247.csv,csvData4823585.csv,POS,POS
csvData16736013.csv,csvData6605406.csv,FGA,FGA
csvData9768769.csv,csvData15965777.csv,OBP,OBP
csvData27587184.csv,csvData12739105.csv,ORtg,ORtg
csvData27587184.csv,csvData12739105.csv,TRB%,TRB%
csvData3123836.csv,csvData22266740.csv,ORB%,ORB%
csvData3123836.csv,csvData22266740.csv,GmSc,GmSc
csvData26761314.csv,csvData11957850.csv,STL%,STL%
csvData10212811.csv,csvData13434912.csv,Team,Team
csvData919002.csv,csvData16904536.csv,BLK%,BLK%
csvData29383799.csv,csvData13434912.csv,Team,Team
csvData18493125.csv,csvData7104405.csv,Player,Player
csvData4676916.csv,csvData19130941.csv,RBI,RBI
csvData27008272.csv,csvData6444295.csv,FTM,FTM
csvData10163568.csv,csvData26761314.csv,BLK%,BLK%
csvData10163568.csv,csvData26761314.csv,STL%,STL%
csvData10163568.csv,csvData26761314.csv,AST%,AST%
csvData10163568.csv,csvData26761314.csv,eFG%,eFG%
csvData25437325.csv,csvData2879490.csv,OPS,OPS
csvData4823585.csv,csvData2590167.csv,POS,POS
csvData4823585.csv,csvData2590167.csv,GIDP,GIDP
csvData15497713.csv,csvData24131822.csv,oppOBP,oppOBP
csvData15497713.csv,csvData24131822.csv,oppRPA+,oppRPA+
csvData14690251.csv,csvData29453038.csv,OBP,OBP
csvData24591574.csv,csvData397377.csv,TS%,TS%
csvData21873021.csv,csvData436368.csv,AVG,AVG
csvData16589458.csv,csvData19898919.csv,ORtg,ORtg
csvData15497713.csv,csvData9103974.csv,VORP,VORP
csvData2761087.csv,csvData29453038.csv,Team,Team
csvData2761087.csv,csvData29453038.csv,RBI,RBI
csvData2660625.csv,csvData22418917.csv,AST%,AST%
csvData2660625.csv,csvData22418917.csv,Date,Date
csvData2679641.csv,csvData3383853.csv,Team,Team
csvData13336059.csv,csvData27987124.csv,POS,POS
csvData29453038.csv,csvData4676916.csv,OPS,OPS
csvData5018557.csv,csvData14512292.csv,Team,Team
csvData13726780.csv,csvData23141915.csv,DRB%,DRB%
csvData919002.csv,csvData13051044.csv,DRB%,DRB%
csvData25450714.csv,csvData2590167.csv,OBP,OBP
csvData9768769.csv,csvData1444875.csv,Team,Team
csvData13638124.csv,csvData7320164.csv,GIDP,GIDP
csvData16083137.csv,csvData917122.csv,TRB%,TRB%
csvData21647644.csv,csvData18784108.csv,AVG,AVG
csvData5124506.csv,csvData13703215.csv,OBP,OBP
csvData6605406.csv,csvData9925714.csv,FGM,FGM
csvData919002.csv,csvData14429913.csv,USG%,USG%
csvData9739809.csv,csvData18562133.csv,OBP,OBP
csvData15025720.csv,csvData15283024.csv,Notes,Notes
csvData19688700.csv,csvData9739809.csv,GIDP,GIDP
csvData25437325.csv,csvData15745723.csv,OBP,OBP
csvData10547086.csv,csvData2590167.csv,SLG,SLG
csvData15641377.csv,csvData3123836.csv,Opp,Opp
csvData436368.csv,csvData29453038.csv,RBI,RBI
csvData13703215.csv,csvData27987124.csv,OPS,OPS
csvData896377.csv,csvData3178438.csv,3PA,3PA
csvData896377.csv,csvData3178438.csv,FG%,FG%
csvData7470046.csv,csvData17093328.csv,GmSc,GmSc
csvData12976003.csv,csvData16736013.csv,PPG,PPG
csvData12739105.csv,csvData16984008.csv,STL%,STL%
csvData14213420.csv,csvData7401568.csv,RBI,RBI
csvData8930847.csv,csvData1644016.csv,DRB%,DRB%
csvData3383853.csv,csvData8479264.csv,RBI,RBI
csvData28193349.csv,csvData15965777.csv,GIDP,GIDP
csvData13434912.csv,csvData10074535.csv,RBI,RBI
csvData2590167.csv,csvData8479264.csv,POS,POS
csvData29230622.csv,csvData19621512.csv,VORP,VORP
csvData19130941.csv,csvData23033509.csv,Player,Player
csvData26651945.csv,csvData6592205.csv,Team,Team
csvData26651945.csv,csvData6592205.csv,Player,Player
csvData26651945.csv,csvData28193349.csv,AVG,AVG
csvData2404013.csv,csvData1444875.csv,SLG,SLG
csvData2879490.csv,csvData5376485.csv,RBI,RBI
csvData29383799.csv,csvData7401568.csv,Player,Player
csvData29453038.csv,csvData436368.csv,Team,Team
csvData2590167.csv,csvData24807247.csv,POS,POS
csvData18661263.csv,csvData3383853.csv,SLG,SLG
csvData17093328.csv,csvData27587184.csv,USG%,USG%
csvData23003743.csv,csvData3726343.csv,GIDP,GIDP
csvData23141915.csv,csvData11585188.csv,Age,Age
csvData23141915.csv,csvData11585188.csv,ORB%,ORB%
csvData17093328.csv,csvData13051044.csv,DRtg,DRtg
csvData29453038.csv,csvData25283220.csv,Team,Team
csvData26604328.csv,csvData18798221.csv,DRB%,DRB%
csvData26604328.csv,csvData18798221.csv,DRtg,DRtg
csvData5124506.csv,csvData25437325.csv,AVG,AVG
csvData28193349.csv,csvData1102081.csv,SLG,SLG
csvData28193349.csv,csvData1102081.csv,POS,POS
csvData5376485.csv,csvData13771482.csv,Team,Team
csvData27987124.csv,csvData436368.csv,RBI,RBI
csvData23141915.csv,csvData10163568.csv,BLK%,BLK%
csvData23141915.csv,csvData10163568.csv,TOV%,TOV%
csvData13588389.csv,csvData22418917.csv,Date,Date
csvData17302070.csv,csvData19130941.csv,SLG,SLG
csvData15497713.csv,csvData8549891.csv,YEAR,YEAR
csvData13638124.csv,csvData1902536.csv,RBI,RBI
csvData2590167.csv,csvData25450714.csv,OBP,OBP
csvData6605406.csv,csvData27008272.csv,PPG,PPG
csvData10088067.csv,csvData23138641.csv,Shots,Shots
csvData7434868.csv,csvData1068737.csv,3PA,3PA
csvData1635358.csv,csvData23141915.csv,Opp,Opp
csvData27587184.csv,csvData8992728.csv,GmSc,GmSc
csvData15745723.csv,csvData18661263.csv,POS,POS
csvData13434912.csv,csvData2879490.csv,RBI,RBI
csvData26655046.csv,csvData2792289.csv,ORtg,ORtg
csvData5416457.csv,csvData8963593.csv,ORB%,ORB%
csvData29453038.csv,csvData10027553.csv,GIDP,GIDP
csvData7401568.csv,csvData21286196.csv,OPS,OPS
csvData12976003.csv,csvData28681743.csv,BPG,BPG
csvData13638124.csv,csvData1902536.csv,GIDP,GIDP
csvData26662503.csv,csvData14248779.csv,TOV%,TOV%
csvData21675463.csv,csvData1564466.csv,GIDP,GIDP
csvData14213420.csv,csvData5376485.csv,AVG,AVG
csvData1644016.csv,csvData16382327.csv,AST%,AST%
csvData15936069.csv,csvData29373882.csv,VORP,VORP
csvData1444875.csv,csvData18493125.csv,Player,Player
csvData24131822.csv,csvData9103974.csv,PPF,PPF
csvData6444295.csv,csvData6605406.csv,BPG,BPG
csvData23033509.csv,csvData3383853.csv,GIDP,GIDP
csvData7401568.csv,csvData21675463.csv,AVG,AVG
csvData7401568.csv,csvData21675463.csv,RBI,RBI
csvData17093328.csv,csvData12739105.csv,DRtg,DRtg
csvData13891302.csv,csvData20535739.csv,OPS,OPS
csvData26604328.csv,csvData16984008.csv,STL%,STL%
csvData6592205.csv,csvData27987124.csv,GIDP,GIDP
csvData25437325.csv,csvData1102081.csv,Team,Team
csvData4460.csv,csvData26817631.csv,USG%,USG%
csvData17093328.csv,csvData7470046.csv,DRtg,DRtg
csvData17093328.csv,csvData27587184.csv,TOV%,TOV%
csvData3383853.csv,csvData2679641.csv,Team,Team
csvData3461808.csv,csvData1549285.csv,BLK%,BLK%
csvData3461808.csv,csvData1549285.csv,TRB%,TRB%
csvData6605406.csv,csvData6444295.csv,DRB,DRB
csvData11585188.csv,csvData22418917.csv,ORB%,ORB%
csvData436368.csv,csvData4676916.csv,Team,Team
csvData4676916.csv,csvData1444875.csv,SLG,SLG
csvData5376485.csv,csvData23033509.csv,AVG,AVG
csvData1786628.csv,csvData22418917.csv,ORB%,ORB%
csvData13336059.csv,csvData25450714.csv,RBI,RBI
csvData17093328.csv,csvData919002.csv,DRtg,DRtg
csvData3383853.csv,csvData2590167.csv,Team,Team
csvData12976003.csv,csvData6605406.csv,FGA,FGA
csvData22418917.csv,csvData11585188.csv,ORB%,ORB%
csvData8620997.csv,csvData8598250.csv,POS,POS
csvData25437325.csv,csvData2879490.csv,AVG,AVG
csvData9739809.csv,csvData18493125.csv,GIDP,GIDP
csvData13227194.csv,csvData10074535.csv,OPS,OPS
csvData9469123.csv,csvData19621512.csv,AVG,AVG
csvData1644016.csv,csvData28449023.csv,ORB%,ORB%
csvData11387111.csv,csvData19635852.csv,TS%,TS%
csvData11387111.csv,csvData19635852.csv,ORB%,ORB%
csvData17302070.csv,csvData29453038.csv,OPS,OPS
csvData14429913.csv,csvData11331104.csv,AST%,AST%
csvData13523115.csv,csvData19621512.csv,oppOBP,oppOBP
csvData3461808.csv,csvData11585188.csv,GmSc,GmSc
csvData5376485.csv,csvData13771482.csv,AVG,AVG
csvData13997791.csv,csvData10027553.csv,SLG,SLG
csvData6592205.csv,csvData24108736.csv,GIDP,GIDP
csvData13434912.csv,csvData2404013.csv,RBI,RBI
csvData18784108.csv,csvData29346752.csv,OBP,OBP
csvData10547086.csv,csvData7615166.csv,OPS,OPS
csvData29453038.csv,csvData8598250.csv,RBI,RBI
csvData26651945.csv,csvData436368.csv,AVG,AVG
csvData10027553.csv,csvData14690251.csv,Player,Player
csvData25437325.csv,csvData1102081.csv,POS,POS
csvData2679641.csv,csvData4676916.csv,SLG,SLG
csvData436368.csv,csvData29383799.csv,RBI,RBI
csvData2761087.csv,csvData18661263.csv,Team,Team
csvData1431383.csv,csvData26604328.csv,GmSc,GmSc
csvData13588389.csv,csvData27587184.csv,AST%,AST%
csvData4460.csv,csvData22935665.csv,BLK%,BLK%
csvData6468042.csv,csvData28681743.csv,DRB,DRB
csvData23141915.csv,csvData19898919.csv,GmSc,GmSc
csvData22475593.csv,csvData16984008.csv,DRtg,DRtg
csvData14248779.csv,csvData13051044.csv,DRB%,DRB%
csvData7401568.csv,csvData25283220.csv,Team,Team
csvData3871380.csv,csvData17658548.csv,hbp,hbp
csvData8479264.csv,csvData13891302.csv,OPS,OPS
csvData22418917.csv,csvData11957850.csv,USG%,USG%
csvData28681743.csv,csvData9925714.csv,BPG,BPG
csvData15965777.csv,csvData24807247.csv,POS,POS
csvData5376485.csv,csvData20535739.csv,SLG,SLG
csvData19553885.csv,csvData436368.csv,RBI,RBI
csvData6260469.csv,csvData29383799.csv,GIDP,GIDP
csvData15936069.csv,csvData19621512.csv,VORP,VORP
csvData22678292.csv,csvData14248779.csv,STL%,STL%
csvData22678292.csv,csvData14248779.csv,TOV%,TOV%
csvData27627434.csv,csvData23141915.csv,Age,Age
csvData13051044.csv,csvData14248779.csv,ORB%,ORB%
csvData16736013.csv,csvData14585065.csv,FGM,FGM
csvData10749767.csv,csvData27987124.csv,POS,POS
csvData29373882.csv,csvData8549891.csv,VORP,VORP
csvData14213420.csv,csvData10027553.csv,SLG,SLG
csvData21286196.csv,csvData15745723.csv,Team,Team
csvData16736013.csv,csvData9925714.csv,FGM,FGM
csvData10027553.csv,csvData2879490.csv,OPS,OPS
csvData25450714.csv,csvData2590167.csv,RBI,RBI
csvData19970342.csv,csvData29331554.csv,ORB%,ORB%
csvData27587184.csv,csvData17093328.csv,GmSc,GmSc
csvData28672318.csv,csvData21947308.csv,RBI,RBI
csvData9469123.csv,csvData19621512.csv,VORP,VORP
csvData14213420.csv,csvData24807247.csv,POS,POS
csvData13336059.csv,csvData27987124.csv,RBI,RBI
csvData19688700.csv,csvData4798003.csv,Player,Player
csvData13336059.csv,csvData25450714.csv,OBP,OBP
csvData2879490.csv,csvData19553885.csv,RBI,RBI
csvData14429913.csv,csvData13726780.csv,ORB%,ORB%
csvData3383853.csv,csvData13703215.csv,OPS,OPS
csvData27008272.csv,csvData9925714.csv,FGM,FGM
csvData13434912.csv,csvData1102081.csv,Team,Team
csvData13434912.csv,csvData1102081.csv,RBI,RBI
csvData13051044.csv,csvData919002.csv,BLK%,BLK%
csvData13051044.csv,csvData919002.csv,DRB%,DRB%
csvData21084464.csv,csvData18562133.csv,OBP,OBP
csvData5376485.csv,csvData2879490.csv,Team,Team
csvData5376485.csv,csvData2879490.csv,POS,POS
csvData917122.csv,csvData26522418.csv,Date,Date
csvData13434912.csv,csvData10074535.csv,OPS,OPS
csvData15497713.csv,csvData9469123.csv,oppOBP,oppOBP
csvData9103974.csv,csvData8549891.csv,VORP,VORP
csvData29331554.csv,csvData19970342.csv,USG%,USG%
csvData6605406.csv,csvData16736013.csv,SPG,SPG
csvData6605406.csv,csvData16736013.csv,BPG,BPG
csvData28386553.csv,csvData9739809.csv,POS,POS
csvData29383799.csv,csvData13997791.csv,POS,POS
csvData15745723.csv,csvData23033509.csv,SLG,SLG
csvData1564466.csv,csvData2761087.csv,RBI,RBI
csvData20075499.csv,csvData29383799.csv,Team,Team
csvData15965777.csv,csvData25450714.csv,POS,POS
csvData15965777.csv,csvData25450714.csv,OBP,OBP
csvData3383853.csv,csvData13891302.csv,GIDP,GIDP
csvData436368.csv,csvData29383799.csv,Team,Team
csvData24591574.csv,csvData22418917.csv,USG%,USG%
csvData16773977.csv,csvData7434868.csv,MPG,MPG
csvData26959440.csv,csvData9475480.csv,SLG,SLG
csvData26959440.csv,csvData9475480.csv,GIDP,GIDP
csvData2590167.csv,csvData7615166.csv,RBI,RBI
csvData13588389.csv,csvData4269776.csv,ORtg,ORtg
csvData16000106.csv,csvData17302070.csv,SLG,SLG
csvData26239762.csv,csvData20076526.csv,GmSc,GmSc
csvData26239762.csv,csvData20076526.csv,TRB%,TRB%
csvData25450714.csv,csvData9768769.csv,OPS,OPS
csvData3726343.csv,csvData29453038.csv,OBP,OBP
csvData13771482.csv,csvData5376485.csv,AVG,AVG
csvData18900645.csv,csvData2798756.csv,Age,Age
csvData26651945.csv,csvData14213420.csv,RBI,RBI
csvData19898919.csv,csvData23141915.csv,GmSc,GmSc
csvData14963477.csv,csvData2590167.csv,RBI,RBI
csvData2660625.csv,csvData22418917.csv,STL%,STL%
csvData4676916.csv,csvData2679641.csv,OPS,OPS
csvData10951717.csv,csvData18777494.csv,CN (cm),CN (cm)
csvData10951717.csv,csvData18777494.csv,Waist (inches),Waist (inches)
csvData10951717.csv,csvData18777494.csv,Hip (inches),Hip (inches)
csvData10951717.csv,csvData18777494.csv,Bust (inches),Bust (inches)
csvData10951717.csv,csvData18777494.csv,Wm Alpha,Wm Alpha
csvData21499778.csv,csvData27514693.csv,CN (cm),CN (cm)
csvData21499778.csv,csvData27514693.csv,Waist (inches),Waist (inches)
csvData21499778.csv,csvData27514693.csv,Hip (inches),Hip (inches)
csvData21499778.csv,csvData27514693.csv,Bust (inches),Bust (inches)
csvData21499778.csv,csvData27514693.csv,Wm Alpha,Wm Alpha
csvData18086022.csv,csvData14124799.csv,site id,site id
csvData18086022.csv,csvData14124799.csv,round,round
csvData18086022.csv,csvData14124799.csv,Country,Country
csvData18086022.csv,csvData14124799.csv,date,date
csvData18086022.csv,csvData14124799.csv,line/ramp,line/ramp
csvData15705213.csv,csvData15330348.csv,CN (cm),CN (cm)
csvData15705213.csv,csvData15330348.csv,Waist (inches),Waist (inches)
csvData15705213.csv,csvData15330348.csv,Hip (inches),Hip (inches)
csvData15705213.csv,csvData15330348.csv,Bust (inches),Bust (inches)
csvData15705213.csv,csvData15330348.csv,Wm Alpha,Wm Alpha
csvData11781598.csv,csvData5487247.csv,Phase,Phase
csvData11781598.csv,csvData5487247.csv,Date,Date
csvData15936069.csv,csvData29230622.csv,oppAVG,oppAVG
csvData13638124.csv,csvData15745723.csv,GIDP,GIDP
csvData13638124.csv,csvData10027553.csv,GIDP,GIDP
csvData13638124.csv,csvData27987124.csv,GIDP,GIDP
csvData13638124.csv,csvData9768769.csv,GIDP,GIDP
csvData13638124.csv,csvData9739809.csv,GIDP,GIDP
csvData19387543.csv,csvData22335715.csv,avg,avg
csvData19387543.csv,csvData12168209.csv,avg,avg
csvData13051044.csv,csvData26655046.csv,ORB%,ORB%
csvData19132138.csv,csvData15497713.csv,oppOPS,oppOPS
csvData19132138.csv,csvData29230622.csv,oppOPS,oppOPS
csvData19132138.csv,csvData24341501.csv,oppOPS,oppOPS
csvData917122.csv,csvData26655046.csv,ORB%,ORB%
csvData917122.csv,csvData26655046.csv,TRB%,TRB%
csvData12739105.csv,csvData26655046.csv,ORB%,ORB%
csvData12739105.csv,csvData26655046.csv,TRB%,TRB%
csvData13336059.csv,csvData16773669.csv,SLG,SLG
csvData13336059.csv,csvData2404013.csv,SLG,SLG
csvData13336059.csv,csvData20075499.csv,SLG,SLG
csvData1902536.csv,csvData20535739.csv,Player,Player
csvData1902536.csv,csvData29346752.csv,Player,Player
csvData16904536.csv,csvData22418917.csv,BLK%,BLK%
csvData15936069.csv,csvData15497713.csv,YEAR,YEAR
csvData20535739.csv,csvData29346752.csv,Player,Player
csvData20535739.csv,csvData17302070.csv,Player,Player
csvData13891302.csv,csvData9739809.csv,Team,Team
csvData25441565.csv,csvData26655046.csv,ORtg,ORtg
csvData4798003.csv,csvData9739809.csv,Team,Team
csvData4798003.csv,csvData20535739.csv,Team,Team
csvData25450714.csv,csvData15745723.csv,OPS,OPS
csvData25450714.csv,csvData21286196.csv,OPS,OPS
csvData2590167.csv,csvData16773669.csv,RBI,RBI
csvData2590167.csv,csvData19553885.csv,RBI,RBI
csvData19621512.csv,csvData24341501.csv,VORP,VORP
csvData19621512.csv,csvData12906779.csv,AGE,AGE
csvData19621512.csv,csvData24341501.csv,AGE,AGE
csvData19621512.csv,csvData24341501.csv,PPF,PPF
csvData19621512.csv,csvData23904874.csv,oppRPA+,oppRPA+
csvData19621512.csv,csvData15497713.csv,oppRPA+,oppRPA+
csvData19621512.csv,csvData13523115.csv,oppRPA+,oppRPA+
csvData19621512.csv,csvData9469123.csv,oppRPA+,oppRPA+
csvData23033509.csv,csvData16773669.csv,SLG,SLG
csvData23033509.csv,csvData2404013.csv,SLG,SLG
csvData23033509.csv,csvData20075499.csv,SLG,SLG
csvData23033509.csv,csvData20535739.csv,Player,Player
csvData23033509.csv,csvData29346752.csv,Player,Player
csvData23033509.csv,csvData17302070.csv,Player,Player
csvData9469123.csv,csvData15497713.csv,oppOBP,oppOBP
csvData9469123.csv,csvData24341501.csv,oppOBP,oppOBP
csvData9469123.csv,csvData19621512.csv,oppOBP,oppOBP
csvData9469123.csv,csvData15497713.csv,YEAR,YEAR
csvData9469123.csv,csvData23904874.csv,oppRPA+,oppRPA+
csvData9469123.csv,csvData15497713.csv,oppRPA+,oppRPA+
csvData9469123.csv,csvData13523115.csv,oppRPA+,oppRPA+
csvData1549285.csv,csvData26655046.csv,TRB%,TRB%
csvData10025189.csv,csvData9739809.csv,Team,Team
csvData10025189.csv,csvData20535739.csv,Team,Team
csvData4674540.csv,csvData9739809.csv,Team,Team
csvData4674540.csv,csvData20535739.csv,Team,Team
csvData4674540.csv,csvData20075499.csv,Team,Team
csvData24108736.csv,csvData20535739.csv,Player,Player
csvData24108736.csv,csvData29346752.csv,Player,Player
csvData19553885.csv,csvData15745723.csv,GIDP,GIDP
csvData19553885.csv,csvData10027553.csv,GIDP,GIDP
csvData19553885.csv,csvData27987124.csv,GIDP,GIDP
csvData19553885.csv,csvData16773669.csv,RBI,RBI
csvData7470046.csv,csvData26655046.csv,ORtg,ORtg
csvData7470046.csv,csvData22418917.csv,ORtg,ORtg
csvData3383853.csv,csvData21286196.csv,POS,POS
csvData3383853.csv,csvData10027553.csv,POS,POS
csvData20076526.csv,csvData26655046.csv,USG%,USG%
csvData22935665.csv,csvData26655046.csv,USG%,USG%
csvData22935665.csv,csvData22418917.csv,USG%,USG%
csvData8963593.csv,csvData26655046.csv,USG%,USG%
csvData26651945.csv,csvData20535739.csv,Player,Player
csvData26651945.csv,csvData29346752.csv,Player,Player
csvData2877720.csv,csvData20535739.csv,Player,Player
csvData2877720.csv,csvData29346752.csv,Player,Player
csvData2877720.csv,csvData17302070.csv,Player,Player
csvData23141915.csv,csvData26655046.csv,ORB%,ORB%
csvData9739809.csv,csvData20535739.csv,Team,Team
csvData9739809.csv,csvData15745723.csv,GIDP,GIDP
csvData9739809.csv,csvData10027553.csv,GIDP,GIDP
csvData9739809.csv,csvData27987124.csv,GIDP,GIDP
csvData9739809.csv,csvData9768769.csv,GIDP,GIDP
csvData17054209.csv,csvData26655046.csv,ORB%,ORB%
csvData2877720.csv,csvData15745723.csv,GIDP,GIDP
csvData2877720.csv,csvData10027553.csv,GIDP,GIDP
csvData2877720.csv,csvData27987124.csv,GIDP,GIDP
csvData13434912.csv,csvData20535739.csv,Player,Player
csvData13434912.csv,csvData29346752.csv,Player,Player
csvData13434912.csv,csvData9739809.csv,OBP,OBP
csvData13434912.csv,csvData20535739.csv,OBP,OBP
csvData26150573.csv,csvData26655046.csv,ORtg,ORtg
csvData26150573.csv,csvData26655046.csv,USG%,USG%
csvData4823585.csv,csvData15745723.csv,GIDP,GIDP
csvData4823585.csv,csvData10027553.csv,GIDP,GIDP
csvData4823585.csv,csvData27987124.csv,GIDP,GIDP
csvData4823585.csv,csvData9768769.csv,GIDP,GIDP
csvData4823585.csv,csvData9739809.csv,GIDP,GIDP
csvData7789467.csv,csvData16773669.csv,SLG,SLG
csvData7789467.csv,csvData2404013.csv,SLG,SLG
csvData13703215.csv,csvData9739809.csv,Team,Team
csvData13703215.csv,csvData20535739.csv,Team,Team
csvData13703215.csv,csvData9739809.csv,OBP,OBP
csvData13703215.csv,csvData20535739.csv,OBP,OBP
csvData1786628.csv,csvData26655046.csv,ORtg,ORtg
csvData1786628.csv,csvData22418917.csv,ORtg,ORtg
csvData1902536.csv,csvData17302070.csv,Player,Player
csvData26853929.csv,csvData16773669.csv,SLG,SLG
csvData26853929.csv,csvData2404013.csv,SLG,SLG
csvData26853929.csv,csvData20075499.csv,SLG,SLG
csvData29453038.csv,csvData15745723.csv,GIDP,GIDP
csvData29453038.csv,csvData27987124.csv,GIDP,GIDP
csvData29453038.csv,csvData9768769.csv,GIDP,GIDP
csvData29453038.csv,csvData9739809.csv,GIDP,GIDP
csvData29453038.csv,csvData21286196.csv,POS,POS
csvData29453038.csv,csvData10027553.csv,POS,POS
csvData29453038.csv,csvData27987124.csv,POS,POS
csvData19621512.csv,csvData16773669.csv,SLG,SLG
csvData19621512.csv,csvData2404013.csv,SLG,SLG
csvData25450714.csv,csvData20535739.csv,Player,Player
csvData25450714.csv,csvData29346752.csv,Player,Player
csvData2688573.csv,csvData2832935.csv,ibb,ibb
csvData13891302.csv,csvData20535739.csv,Player,Player
csvData13891302.csv,csvData29346752.csv,Player,Player
csvData13891302.csv,csvData17302070.csv,Player,Player
csvData13891302.csv,csvData15745723.csv,GIDP,GIDP
csvData13891302.csv,csvData10027553.csv,GIDP,GIDP
csvData13891302.csv,csvData27987124.csv,GIDP,GIDP
csvData13891302.csv,csvData9768769.csv,GIDP,GIDP
csvData18661263.csv,csvData21286196.csv,POS,POS
csvData18661263.csv,csvData10027553.csv,POS,POS
csvData18661263.csv,csvData27987124.csv,POS,POS
csvData29453038.csv,csvData9739809.csv,Team,Team
csvData29453038.csv,csvData20535739.csv,Team,Team
csvData29453038.csv,csvData20535739.csv,Player,Player
csvData29453038.csv,csvData29346752.csv,Player,Player
csvData13434912.csv,csvData9739809.csv,Team,Team
csvData13434912.csv,csvData20535739.csv,Team,Team
csvData13434912.csv,csvData20075499.csv,Team,Team
csvData2761087.csv,csvData20535739.csv,Player,Player
csvData2761087.csv,csvData29346752.csv,Player,Player
csvData2590167.csv,csvData20535739.csv,Player,Player
csvData2590167.csv,csvData29346752.csv,Player,Player
csvData9475480.csv,csvData19553885.csv,AVG,AVG
csvData8479264.csv,csvData9739809.csv,Team,Team
csvData8479264.csv,csvData20535739.csv,Team,Team
csvData8479264.csv,csvData19553885.csv,AVG,AVG
csvData8479264.csv,csvData16773669.csv,RBI,RBI
csvData8479264.csv,csvData19553885.csv,RBI,RBI
csvData4431378.csv,csvData20535739.csv,Player,Player
csvData4431378.csv,csvData29346752.csv,Player,Player
csvData17093328.csv,csvData22418917.csv,eFG%,eFG%
csvData17093328.csv,csvData26655046.csv,TRB%,TRB%
csvData21084464.csv,csvData20535739.csv,Player,Player
csvData21084464.csv,csvData29346752.csv,Player,Player
csvData8804961.csv,csvData9739809.csv,Team,Team
csvData8804961.csv,csvData20535739.csv,Team,Team
csvData8804961.csv,csvData9739809.csv,OBP,OBP
csvData8804961.csv,csvData20535739.csv,OBP,OBP
csvData8804961.csv,csvData29346752.csv,OBP,OBP
csvData21642271.csv,csvData9739809.csv,Team,Team
csvData21642271.csv,csvData20535739.csv,Team,Team
csvData21642271.csv,csvData9205349.csv,iFenwick,iFenwick
csvData21642271.csv,csvData13703215.csv,Player Name,Player Name
csvData26959440.csv,csvData15745723.csv,OPS,OPS
csvData26959440.csv,csvData21286196.csv,OPS,OPS
csvData29453038.csv,csvData20075499.csv,Team,Team
csvData23141915.csv,csvData26655046.csv,ORtg,ORtg
csvData23141915.csv,csvData22418917.csv,ORtg,ORtg
csvData7222492.csv,csvData27008272.csv,PPG,PPG
csvData7222492.csv,csvData6468042.csv,FTM,FTM
csvData4676916.csv,csvData9739809.csv,Team,Team
csvData4676916.csv,csvData20535739.csv,Team,Team
csvData4676916.csv,csvData20075499.csv,Team,Team
csvData18784108.csv,csvData15745723.csv,GIDP,GIDP
csvData18784108.csv,csvData10027553.csv,GIDP,GIDP
csvData18784108.csv,csvData27987124.csv,GIDP,GIDP
csvData26150573.csv,csvData26655046.csv,ORB%,ORB%
csvData2590167.csv,csvData9739809.csv,Team,Team
csvData2590167.csv,csvData20535739.csv,Team,Team
csvData2590167.csv,csvData20075499.csv,Team,Team
csvData2590167.csv,csvData15745723.csv,OPS,OPS
csvData2590167.csv,csvData21286196.csv,OPS,OPS
csvData29230622.csv,csvData24341501.csv,VORP,VORP
csvData29230622.csv,csvData15497713.csv,YEAR,YEAR
csvData26672678.csv,csvData20535739.csv,Player,Player
csvData26672678.csv,csvData29346752.csv,Player,Player
csvData15933779.csv,csvData26655046.csv,TS%,TS%
csvData8620997.csv,csvData15745723.csv,GIDP,GIDP
csvData8620997.csv,csvData10027553.csv,GIDP,GIDP
csvData8620997.csv,csvData27987124.csv,GIDP,GIDP
csvData9475480.csv,csvData15745723.csv,GIDP,GIDP
csvData9475480.csv,csvData10027553.csv,GIDP,GIDP
csvData9475480.csv,csvData27987124.csv,GIDP,GIDP
csvData9475480.csv,csvData9768769.csv,GIDP,GIDP
csvData9475480.csv,csvData9739809.csv,GIDP,GIDP
csvData1444875.csv,csvData20535739.csv,Player,Player
csvData1444875.csv,csvData29346752.csv,Player,Player
csvData1444875.csv,csvData17302070.csv,Player,Player
csvData11573229.csv,csvData2852713.csv,Acquired,Acquired
csvData13891302.csv,csvData20075499.csv,Team,Team
csvData9768769.csv,csvData15745723.csv,GIDP,GIDP
csvData9768769.csv,csvData10027553.csv,GIDP,GIDP
csvData9768769.csv,csvData27987124.csv,GIDP,GIDP
csvData14248779.csv,csvData22418917.csv,DRB%,DRB%
csvData2879490.csv,csvData19553885.csv,AVG,AVG
csvData2879490.csv,csvData20535739.csv,Player,Player
csvData2879490.csv,csvData29346752.csv,Player,Player
csvData14690251.csv,csvData19553885.csv,AVG,AVG
csvData14690251.csv,csvData29346752.csv,AVG,AVG
csvData14690251.csv,csvData20535739.csv,Player,Player
csvData14690251.csv,csvData29346752.csv,Player,Player
csvData2879490.csv,csvData17302070.csv,Player,Player
csvData29402006.csv,csvData20535739.csv,Player,Player
csvData29402006.csv,csvData29346752.csv,Player,Player
csvData29402006.csv,csvData17302070.csv,Player,Player
csvData17302070.csv,csvData9739809.csv,Team,Team
csvData17302070.csv,csvData20535739.csv,Team,Team
csvData13726780.csv,csvData26655046.csv,ORB%,ORB%
csvData919002.csv,csvData26655046.csv,ORB%,ORB%
csvData14585065.csv,csvData9739809.csv,Team,Team
csvData14585065.csv,csvData20535739.csv,Team,Team
csvData22935665.csv,csvData22418917.csv,BLK%,BLK%
csvData4823585.csv,csvData16773669.csv,RBI,RBI
csvData4823585.csv,csvData19553885.csv,RBI,RBI
csvData19132138.csv,csvData15936069.csv,LVL,LVL
csvData19132138.csv,csvData24341501.csv,LVL,LVL
csvData17093328.csv,csvData26655046.csv,ORtg,ORtg
csvData2879490.csv,csvData15745723.csv,GIDP,GIDP
csvData2879490.csv,csvData10027553.csv,GIDP,GIDP
csvData2879490.csv,csvData27987124.csv,GIDP,GIDP
csvData2879490.csv,csvData9768769.csv,GIDP,GIDP
csvData2879490.csv,csvData9739809.csv,GIDP,GIDP
csvData17302070.csv,csvData16773669.csv,SLG,SLG
csvData17302070.csv,csvData2404013.csv,SLG,SLG
csvData17302070.csv,csvData20075499.csv,SLG,SLG
csvData17302070.csv,csvData20535739.csv,Player,Player
csvData17302070.csv,csvData29346752.csv,Player,Player
csvData25437325.csv,csvData20535739.csv,Player,Player
csvData25437325.csv,csvData29346752.csv,Player,Player
csvData3178438.csv,csvData27008272.csv,TOV,TOV
csvData3178438.csv,csvData11839331.csv,TOV,TOV
csvData24341501.csv,csvData15497713.csv,oppOBP,oppOBP
csvData24341501.csv,csvData19621512.csv,oppOBP,oppOBP
csvData24341501.csv,csvData15497713.csv,YEAR,YEAR
csvData6592205.csv,csvData20535739.csv,Player,Player
csvData6592205.csv,csvData29346752.csv,Player,Player
csvData13051044.csv,csvData22418917.csv,DRB%,DRB%
csvData9739809.csv,csvData20535739.csv,OBP,OBP
csvData7104405.csv,csvData20535739.csv,Player,Player
csvData7104405.csv,csvData29346752.csv,Player,Player
csvData7104405.csv,csvData17302070.csv,Player,Player
csvData15745723.csv,csvData9739809.csv,Team,Team
csvData15745723.csv,csvData20535739.csv,Team,Team
csvData15745723.csv,csvData20075499.csv,Team,Team
csvData14297814.csv,csvData22069876.csv,Segmental Box Girder,Segmental Box Girder
csvData21286196.csv,csvData20535739.csv,Player,Player
csvData21286196.csv,csvData29346752.csv,Player,Player
csvData23967202.csv,csvData26655046.csv,ORtg,ORtg
csvData23967202.csv,csvData22418917.csv,eFG%,eFG%
csvData1068737.csv,csvData27008272.csv,FGA,FGA
csvData1068737.csv,csvData6468042.csv,FGA,FGA
csvData10074535.csv,csvData15745723.csv,OPS,OPS
csvData10074535.csv,csvData21286196.csv,OPS,OPS
csvData7470046.csv,csvData26655046.csv,ORB%,ORB%
csvData29387459.csv,csvData26655046.csv,ORB%,ORB%
csvData17302070.csv,csvData21286196.csv,POS,POS
csvData17302070.csv,csvData10027553.csv,POS,POS
csvData17302070.csv,csvData27987124.csv,POS,POS
csvData17302070.csv,csvData5124506.csv,POS,POS
csvData17302070.csv,csvData15745723.csv,GIDP,GIDP
csvData17302070.csv,csvData10027553.csv,GIDP,GIDP
csvData17302070.csv,csvData27987124.csv,GIDP,GIDP
csvData17302070.csv,csvData9768769.csv,GIDP,GIDP
csvData14780613.csv,csvData26655046.csv,ORB%,ORB%
csvData18562133.csv,csvData16773669.csv,SLG,SLG
csvData18562133.csv,csvData2404013.csv,SLG,SLG
csvData18562133.csv,csvData21286196.csv,POS,POS
csvData18562133.csv,csvData10027553.csv,POS,POS
csvData14518660.csv,csvData2852713.csv,Rbat,Rbat
csvData4676916.csv,csvData15745723.csv,OPS,OPS
csvData4676916.csv,csvData21286196.csv,OPS,OPS
csvData4676916.csv,csvData27987124.csv,OPS,OPS
csvData4676916.csv,csvData19553885.csv,AVG,AVG
csvData15745723.csv,csvData21286196.csv,OPS,OPS
csvData4269776.csv,csvData26655046.csv,ORtg,ORtg
csvData4269776.csv,csvData22418917.csv,ORtg,ORtg
csvData17377633.csv,csvData26655046.csv,TRB%,TRB%
csvData24131822.csv,csvData23904874.csv,oppRPA+,oppRPA+
csvData24131822.csv,csvData13523115.csv,oppRPA+,oppRPA+
csvData24131822.csv,csvData9469123.csv,oppRPA+,oppRPA+
csvData26651945.csv,csvData17302070.csv,Player,Player
csvData7615166.csv,csvData20535739.csv,Player,Player
csvData7615166.csv,csvData29346752.csv,Player,Player
csvData22475593.csv,csvData26655046.csv,USG%,USG%
csvData25437325.csv,csvData21286196.csv,POS,POS
csvData25437325.csv,csvData10027553.csv,POS,POS
csvData25437325.csv,csvData27987124.csv,POS,POS
csvData9768769.csv,csvData21286196.csv,POS,POS
csvData9768769.csv,csvData10027553.csv,POS,POS
csvData9768769.csv,csvData27987124.csv,POS,POS
csvData9768769.csv,csvData5124506.csv,POS,POS
csvData9768769.csv,csvData15745723.csv,OPS,OPS
csvData9768769.csv,csvData21286196.csv,OPS,OPS
csvData9768769.csv,csvData27987124.csv,OPS,OPS
csvData29383799.csv,csvData9739809.csv,Team,Team
csvData29383799.csv,csvData20535739.csv,Team,Team
csvData23003743.csv,csvData9739809.csv,Team,Team
csvData23003743.csv,csvData20535739.csv,Team,Team
csvData23003743.csv,csvData15745723.csv,OPS,OPS
csvData23003743.csv,csvData21286196.csv,OPS,OPS
csvData15965777.csv,csvData9739809.csv,OBP,OBP
csvData15965777.csv,csvData20535739.csv,OBP,OBP
csvData15965777.csv,csvData29346752.csv,OBP,OBP
csvData7104405.csv,csvData9739809.csv,Team,Team
csvData7104405.csv,csvData20535739.csv,Team,Team
csvData25441565.csv,csvData22418917.csv,BLK%,BLK%
csvData786002.csv,csvData26655046.csv,TS%,TS%
csvData20535739.csv,csvData9739809.csv,Team,Team
csvData20535739.csv,csvData20075499.csv,Team,Team
csvData24108736.csv,csvData15745723.csv,OPS,OPS
csvData24108736.csv,csvData21286196.csv,OPS,OPS
csvData18661263.csv,csvData9739809.csv,Team,Team
csvData18661263.csv,csvData20535739.csv,Team,Team
csvData18661263.csv,csvData20075499.csv,Team,Team
csvData18661263.csv,csvData15745723.csv,OPS,OPS
csvData18661263.csv,csvData21286196.csv,OPS,OPS
csvData18661263.csv,csvData20535739.csv,Player,Player
csvData18661263.csv,csvData29346752.csv,Player,Player
csvData6027794.csv,csvData12906779.csv,AGE,AGE
csvData6027794.csv,csvData24341501.csv,AGE,AGE
csvData6027794.csv,csvData15497713.csv,oppOPS,oppOPS
csvData6027794.csv,csvData29230622.csv,oppOPS,oppOPS
csvData6027794.csv,csvData24341501.csv,oppOPS,oppOPS
csvData2877720.csv,csvData16773669.csv,SLG,SLG
csvData2877720.csv,csvData2404013.csv,SLG,SLG
csvData2877720.csv,csvData20075499.csv,SLG,SLG
csvData22060727.csv,csvData22418917.csv,DRB%,DRB%
csvData22060727.csv,csvData26655046.csv,ORB%,ORB%
csvData20075499.csv,csvData9739809.csv,OBP,OBP
csvData20075499.csv,csvData20535739.csv,OBP,OBP
csvData2485779.csv,csvData9739809.csv,Team,Team
csvData2485779.csv,csvData20535739.csv,Team,Team
csvData25441565.csv,csvData26655046.csv,TRB%,TRB%
csvData20535739.csv,csvData16773669.csv,SLG,SLG
csvData20535739.csv,csvData2404013.csv,SLG,SLG
csvData15894443.csv,csvData16773669.csv,SLG,SLG
csvData15894443.csv,csvData2404013.csv,SLG,SLG
csvData5124506.csv,csvData9739809.csv,Team,Team
csvData5124506.csv,csvData29346752.csv,Player,Player
csvData21873021.csv,csvData16773669.csv,SLG,SLG
csvData21873021.csv,csvData2404013.csv,SLG,SLG
csvData15745723.csv,csvData20535739.csv,Player,Player
csvData15745723.csv,csvData29346752.csv,Player,Player
csvData2877720.csv,csvData9739809.csv,Team,Team
csvData2877720.csv,csvData20535739.csv,Team,Team
csvData2877720.csv,csvData19553885.csv,AVG,AVG
csvData27987124.csv,csvData20535739.csv,Player,Player
csvData27987124.csv,csvData29346752.csv,Player,Player
csvData27987124.csv,csvData17302070.csv,Player,Player
csvData2761087.csv,csvData9739809.csv,Team,Team
csvData2761087.csv,csvData20535739.csv,Team,Team
csvData2761087.csv,csvData20075499.csv,Team,Team
csvData27987124.csv,csvData19553885.csv,AVG,AVG
csvData27987124.csv,csvData29346752.csv,AVG,AVG
csvData6444295.csv,csvData6468042.csv,ORB,ORB
csvData19688700.csv,csvData20535739.csv,Player,Player
csvData19688700.csv,csvData29346752.csv,Player,Player
csvData19688700.csv,csvData17302070.csv,Player,Player
csvData10508770.csv,csvData15745723.csv,OPS,OPS
csvData10508770.csv,csvData21286196.csv,OPS,OPS
csvData10508770.csv,csvData27987124.csv,OPS,OPS
csvData10508770.csv,csvData15745723.csv,GIDP,GIDP
csvData10508770.csv,csvData10027553.csv,GIDP,GIDP
csvData10508770.csv,csvData27987124.csv,GIDP,GIDP
csvData25019043.csv,csvData26655046.csv,TRB%,TRB%
csvData1644016.csv,csvData22418917.csv,DRB%,DRB%
csvData18562133.csv,csvData20535739.csv,Player,Player
csvData18562133.csv,csvData29346752.csv,Player,Player
csvData13336059.csv,csvData20535739.csv,Player,Player
csvData13336059.csv,csvData29346752.csv,Player,Player
csvData5376485.csv,csvData15745723.csv,OPS,OPS
csvData5376485.csv,csvData21286196.csv,OPS,OPS
csvData5376485.csv,csvData27987124.csv,OPS,OPS
csvData3726343.csv,csvData15745723.csv,GIDP,GIDP
csvData3726343.csv,csvData10027553.csv,GIDP,GIDP
csvData3726343.csv,csvData27987124.csv,GIDP,GIDP
csvData19130941.csv,csvData16773669.csv,SLG,SLG
csvData19130941.csv,csvData2404013.csv,SLG,SLG
csvData7104405.csv,csvData16773669.csv,SLG,SLG
csvData7104405.csv,csvData2404013.csv,SLG,SLG
csvData25283220.csv,csvData9739809.csv,Team,Team
csvData25283220.csv,csvData20535739.csv,Team,Team
csvData25283220.csv,csvData20075499.csv,Team,Team
csvData13997791.csv,csvData16773669.csv,SLG,SLG
csvData13997791.csv,csvData2404013.csv,SLG,SLG
csvData13997791.csv,csvData20075499.csv,SLG,SLG
csvData1068737.csv,csvData27008272.csv,TOV,TOV
csvData1068737.csv,csvData11839331.csv,TOV,TOV
csvData13726780.csv,csvData22418917.csv,eFG%,eFG%
csvData26651945.csv,csvData9739809.csv,Team,Team
csvData26651945.csv,csvData20535739.csv,Team,Team
csvData12739105.csv,csvData26655046.csv,ORtg,ORtg
csvData12739105.csv,csvData22418917.csv,ORtg,ORtg
csvData10074535.csv,csvData20535739.csv,Player,Player
csvData10074535.csv,csvData29346752.csv,Player,Player
csvData4460.csv,csvData26655046.csv,USG%,USG%
csvData25437325.csv,csvData9739809.csv,Team,Team
csvData25437325.csv,csvData20535739.csv,Team,Team
csvData25437325.csv,csvData20075499.csv,Team,Team
csvData26649044.csv,csvData2852713.csv,WAA,WAA
csvData26649044.csv,csvData2852713.csv,Acquired,Acquired
csvData26649044.csv,csvData2852713.csv,dWAR,dWAR
csvData23003743.csv,csvData29346752.csv,Player,Player
csvData15641377.csv,csvData22418917.csv,DRB%,DRB%
csvData1902536.csv,csvData9739809.csv,OBP,OBP
csvData1902536.csv,csvData20535739.csv,OBP,OBP
csvData4798003.csv,csvData15745723.csv,GIDP,GIDP
csvData4798003.csv,csvData10027553.csv,GIDP,GIDP
csvData4798003.csv,csvData27987124.csv,GIDP,GIDP
csvData4798003.csv,csvData9768769.csv,GIDP,GIDP
csvData4798003.csv,csvData9739809.csv,GIDP,GIDP
csvData20535739.csv,csvData15745723.csv,GIDP,GIDP
csvData20535739.csv,csvData10027553.csv,GIDP,GIDP
csvData20535739.csv,csvData27987124.csv,GIDP,GIDP
csvData1102081.csv,csvData21286196.csv,POS,POS
csvData1102081.csv,csvData10027553.csv,POS,POS
csvData1102081.csv,csvData27987124.csv,POS,POS
csvData1102081.csv,csvData5124506.csv,POS,POS
csvData10027553.csv,csvData16773669.csv,SLG,SLG
csvData10027553.csv,csvData2404013.csv,SLG,SLG
csvData10027553.csv,csvData20075499.csv,SLG,SLG
csvData10027553.csv,csvData21286196.csv,POS,POS
csvData10027553.csv,csvData27987124.csv,POS,POS
csvData10027553.csv,csvData5124506.csv,POS,POS
csvData14833792.csv,csvData20535739.csv,Player,Player
csvData14833792.csv,csvData29346752.csv,Player,Player
csvData29383799.csv,csvData20075499.csv,Team,Team
csvData7789467.csv,csvData24341501.csv,VORP,VORP
csvData7789467.csv,csvData15497713.csv,oppOPS,oppOPS
csvData7789467.csv,csvData29230622.csv,oppOPS,oppOPS
csvData7789467.csv,csvData24341501.csv,oppOPS,oppOPS
csvData7789467.csv,csvData23904874.csv,oppRPA+,oppRPA+
csvData7789467.csv,csvData15497713.csv,oppRPA+,oppRPA+
csvData7789467.csv,csvData13523115.csv,oppRPA+,oppRPA+
csvData7789467.csv,csvData9469123.csv,oppRPA+,oppRPA+
csvData4823585.csv,csvData20535739.csv,Player,Player
csvData4823585.csv,csvData29346752.csv,Player,Player
csvData24782950.csv,csvData26655046.csv,ORtg,ORtg
csvData3383853.csv,csvData20535739.csv,Player,Player
csvData3383853.csv,csvData29346752.csv,Player,Player
csvData3383853.csv,csvData17302070.csv,Player,Player
csvData1635358.csv,csvData26655046.csv,ORtg,ORtg
csvData1635358.csv,csvData26655046.csv,TRB%,TRB%
csvData7222492.csv,csvData27008272.csv,FGA,FGA
csvData25283220.csv,csvData20535739.csv,Player,Player
csvData25283220.csv,csvData29346752.csv,Player,Player
csvData25283220.csv,csvData17302070.csv,Player,Player
csvData25283220.csv,csvData19553885.csv,AVG,AVG
csvData2404013.csv,csvData16773669.csv,SLG,SLG
csvData2404013.csv,csvData20075499.csv,SLG,SLG
csvData9079863.csv,csvData26655046.csv,ORtg,ORtg
csvData10513074.csv,csvData21286196.csv,POS,POS
csvData10513074.csv,csvData10027553.csv,POS,POS
csvData10513074.csv,csvData27987124.csv,POS,POS
csvData10513074.csv,csvData5124506.csv,POS,POS
csvData10513074.csv,csvData15745723.csv,GIDP,GIDP
csvData10513074.csv,csvData10027553.csv,GIDP,GIDP
csvData10513074.csv,csvData27987124.csv,GIDP,GIDP
csvData10513074.csv,csvData9768769.csv,GIDP,GIDP
csvData10513074.csv,csvData9739809.csv,GIDP,GIDP
csvData14833792.csv,csvData17302070.csv,Player,Player
csvData14585065.csv,csvData20535739.csv,Player,Player
csvData14585065.csv,csvData29346752.csv,Player,Player
csvData7789467.csv,csvData8549891.csv,VORP,VORP
csvData10547086.csv,csvData20535739.csv,Player,Player
csvData10547086.csv,csvData29346752.csv,Player,Player
csvData10547086.csv,csvData17302070.csv,Player,Player
csvData18518969.csv,csvData26655046.csv,USG%,USG%
csvData26724876.csv,csvData27008272.csv,RPG,RPG
csvData26724876.csv,csvData7434868.csv,RPG,RPG
csvData26724876.csv,csvData27008272.csv,TOV,TOV
csvData26724876.csv,csvData11839331.csv,TOV,TOV
csvData22475593.csv,csvData26655046.csv,TRB%,TRB%
csvData18562133.csv,csvData9739809.csv,OBP,OBP
csvData18562133.csv,csvData20535739.csv,OBP,OBP
csvData17302070.csv,csvData20075499.csv,Team,Team
csvData13434912.csv,csvData17302070.csv,Player,Player
csvData26604328.csv,csvData26655046.csv,USG%,USG%
csvData1549285.csv,csvData22418917.csv,BLK%,BLK%
csvData1549285.csv,csvData26655046.csv,ORtg,ORtg
csvData1549285.csv,csvData22418917.csv,ORtg,ORtg
csvData11957850.csv,csvData22418917.csv,BLK%,BLK%
csvData19688700.csv,csvData21286196.csv,POS,POS
csvData19688700.csv,csvData10027553.csv,POS,POS
csvData19688700.csv,csvData27987124.csv,POS,POS
csvData19688700.csv,csvData5124506.csv,POS,POS
csvData27587184.csv,csvData26655046.csv,ORtg,ORtg
csvData27587184.csv,csvData26655046.csv,TRB%,TRB%
csvData18493125.csv,csvData20535739.csv,Player,Player
csvData18493125.csv,csvData29346752.csv,Player,Player
csvData18493125.csv,csvData17302070.csv,Player,Player
csvData21286196.csv,csvData9739809.csv,Team,Team
csvData21286196.csv,csvData20535739.csv,Team,Team
csvData21286196.csv,csvData20075499.csv,Team,Team
csvData21300577.csv,csvData9739809.csv,OBP,OBP
csvData21300577.csv,csvData20535739.csv,OBP,OBP
csvData15025720.csv,csvData9739809.csv,Team,Team
csvData15025720.csv,csvData20535739.csv,Team,Team
csvData15025720.csv,csvData15283024.csv,C-G,C-G
csvData24341501.csv,csvData15497713.csv,oppOPS,oppOPS
csvData24341501.csv,csvData29230622.csv,oppOPS,oppOPS
csvData24591574.csv,csvData26655046.csv,USG%,USG%
csvData13703215.csv,csvData20075499.csv,Team,Team
csvData13771482.csv,csvData9739809.csv,Team,Team
csvData13771482.csv,csvData20535739.csv,Team,Team
csvData13771482.csv,csvData20075499.csv,Team,Team
csvData29230622.csv,csvData15936069.csv,oppAVG,oppAVG
csvData29230622.csv,csvData15497713.csv,oppOPS,oppOPS
csvData24108736.csv,csvData15745723.csv,GIDP,GIDP
csvData24108736.csv,csvData10027553.csv,GIDP,GIDP
csvData24108736.csv,csvData27987124.csv,GIDP,GIDP
csvData24108736.csv,csvData9768769.csv,GIDP,GIDP
csvData24108736.csv,csvData9739809.csv,GIDP,GIDP
csvData14297814.csv,csvData22069876.csv,Box Beam or Girders (Multiple),Box Beam or Girders (Multiple)
csvData14297814.csv,csvData16825359.csv,Box Beam or Girders (Multiple),Box Beam or Girders (Multiple)
csvData11573229.csv,csvData2852713.csv,Rbat,Rbat
csvData22266740.csv,csvData26655046.csv,USG%,USG%
csvData22266740.csv,csvData26655046.csv,ORB%,ORB%
csvData11957850.csv,csvData26655046.csv,USG%,USG%
csvData25450714.csv,csvData19553885.csv,AVG,AVG
csvData25450714.csv,csvData29346752.csv,AVG,AVG
csvData25450714.csv,csvData16773669.csv,RBI,RBI
csvData25450714.csv,csvData19553885.csv,RBI,RBI
csvData3871380.csv,csvData22335715.csv,gdp,gdp
csvData3871380.csv,csvData12168209.csv,gdp,gdp
csvData1644016.csv,csvData26655046.csv,ORB%,ORB%
csvData12709080.csv,csvData26655046.csv,USG%,USG%
csvData10027553.csv,csvData15745723.csv,GIDP,GIDP
csvData10027553.csv,csvData27987124.csv,GIDP,GIDP
csvData10027553.csv,csvData9768769.csv,GIDP,GIDP
csvData1303939.csv,csvData16773669.csv,SLG,SLG
csvData1303939.csv,csvData2404013.csv,SLG,SLG
csvData15959016.csv,csvData20535739.csv,Player,Player
csvData15959016.csv,csvData29346752.csv,Player,Player
csvData15959016.csv,csvData17302070.csv,Player,Player
csvData15745723.csv,csvData9739809.csv,OBP,OBP
csvData15745723.csv,csvData20535739.csv,OBP,OBP
csvData15745723.csv,csvData29346752.csv,OBP,OBP
csvData13703215.csv,csvData16773669.csv,RBI,RBI
csvData13703215.csv,csvData19553885.csv,RBI,RBI
csvData18562133.csv,csvData9739809.csv,Team,Team
csvData18562133.csv,csvData20535739.csv,Team,Team
csvData18562133.csv,csvData20075499.csv,Team,Team
csvData17093328.csv,csvData26655046.csv,ORB%,ORB%
csvData17093328.csv,csvData26655046.csv,USG%,USG%
csvData14963477.csv,csvData16773669.csv,RBI,RBI
csvData13703215.csv,csvData17517374.csv,Player Name,Player Name
csvData13703215.csv,csvData26853929.csv,Player Name,Player Name
csvData26761314.csv,csvData22418917.csv,eFG%,eFG%
csvData19621512.csv,csvData15497713.csv,oppOPS,oppOPS
csvData19621512.csv,csvData29230622.csv,oppOPS,oppOPS
csvData19621512.csv,csvData24341501.csv,oppOPS,oppOPS
csvData17377633.csv,csvData22418917.csv,BLK%,BLK%
csvData10212811.csv,csvData9739809.csv,Team,Team
csvData10212811.csv,csvData20535739.csv,Team,Team
csvData10212811.csv,csvData20075499.csv,Team,Team
csvData1102081.csv,csvData15745723.csv,GIDP,GIDP
csvData1102081.csv,csvData10027553.csv,GIDP,GIDP
csvData1102081.csv,csvData27987124.csv,GIDP,GIDP
csvData1102081.csv,csvData9768769.csv,GIDP,GIDP
csvData1102081.csv,csvData9739809.csv,GIDP,GIDP
csvData28193349.csv,csvData15745723.csv,OPS,OPS
csvData28193349.csv,csvData21286196.csv,OPS,OPS
csvData28193349.csv,csvData27987124.csv,OPS,OPS
csvData13997791.csv,csvData21286196.csv,POS,POS
csvData13997791.csv,csvData10027553.csv,POS,POS
csvData13997791.csv,csvData27987124.csv,POS,POS
csvData15344408.csv,csvData26655046.csv,ORtg,ORtg
csvData26239762.csv,csvData26655046.csv,ORB%,ORB%
csvData18661263.csv,csvData17302070.csv,Player,Player
csvData20075499.csv,csvData16773669.csv,SLG,SLG
csvData20075499.csv,csvData2404013.csv,SLG,SLG
csvData20075499.csv,csvData29346752.csv,OBP,OBP
csvData6260469.csv,csvData16773669.csv,SLG,SLG
csvData6260469.csv,csvData2404013.csv,SLG,SLG
csvData6260469.csv,csvData15745723.csv,GIDP,GIDP
csvData6260469.csv,csvData10027553.csv,GIDP,GIDP
csvData6260469.csv,csvData27987124.csv,GIDP,GIDP
csvData12976003.csv,csvData9739809.csv,Team,Team
csvData12976003.csv,csvData20535739.csv,Team,Team
csvData12976003.csv,csvData20075499.csv,Team,Team
csvData19659867.csv,csvData26655046.csv,USG%,USG%
csvData15894443.csv,csvData15497713.csv,oppOBP,oppOBP
csvData15894443.csv,csvData24341501.csv,oppOBP,oppOBP
csvData15894443.csv,csvData19621512.csv,oppOBP,oppOBP
csvData10074535.csv,csvData21286196.csv,POS,POS
csvData10074535.csv,csvData10027553.csv,POS,POS
csvData10074535.csv,csvData27987124.csv,POS,POS
csvData10074535.csv,csvData5124506.csv,POS,POS
csvData22418917.csv,csvData26655046.csv,ORB%,ORB%
csvData22418917.csv,csvData26655046.csv,USG%,USG%
csvData1102081.csv,csvData9739809.csv,Team,Team
csvData1102081.csv,csvData20535739.csv,Team,Team
csvData1102081.csv,csvData20075499.csv,Team,Team
csvData1102081.csv,csvData20535739.csv,Player,Player
csvData1102081.csv,csvData29346752.csv,Player,Player
csvData1102081.csv,csvData17302070.csv,Player,Player
csvData10547086.csv,csvData15745723.csv,OPS,OPS
csvData10547086.csv,csvData21286196.csv,OPS,OPS
csvData10547086.csv,csvData27987124.csv,OPS,OPS
csvData28193349.csv,csvData21286196.csv,POS,POS
csvData28193349.csv,csvData10027553.csv,POS,POS
csvData13245391.csv,csvData26655046.csv,ORtg,ORtg
csvData13245391.csv,csvData22418917.csv,ORtg,ORtg
csvData1902536.csv,csvData9739809.csv,Team,Team
csvData1902536.csv,csvData20535739.csv,Team,Team
csvData1902536.csv,csvData20075499.csv,Team,Team
csvData26817631.csv,csvData26655046.csv,USG%,USG%
csvData26817631.csv,csvData22418917.csv,USG%,USG%
csvData1644016.csv,csvData22418917.csv,BLK%,BLK%
csvData22658714.csv,csvData9739809.csv,Team,Team
csvData22658714.csv,csvData20535739.csv,Team,Team
csvData22658714.csv,csvData20075499.csv,Team,Team
csvData22658714.csv,csvData20535739.csv,Player,Player
csvData22658714.csv,csvData29346752.csv,Player,Player
csvData7104405.csv,csvData15745723.csv,GIDP,GIDP
csvData7104405.csv,csvData10027553.csv,GIDP,GIDP
csvData7104405.csv,csvData27987124.csv,GIDP,GIDP
csvData16984008.csv,csvData26655046.csv,ORB%,ORB%
csvData13638124.csv,csvData20535739.csv,Player,Player
csvData13638124.csv,csvData29346752.csv,Player,Player
csvData29051594.csv,csvData3653270.csv,sa/s,sa/s
csvData11387111.csv,csvData22418917.csv,BLK%,BLK%
csvData2879490.csv,csvData9739809.csv,Team,Team
csvData2879490.csv,csvData20535739.csv,Team,Team
csvData2879490.csv,csvData21286196.csv,POS,POS
csvData2879490.csv,csvData10027553.csv,POS,POS
csvData2879490.csv,csvData27987124.csv,POS,POS
csvData6592205.csv,csvData9739809.csv,Team,Team
csvData6592205.csv,csvData20535739.csv,Team,Team
csvData26604328.csv,csvData22418917.csv,eFG%,eFG%
csvData13638124.csv,csvData9739809.csv,OBP,OBP
csvData13638124.csv,csvData20535739.csv,OBP,OBP
csvData18562133.csv,csvData17302070.csv,Player,Player
csvData896377.csv,csvData27008272.csv,FGA,FGA
csvData28681743.csv,csvData20535739.csv,Player,Player
csvData28681743.csv,csvData29346752.csv,Player,Player
csvData28681743.csv,csvData27008272.csv,TOV,TOV
csvData8479264.csv,csvData16773669.csv,SLG,SLG
csvData8479264.csv,csvData2404013.csv,SLG,SLG
csvData4676916.csv,csvData16773669.csv,SLG,SLG
csvData4676916.csv,csvData2404013.csv,SLG,SLG
csvData4676916.csv,csvData20535739.csv,Player,Player
csvData4676916.csv,csvData29346752.csv,Player,Player
csvData4676916.csv,csvData17302070.csv,Player,Player
csvData1444875.csv,csvData9739809.csv,Team,Team
csvData1444875.csv,csvData20535739.csv,Team,Team
csvData1444875.csv,csvData20075499.csv,Team,Team
csvData26651945.csv,csvData15745723.csv,OPS,OPS
csvData26651945.csv,csvData21286196.csv,OPS,OPS
csvData26651945.csv,csvData27987124.csv,OPS,OPS
csvData6592205.csv,csvData16773669.csv,SLG,SLG
csvData6592205.csv,csvData2404013.csv,SLG,SLG
csvData10074535.csv,csvData19553885.csv,AVG,AVG
csvData10074535.csv,csvData29346752.csv,AVG,AVG
csvData29402006.csv,csvData15745723.csv,OPS,OPS
csvData29402006.csv,csvData21286196.csv,OPS,OPS
csvData29402006.csv,csvData27987124.csv,OPS,OPS
csvData2590167.csv,csvData15745723.csv,GIDP,GIDP
csvData2590167.csv,csvData10027553.csv,GIDP,GIDP
csvData2590167.csv,csvData27987124.csv,GIDP,GIDP
csvData2590167.csv,csvData9768769.csv,GIDP,GIDP
csvData2590167.csv,csvData9739809.csv,GIDP,GIDP
csvData27987124.csv,csvData15745723.csv,GIDP,GIDP
csvData27987124.csv,csvData10027553.csv,GIDP,GIDP
csvData27987124.csv,csvData9768769.csv,GIDP,GIDP
csvData27987124.csv,csvData9739809.csv,GIDP,GIDP
csvData27987124.csv,csvData16773669.csv,RBI,RBI
csvData27987124.csv,csvData19553885.csv,RBI,RBI
csvData14690251.csv,csvData15745723.csv,OPS,OPS
csvData14690251.csv,csvData21286196.csv,OPS,OPS
csvData22060727.csv,csvData26655046.csv,TRB%,TRB%
csvData2792289.csv,csvData22418917.csv,DRB%,DRB%
csvData10163568.csv,csvData22418917.csv,eFG%,eFG%
csvData19635852.csv,csvData26655046.csv,ORB%,ORB%
csvData4269776.csv,csvData22418917.csv,eFG%,eFG%
csvData4269776.csv,csvData26655046.csv,ORB%,ORB%
csvData23967202.csv,csvData22418917.csv,ORtg,ORtg
csvData27604003.csv,csvData26655046.csv,USG%,USG%
csvData17302070.csv,csvData15745723.csv,OPS,OPS
csvData17302070.csv,csvData21286196.csv,OPS,OPS
csvData17302070.csv,csvData27987124.csv,OPS,OPS
csvData9469123.csv,csvData24341501.csv,VORP,VORP
csvData9469123.csv,csvData8549891.csv,VORP,VORP
csvData3178438.csv,csvData6468042.csv,DRB,DRB
csvData3178438.csv,csvData7434868.csv,DRB,DRB
csvData7401568.csv,csvData9739809.csv,OBP,OBP
csvData7401568.csv,csvData20535739.csv,OBP,OBP
csvData12739105.csv,csvData26655046.csv,TS%,TS%
csvData18493125.csv,csvData15745723.csv,GIDP,GIDP
csvData18493125.csv,csvData10027553.csv,GIDP,GIDP
csvData18493125.csv,csvData27987124.csv,GIDP,GIDP
csvData18493125.csv,csvData9768769.csv,GIDP,GIDP
csvData18493125.csv,csvData9739809.csv,GIDP,GIDP
csvData20085670.csv,csvData21286196.csv,POS,POS
csvData20085670.csv,csvData10027553.csv,POS,POS
csvData20085670.csv,csvData20535739.csv,Player,Player
csvData20085670.csv,csvData29346752.csv,Player,Player
csvData21286196.csv,csvData19553885.csv,AVG,AVG
csvData704435.csv,csvData26655046.csv,ORtg,ORtg
csvData704435.csv,csvData26655046.csv,TRB%,TRB%
csvData10513074.csv,csvData16773669.csv,SLG,SLG
csvData10513074.csv,csvData2404013.csv,SLG,SLG
csvData15959016.csv,csvData28399335.csv,BAVG,BAVG
csvData28681743.csv,csvData27008272.csv,FGA,FGA
csvData28681743.csv,csvData6468042.csv,FGA,FGA
csvData3383853.csv,csvData9739809.csv,Team,Team
csvData3383853.csv,csvData20535739.csv,Team,Team
csvData3383853.csv,csvData20075499.csv,Team,Team
csvData3653270.csv,csvData158232.csv,a/s,a/s
csvData24341501.csv,csvData12906779.csv,AGE,AGE
csvData26651945.csv,csvData19553885.csv,AVG,AVG
csvData25917960.csv,csvData26655046.csv,TS%,TS%
csvData13336059.csv,csvData17302070.csv,Player,Player
csvData23033509.csv,csvData15745723.csv,OPS,OPS
csvData23033509.csv,csvData21286196.csv,OPS,OPS
csvData10027553.csv,csvData9739809.csv,Team,Team
csvData10027553.csv,csvData20535739.csv,Team,Team
csvData18518969.csv,csvData22418917.csv,DRB%,DRB%
csvData21084464.csv,csvData9739809.csv,OBP,OBP
csvData21084464.csv,csvData20535739.csv,OBP,OBP
csvData21084464.csv,csvData21286196.csv,POS,POS
csvData21084464.csv,csvData10027553.csv,POS,POS
csvData432880.csv,csvData26655046.csv,ORB%,ORB%
csvData21300577.csv,csvData16773669.csv,SLG,SLG
csvData21300577.csv,csvData2404013.csv,SLG,SLG
csvData21300577.csv,csvData15745723.csv,OPS,OPS
csvData21300577.csv,csvData21286196.csv,OPS,OPS
csvData21300577.csv,csvData27987124.csv,OPS,OPS
csvData8479264.csv,csvData21286196.csv,POS,POS
csvData8479264.csv,csvData10027553.csv,POS,POS
csvData8479264.csv,csvData15745723.csv,OPS,OPS
csvData8479264.csv,csvData21286196.csv,OPS,OPS
csvData8479264.csv,csvData27987124.csv,OPS,OPS
csvData8549891.csv,csvData16773669.csv,SLG,SLG
csvData8549891.csv,csvData2404013.csv,SLG,SLG
csvData8549891.csv,csvData20075499.csv,SLG,SLG
csvData27008272.csv,csvData6468042.csv,FGA,FGA
csvData19635852.csv,csvData26655046.csv,TRB%,TRB%
csvData9475480.csv,csvData21286196.csv,POS,POS
csvData9475480.csv,csvData10027553.csv,POS,POS
csvData9475480.csv,csvData27987124.csv,POS,POS
csvData9475480.csv,csvData5124506.csv,POS,POS
csvData10547086.csv,csvData9739809.csv,Team,Team
csvData10547086.csv,csvData20535739.csv,Team,Team
csvData10547086.csv,csvData20075499.csv,Team,Team
csvData15894443.csv,csvData29230622.csv,oppAVG,oppAVG
csvData18784108.csv,csvData20535739.csv,Player,Player
csvData18784108.csv,csvData29346752.csv,Player,Player
csvData18784108.csv,csvData17302070.csv,Player,Player
csvData23138641.csv,csvData9205349.csv,iFenwick,iFenwick
csvData11585188.csv,csvData26655046.csv,TS%,TS%
csvData6592205.csv,csvData21286196.csv,POS,POS
csvData6592205.csv,csvData10027553.csv,POS,POS
csvData6592205.csv,csvData27987124.csv,POS,POS
csvData6592205.csv,csvData5124506.csv,POS,POS
csvData6592205.csv,csvData17302070.csv,Player,Player
csvData7470046.csv,csvData26655046.csv,USG%,USG%
csvData25283220.csv,csvData15745723.csv,OPS,OPS
csvData25283220.csv,csvData21286196.csv,OPS,OPS
csvData25283220.csv,csvData27987124.csv,OPS,OPS
csvData15965777.csv,csvData21286196.csv,POS,POS
csvData15965777.csv,csvData10027553.csv,POS,POS
csvData15965777.csv,csvData27987124.csv,POS,POS
csvData15965777.csv,csvData5124506.csv,POS,POS
csvData14963477.csv,csvData16773669.csv,SLG,SLG
csvData14963477.csv,csvData2404013.csv,SLG,SLG
csvData4602349.csv,csvData19553885.csv,AVG,AVG
csvData1786628.csv,csvData22418917.csv,eFG%,eFG%
csvData1786628.csv,csvData26655046.csv,TRB%,TRB%
csvData19688700.csv,csvData9739809.csv,Team,Team
csvData19688700.csv,csvData20535739.csv,Team,Team
csvData19688700.csv,csvData20075499.csv,Team,Team
csvData19688700.csv,csvData16773669.csv,SLG,SLG
csvData19688700.csv,csvData2404013.csv,SLG,SLG
csvData15745723.csv,csvData16773669.csv,SLG,SLG
csvData15745723.csv,csvData2404013.csv,SLG,SLG
csvData15745723.csv,csvData20075499.csv,SLG,SLG
csvData16736013.csv,csvData27008272.csv,FGA,FGA
csvData16736013.csv,csvData6468042.csv,FGA,FGA
csvData16736013.csv,csvData27008272.csv,SPG,SPG
csvData16736013.csv,csvData27008272.csv,PPG,PPG
csvData13193220.csv,csvData9739809.csv,Team,Team
csvData13193220.csv,csvData20535739.csv,Team,Team
csvData13193220.csv,csvData20075499.csv,Team,Team
csvData9702682.csv,csvData2832935.csv,ibb,ibb
csvData9702682.csv,csvData2688573.csv,ibb,ibb
csvData919002.csv,csvData26655046.csv,ORtg,ORtg
csvData21873021.csv,csvData20535739.csv,Player,Player
csvData21873021.csv,csvData29346752.csv,Player,Player
csvData24341501.csv,csvData9739809.csv,OBP,OBP
csvData24341501.csv,csvData20535739.csv,OBP,OBP
csvData22658714.csv,csvData16773669.csv,SLG,SLG
csvData22658714.csv,csvData2404013.csv,SLG,SLG
csvData19387543.csv,csvData22335715.csv,gdp,gdp
csvData19387543.csv,csvData12168209.csv,gdp,gdp
csvData16736013.csv,csvData7434868.csv,SPG,SPG
csvData3178438.csv,csvData27008272.csv,SPG,SPG
csvData10212811.csv,csvData20535739.csv,Player,Player
csvData10212811.csv,csvData29346752.csv,Player,Player
csvData10212811.csv,csvData17302070.csv,Player,Player
csvData13703215.csv,csvData15745723.csv,OPS,OPS
csvData13703215.csv,csvData21286196.csv,OPS,OPS
csvData27987124.csv,csvData15745723.csv,OPS,OPS
csvData27987124.csv,csvData21286196.csv,OPS,OPS
csvData25450714.csv,csvData17302070.csv,Player,Player
csvData13638124.csv,csvData9739809.csv,Team,Team
csvData13638124.csv,csvData20535739.csv,Team,Team
csvData13638124.csv,csvData20075499.csv,Team,Team
csvData15745723.csv,csvData10027553.csv,GIDP,GIDP
csvData15745723.csv,csvData27987124.csv,GIDP,GIDP
csvData15745723.csv,csvData9768769.csv,GIDP,GIDP
csvData19898919.csv,csvData26655046.csv,ORtg,ORtg
csvData19898919.csv,csvData22418917.csv,ORtg,ORtg
csvData2404013.csv,csvData21286196.csv,POS,POS
csvData2404013.csv,csvData10027553.csv,POS,POS
csvData2404013.csv,csvData27987124.csv,POS,POS
csvData23904874.csv,csvData15497713.csv,oppRPA+,oppRPA+
csvData23904874.csv,csvData13523115.csv,oppRPA+,oppRPA+
csvData23904874.csv,csvData9469123.csv,oppRPA+,oppRPA+
csvData25283220.csv,csvData29346752.csv,AVG,AVG
csvData25450714.csv,csvData21286196.csv,POS,POS
csvData25450714.csv,csvData10027553.csv,POS,POS
csvData25450714.csv,csvData27987124.csv,POS,POS
csvData25120653.csv,csvData26655046.csv,TS%,TS%
csvData919002.csv,csvData22418917.csv,ORtg,ORtg
csvData4676916.csv,csvData20075499.csv,SLG,SLG
csvData7320164.csv,csvData15745723.csv,GIDP,GIDP
csvData7320164.csv,csvData10027553.csv,GIDP,GIDP
csvData7320164.csv,csvData27987124.csv,GIDP,GIDP
csvData7320164.csv,csvData9768769.csv,GIDP,GIDP
csvData7320164.csv,csvData9739809.csv,GIDP,GIDP
csvData7401568.csv,csvData20535739.csv,Player,Player
csvData7401568.csv,csvData29346752.csv,Player,Player
csvData10074535.csv,csvData17302070.csv,Player,Player
csvData8479264.csv,csvData20535739.csv,Player,Player
csvData8479264.csv,csvData29346752.csv,Player,Player
csvData2285399.csv,csvData15497713.csv,oppOBP,oppOBP
csvData2285399.csv,csvData24341501.csv,oppOBP,oppOBP
csvData2285399.csv,csvData19621512.csv,oppOBP,oppOBP
csvData2285399.csv,csvData15936069.csv,oppTAv,oppTAv
csvData28193349.csv,csvData15745723.csv,GIDP,GIDP
csvData28193349.csv,csvData10027553.csv,GIDP,GIDP
csvData28193349.csv,csvData27987124.csv,GIDP,GIDP
csvData28193349.csv,csvData9768769.csv,GIDP,GIDP
csvData9768769.csv,csvData16773669.csv,SLG,SLG
csvData9768769.csv,csvData2404013.csv,SLG,SLG
csvData4674540.csv,csvData15745723.csv,OPS,OPS
csvData4674540.csv,csvData21286196.csv,OPS,OPS
csvData29230622.csv,csvData12906779.csv,AGE,AGE
csvData29230622.csv,csvData24341501.csv,AGE,AGE
csvData15497713.csv,csvData24341501.csv,oppOBP,oppOBP
csvData15497713.csv,csvData19621512.csv,oppOBP,oppOBP
csvData15497713.csv,csvData23904874.csv,oppRPA+,oppRPA+
csvData15497713.csv,csvData13523115.csv,oppRPA+,oppRPA+
csvData15497713.csv,csvData9469123.csv,oppRPA+,oppRPA+
csvData12168209.csv,csvData22335715.csv,avg,avg
csvData1102081.csv,csvData16773669.csv,SLG,SLG
csvData1102081.csv,csvData2404013.csv,SLG,SLG
csvData2761087.csv,csvData16773669.csv,RBI,RBI
csvData27987124.csv,csvData21286196.csv,POS,POS
csvData27987124.csv,csvData10027553.csv,POS,POS
csvData27987124.csv,csvData5124506.csv,POS,POS
csvData11387111.csv,csvData22418917.csv,eFG%,eFG%
csvData9768769.csv,csvData9739809.csv,Team,Team
csvData9768769.csv,csvData20535739.csv,Team,Team
csvData9768769.csv,csvData9739809.csv,GIDP,GIDP
csvData24341501.csv,csvData19621512.csv,oppOPS,oppOPS
csvData3726343.csv,csvData9739809.csv,Team,Team
csvData3726343.csv,csvData20535739.csv,Team,Team
csvData29346752.csv,csvData15745723.csv,GIDP,GIDP
csvData29346752.csv,csvData10027553.csv,GIDP,GIDP
csvData29346752.csv,csvData27987124.csv,GIDP,GIDP
csvData21647644.csv,csvData20535739.csv,Player,Player
csvData21647644.csv,csvData29346752.csv,Player,Player
csvData3123836.csv,csvData26655046.csv,ORtg,ORtg
csvData3123836.csv,csvData26655046.csv,USG%,USG%
csvData3364782.csv,csvData20535739.csv,Player,Player
csvData3364782.csv,csvData29346752.csv,Player,Player
csvData3364782.csv,csvData17302070.csv,Player,Player
csvData10547086.csv,csvData16773669.csv,SLG,SLG
csvData10547086.csv,csvData2404013.csv,SLG,SLG
csvData10547086.csv,csvData20075499.csv,SLG,SLG
csvData24131822.csv,csvData24341501.csv,PPF,PPF
csvData436368.csv,csvData9739809.csv,Team,Team
csvData436368.csv,csvData20535739.csv,Team,Team
csvData25437325.csv,csvData19553885.csv,AVG,AVG
csvData25437325.csv,csvData29346752.csv,AVG,AVG
csvData284731.csv,csvData783968.csv,Pos,Pos
csvData27587184.csv,csvData26655046.csv,USG%,USG%
csvData16773669.csv,csvData19553885.csv,RBI,RBI
csvData24807247.csv,csvData16773669.csv,RBI,RBI
csvData24807247.csv,csvData19553885.csv,RBI,RBI
csvData6680543.csv,csvData26655046.csv,TRB%,TRB%
csvData25322806.csv,csvData22418917.csv,DRB%,DRB%
csvData25322806.csv,csvData26655046.csv,ORB%,ORB%
csvData29346752.csv,csvData20535739.csv,Player,Player
csvData6592205.csv,csvData16773669.csv,RBI,RBI
csvData14690251.csv,csvData9739809.csv,Team,Team
csvData14690251.csv,csvData20535739.csv,Team,Team
csvData14690251.csv,csvData15745723.csv,GIDP,GIDP
csvData14690251.csv,csvData10027553.csv,GIDP,GIDP
csvData14690251.csv,csvData27987124.csv,GIDP,GIDP
csvData9469123.csv,csvData12906779.csv,AGE,AGE
csvData9469123.csv,csvData24341501.csv,AGE,AGE
csvData27987124.csv,csvData16773669.csv,SLG,SLG
csvData27987124.csv,csvData2404013.csv,SLG,SLG
csvData3383853.csv,csvData16773669.csv,SLG,SLG
csvData3383853.csv,csvData2404013.csv,SLG,SLG
csvData2798756.csv,csvData26655046.csv,TRB%,TRB%
csvData10212811.csv,csvData21286196.csv,POS,POS
csvData10212811.csv,csvData10027553.csv,POS,POS
csvData10212811.csv,csvData27987124.csv,POS,POS
csvData9739809.csv,csvData21286196.csv,POS,POS
csvData9739809.csv,csvData10027553.csv,POS,POS
csvData9739809.csv,csvData27987124.csv,POS,POS
csvData29453038.csv,csvData19553885.csv,AVG,AVG
csvData29453038.csv,csvData29346752.csv,AVG,AVG
csvData10602310.csv,csvData26655046.csv,TS%,TS%
csvData21329068.csv,csvData26655046.csv,TRB%,TRB%
csvData16382327.csv,csvData22418917.csv,DRB%,DRB%
csvData16382327.csv,csvData26655046.csv,TRB%,TRB%
csvData20535739.csv,csvData15745723.csv,OPS,OPS
csvData20535739.csv,csvData21286196.csv,OPS,OPS
csvData20535739.csv,csvData27987124.csv,OPS,OPS
csvData26817631.csv,csvData26655046.csv,ORB%,ORB%
csvData2761087.csv,csvData19553885.csv,RBI,RBI
csvData24108736.csv,csvData16773669.csv,SLG,SLG
csvData24108736.csv,csvData2404013.csv,SLG,SLG
csvData24108736.csv,csvData20075499.csv,SLG,SLG
csvData15894443.csv,csvData15497713.csv,YEAR,YEAR
csvData20076526.csv,csvData26655046.csv,ORtg,ORtg
csvData21873021.csv,csvData15745723.csv,GIDP,GIDP
csvData21873021.csv,csvData10027553.csv,GIDP,GIDP
csvData21873021.csv,csvData27987124.csv,GIDP,GIDP
csvData21873021.csv,csvData9768769.csv,GIDP,GIDP
csvData21873021.csv,csvData9739809.csv,GIDP,GIDP
csvData19130941.csv,csvData20535739.csv,Player,Player
csvData19130941.csv,csvData29346752.csv,Player,Player
csvData16114577.csv,csvData16773669.csv,SLG,SLG
csvData16114577.csv,csvData2404013.csv,SLG,SLG
csvData19553885.csv,csvData20535739.csv,Player,Player
csvData19553885.csv,csvData29346752.csv,Player,Player
csvData436368.csv,csvData20075499.csv,Team,Team
csvData10749767.csv,csvData21286196.csv,POS,POS
csvData10749767.csv,csvData10027553.csv,POS,POS
csvData10749767.csv,csvData5124506.csv,POS,POS
csvData10212811.csv,csvData15745723.csv,GIDP,GIDP
csvData10212811.csv,csvData10027553.csv,GIDP,GIDP
csvData10212811.csv,csvData27987124.csv,GIDP,GIDP
csvData10212811.csv,csvData9768769.csv,GIDP,GIDP
csvData10212811.csv,csvData9739809.csv,GIDP,GIDP
csvData15933779.csv,csvData26655046.csv,ORB%,ORB%
csvData896377.csv,csvData27008272.csv,3P%,3P%
csvData896377.csv,csvData6468042.csv,3P%,3P%
csvData896377.csv,csvData6468042.csv,3PM,3PM
csvData12441316.csv,csvData26655046.csv,USG%,USG%
csvData436368.csv,csvData16773669.csv,RBI,RBI
csvData436368.csv,csvData19553885.csv,RBI,RBI
csvData18926379.csv,csvData26655046.csv,ORtg,ORtg
csvData18926379.csv,csvData22418917.csv,ORtg,ORtg
csvData2590167.csv,csvData16773669.csv,SLG,SLG
csvData2590167.csv,csvData2404013.csv,SLG,SLG
csvData2590167.csv,csvData20075499.csv,SLG,SLG
csvData13434912.csv,csvData21286196.csv,POS,POS
csvData13434912.csv,csvData10027553.csv,POS,POS
csvData13434912.csv,csvData27987124.csv,POS,POS
csvData13434912.csv,csvData5124506.csv,POS,POS
csvData19553885.csv,csvData9768769.csv,GIDP,GIDP
csvData19553885.csv,csvData9739809.csv,GIDP,GIDP
csvData26724876.csv,csvData6468042.csv,FTM,FTM
csvData17093328.csv,csvData22418917.csv,DRB%,DRB%
csvData13771482.csv,csvData20535739.csv,Player,Player
csvData13771482.csv,csvData29346752.csv,Player,Player
csvData29383799.csv,csvData21286196.csv,POS,POS
csvData29383799.csv,csvData10027553.csv,POS,POS
csvData29383799.csv,csvData27987124.csv,POS,POS
csvData13726780.csv,csvData26655046.csv,ORtg,ORtg
csvData15965777.csv,csvData20535739.csv,Player,Player
csvData15965777.csv,csvData29346752.csv,Player,Player
csvData29453038.csv,csvData17302070.csv,Player,Player
csvData28193349.csv,csvData16773669.csv,SLG,SLG
csvData28193349.csv,csvData2404013.csv,SLG,SLG
csvData28193349.csv,csvData27987124.csv,POS,POS
csvData28193349.csv,csvData5124506.csv,POS,POS
csvData28193349.csv,csvData9739809.csv,OBP,OBP
csvData28193349.csv,csvData20535739.csv,OBP,OBP
csvData9768769.csv,csvData9739809.csv,OBP,OBP
csvData9768769.csv,csvData20535739.csv,OBP,OBP
csvData26651945.csv,csvData15745723.csv,GIDP,GIDP
csvData26651945.csv,csvData10027553.csv,GIDP,GIDP
csvData26651945.csv,csvData27987124.csv,GIDP,GIDP
csvData26651945.csv,csvData9768769.csv,GIDP,GIDP
csvData26651945.csv,csvData9739809.csv,GIDP,GIDP
csvData21198812.csv,csvData20535739.csv,Player,Player
csvData21198812.csv,csvData29346752.csv,Player,Player
csvData7104405.csv,csvData16773669.csv,RBI,RBI
csvData7104405.csv,csvData19553885.csv,RBI,RBI
csvData29230622.csv,csvData16773669.csv,SLG,SLG
csvData29230622.csv,csvData2404013.csv,SLG,SLG
csvData13227194.csv,csvData9739809.csv,Team,Team
csvData13227194.csv,csvData20535739.csv,Team,Team
csvData7401568.csv,csvData16773669.csv,RBI,RBI
csvData7401568.csv,csvData19553885.csv,RBI,RBI
csvData27420957.csv,csvData2852713.csv,Acquired,Acquired
csvData19898919.csv,csvData26655046.csv,ORB%,ORB%
csvData28386553.csv,csvData20535739.csv,Player,Player
csvData28386553.csv,csvData29346752.csv,Player,Player
csvData28386553.csv,csvData17302070.csv,Player,Player
csvData11284975.csv,csvData26655046.csv,TRB%,TRB%
csvData16083137.csv,csvData22418917.csv,eFG%,eFG%
csvData16083137.csv,csvData26655046.csv,ORB%,ORB%
csvData16984008.csv,csvData26655046.csv,USG%,USG%
csvData16984008.csv,csvData22418917.csv,USG%,USG%
csvData11284975.csv,csvData22418917.csv,eFG%,eFG%
csvData6605406.csv,csvData7434868.csv,APG,APG
csvData9205349.csv,csvData9739809.csv,Team,Team
csvData9205349.csv,csvData20535739.csv,Team,Team
csvData16000106.csv,csvData9739809.csv,Team,Team
csvData16000106.csv,csvData20535739.csv,Team,Team
csvData16000106.csv,csvData20535739.csv,Player,Player
csvData16000106.csv,csvData29346752.csv,Player,Player
csvData22475593.csv,csvData26655046.csv,TS%,TS%
csvData2792289.csv,csvData26655046.csv,ORtg,ORtg
csvData2792289.csv,csvData22418917.csv,ORtg,ORtg
csvData20409520.csv,csvData26655046.csv,USG%,USG%
csvData919002.csv,csvData22418917.csv,BLK%,BLK%
csvData15965777.csv,csvData15745723.csv,GIDP,GIDP
csvData15965777.csv,csvData10027553.csv,GIDP,GIDP
csvData15965777.csv,csvData27987124.csv,GIDP,GIDP
csvData15965777.csv,csvData9768769.csv,GIDP,GIDP
csvData15965777.csv,csvData9739809.csv,GIDP,GIDP
csvData14690251.csv,csvData21286196.csv,POS,POS
csvData14690251.csv,csvData10027553.csv,POS,POS
csvData14690251.csv,csvData27987124.csv,POS,POS
csvData14690251.csv,csvData5124506.csv,POS,POS
csvData10025189.csv,csvData9739809.csv,OBP,OBP
csvData10025189.csv,csvData20535739.csv,OBP,OBP
csvData10025189.csv,csvData29346752.csv,OBP,OBP
csvData21675463.csv,csvData16773669.csv,SLG,SLG
csvData21675463.csv,csvData2404013.csv,SLG,SLG
csvData21675463.csv,csvData20075499.csv,SLG,SLG
csvData21675463.csv,csvData16773669.csv,RBI,RBI
csvData21675463.csv,csvData19553885.csv,RBI,RBI
csvData21647644.csv,csvData15745723.csv,GIDP,GIDP
csvData21647644.csv,csvData10027553.csv,GIDP,GIDP
csvData21647644.csv,csvData27987124.csv,GIDP,GIDP
csvData16736013.csv,csvData27008272.csv,FGM,FGM
csvData16736013.csv,csvData6468042.csv,FGM,FGM
csvData16736013.csv,csvData27008272.csv,RPG,RPG
csvData16736013.csv,csvData7434868.csv,RPG,RPG
csvData16736013.csv,csvData26724876.csv,RPG,RPG
csvData8620997.csv,csvData19553885.csv,AVG,AVG
csvData8620997.csv,csvData29346752.csv,AVG,AVG
csvData18661263.csv,csvData15745723.csv,GIDP,GIDP
csvData18661263.csv,csvData10027553.csv,GIDP,GIDP
csvData18661263.csv,csvData27987124.csv,GIDP,GIDP
csvData18661263.csv,csvData9768769.csv,GIDP,GIDP
csvData18661263.csv,csvData9739809.csv,GIDP,GIDP
csvData19553885.csv,csvData16773669.csv,SLG,SLG
csvData19553885.csv,csvData2404013.csv,SLG,SLG
csvData25437325.csv,csvData5124506.csv,POS,POS
csvData22658714.csv,csvData16773669.csv,RBI,RBI
csvData22658714.csv,csvData19553885.csv,RBI,RBI
csvData13726780.csv,csvData26655046.csv,USG%,USG%
csvData19621512.csv,csvData15497713.csv,oppOBP,oppOBP
csvData21877600.csv,csvData22418917.csv,BLK%,BLK%
csvData1902536.csv,csvData16773669.csv,RBI,RBI
csvData1902536.csv,csvData19553885.csv,RBI,RBI
csvData2879490.csv,csvData29346752.csv,AVG,AVG
csvData1444875.csv,csvData21286196.csv,POS,POS
csvData1444875.csv,csvData10027553.csv,POS,POS
csvData1444875.csv,csvData27987124.csv,POS,POS
csvData1444875.csv,csvData5124506.csv,POS,POS
csvData18926379.csv,csvData26655046.csv,ORB%,ORB%
csvData27420957.csv,csvData2852713.csv,WAA,WAA
csvData27420957.csv,csvData2852713.csv,WAR,WAR
csvData8549891.csv,csvData15497713.csv,YEAR,YEAR
csvData9103974.csv,csvData15497713.csv,YEAR,YEAR
csvData15894443.csv,csvData19553885.csv,AVG,AVG
csvData15894443.csv,csvData24341501.csv,PPF,PPF
csvData9371268.csv,csvData26655046.csv,USG%,USG%
csvData29230622.csv,csvData24341501.csv,oppOPS,oppOPS
csvData29230622.csv,csvData19621512.csv,oppOPS,oppOPS
csvData2879490.csv,csvData15745723.csv,OPS,OPS
csvData2879490.csv,csvData21286196.csv,OPS,OPS
csvData18493125.csv,csvData16773669.csv,RBI,RBI
csvData18493125.csv,csvData19553885.csv,RBI,RBI
csvData21329068.csv,csvData26655046.csv,USG%,USG%
csvData18718052.csv,csvData20535739.csv,Player,Player
csvData18718052.csv,csvData29346752.csv,Player,Player
csvData18718052.csv,csvData17302070.csv,Player,Player
csvData14963477.csv,csvData21286196.csv,POS,POS
csvData14963477.csv,csvData10027553.csv,POS,POS
csvData14963477.csv,csvData27987124.csv,POS,POS
csvData14963477.csv,csvData5124506.csv,POS,POS
csvData15933779.csv,csvData26655046.csv,USG%,USG%
csvData15933779.csv,csvData22418917.csv,eFG%,eFG%
csvData23904874.csv,csvData16773669.csv,SLG,SLG
csvData23904874.csv,csvData2404013.csv,SLG,SLG
csvData23904874.csv,csvData20075499.csv,SLG,SLG
csvData4290459.csv,csvData26655046.csv,ORB%,ORB%
csvData4290459.csv,csvData22418917.csv,eFG%,eFG%
csvData21647644.csv,csvData19553885.csv,AVG,AVG
csvData21647644.csv,csvData29346752.csv,AVG,AVG
csvData15344408.csv,csvData22418917.csv,BLK%,BLK%
csvData7434868.csv,csvData27008272.csv,FGA,FGA
csvData7434868.csv,csvData6468042.csv,FGA,FGA
csvData29453038.csv,csvData5124506.csv,POS,POS
csvData16114577.csv,csvData21286196.csv,POS,POS
csvData16114577.csv,csvData10027553.csv,POS,POS
csvData16114577.csv,csvData27987124.csv,POS,POS
csvData16114577.csv,csvData5124506.csv,POS,POS
csvData6605406.csv,csvData27008272.csv,FGM,FGM
csvData6605406.csv,csvData6468042.csv,FGM,FGM
csvData19072013.csv,csvData20535739.csv,Player,Player
csvData19072013.csv,csvData29346752.csv,Player,Player
csvData19072013.csv,csvData15745723.csv,GIDP,GIDP
csvData19072013.csv,csvData10027553.csv,GIDP,GIDP
csvData19072013.csv,csvData27987124.csv,GIDP,GIDP
csvData1068737.csv,csvData6468042.csv,3PM,3PM
csvData28672318.csv,csvData16773669.csv,RBI,RBI
csvData14213420.csv,csvData16773669.csv,RBI,RBI
csvData27008272.csv,csvData6468042.csv,3P%,3P%
csvData27008272.csv,csvData11839331.csv,TOV,TOV
csvData26522418.csv,csvData26655046.csv,USG%,USG%
csvData26522418.csv,csvData22418917.csv,USG%,USG%
csvData26522418.csv,csvData26655046.csv,TRB%,TRB%
csvData18786685.csv,csvData7434868.csv,MPG,MPG
csvData18786685.csv,csvData6468042.csv,ORB,ORB
csvData19621512.csv,csvData9739809.csv,OBP,OBP
csvData19621512.csv,csvData20535739.csv,OBP,OBP
csvData1102081.csv,csvData16773669.csv,RBI,RBI
csvData1102081.csv,csvData19553885.csv,RBI,RBI
csvData8770780.csv,csvData26655046.csv,TS%,TS%
csvData8770780.csv,csvData26655046.csv,ORB%,ORB%
csvData11585188.csv,csvData26655046.csv,ORB%,ORB%
csvData2055974.csv,csvData22418917.csv,eFG%,eFG%
csvData8066901.csv,csvData15745723.csv,OPS,OPS
csvData8066901.csv,csvData21286196.csv,OPS,OPS
csvData8066901.csv,csvData27987124.csv,OPS,OPS
csvData1786628.csv,csvData26655046.csv,USG%,USG%
csvData8992728.csv,csvData26655046.csv,ORtg,ORtg
csvData15497713.csv,csvData29230622.csv,oppOPS,oppOPS
csvData15497713.csv,csvData24341501.csv,oppOPS,oppOPS
csvData15497713.csv,csvData19621512.csv,oppOPS,oppOPS
csvData10074535.csv,csvData16773669.csv,SLG,SLG
csvData10074535.csv,csvData2404013.csv,SLG,SLG
csvData10074535.csv,csvData20075499.csv,SLG,SLG
csvData26672678.csv,csvData16773669.csv,RBI,RBI
csvData26672678.csv,csvData19553885.csv,RBI,RBI
csvData26651945.csv,csvData16773669.csv,RBI,RBI
csvData26651945.csv,csvData19553885.csv,RBI,RBI
csvData19688700.csv,csvData15745723.csv,OPS,OPS
csvData19688700.csv,csvData21286196.csv,OPS,OPS
csvData19688700.csv,csvData15745723.csv,GIDP,GIDP
csvData19688700.csv,csvData10027553.csv,GIDP,GIDP
csvData19688700.csv,csvData27987124.csv,GIDP,GIDP
csvData8479264.csv,csvData27987124.csv,POS,POS
csvData8479264.csv,csvData5124506.csv,POS,POS
csvData22241580.csv,csvData15283024.csv,C-G,C-G
csvData19132138.csv,csvData19553885.csv,AVG,AVG
csvData19132138.csv,csvData29346752.csv,AVG,AVG
csvData19132138.csv,csvData19621512.csv,oppOPS,oppOPS
csvData18900645.csv,csvData26655046.csv,USG%,USG%
csvData14833792.csv,csvData9739809.csv,Team,Team
csvData14833792.csv,csvData20535739.csv,Team,Team
csvData14833792.csv,csvData20075499.csv,Team,Team
csvData10088067.csv,csvData13703215.csv,Player Name,Player Name
csvData10088067.csv,csvData17517374.csv,Player Name,Player Name
csvData10088067.csv,csvData26853929.csv,Player Name,Player Name
csvData14213420.csv,csvData16773669.csv,SLG,SLG
csvData14213420.csv,csvData2404013.csv,SLG,SLG
csvData13051044.csv,csvData26655046.csv,TRB%,TRB%
csvData28386553.csv,csvData15745723.csv,GIDP,GIDP
csvData28386553.csv,csvData10027553.csv,GIDP,GIDP
csvData28386553.csv,csvData27987124.csv,GIDP,GIDP
csvData28386553.csv,csvData9768769.csv,GIDP,GIDP
csvData21947308.csv,csvData16773669.csv,RBI,RBI
csvData21947308.csv,csvData19553885.csv,RBI,RBI
csvData6605406.csv,csvData27008272.csv,SPG,SPG
csvData6605406.csv,csvData6468042.csv,FTM,FTM
csvData13336059.csv,csvData19553885.csv,AVG,AVG
csvData2590167.csv,csvData9739809.csv,OBP,OBP
csvData2590167.csv,csvData20535739.csv,OBP,OBP
csvData3364782.csv,csvData16773669.csv,SLG,SLG
csvData3364782.csv,csvData2404013.csv,SLG,SLG
csvData13703215.csv,csvData29346752.csv,OBP,OBP
csvData4823585.csv,csvData21286196.csv,POS,POS
csvData4823585.csv,csvData10027553.csv,POS,POS
csvData4823585.csv,csvData27987124.csv,POS,POS
csvData4823585.csv,csvData5124506.csv,POS,POS
csvData14833792.csv,csvData9739809.csv,OBP,OBP
csvData14833792.csv,csvData20535739.csv,OBP,OBP
csvData26761314.csv,csvData26655046.csv,USG%,USG%
csvData9469123.csv,csvData9739809.csv,OBP,OBP
csvData9469123.csv,csvData20535739.csv,OBP,OBP
csvData16114577.csv,csvData9739809.csv,Team,Team
csvData16114577.csv,csvData20535739.csv,Team,Team
csvData16114577.csv,csvData20075499.csv,Team,Team
csvData3461808.csv,csvData26655046.csv,ORB%,ORB%
csvData13771482.csv,csvData21286196.csv,POS,POS
csvData13771482.csv,csvData10027553.csv,POS,POS
csvData13771482.csv,csvData27987124.csv,POS,POS
csvData13771482.csv,csvData5124506.csv,POS,POS
csvData5124506.csv,csvData17302070.csv,Player,Player
csvData5376485.csv,csvData9739809.csv,Team,Team
csvData5376485.csv,csvData20535739.csv,Team,Team
csvData5376485.csv,csvData20075499.csv,Team,Team
csvData5376485.csv,csvData16773669.csv,SLG,SLG
csvData5376485.csv,csvData2404013.csv,SLG,SLG
csvData5376485.csv,csvData20075499.csv,SLG,SLG
csvData10027553.csv,csvData20535739.csv,Player,Player
csvData10027553.csv,csvData29346752.csv,Player,Player
csvData29383799.csv,csvData15745723.csv,GIDP,GIDP
csvData29383799.csv,csvData10027553.csv,GIDP,GIDP
csvData29383799.csv,csvData27987124.csv,GIDP,GIDP
csvData29383799.csv,csvData9768769.csv,GIDP,GIDP
csvData29383799.csv,csvData9739809.csv,GIDP,GIDP
csvData12441316.csv,csvData26655046.csv,TS%,TS%
csvData12441316.csv,csvData26655046.csv,ORB%,ORB%
csvData9103974.csv,csvData12906779.csv,AGE,AGE
csvData4431378.csv,csvData9739809.csv,OBP,OBP
csvData4431378.csv,csvData20535739.csv,OBP,OBP
csvData17658548.csv,csvData22335715.csv,avg,avg
csvData21084464.csv,csvData17302070.csv,Player,Player
csvData11331104.csv,csvData26655046.csv,TS%,TS%
csvData15933779.csv,csvData26655046.csv,ORtg,ORtg
csvData9739809.csv,csvData20075499.csv,Team,Team
csvData19621512.csv,csvData20075499.csv,SLG,SLG
csvData14429913.csv,csvData26655046.csv,USG%,USG%
csvData18784108.csv,csvData21286196.csv,POS,POS
csvData18784108.csv,csvData10027553.csv,POS,POS
csvData19130941.csv,csvData15745723.csv,GIDP,GIDP
csvData19130941.csv,csvData10027553.csv,GIDP,GIDP
csvData19130941.csv,csvData27987124.csv,GIDP,GIDP
csvData19130941.csv,csvData9768769.csv,GIDP,GIDP
csvData19130941.csv,csvData9739809.csv,GIDP,GIDP
csvData2485779.csv,csvData9739809.csv,OBP,OBP
csvData2485779.csv,csvData20535739.csv,OBP,OBP
csvData7615166.csv,csvData16773669.csv,RBI,RBI
csvData1902536.csv,csvData21286196.csv,POS,POS
csvData1902536.csv,csvData10027553.csv,POS,POS
csvData1902536.csv,csvData27987124.csv,POS,POS
csvData27008272.csv,csvData6468042.csv,ORB,ORB
csvData29402006.csv,csvData9739809.csv,OBP,OBP
csvData29402006.csv,csvData20535739.csv,OBP,OBP
csvData29402006.csv,csvData29346752.csv,OBP,OBP
csvData5124506.csv,csvData15745723.csv,OPS,OPS
csvData5124506.csv,csvData21286196.csv,OPS,OPS
csvData5124506.csv,csvData27987124.csv,OPS,OPS
csvData20075499.csv,csvData9739809.csv,Team,Team
csvData20075499.csv,csvData20535739.csv,Team,Team
csvData24341501.csv,csvData15936069.csv,LVL,LVL
csvData5376485.csv,csvData10027553.csv,POS,POS
csvData5376485.csv,csvData27987124.csv,POS,POS
csvData1303939.csv,csvData15745723.csv,GIDP,GIDP
csvData1303939.csv,csvData10027553.csv,GIDP,GIDP
csvData1303939.csv,csvData27987124.csv,GIDP,GIDP
csvData1303939.csv,csvData9768769.csv,GIDP,GIDP
csvData1303939.csv,csvData9739809.csv,GIDP,GIDP
csvData27420957.csv,csvData2852713.csv,Rdp,Rdp
csvData14963477.csv,csvData9739809.csv,OBP,OBP
csvData14963477.csv,csvData20535739.csv,OBP,OBP
csvData21286196.csv,csvData29346752.csv,AVG,AVG
csvData14957253.csv,csvData26655046.csv,USG%,USG%
csvData24807247.csv,csvData21286196.csv,POS,POS
csvData24807247.csv,csvData10027553.csv,POS,POS
csvData24807247.csv,csvData27987124.csv,POS,POS
csvData17054209.csv,csvData26655046.csv,USG%,USG%
csvData23141915.csv,csvData26655046.csv,USG%,USG%
csvData8549891.csv,csvData24341501.csv,VORP,VORP
csvData25283220.csv,csvData21286196.csv,POS,POS
csvData25283220.csv,csvData10027553.csv,POS,POS
csvData25283220.csv,csvData27987124.csv,POS,POS
csvData7615166.csv,csvData15745723.csv,OPS,OPS
csvData7615166.csv,csvData21286196.csv,OPS,OPS
csvData7615166.csv,csvData27987124.csv,OPS,OPS
csvData7222492.csv,csvData27008272.csv,RPG,RPG
csvData7222492.csv,csvData7434868.csv,RPG,RPG
csvData3364782.csv,csvData21286196.csv,POS,POS
csvData3364782.csv,csvData10027553.csv,POS,POS
csvData3364782.csv,csvData27987124.csv,POS,POS
csvData3364782.csv,csvData5124506.csv,POS,POS
csvData9739809.csv,csvData20535739.csv,Player,Player
csvData9739809.csv,csvData29346752.csv,Player,Player
csvData19132138.csv,csvData9739809.csv,OBP,OBP
csvData19132138.csv,csvData20535739.csv,OBP,OBP
csvData9469123.csv,csvData29346752.csv,OBP,OBP
csvData3123836.csv,csvData26655046.csv,ORB%,ORB%
csvData7104405.csv,csvData19553885.csv,AVG,AVG
csvData7104405.csv,csvData29346752.csv,AVG,AVG
csvData14963477.csv,csvData19553885.csv,RBI,RBI
csvData13523115.csv,csvData16773669.csv,SLG,SLG
csvData13523115.csv,csvData2404013.csv,SLG,SLG
csvData24591574.csv,csvData26655046.csv,TS%,TS%
csvData5443049.csv,csvData19553885.csv,AVG,AVG
csvData5443049.csv,csvData29346752.csv,AVG,AVG
csvData5443049.csv,csvData9739809.csv,OBP,OBP
csvData5443049.csv,csvData20535739.csv,OBP,OBP
csvData24782950.csv,csvData26655046.csv,ORB%,ORB%
csvData15965777.csv,csvData17302070.csv,Player,Player
csvData2879490.csv,csvData16773669.csv,RBI,RBI
csvData19621512.csv,csvData15936069.csv,oppTAv,oppTAv
csvData13051044.csv,csvData22418917.csv,eFG%,eFG%
csvData4798003.csv,csvData20535739.csv,Player,Player
csvData4798003.csv,csvData29346752.csv,Player,Player
csvData13523115.csv,csvData29230622.csv,oppAVG,oppAVG
csvData13523115.csv,csvData15497713.csv,oppOPS,oppOPS
csvData13523115.csv,csvData29230622.csv,oppOPS,oppOPS
csvData13523115.csv,csvData24341501.csv,oppOPS,oppOPS
csvData13523115.csv,csvData19621512.csv,oppOPS,oppOPS
csvData2485779.csv,csvData20075499.csv,Team,Team
csvData2485779.csv,csvData15745723.csv,OPS,OPS
csvData2485779.csv,csvData21286196.csv,OPS,OPS
csvData26162088.csv,csvData26655046.csv,TRB%,TRB%
csvData6444295.csv,csvData20535739.csv,Player,Player
csvData6444295.csv,csvData29346752.csv,Player,Player
csvData6444295.csv,csvData17302070.csv,Player,Player
csvData6444295.csv,csvData7434868.csv,MPG,MPG
csvData16984008.csv,csvData26655046.csv,TS%,TS%
csvData4676916.csv,csvData16773669.csv,RBI,RBI
csvData1444875.csv,csvData16773669.csv,SLG,SLG
csvData1444875.csv,csvData2404013.csv,SLG,SLG
csvData27008272.csv,csvData6468042.csv,FTM,FTM
csvData15745723.csv,csvData27987124.csv,OPS,OPS
csvData15894443.csv,csvData9739809.csv,OBP,OBP
csvData15894443.csv,csvData20535739.csv,OBP,OBP
csvData15894443.csv,csvData29346752.csv,OBP,OBP
csvData25437325.csv,csvData17302070.csv,Player,Player
csvData8479264.csv,csvData17302070.csv,Player,Player
csvData7259418.csv,csvData26655046.csv,TRB%,TRB%
csvData6917053.csv,csvData21286196.csv,POS,POS
csvData6917053.csv,csvData10027553.csv,POS,POS
csvData6917053.csv,csvData27987124.csv,POS,POS
csvData25437325.csv,csvData15745723.csv,OPS,OPS
csvData25437325.csv,csvData21286196.csv,OPS,OPS
csvData25437325.csv,csvData27987124.csv,OPS,OPS
csvData20099586.csv,csvData21286196.csv,POS,POS
csvData20099586.csv,csvData10027553.csv,POS,POS
csvData20099586.csv,csvData27987124.csv,POS,POS
csvData14780613.csv,csvData26655046.csv,USG%,USG%
csvData14780613.csv,csvData22418917.csv,USG%,USG%
csvData10025189.csv,csvData21286196.csv,POS,POS
csvData10025189.csv,csvData10027553.csv,POS,POS
csvData10025189.csv,csvData27987124.csv,POS,POS
csvData10025189.csv,csvData5124506.csv,POS,POS
csvData20099586.csv,csvData9739809.csv,Team,Team
csvData20099586.csv,csvData20535739.csv,Team,Team
csvData158232.csv,csvData3653270.csv,a/s,a/s
csvData3726343.csv,csvData20075499.csv,Team,Team
csvData14248779.csv,csvData26655046.csv,ORB%,ORB%
csvData8479264.csv,csvData9739809.csv,OBP,OBP
csvData8479264.csv,csvData20535739.csv,OBP,OBP
csvData1444875.csv,csvData16773669.csv,RBI,RBI
csvData14690251.csv,csvData9739809.csv,OBP,OBP
csvData14690251.csv,csvData20535739.csv,OBP,OBP
csvData28219100.csv,csvData22418917.csv,eFG%,eFG%
csvData16589458.csv,csvData26655046.csv,ORtg,ORtg
csvData15497713.csv,csvData24341501.csv,VORP,VORP
csvData13523115.csv,csvData24341501.csv,PPF,PPF
csvData10027553.csv,csvData20075499.csv,Team,Team
csvData18798221.csv,csvData26655046.csv,ORB%,ORB%
csvData17302070.csv,csvData9739809.csv,OBP,OBP
csvData17302070.csv,csvData20535739.csv,OBP,OBP
csvData29453038.csv,csvData16773669.csv,RBI,RBI
csvData29453038.csv,csvData19553885.csv,RBI,RBI
csvData11573229.csv,csvData2852713.csv,WAA,WAA
csvData2679641.csv,csvData9739809.csv,Team,Team
csvData2679641.csv,csvData20535739.csv,Team,Team
csvData16773977.csv,csvData6468042.csv,FTM,FTM
csvData13523115.csv,csvData23904874.csv,oppRPA+,oppRPA+
csvData13523115.csv,csvData15497713.csv,oppRPA+,oppRPA+
csvData13523115.csv,csvData9469123.csv,oppRPA+,oppRPA+
csvData20967043.csv,csvData26655046.csv,TS%,TS%
csvData14780613.csv,csvData26655046.csv,TRB%,TRB%
csvData13336059.csv,csvData21286196.csv,POS,POS
csvData13336059.csv,csvData10027553.csv,POS,POS
csvData8770780.csv,csvData26655046.csv,ORtg,ORtg
csvData8770780.csv,csvData22418917.csv,ORtg,ORtg
csvData18493125.csv,csvData16773669.csv,SLG,SLG
csvData18493125.csv,csvData2404013.csv,SLG,SLG
csvData26929064.csv,csvData26655046.csv,TS%,TS%
csvData29453038.csv,csvData15745723.csv,OPS,OPS
csvData29453038.csv,csvData21286196.csv,OPS,OPS
csvData19621512.csv,csvData24341501.csv,oppOBP,oppOBP
csvData15965777.csv,csvData16773669.csv,RBI,RBI
csvData15965777.csv,csvData19553885.csv,RBI,RBI
csvData14443150.csv,csvData27008272.csv,RPG,RPG
csvData14443150.csv,csvData7434868.csv,RPG,RPG
csvData5018557.csv,csvData9739809.csv,Team,Team
csvData5018557.csv,csvData20535739.csv,Team,Team
csvData27008272.csv,csvData9739809.csv,Team,Team
csvData27008272.csv,csvData20535739.csv,Team,Team
csvData3356382.csv,csvData3284798.csv,3FGA,3FGA
csvData10963461.csv,csvData26655046.csv,TRB%,TRB%
csvData25450714.csv,csvData9739809.csv,OBP,OBP
csvData25450714.csv,csvData20535739.csv,OBP,OBP
csvData25450714.csv,csvData29346752.csv,OBP,OBP
csvData29453038.csv,csvData9739809.csv,OBP,OBP
csvData29453038.csv,csvData20535739.csv,OBP,OBP
csvData4674540.csv,csvData16773669.csv,SLG,SLG
csvData4674540.csv,csvData2404013.csv,SLG,SLG
csvData3178438.csv,csvData7434868.csv,SPG,SPG
csvData21675463.csv,csvData15745723.csv,OPS,OPS
csvData21675463.csv,csvData21286196.csv,OPS,OPS
csvData21675463.csv,csvData21286196.csv,POS,POS
csvData21675463.csv,csvData10027553.csv,POS,POS
csvData21675463.csv,csvData27987124.csv,POS,POS
csvData13771482.csv,csvData19553885.csv,AVG,AVG
csvData17302070.csv,csvData19553885.csv,AVG,AVG
csvData17302070.csv,csvData16773669.csv,RBI,RBI
csvData17302070.csv,csvData19553885.csv,RBI,RBI
csvData9768769.csv,csvData20075499.csv,Team,Team
csvData23033509.csv,csvData27987124.csv,OPS,OPS
csvData8598250.csv,csvData16773669.csv,SLG,SLG
csvData8598250.csv,csvData2404013.csv,SLG,SLG
csvData16825359.csv,csvData22069876.csv,Arch-Deck,Arch-Deck
csvData16825359.csv,csvData22069876.csv,Movable-Swing,Movable-Swing
csvData16825359.csv,csvData22069876.csv,Box Beam or Girders (Multiple),Box Beam or Girders (Multiple)
csvData16825359.csv,csvData14297814.csv,Box Beam or Girders (Multiple),Box Beam or Girders (Multiple)
csvData16825359.csv,csvData14297814.csv,Frame (Except Culverts),Frame (Except Culverts)
csvData16825359.csv,csvData14297814.csv,Arch-Thru,Arch-Thru
csvData16736013.csv,csvData7434868.csv,MPG,MPG
csvData14213420.csv,csvData19553885.csv,RBI,RBI
csvData21675463.csv,csvData27987124.csv,OPS,OPS
csvData12739105.csv,csvData22418917.csv,eFG%,eFG%
csvData29387459.csv,csvData26655046.csv,USG%,USG%
csvData29387459.csv,csvData22418917.csv,USG%,USG%
csvData24805223.csv,csvData15745723.csv,OPS,OPS
csvData24805223.csv,csvData21286196.csv,OPS,OPS
csvData16083137.csv,csvData26655046.csv,TRB%,TRB%
csvData28399335.csv,csvData15959016.csv,BAVG,BAVG
csvData7401568.csv,csvData19553885.csv,AVG,AVG
csvData7401568.csv,csvData29346752.csv,AVG,AVG
csvData5124506.csv,csvData9739809.csv,OBP,OBP
csvData5124506.csv,csvData20535739.csv,OBP,OBP
csvData8620997.csv,csvData9739809.csv,Team,Team
csvData8620997.csv,csvData20535739.csv,Team,Team
csvData8620997.csv,csvData20075499.csv,Team,Team
csvData8620997.csv,csvData21286196.csv,POS,POS
csvData8620997.csv,csvData10027553.csv,POS,POS
csvData8620997.csv,csvData27987124.csv,POS,POS
csvData16736013.csv,csvData9739809.csv,Team,Team
csvData16736013.csv,csvData20535739.csv,Team,Team
csvData16736013.csv,csvData20075499.csv,Team,Team
csvData16736013.csv,csvData6468042.csv,ORB,ORB
csvData2679641.csv,csvData20075499.csv,Team,Team
csvData2679641.csv,csvData15745723.csv,OPS,OPS
csvData2679641.csv,csvData21286196.csv,OPS,OPS
csvData2679641.csv,csvData27987124.csv,OPS,OPS
csvData21675463.csv,csvData9739809.csv,Team,Team
csvData21675463.csv,csvData20535739.csv,Team,Team
csvData21675463.csv,csvData20075499.csv,Team,Team
csvData919002.csv,csvData26655046.csv,USG%,USG%
csvData29453038.csv,csvData27987124.csv,OPS,OPS
csvData10163568.csv,csvData22418917.csv,DRB%,DRB%
csvData9739809.csv,csvData29346752.csv,OBP,OBP
csvData18661263.csv,csvData27987124.csv,OPS,OPS
csvData28193349.csv,csvData19553885.csv,AVG,AVG
csvData29383799.csv,csvData16773669.csv,RBI,RBI
csvData7222492.csv,csvData27008272.csv,FGM,FGM
csvData7222492.csv,csvData6468042.csv,FGM,FGM
csvData18900645.csv,csvData26655046.csv,TS%,TS%
csvData18900645.csv,csvData26655046.csv,TRB%,TRB%
csvData16773669.csv,csvData2404013.csv,SLG,SLG
csvData16211584.csv,csvData26655046.csv,ORtg,ORtg
csvData16211584.csv,csvData22418917.csv,ORtg,ORtg
csvData6592205.csv,csvData20075499.csv,Team,Team
csvData25437325.csv,csvData9739809.csv,OBP,OBP
csvData25437325.csv,csvData20535739.csv,OBP,OBP
csvData4798003.csv,csvData17302070.csv,Player,Player
csvData19553885.csv,csvData15745723.csv,OPS,OPS
csvData19553885.csv,csvData21286196.csv,OPS,OPS
csvData4823585.csv,csvData15745723.csv,OPS,OPS
csvData4823585.csv,csvData21286196.csv,OPS,OPS
csvData4823585.csv,csvData9739809.csv,OBP,OBP
csvData4823585.csv,csvData20535739.csv,OBP,OBP
csvData2055974.csv,csvData26655046.csv,ORB%,ORB%
csvData15206161.csv,csvData23527792.csv,Pitches,Pitches
csvData13336059.csv,csvData16773669.csv,RBI,RBI
csvData8848095.csv,csvData8288967.csv,RF/G,RF/G
csvData397377.csv,csvData26655046.csv,TRB%,TRB%
csvData14512292.csv,csvData9739809.csv,OBP,OBP
csvData14512292.csv,csvData20535739.csv,OBP,OBP
csvData14512292.csv,csvData29346752.csv,OBP,OBP
csvData23789447.csv,csvData27008272.csv,FT%,FT%
csvData26724876.csv,csvData6468042.csv,DRB,DRB
csvData19553885.csv,csvData27987124.csv,OPS,OPS
csvData20085670.csv,csvData15745723.csv,GIDP,GIDP
csvData20085670.csv,csvData10027553.csv,GIDP,GIDP
csvData20085670.csv,csvData27987124.csv,GIDP,GIDP
csvData20085670.csv,csvData9768769.csv,GIDP,GIDP
csvData7434868.csv,csvData6468042.csv,ORB,ORB
csvData16461238.csv,csvData2832935.csv,ibb,ibb
csvData16461238.csv,csvData2688573.csv,ibb,ibb
csvData16461238.csv,csvData9702682.csv,ibb,ibb
csvData23967202.csv,csvData26655046.csv,ORB%,ORB%
csvData20535739.csv,csvData9739809.csv,OBP,OBP
csvData18493125.csv,csvData9739809.csv,Team,Team
csvData18493125.csv,csvData20535739.csv,Team,Team
csvData25525273.csv,csvData26655046.csv,TRB%,TRB%
csvData12976003.csv,csvData27008272.csv,PPG,PPG
csvData7401568.csv,csvData9739809.csv,Team,Team
csvData7401568.csv,csvData20535739.csv,Team,Team
csvData4643292.csv,csvData26655046.csv,TS%,TS%
csvData14833792.csv,csvData15745723.csv,GIDP,GIDP
csvData14833792.csv,csvData10027553.csv,GIDP,GIDP
csvData14833792.csv,csvData27987124.csv,GIDP,GIDP
csvData19130941.csv,csvData16773669.csv,RBI,RBI
csvData19130941.csv,csvData19553885.csv,RBI,RBI
csvData22418917.csv,csvData26655046.csv,ORtg,ORtg
csvData10547086.csv,csvData16773669.csv,RBI,RBI
csvData10547086.csv,csvData19553885.csv,RBI,RBI
csvData23003743.csv,csvData21286196.csv,POS,POS
csvData23003743.csv,csvData10027553.csv,POS,POS
csvData23003743.csv,csvData27987124.csv,POS,POS
csvData23003743.csv,csvData5124506.csv,POS,POS
csvData20075499.csv,csvData16773669.csv,RBI,RBI
csvData20075499.csv,csvData19553885.csv,RBI,RBI
csvData10513074.csv,csvData9739809.csv,OBP,OBP
csvData10513074.csv,csvData20535739.csv,OBP,OBP
csvData10513074.csv,csvData29346752.csv,OBP,OBP
csvData3383853.csv,csvData16773669.csv,RBI,RBI
csvData28507633.csv,csvData22418917.csv,DRB%,DRB%
csvData13434912.csv,csvData16773669.csv,RBI,RBI
csvData2590167.csv,csvData21286196.csv,POS,POS
csvData2590167.csv,csvData10027553.csv,POS,POS
csvData2590167.csv,csvData27987124.csv,POS,POS
csvData2590167.csv,csvData5124506.csv,POS,POS
csvData15936069.csv,csvData24341501.csv,LVL,LVL
csvData9925714.csv,csvData20535739.csv,Player,Player
csvData9925714.csv,csvData29346752.csv,Player,Player
csvData9079863.csv,csvData26655046.csv,ORB%,ORB%
csvData19130941.csv,csvData17302070.csv,Player,Player
csvData19132138.csv,csvData12906779.csv,AGE,AGE
csvData22658714.csv,csvData19553885.csv,AVG,AVG
csvData1102081.csv,csvData9739809.csv,OBP,OBP
csvData1102081.csv,csvData20535739.csv,OBP,OBP
csvData5416457.csv,csvData26655046.csv,TS%,TS%
csvData14585065.csv,csvData27008272.csv,TOV,TOV
csvData10547086.csv,csvData19553885.csv,AVG,AVG
csvData10547086.csv,csvData29346752.csv,AVG,AVG
csvData9768769.csv,csvData20075499.csv,SLG,SLG
csvData10547086.csv,csvData15745723.csv,GIDP,GIDP
csvData10547086.csv,csvData10027553.csv,GIDP,GIDP
csvData10547086.csv,csvData27987124.csv,GIDP,GIDP
csvData10547086.csv,csvData9768769.csv,GIDP,GIDP
csvData10547086.csv,csvData9739809.csv,GIDP,GIDP
csvData10547086.csv,csvData9739809.csv,OBP,OBP
csvData10547086.csv,csvData20535739.csv,OBP,OBP
csvData26651945.csv,csvData29346752.csv,AVG,AVG
csvData13638124.csv,csvData15745723.csv,OPS,OPS
csvData13638124.csv,csvData21286196.csv,OPS,OPS
csvData10984639.csv,csvData26655046.csv,TRB%,TRB%
csvData28449023.csv,csvData26655046.csv,USG%,USG%
csvData29383799.csv,csvData20535739.csv,Player,Player
csvData29383799.csv,csvData29346752.csv,Player,Player
csvData29383799.csv,csvData17302070.csv,Player,Player
csvData158232.csv,csvData21165450.csv,b/s,b/s
csvData21873021.csv,csvData17302070.csv,Player,Player
csvData18661263.csv,csvData16773669.csv,SLG,SLG
csvData18661263.csv,csvData2404013.csv,SLG,SLG
csvData15344408.csv,csvData26655046.csv,ORB%,ORB%
csvData29346752.csv,csvData9768769.csv,GIDP,GIDP
csvData15894443.csv,csvData12906779.csv,AGE,AGE
csvData19635852.csv,csvData26655046.csv,TS%,TS%
csvData13771482.csv,csvData15745723.csv,GIDP,GIDP
csvData13771482.csv,csvData10027553.csv,GIDP,GIDP
csvData13771482.csv,csvData27987124.csv,GIDP,GIDP
csvData25441565.csv,csvData26655046.csv,TS%,TS%
csvData19130941.csv,csvData20075499.csv,SLG,SLG
csvData23003743.csv,csvData15745723.csv,GIDP,GIDP
csvData23003743.csv,csvData10027553.csv,GIDP,GIDP
csvData23003743.csv,csvData27987124.csv,GIDP,GIDP
csvData25583464.csv,csvData3653270.csv,sa/s,sa/s
csvData8598250.csv,csvData15745723.csv,GIDP,GIDP
csvData8598250.csv,csvData10027553.csv,GIDP,GIDP
csvData8598250.csv,csvData27987124.csv,GIDP,GIDP
csvData8598250.csv,csvData9768769.csv,GIDP,GIDP
csvData13771482.csv,csvData29346752.csv,AVG,AVG
csvData6974424.csv,csvData2832935.csv,ibb,ibb
csvData6974424.csv,csvData2688573.csv,ibb,ibb
csvData10508770.csv,csvData20535739.csv,Player,Player
csvData10508770.csv,csvData29346752.csv,Player,Player
csvData9925714.csv,csvData27008272.csv,RPG,RPG
csvData9925714.csv,csvData7434868.csv,RPG,RPG
csvData9925714.csv,csvData26724876.csv,RPG,RPG
csvData9925714.csv,csvData7434868.csv,APG,APG
csvData17517374.csv,csvData13703215.csv,Player Name,Player Name
csvData19688700.csv,csvData9768769.csv,GIDP,GIDP
csvData23033509.csv,csvData15745723.csv,GIDP,GIDP
csvData23033509.csv,csvData10027553.csv,GIDP,GIDP
csvData23033509.csv,csvData27987124.csv,GIDP,GIDP
csvData23033509.csv,csvData9768769.csv,GIDP,GIDP
csvData23033509.csv,csvData9739809.csv,GIDP,GIDP
csvData15965777.csv,csvData9739809.csv,Team,Team
csvData15965777.csv,csvData20535739.csv,Team,Team
csvData15965777.csv,csvData20075499.csv,Team,Team
csvData13292203.csv,csvData19553885.csv,AVG,AVG
csvData17517374.csv,csvData16773669.csv,RBI,RBI
csvData21286196.csv,csvData10027553.csv,POS,POS
csvData21286196.csv,csvData27987124.csv,POS,POS
csvData21286196.csv,csvData5124506.csv,POS,POS
csvData18661263.csv,csvData9739809.csv,OBP,OBP
csvData18661263.csv,csvData20535739.csv,OBP,OBP
csvData18661263.csv,csvData29346752.csv,OBP,OBP
csvData7259418.csv,csvData26655046.csv,ORtg,ORtg
csvData8598250.csv,csvData21286196.csv,POS,POS
csvData8598250.csv,csvData10027553.csv,POS,POS
csvData8598250.csv,csvData27987124.csv,POS,POS
csvData8598250.csv,csvData5124506.csv,POS,POS
csvData24805223.csv,csvData15745723.csv,GIDP,GIDP
csvData24805223.csv,csvData10027553.csv,GIDP,GIDP
csvData24805223.csv,csvData27987124.csv,GIDP,GIDP
csvData24805223.csv,csvData9768769.csv,GIDP,GIDP
csvData24805223.csv,csvData9739809.csv,GIDP,GIDP
csvData25019043.csv,csvData26655046.csv,USG%,USG%
csvData3383853.csv,csvData15745723.csv,OPS,OPS
csvData3383853.csv,csvData21286196.csv,OPS,OPS
csvData3383853.csv,csvData15745723.csv,GIDP,GIDP
csvData3383853.csv,csvData10027553.csv,GIDP,GIDP
csvData3383853.csv,csvData27987124.csv,GIDP,GIDP
csvData9845791.csv,csvData3284798.csv,Split,Split
csvData26761314.csv,csvData26655046.csv,TS%,TS%
csvData26761314.csv,csvData22418917.csv,USG%,USG%
csvData5124506.csv,csvData19553885.csv,AVG,AVG
csvData5124506.csv,csvData29346752.csv,AVG,AVG
csvData7615166.csv,csvData9739809.csv,OBP,OBP
csvData7615166.csv,csvData20535739.csv,OBP,OBP
csvData4602349.csv,csvData15745723.csv,GIDP,GIDP
csvData4602349.csv,csvData10027553.csv,GIDP,GIDP
csvData4602349.csv,csvData27987124.csv,GIDP,GIDP
csvData10984639.csv,csvData26655046.csv,USG%,USG%
csvData704435.csv,csvData22418917.csv,eFG%,eFG%
csvData4290459.csv,csvData26655046.csv,USG%,USG%
csvData4674540.csv,csvData16773669.csv,RBI,RBI
csvData4674540.csv,csvData19553885.csv,RBI,RBI
csvData14213420.csv,csvData15745723.csv,GIDP,GIDP
csvData14213420.csv,csvData10027553.csv,GIDP,GIDP
csvData14213420.csv,csvData27987124.csv,GIDP,GIDP
csvData29346752.csv,csvData9739809.csv,OBP,OBP
csvData29346752.csv,csvData20535739.csv,OBP,OBP
csvData29051594.csv,csvData158232.csv,a/s,a/s
csvData29051594.csv,csvData3653270.csv,a/s,a/s
csvData6605406.csv,csvData27008272.csv,3P%,3P%
csvData6605406.csv,csvData6468042.csv,3P%,3P%
csvData15959016.csv,csvData9739809.csv,Team,Team
csvData15959016.csv,csvData20535739.csv,Team,Team
csvData15959016.csv,csvData20075499.csv,Team,Team
csvData15894443.csv,csvData15936069.csv,LVL,LVL
csvData23141915.csv,csvData22418917.csv,BLK%,BLK%
csvData11762781.csv,csvData22335715.csv,avg,avg
csvData11762781.csv,csvData12168209.csv,avg,avg
csvData5416457.csv,csvData26655046.csv,ORB%,ORB%
csvData14443150.csv,csvData9739809.csv,Team,Team
csvData14443150.csv,csvData20535739.csv,Team,Team
csvData14443150.csv,csvData20075499.csv,Team,Team
csvData2679641.csv,csvData16773669.csv,SLG,SLG
csvData2679641.csv,csvData2404013.csv,SLG,SLG
csvData8549891.csv,csvData12906779.csv,AGE,AGE
csvData13638124.csv,csvData17302070.csv,Player,Player
csvData13638124.csv,csvData16773669.csv,RBI,RBI
csvData13638124.csv,csvData19553885.csv,RBI,RBI
csvData19130941.csv,csvData15745723.csv,OPS,OPS
csvData19130941.csv,csvData21286196.csv,OPS,OPS
csvData26853929.csv,csvData19553885.csv,AVG,AVG
csvData26853929.csv,csvData29346752.csv,AVG,AVG
csvData22658714.csv,csvData15745723.csv,GIDP,GIDP
csvData22658714.csv,csvData10027553.csv,GIDP,GIDP
csvData22658714.csv,csvData27987124.csv,GIDP,GIDP
csvData22658714.csv,csvData9768769.csv,GIDP,GIDP
csvData22658714.csv,csvData9739809.csv,GIDP,GIDP
csvData9475480.csv,csvData16773669.csv,SLG,SLG
csvData9475480.csv,csvData2404013.csv,SLG,SLG
csvData22558849.csv,csvData16773669.csv,RBI,RBI
csvData22558849.csv,csvData19553885.csv,RBI,RBI
csvData9469123.csv,csvData19553885.csv,AVG,AVG
csvData16904536.csv,csvData22418917.csv,eFG%,eFG%
csvData26649044.csv,csvData2852713.csv,Rpos,Rpos
csvData22833518.csv,csvData21286196.csv,POS,POS
csvData22833518.csv,csvData10027553.csv,POS,POS
csvData22833518.csv,csvData27987124.csv,POS,POS
csvData22833518.csv,csvData5124506.csv,POS,POS
csvData12441316.csv,csvData26655046.csv,TRB%,TRB%
csvData9103974.csv,csvData24341501.csv,VORP,VORP
csvData21198812.csv,csvData21286196.csv,POS,POS
csvData21198812.csv,csvData10027553.csv,POS,POS
csvData21198812.csv,csvData15745723.csv,GIDP,GIDP
csvData21198812.csv,csvData10027553.csv,GIDP,GIDP
csvData21198812.csv,csvData27987124.csv,GIDP,GIDP
csvData3461808.csv,csvData26655046.csv,TRB%,TRB%
csvData6444295.csv,csvData7434868.csv,APG,APG
csvData6680543.csv,csvData26655046.csv,ORB%,ORB%
csvData13227194.csv,csvData15745723.csv,OPS,OPS
csvData13227194.csv,csvData21286196.csv,OPS,OPS
csvData15745723.csv,csvData21286196.csv,POS,POS
csvData15745723.csv,csvData10027553.csv,POS,POS
csvData15745723.csv,csvData27987124.csv,POS,POS
csvData15745723.csv,csvData5124506.csv,POS,POS
csvData15025720.csv,csvData20075499.csv,Team,Team
csvData14038006.csv,csvData16773669.csv,SLG,SLG
csvData14038006.csv,csvData2404013.csv,SLG,SLG
csvData28449023.csv,csvData26655046.csv,TRB%,TRB%
csvData25019043.csv,csvData26655046.csv,ORB%,ORB%
csvData8598250.csv,csvData15745723.csv,OPS,OPS
csvData8598250.csv,csvData21286196.csv,OPS,OPS
csvData8598250.csv,csvData27987124.csv,OPS,OPS
csvData29230622.csv,csvData8549891.csv,VORP,VORP
csvData13726780.csv,csvData26655046.csv,TS%,TS%
csvData18786685.csv,csvData20535739.csv,Player,Player
csvData18786685.csv,csvData29346752.csv,Player,Player
csvData13434912.csv,csvData19553885.csv,RBI,RBI
csvData1902536.csv,csvData15745723.csv,GIDP,GIDP
csvData1902536.csv,csvData10027553.csv,GIDP,GIDP
csvData1902536.csv,csvData27987124.csv,GIDP,GIDP
csvData26447856.csv,csvData21286196.csv,POS,POS
csvData26447856.csv,csvData10027553.csv,POS,POS
csvData26447856.csv,csvData15745723.csv,GIDP,GIDP
csvData26447856.csv,csvData10027553.csv,GIDP,GIDP
csvData26447856.csv,csvData27987124.csv,GIDP,GIDP
csvData2404013.csv,csvData5124506.csv,POS,POS
csvData11762781.csv,csvData2832935.csv,ibb,ibb
csvData11762781.csv,csvData2688573.csv,ibb,ibb
csvData24807247.csv,csvData20535739.csv,Player,Player
csvData24807247.csv,csvData29346752.csv,Player,Player
csvData21180610.csv,csvData20535739.csv,Player,Player
csvData21180610.csv,csvData29346752.csv,Player,Player
csvData21180610.csv,csvData17302070.csv,Player,Player
csvData21180610.csv,csvData27008272.csv,FT%,FT%
csvData21180610.csv,csvData6468042.csv,3PM,3PM
csvData19688700.csv,csvData27987124.csv,OPS,OPS
csvData16773977.csv,csvData27008272.csv,SPG,SPG
csvData7401568.csv,csvData20075499.csv,Team,Team
csvData25450714.csv,csvData15745723.csv,GIDP,GIDP
csvData25450714.csv,csvData10027553.csv,GIDP,GIDP
csvData25450714.csv,csvData27987124.csv,GIDP,GIDP
csvData25450714.csv,csvData9768769.csv,GIDP,GIDP
csvData25450714.csv,csvData9739809.csv,GIDP,GIDP
csvData28672318.csv,csvData19553885.csv,RBI,RBI
csvData19130941.csv,csvData27987124.csv,OPS,OPS
csvData10074535.csv,csvData27987124.csv,OPS,OPS
csvData15933779.csv,csvData22418917.csv,ORtg,ORtg
csvData25450714.csv,csvData16773669.csv,SLG,SLG
csvData25450714.csv,csvData2404013.csv,SLG,SLG
csvData25450714.csv,csvData5124506.csv,POS,POS
csvData7401568.csv,csvData15745723.csv,OPS,OPS
csvData4602349.csv,csvData16773669.csv,SLG,SLG
csvData4602349.csv,csvData2404013.csv,SLG,SLG
csvData15391018.csv,csvData22069876.csv,Slab,Slab
csvData15391018.csv,csvData16825359.csv,Slab,Slab
csvData15391018.csv,csvData22069876.csv,Arch-Deck,Arch-Deck
csvData15391018.csv,csvData14297814.csv,Truss-Deck,Truss-Deck
csvData15391018.csv,csvData14297814.csv,Box Beam or Girders (Single or Spread),Box Beam or Girders (Single or Spread)
csvData24805223.csv,csvData27987124.csv,OPS,OPS
csvData21675463.csv,csvData15745723.csv,GIDP,GIDP
csvData21675463.csv,csvData10027553.csv,GIDP,GIDP
csvData21675463.csv,csvData27987124.csv,GIDP,GIDP
csvData21675463.csv,csvData9768769.csv,GIDP,GIDP
csvData15936069.csv,csvData24341501.csv,VORP,VORP
csvData10074535.csv,csvData16773669.csv,RBI,RBI
csvData10074535.csv,csvData19553885.csv,RBI,RBI
csvData13638124.csv,csvData29346752.csv,OBP,OBP
csvData23033509.csv,csvData9739809.csv,OBP,OBP
csvData23033509.csv,csvData20535739.csv,OBP,OBP
csvData23033509.csv,csvData29346752.csv,OBP,OBP
csvData2879490.csv,csvData5124506.csv,POS,POS
csvData13997791.csv,csvData5124506.csv,POS,POS
csvData19132138.csv,csvData24341501.csv,VORP,VORP
csvData6680543.csv,csvData26655046.csv,ORtg,ORtg
csvData2798756.csv,csvData26655046.csv,TS%,TS%
csvData11331104.csv,csvData22418917.csv,BLK%,BLK%
csvData15894443.csv,csvData29346752.csv,AVG,AVG
csvData2485779.csv,csvData16773669.csv,RBI,RBI
csvData2485779.csv,csvData19553885.csv,RBI,RBI
csvData19688700.csv,csvData16773669.csv,RBI,RBI
csvData19688700.csv,csvData19553885.csv,RBI,RBI
csvData16114577.csv,csvData15745723.csv,OPS,OPS
csvData16114577.csv,csvData21286196.csv,OPS,OPS
csvData2285399.csv,csvData16773669.csv,SLG,SLG
csvData2285399.csv,csvData2404013.csv,SLG,SLG
csvData28219100.csv,csvData26655046.csv,ORtg,ORtg
csvData4676916.csv,csvData19553885.csv,RBI,RBI
csvData26929064.csv,csvData22418917.csv,BLK%,BLK%
csvData13891302.csv,csvData15745723.csv,OPS,OPS
csvData13891302.csv,csvData21286196.csv,OPS,OPS
csvData22558849.csv,csvData16773669.csv,SLG,SLG
csvData22558849.csv,csvData2404013.csv,SLG,SLG
csvData6592205.csv,csvData15745723.csv,GIDP,GIDP
csvData6592205.csv,csvData10027553.csv,GIDP,GIDP
csvData6592205.csv,csvData9768769.csv,GIDP,GIDP
csvData6592205.csv,csvData9739809.csv,GIDP,GIDP
csvData17517374.csv,csvData16773669.csv,SLG,SLG
csvData17517374.csv,csvData2404013.csv,SLG,SLG
csvData7104405.csv,csvData20075499.csv,SLG,SLG
csvData11573229.csv,csvData2852713.csv,RAR,RAR
csvData16773977.csv,csvData9739809.csv,Team,Team
csvData16773977.csv,csvData20535739.csv,Team,Team
csvData16773977.csv,csvData20075499.csv,Team,Team
csvData2761087.csv,csvData16773669.csv,SLG,SLG
csvData2761087.csv,csvData2404013.csv,SLG,SLG
csvData2761087.csv,csvData20075499.csv,SLG,SLG
csvData2761087.csv,csvData17302070.csv,Player,Player
csvData8992728.csv,csvData26655046.csv,TS%,TS%
csvData18661263.csv,csvData5124506.csv,POS,POS
csvData21198812.csv,csvData16773669.csv,SLG,SLG
csvData21198812.csv,csvData2404013.csv,SLG,SLG
csvData13703215.csv,csvData783968.csv,Pos,Pos
csvData3871380.csv,csvData22335715.csv,avg,avg
csvData15745723.csv,csvData19553885.csv,AVG,AVG
csvData7434868.csv,csvData6468042.csv,FTM,FTM
csvData11957850.csv,csvData22418917.csv,DRB%,DRB%
csvData27008272.csv,csvData7434868.csv,RPG,RPG
csvData27008272.csv,csvData26724876.csv,RPG,RPG
csvData16773977.csv,csvData27008272.csv,RPG,RPG
csvData16773977.csv,csvData7434868.csv,RPG,RPG
csvData1068737.csv,csvData6468042.csv,FTM,FTM
csvData3461808.csv,csvData26655046.csv,ORtg,ORtg
csvData18786685.csv,csvData27008272.csv,FT%,FT%
csvData2285399.csv,csvData24341501.csv,VORP,VORP
csvData2285399.csv,csvData8549891.csv,VORP,VORP
csvData13336059.csv,csvData19553885.csv,RBI,RBI
csvData8804961.csv,csvData20075499.csv,Team,Team
csvData16825359.csv,csvData22069876.csv,Slab,Slab
csvData16825359.csv,csvData10777645.csv,State,State
csvData28681743.csv,csvData27008272.csv,PPG,PPG
csvData6468042.csv,csvData27008272.csv,FT%,FT%
csvData6468042.csv,csvData27008272.csv,FGA,FGA
csvData6605406.csv,csvData6468042.csv,DRB,DRB
csvData19659867.csv,csvData22418917.csv,USG%,USG%
csvData22060727.csv,csvData26655046.csv,TS%,TS%
csvData704435.csv,csvData26655046.csv,TS%,TS%
csvData17302070.csv,csvData29346752.csv,OBP,OBP
csvData4460.csv,csvData26655046.csv,TS%,TS%
csvData27686060.csv,csvData15745723.csv,GIDP,GIDP
csvData27686060.csv,csvData10027553.csv,GIDP,GIDP
csvData27686060.csv,csvData27987124.csv,GIDP,GIDP
csvData27686060.csv,csvData9768769.csv,GIDP,GIDP
csvData23033509.csv,csvData9739809.csv,Team,Team
csvData23033509.csv,csvData20535739.csv,Team,Team
csvData23033509.csv,csvData20075499.csv,Team,Team
csvData23033509.csv,csvData21286196.csv,POS,POS
csvData23033509.csv,csvData10027553.csv,POS,POS
csvData29230622.csv,csvData15936069.csv,LVL,LVL
csvData5376485.csv,csvData19553885.csv,AVG,AVG
csvData5376485.csv,csvData29346752.csv,AVG,AVG
csvData10749767.csv,csvData15745723.csv,GIDP,GIDP
csvData10749767.csv,csvData10027553.csv,GIDP,GIDP
csvData10749767.csv,csvData27987124.csv,GIDP,GIDP
csvData1786628.csv,csvData26655046.csv,ORB%,ORB%
csvData29346752.csv,csvData17302070.csv,Player,Player
csvData27627434.csv,csvData26655046.csv,USG%,USG%
csvData24807247.csv,csvData9739809.csv,Team,Team
csvData24807247.csv,csvData20535739.csv,Team,Team
csvData24807247.csv,csvData20075499.csv,Team,Team
csvData29383799.csv,csvData16773669.csv,SLG,SLG
csvData29383799.csv,csvData2404013.csv,SLG,SLG
csvData25019043.csv,csvData22418917.csv,eFG%,eFG%
csvData12976003.csv,csvData27008272.csv,FGA,FGA
csvData12976003.csv,csvData6468042.csv,FGA,FGA
csvData8549891.csv,csvData19553885.csv,AVG,AVG
csvData1444875.csv,csvData9739809.csv,OBP,OBP
csvData1444875.csv,csvData20535739.csv,OBP,OBP
csvData29331554.csv,csvData26655046.csv,USG%,USG%
csvData29331554.csv,csvData26655046.csv,TRB%,TRB%
csvData13227194.csv,csvData27987124.csv,OPS,OPS
csvData10963461.csv,csvData26655046.csv,ORtg,ORtg
csvData9469123.csv,csvData29346752.csv,AVG,AVG
csvData18798221.csv,csvData26655046.csv,ORtg,ORtg
csvData18798221.csv,csvData22418917.csv,ORtg,ORtg
csvData27627434.csv,csvData22418917.csv,eFG%,eFG%
csvData19072013.csv,csvData9768769.csv,GIDP,GIDP
csvData11387111.csv,csvData26655046.csv,TS%,TS%
csvData29346752.csv,csvData21286196.csv,POS,POS
csvData29346752.csv,csvData10027553.csv,POS,POS
csvData29346752.csv,csvData27987124.csv,POS,POS
csvData29373882.csv,csvData15497713.csv,oppOPS,oppOPS
csvData29373882.csv,csvData29230622.csv,oppOPS,oppOPS
csvData29373882.csv,csvData24341501.csv,oppOPS,oppOPS
csvData27526946.csv,csvData17328067.csv,Yrs,Yrs
csvData12709080.csv,csvData26655046.csv,ORB%,ORB%
csvData6468042.csv,csvData27008272.csv,3P%,3P%
csvData1564466.csv,csvData16773669.csv,SLG,SLG
csvData1564466.csv,csvData2404013.csv,SLG,SLG
csvData1564466.csv,csvData15745723.csv,GIDP,GIDP
csvData1564466.csv,csvData10027553.csv,GIDP,GIDP
csvData1564466.csv,csvData27987124.csv,GIDP,GIDP
csvData18518969.csv,csvData26655046.csv,TS%,TS%
csvData13523115.csv,csvData15497713.csv,oppOBP,oppOBP
csvData13523115.csv,csvData24341501.csv,oppOBP,oppOBP
csvData18786685.csv,csvData6468042.csv,3PM,3PM
csvData11585188.csv,csvData22418917.csv,BLK%,BLK%
csvData7320164.csv,csvData15745723.csv,OPS,OPS
csvData7320164.csv,csvData21286196.csv,OPS,OPS
csvData15894443.csv,csvData24341501.csv,VORP,VORP
csvData15894443.csv,csvData15936069.csv,oppAVG,oppAVG
csvData14213420.csv,csvData21286196.csv,POS,POS
csvData14213420.csv,csvData10027553.csv,POS,POS
csvData14213420.csv,csvData27987124.csv,POS,POS
csvData2879490.csv,csvData27987124.csv,OPS,OPS
csvData23141915.csv,csvData26655046.csv,TRB%,TRB%
csvData22475593.csv,csvData22418917.csv,DRB%,DRB%
csvData4643292.csv,csvData26655046.csv,ORB%,ORB%
csvData8549891.csv,csvData9739809.csv,OBP,OBP
csvData8549891.csv,csvData20535739.csv,OBP,OBP
csvData7434868.csv,csvData27008272.csv,RPG,RPG
csvData7434868.csv,csvData6468042.csv,DRB,DRB
csvData24782950.csv,csvData26655046.csv,USG%,USG%
csvData6917053.csv,csvData19553885.csv,AVG,AVG
csvData6917053.csv,csvData29346752.csv,AVG,AVG
csvData21300577.csv,csvData20535739.csv,Player,Player
csvData21300577.csv,csvData29346752.csv,Player,Player
csvData3383853.csv,csvData27987124.csv,POS,POS
csvData3383853.csv,csvData5124506.csv,POS,POS
csvData3383853.csv,csvData27987124.csv,OPS,OPS
csvData2590167.csv,csvData27987124.csv,OPS,OPS
csvData11839331.csv,csvData6468042.csv,3PM,3PM
csvData11839331.csv,csvData6468042.csv,MIN,MIN
csvData25794067.csv,csvData26655046.csv,TRB%,TRB%
csvData9475480.csv,csvData9739809.csv,OBP,OBP
csvData9475480.csv,csvData20535739.csv,OBP,OBP
csvData18784108.csv,csvData9739809.csv,OBP,OBP
csvData18784108.csv,csvData20535739.csv,OBP,OBP
csvData14512292.csv,csvData9739809.csv,Team,Team
csvData14512292.csv,csvData20535739.csv,Team,Team
csvData14512292.csv,csvData20075499.csv,Team,Team
csvData2679641.csv,csvData9739809.csv,OBP,OBP
csvData2679641.csv,csvData20535739.csv,OBP,OBP
csvData14585065.csv,csvData27008272.csv,FGA,FGA
csvData14585065.csv,csvData6468042.csv,FGA,FGA
csvData1902536.csv,csvData29346752.csv,OBP,OBP
csvData24131822.csv,csvData15936069.csv,oppTAv,oppTAv
csvData7789467.csv,csvData19621512.csv,oppOPS,oppOPS
csvData7789467.csv,csvData9739809.csv,OBP,OBP
csvData7789467.csv,csvData20535739.csv,OBP,OBP
csvData7063593.csv,csvData26655046.csv,TS%,TS%
csvData6444295.csv,csvData27008272.csv,FGM,FGM
csvData14213420.csv,csvData9768769.csv,GIDP,GIDP
csvData14213420.csv,csvData9739809.csv,GIDP,GIDP
csvData11387111.csv,csvData26655046.csv,ORB%,ORB%
csvData15965777.csv,csvData19553885.csv,AVG,AVG
csvData7222492.csv,csvData6468042.csv,FGA,FGA
csvData8598250.csv,csvData19553885.csv,AVG,AVG
csvData8598250.csv,csvData29346752.csv,AVG,AVG
csvData28681743.csv,csvData27008272.csv,SPG,SPG
csvData28681743.csv,csvData7434868.csv,SPG,SPG
csvData786002.csv,csvData26655046.csv,ORB%,ORB%
csvData1431383.csv,csvData26655046.csv,TRB%,TRB%
csvData8549891.csv,csvData24341501.csv,AGE,AGE
csvData4602349.csv,csvData20535739.csv,Player,Player
csvData4602349.csv,csvData29346752.csv,Player,Player
csvData18786685.csv,csvData27008272.csv,FGM,FGM
csvData18786685.csv,csvData6468042.csv,FGM,FGM
csvData18786685.csv,csvData27008272.csv,3P%,3P%
csvData18786685.csv,csvData6468042.csv,3P%,3P%
csvData6444295.csv,csvData6468042.csv,FTM,FTM
csvData8066901.csv,csvData21286196.csv,POS,POS
csvData8066901.csv,csvData10027553.csv,POS,POS
csvData1635358.csv,csvData22418917.csv,ORtg,ORtg
csvData13227194.csv,csvData16773669.csv,SLG,SLG
csvData13227194.csv,csvData2404013.csv,SLG,SLG
csvData15894443.csv,csvData24341501.csv,AGE,AGE
csvData26853929.csv,csvData9739809.csv,Team,Team
csvData26853929.csv,csvData20535739.csv,Team,Team
csvData26853929.csv,csvData13703215.csv,Player Name,Player Name
csvData26853929.csv,csvData17517374.csv,Player Name,Player Name
csvData10749767.csv,csvData16773669.csv,RBI,RBI
csvData10749767.csv,csvData19553885.csv,RBI,RBI
csvData2660625.csv,csvData26655046.csv,ORtg,ORtg
csvData14443150.csv,csvData27008272.csv,PPG,PPG
csvData14443150.csv,csvData6468042.csv,3PM,3PM
csvData10749767.csv,csvData20535739.csv,Player,Player
csvData10749767.csv,csvData29346752.csv,Player,Player
csvData27627434.csv,csvData22418917.csv,BLK%,BLK%
csvData29373882.csv,csvData15497713.csv,oppOBP,oppOBP
csvData22384272.csv,csvData26655046.csv,ORtg,ORtg
csvData8804961.csv,csvData21286196.csv,POS,POS
csvData8804961.csv,csvData10027553.csv,POS,POS
csvData8804961.csv,csvData27987124.csv,POS,POS
csvData8804961.csv,csvData5124506.csv,POS,POS
csvData17054209.csv,csvData26655046.csv,ORtg,ORtg
csvData17054209.csv,csvData22418917.csv,ORtg,ORtg
csvData19621512.csv,csvData19553885.csv,AVG,AVG
csvData19621512.csv,csvData29346752.csv,AVG,AVG
csvData16114577.csv,csvData20075499.csv,SLG,SLG
csvData19643891.csv,csvData15745723.csv,OPS,OPS
csvData19643891.csv,csvData21286196.csv,OPS,OPS
csvData19643891.csv,csvData27987124.csv,OPS,OPS
csvData397377.csv,csvData26655046.csv,USG%,USG%
csvData4460.csv,csvData22418917.csv,BLK%,BLK%
csvData5376485.csv,csvData5124506.csv,POS,POS
csvData27686060.csv,csvData19553885.csv,AVG,AVG
csvData2832935.csv,csvData2688573.csv,ibb,ibb
csvData6468042.csv,csvData7434868.csv,DRB,DRB
csvData1444875.csv,csvData19553885.csv,AVG,AVG
csvData1444875.csv,csvData29346752.csv,AVG,AVG
csvData16382327.csv,csvData26655046.csv,ORtg,ORtg
csvData16382327.csv,csvData26655046.csv,USG%,USG%
csvData9925714.csv,csvData27008272.csv,PPG,PPG
csvData8620997.csv,csvData15745723.csv,OPS,OPS
csvData8620997.csv,csvData21286196.csv,OPS,OPS
csvData8620997.csv,csvData27987124.csv,OPS,OPS
csvData26863691.csv,csvData15745723.csv,OPS,OPS
csvData26863691.csv,csvData21286196.csv,OPS,OPS
csvData26863691.csv,csvData16773669.csv,RBI,RBI
csvData26863691.csv,csvData19553885.csv,RBI,RBI
csvData5376485.csv,csvData16773669.csv,RBI,RBI
csvData14429913.csv,csvData26655046.csv,ORB%,ORB%
csvData9205349.csv,csvData20075499.csv,Team,Team
csvData27008272.csv,csvData20075499.csv,Team,Team
csvData9739809.csv,csvData5124506.csv,POS,POS
csvData27008272.csv,csvData6468042.csv,DRB,DRB
csvData11839331.csv,csvData27008272.csv,TOV,TOV
csvData19114693.csv,csvData27008272.csv,PPG,PPG
csvData19114693.csv,csvData20535739.csv,Player,Player
csvData19114693.csv,csvData29346752.csv,Player,Player
csvData12906779.csv,csvData9739809.csv,OBP,OBP
csvData12906779.csv,csvData20535739.csv,OBP,OBP
csvData14213420.csv,csvData15745723.csv,OPS,OPS
csvData14213420.csv,csvData21286196.csv,OPS,OPS
csvData25525273.csv,csvData26655046.csv,ORB%,ORB%
csvData18562133.csv,csvData27987124.csv,POS,POS
csvData29383799.csv,csvData20075499.csv,SLG,SLG
csvData26863691.csv,csvData9739809.csv,OBP,OBP
csvData26863691.csv,csvData20535739.csv,OBP,OBP
csvData22709338.csv,csvData22335715.csv,gdp,gdp
csvData22709338.csv,csvData12168209.csv,gdp,gdp
csvData3356382.csv,csvData3284798.csv,Split,Split
csvData2792289.csv,csvData26655046.csv,TS%,TS%
csvData27587184.csv,csvData26655046.csv,TS%,TS%
csvData19132138.csv,csvData8549891.csv,VORP,VORP
csvData29331554.csv,csvData26655046.csv,ORB%,ORB%
csvData5124506.csv,csvData20075499.csv,Team,Team
csvData5124506.csv,csvData16773669.csv,RBI,RBI
csvData5124506.csv,csvData19553885.csv,RBI,RBI
csvData15936069.csv,csvData8549891.csv,VORP,VORP
csvData10513074.csv,csvData15745723.csv,OPS,OPS
csvData10513074.csv,csvData21286196.csv,OPS,OPS
csvData17517374.csv,csvData26853929.csv,Player Name,Player Name
csvData6444295.csv,csvData27008272.csv,FGA,FGA
csvData6444295.csv,csvData6468042.csv,FGA,FGA
csvData436368.csv,csvData21286196.csv,POS,POS
csvData436368.csv,csvData10027553.csv,POS,POS
csvData436368.csv,csvData27987124.csv,POS,POS
csvData436368.csv,csvData5124506.csv,POS,POS
csvData13336059.csv,csvData9739809.csv,OBP,OBP
csvData13336059.csv,csvData20535739.csv,OBP,OBP
csvData4676916.csv,csvData9739809.csv,OBP,OBP
csvData4676916.csv,csvData20535739.csv,OBP,OBP
csvData7401568.csv,csvData15745723.csv,GIDP,GIDP
csvData7401568.csv,csvData10027553.csv,GIDP,GIDP
csvData7401568.csv,csvData27987124.csv,GIDP,GIDP
csvData22678292.csv,csvData22418917.csv,DRB%,DRB%
csvData13292203.csv,csvData21286196.csv,POS,POS
csvData13292203.csv,csvData15745723.csv,GIDP,GIDP
csvData13292203.csv,csvData10027553.csv,GIDP,GIDP
csvData13292203.csv,csvData27987124.csv,GIDP,GIDP
csvData13292203.csv,csvData9768769.csv,GIDP,GIDP
csvData13292203.csv,csvData16773669.csv,RBI,RBI
csvData13292203.csv,csvData19553885.csv,RBI,RBI
csvData15745723.csv,csvData29346752.csv,AVG,AVG
csvData26649044.csv,csvData2852713.csv,Rdp,Rdp
csvData27604003.csv,csvData26655046.csv,ORB%,ORB%
csvData19132138.csv,csvData24341501.csv,AGE,AGE
csvData7401568.csv,csvData29346752.csv,OBP,OBP
csvData21165450.csv,csvData158232.csv,b/s,b/s
csvData29373882.csv,csvData24341501.csv,VORP,VORP
csvData14213420.csv,csvData20075499.csv,SLG,SLG
csvData19643891.csv,csvData16773669.csv,RBI,RBI
csvData20076526.csv,csvData26655046.csv,TS%,TS%
csvData28386553.csv,csvData9739809.csv,GIDP,GIDP
csvData13336059.csv,csvData5124506.csv,POS,POS
csvData8066901.csv,csvData19553885.csv,AVG,AVG
csvData8066901.csv,csvData29346752.csv,AVG,AVG
csvData27587184.csv,csvData22418917.csv,BLK%,BLK%
csvData15936069.csv,csvData16773669.csv,SLG,SLG
csvData15936069.csv,csvData2404013.csv,SLG,SLG
csvData15936069.csv,csvData24341501.csv,PPF,PPF
csvData25794067.csv,csvData26655046.csv,TS%,TS%
csvData10027553.csv,csvData15745723.csv,OPS,OPS
csvData10027553.csv,csvData21286196.csv,OPS,OPS
csvData10027553.csv,csvData27987124.csv,OPS,OPS
csvData25450714.csv,csvData27987124.csv,OPS,OPS
csvData7434868.csv,csvData27008272.csv,SPG,SPG
csvData22241580.csv,csvData16773669.csv,RBI,RBI
csvData29331554.csv,csvData26655046.csv,TS%,TS%
csvData2679641.csv,csvData29346752.csv,OBP,OBP
csvData21084464.csv,csvData29346752.csv,OBP,OBP
csvData2075494.csv,csvData26655046.csv,ORB%,ORB%
csvData19970342.csv,csvData26655046.csv,ORB%,ORB%
csvData14690251.csv,csvData20075499.csv,Team,Team
csvData5124506.csv,csvData16773669.csv,SLG,SLG
csvData5124506.csv,csvData2404013.csv,SLG,SLG
csvData5124506.csv,csvData20075499.csv,SLG,SLG
csvData1363020.csv,csvData2852713.csv,Rbaser,Rbaser
csvData6605406.csv,csvData7434868.csv,SPG,SPG
csvData19659867.csv,csvData26655046.csv,TS%,TS%
csvData13227194.csv,csvData19553885.csv,AVG,AVG
csvData13227194.csv,csvData29346752.csv,AVG,AVG
csvData10001964.csv,csvData26655046.csv,ORB%,ORB%
csvData7434868.csv,csvData27008272.csv,FT%,FT%
csvData7434868.csv,csvData6468042.csv,3PM,3PM
csvData14512292.csv,csvData15745723.csv,OPS,OPS
csvData14512292.csv,csvData21286196.csv,OPS,OPS
csvData14512292.csv,csvData27987124.csv,OPS,OPS
csvData14512292.csv,csvData15745723.csv,GIDP,GIDP
csvData14512292.csv,csvData10027553.csv,GIDP,GIDP
csvData14512292.csv,csvData27987124.csv,GIDP,GIDP
csvData14512292.csv,csvData9768769.csv,GIDP,GIDP
csvData22069876.csv,csvData14297814.csv,Segmental Box Girder,Segmental Box Girder
csvData29383799.csv,csvData9739809.csv,OBP,OBP
csvData29383799.csv,csvData20535739.csv,OBP,OBP
csvData13434912.csv,csvData15745723.csv,OPS,OPS
csvData13434912.csv,csvData21286196.csv,OPS,OPS
csvData13434912.csv,csvData27987124.csv,OPS,OPS
csvData3726343.csv,csvData20535739.csv,Player,Player
csvData3726343.csv,csvData29346752.csv,Player,Player
csvData3726343.csv,csvData17302070.csv,Player,Player
csvData13227194.csv,csvData20075499.csv,Team,Team
csvData14833792.csv,csvData16773669.csv,SLG,SLG
csvData14833792.csv,csvData2404013.csv,SLG,SLG
csvData24108736.csv,csvData19553885.csv,AVG,AVG
csvData24108736.csv,csvData29346752.csv,AVG,AVG
csvData3871380.csv,csvData12168209.csv,avg,avg
csvData25437325.csv,csvData29346752.csv,OBP,OBP
csvData25437325.csv,csvData16773669.csv,RBI,RBI
csvData18784108.csv,csvData9768769.csv,GIDP,GIDP
csvData18784108.csv,csvData9739809.csv,GIDP,GIDP
csvData26239762.csv,csvData26655046.csv,TS%,TS%
csvData896377.csv,csvData6468042.csv,FGA,FGA
csvData27008272.csv,csvData6468042.csv,FGM,FGM
csvData29383799.csv,csvData5124506.csv,POS,POS
csvData6267481.csv,csvData2852713.csv,WAA,WAA
csvData6267481.csv,csvData2852713.csv,Acquired,Acquired
csvData2485779.csv,csvData16773669.csv,SLG,SLG
csvData2485779.csv,csvData2404013.csv,SLG,SLG
csvData4674540.csv,csvData21286196.csv,POS,POS
csvData4674540.csv,csvData10027553.csv,POS,POS
csvData4674540.csv,csvData27987124.csv,POS,POS
csvData4674540.csv,csvData5124506.csv,POS,POS
csvData13051044.csv,csvData22418917.csv,BLK%,BLK%
csvData21873021.csv,csvData19553885.csv,AVG,AVG
csvData5018557.csv,csvData9739809.csv,OBP,OBP
csvData5018557.csv,csvData20535739.csv,OBP,OBP
csvData20535739.csv,csvData9768769.csv,GIDP,GIDP
csvData20535739.csv,csvData9739809.csv,GIDP,GIDP
csvData16773977.csv,csvData7434868.csv,SPG,SPG
csvData16773977.csv,csvData27008272.csv,TOV,TOV
csvData16773977.csv,csvData11839331.csv,TOV,TOV
csvData23935204.csv,csvData22418917.csv,BLK%,BLK%
csvData21180610.csv,csvData6468042.csv,MIN,MIN
csvData8620997.csv,csvData9739809.csv,OBP,OBP
csvData8620997.csv,csvData20535739.csv,OBP,OBP
csvData9475480.csv,csvData15745723.csv,OPS,OPS
csvData9475480.csv,csvData21286196.csv,OPS,OPS
csvData9475480.csv,csvData27987124.csv,OPS,OPS
csvData919002.csv,csvData22418917.csv,DRB%,DRB%
csvData16527648.csv,csvData20535739.csv,Player,Player
csvData16527648.csv,csvData29346752.csv,Player,Player
csvData8598250.csv,csvData9739809.csv,Team,Team
csvData8598250.csv,csvData20535739.csv,Team,Team
csvData8598250.csv,csvData16773669.csv,RBI,RBI
csvData16773977.csv,csvData27008272.csv,FGA,FGA
csvData16773977.csv,csvData6468042.csv,FGA,FGA
csvData16083137.csv,csvData26655046.csv,USG%,USG%
csvData9475480.csv,csvData16773669.csv,RBI,RBI
csvData13997791.csv,csvData15745723.csv,GIDP,GIDP
csvData13997791.csv,csvData10027553.csv,GIDP,GIDP
csvData13997791.csv,csvData27987124.csv,GIDP,GIDP
csvData28449023.csv,csvData26655046.csv,ORB%,ORB%
csvData28386553.csv,csvData21286196.csv,POS,POS
csvData28386553.csv,csvData10027553.csv,POS,POS
csvData15391018.csv,csvData14297814.csv,Arch-Thru,Arch-Thru
csvData3178438.csv,csvData27008272.csv,RPG,RPG
csvData3178438.csv,csvData7434868.csv,RPG,RPG
csvData21300577.csv,csvData29346752.csv,OBP,OBP
csvData19621512.csv,csvData8549891.csv,VORP,VORP
csvData9103974.csv,csvData24341501.csv,AGE,AGE
csvData29373882.csv,csvData24341501.csv,oppOBP,oppOBP
csvData29373882.csv,csvData19621512.csv,oppOBP,oppOBP
csvData22050447.csv,csvData3284798.csv,3FGA,3FGA
csvData10749767.csv,csvData16773669.csv,SLG,SLG
csvData10749767.csv,csvData2404013.csv,SLG,SLG
csvData10749767.csv,csvData20075499.csv,SLG,SLG
csvData1564466.csv,csvData16773669.csv,RBI,RBI
csvData1564466.csv,csvData19553885.csv,RBI,RBI
csvData4431378.csv,csvData21286196.csv,POS,POS
csvData4431378.csv,csvData10027553.csv,POS,POS
csvData4431378.csv,csvData27987124.csv,POS,POS
csvData4431378.csv,csvData5124506.csv,POS,POS
csvData23789447.csv,csvData27008272.csv,3P%,3P%
csvData23789447.csv,csvData6468042.csv,3P%,3P%
csvData25917960.csv,csvData26655046.csv,TRB%,TRB%
csvData3383853.csv,csvData9768769.csv,GIDP,GIDP
csvData18926379.csv,csvData26655046.csv,USG%,USG%
csvData19387543.csv,csvData3871380.csv,avg,avg
csvData22050447.csv,csvData27008272.csv,FT%,FT%
csvData9739809.csv,csvData17302070.csv,Player,Player
csvData26959440.csv,csvData16773669.csv,SLG,SLG
csvData26959440.csv,csvData2404013.csv,SLG,SLG
csvData26959440.csv,csvData15745723.csv,GIDP,GIDP
csvData26959440.csv,csvData10027553.csv,GIDP,GIDP
csvData26959440.csv,csvData27987124.csv,GIDP,GIDP
csvData896377.csv,csvData6468042.csv,ORB,ORB
csvData26649044.csv,csvData2852713.csv,WAR,WAR
csvData10508770.csv,csvData9739809.csv,OBP,OBP
csvData10508770.csv,csvData20535739.csv,OBP,OBP
csvData10508770.csv,csvData29346752.csv,OBP,OBP
csvData9845791.csv,csvData23175634.csv,Blk,Blk
csvData26672678.csv,csvData19553885.csv,AVG,AVG
csvData26672678.csv,csvData29346752.csv,AVG,AVG
csvData26651945.csv,csvData20075499.csv,Team,Team
csvData16736013.csv,csvData7434868.csv,APG,APG
csvData23033509.csv,csvData19553885.csv,AVG,AVG
csvData13588389.csv,csvData26655046.csv,ORtg,ORtg
csvData13588389.csv,csvData22418917.csv,ORtg,ORtg
csvData28681743.csv,csvData6468042.csv,DRB,DRB
csvData28681743.csv,csvData7434868.csv,DRB,DRB
csvData24807247.csv,csvData5124506.csv,POS,POS
csvData9739809.csv,csvData15745723.csv,OPS,OPS
csvData9739809.csv,csvData21286196.csv,OPS,OPS
csvData25283220.csv,csvData5124506.csv,POS,POS
csvData23033509.csv,csvData29346752.csv,AVG,AVG
csvData2404013.csv,csvData16773669.csv,RBI,RBI
csvData2404013.csv,csvData19553885.csv,RBI,RBI
csvData16000106.csv,csvData16773669.csv,SLG,SLG
csvData16000106.csv,csvData2404013.csv,SLG,SLG
csvData26239762.csv,csvData26655046.csv,TRB%,TRB%
csvData10508770.csv,csvData16773669.csv,RBI,RBI
csvData10508770.csv,csvData19553885.csv,RBI,RBI
csvData16527648.csv,csvData15745723.csv,GIDP,GIDP
csvData16527648.csv,csvData10027553.csv,GIDP,GIDP
csvData16527648.csv,csvData27987124.csv,GIDP,GIDP
csvData13891302.csv,csvData27987124.csv,OPS,OPS
csvData19898919.csv,csvData26655046.csv,TRB%,TRB%
csvData20535739.csv,csvData29346752.csv,OBP,OBP
csvData9371268.csv,csvData22418917.csv,eFG%,eFG%
csvData3726343.csv,csvData9739809.csv,OBP,OBP
csvData3726343.csv,csvData20535739.csv,OBP,OBP
csvData15894443.csv,csvData8549891.csv,VORP,VORP
csvData1564466.csv,csvData9739809.csv,OBP,OBP
csvData1564466.csv,csvData20535739.csv,OBP,OBP
csvData11859275.csv,csvData2832935.csv,ibb,ibb
csvData11859275.csv,csvData2688573.csv,ibb,ibb
csvData7401568.csv,csvData9768769.csv,GIDP,GIDP
csvData6680543.csv,csvData22418917.csv,ORtg,ORtg
csvData397377.csv,csvData26655046.csv,TS%,TS%
csvData3178438.csv,csvData6468042.csv,ORB,ORB
csvData2404013.csv,csvData19553885.csv,AVG,AVG
csvData2404013.csv,csvData29346752.csv,AVG,AVG
csvData2404013.csv,csvData15745723.csv,OPS,OPS
csvData2404013.csv,csvData21286196.csv,OPS,OPS
csvData26724876.csv,csvData9739809.csv,Team,Team
csvData26724876.csv,csvData20535739.csv,Team,Team
csvData26724876.csv,csvData20075499.csv,Team,Team
csvData19160061.csv,csvData28325620.csv,Draft Info,Draft Info
csvData23195006.csv,csvData15352261.csv,Current Ratio,Current Ratio
csvData23195006.csv,csvData15352261.csv,Market Cap (Mil),Market Cap (Mil)
csvData23195006.csv,csvData15352261.csv,Financial Strength,Financial Strength
csvData23195006.csv,csvData15352261.csv,ROA (%),ROA (%)
csvData23195006.csv,csvData15352261.csv,Oper. Margin (%),Oper. Margin (%)
csvData29134297.csv,csvData9739809.csv,Team,Team
csvData29134297.csv,csvData20535739.csv,Team,Team
csvData29134297.csv,csvData20075499.csv,Team,Team
csvData18518803.csv,csvData2182929.csv,Location,Location
csvData16948558.csv,csvData11247855.csv,Play Description,Play Description
csvData16948558.csv,csvData12463329.csv,Play Description,Play Description
csvData16948558.csv,csvData11247855.csv,Pit(cnt)Sequence,Pit(cnt)Sequence
csvData16948558.csv,csvData11247855.csv,wWE,wWE
csvData16948558.csv,csvData12463329.csv,wWE,wWE
csvData20230597.csv,csvData7778755.csv,line/ramp,line/ramp
csvData25714988.csv,csvData7778755.csv,line/ramp,line/ramp
csvData2301132.csv,csvData9739809.csv,Team,Team
csvData2301132.csv,csvData20535739.csv,Team,Team
csvData2301132.csv,csvData20075499.csv,Team,Team
csvData6502980.csv,csvData783968.csv,Pos,Pos
csvData28284538.csv,csvData1283739.csv,Sub,Sub
csvData28284538.csv,csvData1283739.csv,Tries,Tries
csvData26297540.csv,csvData7778755.csv,speed,speed
csvData16173471.csv,csvData783968.csv,Dist,Dist
csvData12463329.csv,csvData11247855.csv,wWPA,wWPA
csvData12463329.csv,csvData11247855.csv,Play Description,Play Description
csvData12463329.csv,csvData11247855.csv,Pit(cnt)Sequence,Pit(cnt)Sequence
csvData12463329.csv,csvData11247855.csv,@Bat,@Bat
csvData12463329.csv,csvData11247855.csv,wWE,wWE
csvData12745314.csv,csvData15497713.csv,YEAR,YEAR
csvData12745314.csv,csvData29230622.csv,oppAVG,oppAVG
csvData15933162.csv,csvData1283739.csv,Drop,Drop
csvData15933162.csv,csvData1283739.csv,Tries,Tries
csvData15933162.csv,csvData1283739.csv,Lost,Lost
csvData23470026.csv,csvData7778755.csv,speed,speed
csvData1200315.csv,csvData11622342.csv,WPA+,WPA+
csvData1200315.csv,csvData11622342.csv,RE24,RE24
csvData25777886.csv,csvData9739809.csv,Team,Team
csvData25777886.csv,csvData20535739.csv,Team,Team
csvData25777886.csv,csvData15745723.csv,OPS,OPS
csvData25777886.csv,csvData21286196.csv,OPS,OPS
csvData7888980.csv,csvData13427459.csv,Black,Black
csvData20186787.csv,csvData2182929.csv,Type,Type
csvData20186787.csv,csvData15784667.csv,Type,Type
csvData20186787.csv,csvData2182929.csv,County/Zone,County/Zone
csvData20186787.csv,csvData2182929.csv,Location,Location
csvData20186787.csv,csvData15784667.csv,Location,Location
csvData20186787.csv,csvData2182929.csv,T.Z.,T.Z.
csvData20186787.csv,csvData15784667.csv,T.Z.,T.Z.
csvData18409343.csv,csvData15352261.csv,Debt-to-Rev.,Debt-to-Rev.
csvData18409343.csv,csvData15352261.csv,Financial Strength,Financial Strength
csvData12145021.csv,csvData7778755.csv,line/ramp,line/ramp
csvData2182929.csv,csvData15784667.csv,Location,Location
csvData2182929.csv,csvData15784667.csv,CrD,CrD
csvData16179562.csv,csvData20535739.csv,Player,Player
csvData16179562.csv,csvData29346752.csv,Player,Player
csvData18254710.csv,csvData24341501.csv,VORP,VORP
csvData18254710.csv,csvData8549891.csv,VORP,VORP
csvData18254710.csv,csvData15497713.csv,YEAR,YEAR
csvData15588062.csv,csvData20535739.csv,Player,Player
csvData15588062.csv,csvData29346752.csv,Player,Player
csvData26294380.csv,csvData15936069.csv,oppTAv,oppTAv
csvData26294380.csv,csvData15497713.csv,YEAR,YEAR
csvData26294380.csv,csvData15497713.csv,oppOBP,oppOBP
csvData26294380.csv,csvData29230622.csv,oppAVG,oppAVG
csvData26294380.csv,csvData15936069.csv,oppAVG,oppAVG
csvData22293691.csv,csvData9205349.csv,iFenwick/60,iFenwick/60
csvData22293691.csv,csvData9205349.csv,iFenwick,iFenwick
csvData15784667.csv,csvData2182929.csv,Inj,Inj
csvData15784667.csv,csvData2182929.csv,Type,Type
csvData15784667.csv,csvData2182929.csv,County/Zone,County/Zone
csvData15784667.csv,csvData2182929.csv,Location,Location
csvData15784667.csv,csvData2182929.csv,T.Z.,T.Z.
csvData21684228.csv,csvData9739809.csv,Team,Team
csvData21684228.csv,csvData20535739.csv,Team,Team
csvData15974314.csv,csvData9739809.csv,Team,Team
csvData15974314.csv,csvData20535739.csv,Team,Team
csvData15974314.csv,csvData20075499.csv,Team,Team
csvData10237155.csv,csvData7778755.csv,line/ramp,line/ramp
csvData16173471.csv,csvData2182929.csv,Type,Type
csvData16173471.csv,csvData15784667.csv,Type,Type
csvData13612256.csv,csvData9739809.csv,Team,Team
csvData13612256.csv,csvData20535739.csv,Team,Team
csvData13612256.csv,csvData20075499.csv,Team,Team
csvData15784667.csv,csvData2182929.csv,PrD,PrD
csvData14124799.csv,csvData7778755.csv,line/ramp,line/ramp
csvData23861195.csv,csvData7778755.csv,speed,speed
csvData23861195.csv,csvData7778755.csv,line/ramp,line/ramp
csvData14919643.csv,csvData7778755.csv,speed,speed
csvData14919643.csv,csvData7778755.csv,line/ramp,line/ramp
csvData22226385.csv,csvData15352261.csv,Current Ratio,Current Ratio
csvData22226385.csv,csvData15352261.csv,P/S Ratio,P/S Ratio
csvData22226385.csv,csvData15352261.csv,P/E (NRI),P/E (NRI)
csvData22226385.csv,csvData15352261.csv,Market Cap (Mil),Market Cap (Mil)
csvData22226385.csv,csvData15352261.csv,Oper. Margin (%),Oper. Margin (%)
csvData15196643.csv,csvData7778755.csv,speed,speed
csvData15196643.csv,csvData7778755.csv,line/ramp,line/ramp
csvData25375930.csv,csvData7778755.csv,speed,speed
csvData25375930.csv,csvData7778755.csv,line/ramp,line/ramp
csvData13772624.csv,csvData9739809.csv,Team,Team
csvData13772624.csv,csvData20535739.csv,Team,Team
csvData13772624.csv,csvData20075499.csv,Team,Team
csvData28598833.csv,csvData22833725.csv,Notional Value,Notional Value
csvData5487247.csv,csvData9739809.csv,Team,Team
csvData5487247.csv,csvData20535739.csv,Team,Team
csvData5487247.csv,csvData20075499.csv,Team,Team
csvData16681302.csv,csvData15352261.csv,P/S Ratio,P/S Ratio
csvData16681302.csv,csvData15352261.csv,Market Cap (Mil),Market Cap (Mil)
csvData16681302.csv,csvData15352261.csv,Financial Strength,Financial Strength
csvData16681302.csv,csvData15352261.csv,Profitability Rank,Profitability Rank
csvData16681302.csv,csvData15352261.csv,ROA (%),ROA (%)
csvData2182929.csv,csvData15784667.csv,Type,Type
csvData4332943.csv,csvData20535739.csv,Player,Player
csvData4332943.csv,csvData29346752.csv,Player,Player
csvData6662094.csv,csvData6468042.csv,MIN,MIN
csvData18823542.csv,csvData7778755.csv,line/ramp,line/ramp
csvData12116743.csv,csvData15352261.csv,P/E (NRI),P/E (NRI)
csvData12116743.csv,csvData15352261.csv,Market Cap (Mil),Market Cap (Mil)
csvData12116743.csv,csvData15352261.csv,Profitability Rank,Profitability Rank
csvData12116743.csv,csvData15352261.csv,Company Name,Company Name
csvData24515113.csv,csvData20535739.csv,Player,Player
csvData24515113.csv,csvData29346752.csv,Player,Player
csvData24515113.csv,csvData17302070.csv,Player,Player
csvData24515113.csv,csvData783968.csv,Pos,Pos
csvData11632972.csv,csvData15352261.csv,Current Ratio,Current Ratio
csvData11632972.csv,csvData15352261.csv,Debt-to-Rev.,Debt-to-Rev.
csvData11632972.csv,csvData15352261.csv,P/E (NRI),P/E (NRI)
csvData11632972.csv,csvData15352261.csv,Market Cap (Mil),Market Cap (Mil)
csvData11632972.csv,csvData15352261.csv,Financial Strength,Financial Strength
csvData11632972.csv,csvData15352261.csv,Oper. Margin (%),Oper. Margin (%)
csvData12357349.csv,csvData7778755.csv,speed,speed
csvData12357349.csv,csvData7778755.csv,line/ramp,line/ramp
csvData23722712.csv,csvData11217568.csv,VCS5,VCS5
csvData23722712.csv,csvData11217568.csv,Mainboard,Mainboard
csvData23722712.csv,csvData11217568.csv,v3 only 7,v3 only 7
csvData23722712.csv,csvData11217568.csv,Northbridge,Northbridge
csvData25236591.csv,csvData7778755.csv,line/ramp,line/ramp
csvData11247855.csv,csvData12463329.csv,Play Description,Play Description
csvData21580569.csv,csvData20535739.csv,Player,Player
csvData21580569.csv,csvData29346752.csv,Player,Player
csvData19238849.csv,csvData1283739.csv,Won,Won
csvData19238849.csv,csvData1283739.csv,Pens,Pens
csvData19238849.csv,csvData1283739.csv,Sub,Sub
csvData19238849.csv,csvData1283739.csv,Tries,Tries
csvData19238849.csv,csvData1283739.csv,Draw,Draw
csvData19238849.csv,csvData1283739.csv,Conv,Conv
csvData17479207.csv,csvData7778755.csv,line/ramp,line/ramp
csvData1800845.csv,csvData2852713.csv,Rbat,Rbat
csvData1800845.csv,csvData2852713.csv,Rpos,Rpos
csvData25166301.csv,csvData20535739.csv,Player,Player
csvData25166301.csv,csvData29346752.csv,Player,Player
csvData25166301.csv,csvData17302070.csv,Player,Player
csvData24427567.csv,csvData9739809.csv,Team,Team
csvData24427567.csv,csvData20535739.csv,Team,Team
csvData24427567.csv,csvData20075499.csv,Team,Team
csvData22980923.csv,csvData9205349.csv,iFenwick,iFenwick
csvData21797156.csv,csvData5339470.csv,Local Time,Local Time
csvData27550011.csv,csvData7778755.csv,speed,speed
csvData27550011.csv,csvData7778755.csv,line/ramp,line/ramp
csvData12722558.csv,csvData7778755.csv,speed,speed
csvData12722558.csv,csvData7778755.csv,line/ramp,line/ramp
csvData14561941.csv,csvData7778755.csv,line/ramp,line/ramp
csvData24643235.csv,csvData9205349.csv,iFenwick/60,iFenwick/60
csvData24643235.csv,csvData9205349.csv,iFenwick,iFenwick
csvData10917663.csv,csvData2182929.csv,Time,Time
csvData10917663.csv,csvData15784667.csv,Time,Time
csvData10917663.csv,csvData2182929.csv,Location,Location
csvData14976959.csv,csvData7778755.csv,line/ramp,line/ramp
csvData12520151.csv,csvData2182929.csv,Location,Location
csvData12520151.csv,csvData15784667.csv,Location,Location
csvData18086022.csv,csvData7778755.csv,line/ramp,line/ramp
csvData19687925.csv,csvData15352261.csv,Current Ratio,Current Ratio
csvData19687925.csv,csvData15352261.csv,P/S Ratio,P/S Ratio
csvData19687925.csv,csvData15352261.csv,P/E (NRI),P/E (NRI)
csvData19687925.csv,csvData15352261.csv,Market Cap (Mil),Market Cap (Mil)
csvData19687925.csv,csvData15352261.csv,Financial Strength,Financial Strength
csvData19687925.csv,csvData15352261.csv,Profitability Rank,Profitability Rank
csvData19687925.csv,csvData15352261.csv,ROE (%),ROE (%)
csvData19687925.csv,csvData15352261.csv,ROA (%),ROA (%)
csvData13427459.csv,csvData10092826.csv,Total,Total
csvData21493532.csv,csvData23175634.csv,Blk,Blk
csvData5022055.csv,csvData7778755.csv,speed,speed
csvData5022055.csv,csvData7778755.csv,line/ramp,line/ramp
csvData28325620.csv,csvData20535739.csv,Player,Player
csvData28325620.csv,csvData29346752.csv,Player,Player
csvData28325620.csv,csvData17302070.csv,Player,Player
csvData25965353.csv,csvData9739809.csv,Team,Team
csvData25965353.csv,csvData20535739.csv,Team,Team
csvData16787822.csv,csvData21723321.csv,Votes,Votes
csvData16787822.csv,csvData21723321.csv,Updated,Updated
csvData16787822.csv,csvData21723321.csv,Priority,Priority
csvData16787822.csv,csvData21723321.csv,Reported by,Reported by
csvData16787822.csv,csvData21723321.csv,Assignee,Assignee
csvData16787822.csv,csvData21723321.csv,Milestone,Milestone
csvData10664355.csv,csvData2688573.csv,score,score
csvData25091915.csv,csvData2182929.csv,Location,Location
csvData18017401.csv,csvData11247855.csv,Play Description,Play Description
csvData18017401.csv,csvData12463329.csv,Play Description,Play Description
csvData18017401.csv,csvData11247855.csv,Pit(cnt)Sequence,Pit(cnt)Sequence
csvData18017401.csv,csvData12463329.csv,Pit(cnt)Sequence,Pit(cnt)Sequence
csvData12524157.csv,csvData7778755.csv,line/ramp,line/ramp
csvData15060079.csv,csvData20535739.csv,Player,Player
csvData15060079.csv,csvData29346752.csv,Player,Player
csvData15060079.csv,csvData17302070.csv,Player,Player
csvData15060079.csv,csvData6468042.csv,3PM,3PM
csvData10924532.csv,csvData7778755.csv,line/ramp,line/ramp
csvData10289113.csv,csvData2182929.csv,Type,Type
csvData10289113.csv,csvData15784667.csv,Type,Type
csvData13344862.csv,csvData783968.csv,Dist,Dist
csvData14849461.csv,csvData9739809.csv,Team,Team
csvData14849461.csv,csvData20535739.csv,Team,Team
csvData14849461.csv,csvData20075499.csv,Team,Team
csvData14107511.csv,csvData7778755.csv,line/ramp,line/ramp
csvData1800845.csv,csvData2852713.csv,Rbaser,Rbaser
csvData2952024.csv,csvData2182929.csv,Location,Location
csvData2952024.csv,csvData783968.csv,Pos,Pos
csvData4711681.csv,csvData9739809.csv,Team,Team
csvData4711681.csv,csvData20535739.csv,Team,Team
csvData4711681.csv,csvData20075499.csv,Team,Team
csvData5825429.csv,csvData7778755.csv,speed,speed
csvData11622342.csv,csvData16773669.csv,SLG,SLG
csvData11622342.csv,csvData2404013.csv,SLG,SLG
csvData11622342.csv,csvData16773669.csv,RBI,RBI
csvData11622342.csv,csvData19553885.csv,RBI,RBI
csvData21723321.csv,csvData16787822.csv,Votes,Votes
csvData21723321.csv,csvData16787822.csv,Updated,Updated
csvData21723321.csv,csvData16787822.csv,Priority,Priority
csvData21723321.csv,csvData16787822.csv,Comments,Comments
csvData21723321.csv,csvData16787822.csv,Reported by,Reported by
csvData21723321.csv,csvData16787822.csv,Assignee,Assignee
csvData21723321.csv,csvData16787822.csv,Milestone,Milestone
csvData1354474.csv,csvData20535739.csv,Player,Player
csvData1354474.csv,csvData29346752.csv,Player,Player
csvData1354474.csv,csvData17302070.csv,Player,Player
csvData2814629.csv,csvData9739809.csv,Team,Team
csvData2814629.csv,csvData20535739.csv,Team,Team
csvData2814629.csv,csvData20075499.csv,Team,Team
csvData23832742.csv,csvData10092826.csv,Total,Total
csvData2149206.csv,csvData9739809.csv,OBP,OBP
csvData2149206.csv,csvData20535739.csv,OBP,OBP
csvData2149206.csv,csvData15745723.csv,OPS,OPS
csvData2149206.csv,csvData21286196.csv,OPS,OPS
csvData2149206.csv,csvData27987124.csv,OPS,OPS
csvData2149206.csv,csvData11622342.csv,RE24,RE24
csvData24588724.csv,csvData9739809.csv,Team,Team
csvData24588724.csv,csvData20535739.csv,Team,Team
csvData24588724.csv,csvData20075499.csv,Team,Team
csvData2351936.csv,csvData20535739.csv,Player,Player
csvData2351936.csv,csvData29346752.csv,Player,Player
csvData2351936.csv,csvData15186034.csv,DREB,DREB
csvData24006900.csv,csvData7778755.csv,speed,speed
csvData24006900.csv,csvData7778755.csv,line/ramp,line/ramp
csvData6718043.csv,csvData20535739.csv,Player,Player
csvData6718043.csv,csvData29346752.csv,Player,Player
csvData11849528.csv,csvData2182929.csv,Type,Type
csvData15863560.csv,csvData783968.csv,Pos,Pos
csvData13282370.csv,csvData20535739.csv,Player,Player
csvData13282370.csv,csvData29346752.csv,Player,Player
csvData6557637.csv,csvData2852713.csv,RAR,RAR
csvData6557637.csv,csvData2852713.csv,oWAR,oWAR
csvData6557637.csv,csvData2852713.csv,dWAR,dWAR
csvData6557637.csv,csvData2852713.csv,Rbaser,Rbaser
csvData28985944.csv,csvData15283024.csv,Notes,Notes
csvData28985944.csv,csvData15283024.csv,C-G,C-G
csvData23682880.csv,csvData9739809.csv,Team,Team
csvData23682880.csv,csvData20535739.csv,Team,Team
csvData13344862.csv,csvData2182929.csv,Type,Type
csvData13344862.csv,csvData15784667.csv,Type,Type
