LEFT_TABLE,LEFT_COLUMN,RIGHT_TABLE,RIGHT_COLUMN
database#academic#domain_author.csv,aid,database#academic#author.csv,aid
database#academic#domain_author.csv,did,database#academic#domain.csv,did
database#academic#domain_conference.csv,cid,database#academic#conference.csv,cid
database#academic#domain_conference.csv,did,database#academic#domain.csv,did
database#academic#domain_journal.csv,jid,database#academic#journal.csv,jid
database#academic#domain_journal.csv,did,database#academic#domain.csv,did
database#academic#domain_keyword.csv,kid,database#academic#keyword.csv,kid
database#academic#domain_keyword.csv,did,database#academic#domain.csv,did
database#academic#publication.csv,jid,database#academic#journal.csv,jid
database#academic#publication.csv,cid,database#academic#conference.csv,cid
database#academic#domain_publication.csv,pid,database#academic#publication.csv,pid
database#academic#domain_publication.csv,did,database#academic#domain.csv,did
database#academic#publication_keyword.csv,pid,database#academic#publication.csv,pid
database#academic#publication_keyword.csv,kid,database#academic#keyword.csv,kid
database#academic#writes.csv,pid,database#academic#publication.csv,pid
database#academic#writes.csv,aid,database#academic#author.csv,aid
database#academic#cite.csv,cited,database#academic#publication.csv,pid
database#academic#cite.csv,citing,database#academic#publication.csv,pid
database#activity_1#Participates_in.csv,stuid,database#activity_1#Student.csv,StuID
database#activity_1#Participates_in.csv,actid,database#activity_1#Activity.csv,actid
database#activity_1#Faculty_Participates_in.csv,FacID,database#activity_1#Faculty.csv,FacID
database#activity_1#Faculty_Participates_in.csv,actid,database#activity_1#Activity.csv,actid
database#aircraft#match.csv,Winning_Aircraft,database#aircraft#aircraft.csv,Aircraft_ID
database#aircraft#match.csv,Winning_Pilot,database#aircraft#pilot.csv,Pilot_Id
database#aircraft#airport_aircraft.csv,Airport_ID,database#aircraft#airport.csv,Airport_ID
database#aircraft#airport_aircraft.csv,Aircraft_ID,database#aircraft#aircraft.csv,Aircraft_ID
database#allergy_1#Has_Allergy.csv,StuID,database#allergy_1#Student.csv,StuID
database#allergy_1#Has_Allergy.csv,Allergy,database#allergy_1#Allergy_Type.csv,Allergy
database#apartment_rentals#Apartments.csv,building_id,database#apartment_rentals#Apartment_Buildings.csv,building_id
database#apartment_rentals#Apartment_Facilities.csv,apt_id,database#apartment_rentals#Apartments.csv,apt_id
database#apartment_rentals#Apartment_Bookings.csv,apt_id,database#apartment_rentals#Apartments.csv,apt_id
database#apartment_rentals#Apartment_Bookings.csv,guest_id,database#apartment_rentals#Guests.csv,guest_id
database#apartment_rentals#View_Unit_Status.csv,apt_id,database#apartment_rentals#Apartments.csv,apt_id
database#apartment_rentals#View_Unit_Status.csv,apt_booking_id,database#apartment_rentals#Apartment_Bookings.csv,apt_booking_id
database#architecture#bridge.csv,architect_id,database#architecture#architect.csv,id
database#architecture#mill.csv,architect_id,database#architecture#architect.csv,id
database#assets_maintenance#Maintenance_Contracts.csv,maintenance_contract_company_id,database#assets_maintenance#Third_Party_Companies.csv,company_id
database#assets_maintenance#Assets.csv,supplier_company_id,database#assets_maintenance#Third_Party_Companies.csv,company_id
database#assets_maintenance#Asset_Parts.csv,part_id,database#assets_maintenance#Parts.csv,part_id
database#assets_maintenance#Asset_Parts.csv,asset_id,database#assets_maintenance#Assets.csv,asset_id
database#assets_maintenance#Maintenance_Engineers.csv,company_id,database#assets_maintenance#Third_Party_Companies.csv,company_id
database#assets_maintenance#Engineer_Skills.csv,engineer_id,database#assets_maintenance#Maintenance_Engineers.csv,engineer_id
database#assets_maintenance#Engineer_Skills.csv,skill_id,database#assets_maintenance#Skills.csv,skill_id
database#assets_maintenance#Fault_Log.csv,asset_id,database#assets_maintenance#Assets.csv,asset_id
database#assets_maintenance#Fault_Log.csv,recorded_by_staff_id,database#assets_maintenance#Staff.csv,staff_id
database#assets_maintenance#Engineer_Visits.csv,fault_log_entry_id,database#assets_maintenance#Fault_Log.csv,fault_log_entry_id
database#assets_maintenance#Engineer_Visits.csv,engineer_id,database#assets_maintenance#Maintenance_Engineers.csv,engineer_id
database#assets_maintenance#Engineer_Visits.csv,contact_staff_id,database#assets_maintenance#Staff.csv,staff_id
database#assets_maintenance#Part_Faults.csv,part_id,database#assets_maintenance#Parts.csv,part_id
database#assets_maintenance#Fault_Log_Parts.csv,part_fault_id,database#assets_maintenance#Part_Faults.csv,part_fault_id
database#assets_maintenance#Fault_Log_Parts.csv,fault_log_entry_id,database#assets_maintenance#Fault_Log.csv,fault_log_entry_id
database#assets_maintenance#Skills_Required_To_Fix.csv,part_fault_id,database#assets_maintenance#Part_Faults.csv,part_fault_id
database#assets_maintenance#Skills_Required_To_Fix.csv,skill_id,database#assets_maintenance#Skills.csv,skill_id
database#baseball_1#all_star.csv,player_id,database#baseball_1#player.csv,player_id
database#baseball_1#appearances.csv,team_id,database#baseball_1#team.csv,team_id
database#baseball_1#appearances.csv,player_id,database#baseball_1#player.csv,player_id
database#baseball_1#manager_award.csv,player_id,database#baseball_1#player.csv,player_id
database#baseball_1#player_award.csv,player_id,database#baseball_1#player.csv,player_id
database#baseball_1#player_award_vote.csv,player_id,database#baseball_1#player.csv,player_id
database#baseball_1#batting.csv,player_id,database#baseball_1#player.csv,player_id
database#baseball_1#batting_postseason.csv,player_id,database#baseball_1#player.csv,player_id
database#baseball_1#batting_postseason.csv,team_id,database#baseball_1#team.csv,team_id
database#baseball_1#player_college.csv,player_id,database#baseball_1#player.csv,player_id
database#baseball_1#player_college.csv,college_id,database#baseball_1#college.csv,college_id
database#baseball_1#fielding.csv,player_id,database#baseball_1#player.csv,player_id
database#baseball_1#fielding_outfield.csv,player_id,database#baseball_1#player.csv,player_id
database#baseball_1#fielding_postseason.csv,player_id,database#baseball_1#player.csv,player_id
database#baseball_1#fielding_postseason.csv,team_id,database#baseball_1#player.csv,team_id
database#baseball_1#hall_of_fame.csv,player_id,database#baseball_1#player.csv,player_id
database#baseball_1#home_game.csv,team_id,database#baseball_1#team.csv,team_id
database#baseball_1#home_game.csv,park_id,database#baseball_1#park.csv,park_id
database#baseball_1#manager.csv,team_id,database#baseball_1#team.csv,team_id
database#baseball_1#manager_half.csv,team_id,database#baseball_1#team.csv,team_id
database#battle_death#ship.csv,lost_in_battle,database#battle_death#battle.csv,id
database#battle_death#death.csv,caused_by_ship_id,database#battle_death#ship.csv,id
database#behavior_monitoring#Students.csv,address_id,database#behavior_monitoring#Addresses.csv,address_id
database#behavior_monitoring#Teachers.csv,address_id,database#behavior_monitoring#Addresses.csv,address_id
database#behavior_monitoring#Assessment_Notes.csv,student_id,database#behavior_monitoring#Students.csv,student_id
database#behavior_monitoring#Assessment_Notes.csv,teacher_id,database#behavior_monitoring#Teachers.csv,teacher_id
database#behavior_monitoring#Behavior_Incident.csv,incident_type_code,database#behavior_monitoring#Ref_Incident_Type.csv,incident_type_code
database#behavior_monitoring#Behavior_Incident.csv,student_id,database#behavior_monitoring#Students.csv,student_id
database#behavior_monitoring#Detention.csv,detention_type_code,database#behavior_monitoring#Ref_Detention_Type.csv,detention_type_code
database#behavior_monitoring#Detention.csv,teacher_id,database#behavior_monitoring#Teachers.csv,teacher_id
database#behavior_monitoring#Student_Addresses.csv,address_id,database#behavior_monitoring#Addresses.csv,address_id
database#behavior_monitoring#Student_Addresses.csv,student_id,database#behavior_monitoring#Students.csv,student_id
database#behavior_monitoring#Students_in_Detention.csv,incident_id,database#behavior_monitoring#Behavior_Incident.csv,incident_id
database#behavior_monitoring#Students_in_Detention.csv,detention_id,database#behavior_monitoring#Detention.csv,detention_id
database#behavior_monitoring#Students_in_Detention.csv,student_id,database#behavior_monitoring#Students.csv,student_id
database#bike_1#status.csv,station_id,database#bike_1#station.csv,id
database#body_builder#body_builder.csv,People_ID,database#body_builder#people.csv,People_ID
database#book_2#publication.csv,Book_ID,database#book_2#book.csv,Book_ID
database#browser_web#accelerator_compatible_browser.csv,accelerator_id,database#browser_web#Web_client_accelerator.csv,id
database#browser_web#accelerator_compatible_browser.csv,browser_id,database#browser_web#browser.csv,id
database#candidate_poll#candidate.csv,People_ID,database#candidate_poll#people.csv,People_ID
database#car_1#countries.csv,Continent,database#car_1#continents.csv,ContId
database#car_1#car_makers.csv,Country,database#car_1#countries.csv,CountryId
database#car_1#model_list.csv,Maker,database#car_1#car_makers.csv,Id
database#car_1#car_names.csv,Model,database#car_1#model_list.csv,Model
database#car_1#cars_data.csv,Id,database#car_1#car_names.csv,MakeId
database#cinema#schedule.csv,Film_ID,database#cinema#film.csv,Film_ID
database#cinema#schedule.csv,Cinema_ID,database#cinema#cinema.csv,Cinema_ID
database#city_record#temperature.csv,City_ID,database#city_record#city.csv,City_ID
database#city_record#hosting_city.csv,Host_City,database#city_record#city.csv,City_ID
database#city_record#hosting_city.csv,Match_ID,database#city_record#match.csv,Match_ID
database#climbing#climber.csv,Mountain_ID,database#climbing#mountain.csv,Mountain_ID
database#club_1#Member_of_club.csv,StuID,database#club_1#Student.csv,StuID
database#club_1#Member_of_club.csv,ClubID,database#club_1#Club.csv,ClubID
database#coffee_shop#happy_hour.csv,Shop_ID,database#coffee_shop#shop.csv,Shop_ID
database#coffee_shop#happy_hour_member.csv,Member_ID,database#coffee_shop#member.csv,Member_ID
database#college_1#CLASS.csv,CRS_CODE,database#college_1#COURSE.csv,CRS_CODE
database#college_1#CLASS.csv,PROF_NUM,database#college_1#EMPLOYEE.csv,EMP_NUM
database#college_1#COURSE.csv,DEPT_CODE,database#college_1#DEPARTMENT.csv,DEPT_CODE
database#college_1#DEPARTMENT.csv,EMP_NUM,database#college_1#EMPLOYEE.csv,EMP_NUM
database#college_1#ENROLL.csv,CLASS_CODE,database#college_1#CLASS.csv,CLASS_CODE
database#college_1#ENROLL.csv,STU_NUM,database#college_1#STUDENT.csv,STU_NUM
database#college_1#PROFESSOR.csv,EMP_NUM,database#college_1#EMPLOYEE.csv,EMP_NUM
database#college_1#PROFESSOR.csv,DEPT_CODE,database#college_1#DEPARTMENT.csv,DEPT_CODE
database#college_1#STUDENT.csv,DEPT_CODE,database#college_1#DEPARTMENT.csv,DEPT_CODE
database#college_2#instructor.csv,dept_name,database#college_2#department.csv,dept_name
database#college_2#section.csv,course_id,database#college_2#course.csv,course_id
database#college_2#teaches.csv,ID,database#college_2#instructor.csv,ID
database#college_2#student.csv,dept_name,database#college_2#department.csv,dept_name
database#college_2#takes.csv,ID,database#college_2#student.csv,ID
database#college_2#advisor.csv,i_ID,database#college_2#instructor.csv,ID
database#college_2#advisor.csv,s_ID,database#college_2#student.csv,ID
database#college_2#prereq.csv,course_id,database#college_2#course.csv,course_id
database#college_2#prereq.csv,prereq_id,database#college_2#course.csv,course_id
database#college_3#Member_of.csv,FacID,database#college_3#Faculty.csv,FacID
database#college_3#Member_of.csv,DNO,database#college_3#Department.csv,DNO
database#college_3#Course.csv,Instructor,database#college_3#Faculty.csv,FacID
database#college_3#Course.csv,DNO,database#college_3#Department.csv,DNO
database#college_3#Minor_in.csv,StuID,database#college_3#Student.csv,StuID
database#college_3#Minor_in.csv,DNO,database#college_3#Department.csv,DNO
database#college_3#Enrolled_in.csv,StuID,database#college_3#Student.csv,StuID
database#college_3#Enrolled_in.csv,CID,database#college_3#Course.csv,CID
database#college_3#Enrolled_in.csv,Grade,database#college_3#Gradeconversion.csv,lettergrade
database#company_employee#employment.csv,Company_ID,database#company_employee#company.csv,Company_ID
database#company_employee#employment.csv,People_ID,database#company_employee#people.csv,People_ID
database#company_office#Office_locations.csv,building_id,database#company_office#buildings.csv,id
database#company_office#Office_locations.csv,company_id,database#company_office#Companies.csv,id
database#concert_singer#concert.csv,Stadium_ID,database#concert_singer#stadium.csv,Stadium_ID
database#concert_singer#singer_in_concert.csv,concert_ID,database#concert_singer#concert.csv,concert_ID
database#concert_singer#singer_in_concert.csv,Singer_ID,database#concert_singer#singer.csv,Singer_ID
database#county_public_safety#city.csv,County_ID,database#county_public_safety#county_public_safety.csv,County_ID
database#course_teach#course_arrange.csv,Course_ID,database#course_teach#course.csv,Course_ID
database#course_teach#course_arrange.csv,Teacher_ID,database#course_teach#teacher.csv,Teacher_ID
database#cre_Doc_Control_Systems#Documents.csv,document_type_code,database#cre_Doc_Control_Systems#Ref_Document_Types.csv,document_type_code
database#cre_Doc_Control_Systems#Documents.csv,document_status_code,database#cre_Doc_Control_Systems#Ref_Document_Status.csv,document_status_code
database#cre_Doc_Control_Systems#Documents.csv,shipping_agent_code,database#cre_Doc_Control_Systems#Ref_Shipping_Agents.csv,shipping_agent_code
database#cre_Doc_Control_Systems#Employees.csv,role_code,database#cre_Doc_Control_Systems#Roles.csv,role_code
database#cre_Doc_Control_Systems#Document_Drafts.csv,document_id,database#cre_Doc_Control_Systems#Documents.csv,document_id
database#cre_Doc_Control_Systems#Circulation_History.csv,employee_id,database#cre_Doc_Control_Systems#Employees.csv,employee_id
database#cre_Doc_Control_Systems#Documents_Mailed.csv,document_id,database#cre_Doc_Control_Systems#Documents.csv,document_id
database#cre_Doc_Control_Systems#Documents_Mailed.csv,mailed_to_address_id,database#cre_Doc_Control_Systems#Addresses.csv,address_id
database#cre_Doc_Template_Mgt#Templates.csv,Template_Type_Code,database#cre_Doc_Template_Mgt#Ref_Template_Types.csv,Template_Type_Code
database#cre_Doc_Template_Mgt#Documents.csv,Template_ID,database#cre_Doc_Template_Mgt#Templates.csv,Template_ID
database#cre_Doc_Template_Mgt#Paragraphs.csv,Document_ID,database#cre_Doc_Template_Mgt#Documents.csv,Document_ID
database#cre_Doc_Tracking_DB#All_Documents.csv,Document_Type_Code,database#cre_Doc_Tracking_DB#Ref_Document_Types.csv,Document_Type_Code
database#cre_Doc_Tracking_DB#All_Documents.csv,Date_Stored,database#cre_Doc_Tracking_DB#Ref_Calendar.csv,Calendar_Date
database#cre_Doc_Tracking_DB#Employees.csv,Role_Code,database#cre_Doc_Tracking_DB#Roles.csv,Role_Code
database#cre_Doc_Tracking_DB#Document_Locations.csv,Location_Code,database#cre_Doc_Tracking_DB#Ref_Locations.csv,Location_Code
database#cre_Doc_Tracking_DB#Document_Locations.csv,Date_in_Location_From,database#cre_Doc_Tracking_DB#Ref_Calendar.csv,Calendar_Date
database#cre_Doc_Tracking_DB#Document_Locations.csv,Date_in_Locaton_To,database#cre_Doc_Tracking_DB#Ref_Calendar.csv,Calendar_Date
database#cre_Doc_Tracking_DB#Document_Locations.csv,Document_ID,database#cre_Doc_Tracking_DB#All_Documents.csv,Document_ID
database#cre_Doc_Tracking_DB#Documents_to_be_Destroyed.csv,Destroyed_by_Employee_ID,database#cre_Doc_Tracking_DB#Employees.csv,Employee_ID
database#cre_Doc_Tracking_DB#Documents_to_be_Destroyed.csv,Destruction_Authorised_by_Employee_ID,database#cre_Doc_Tracking_DB#Employees.csv,Employee_ID
database#cre_Doc_Tracking_DB#Documents_to_be_Destroyed.csv,Planned_Destruction_Date,database#cre_Doc_Tracking_DB#Ref_Calendar.csv,Calendar_Date
database#cre_Doc_Tracking_DB#Documents_to_be_Destroyed.csv,Actual_Destruction_Date,database#cre_Doc_Tracking_DB#Ref_Calendar.csv,Calendar_Date
database#cre_Doc_Tracking_DB#Documents_to_be_Destroyed.csv,Document_ID,database#cre_Doc_Tracking_DB#All_Documents.csv,Document_ID
database#cre_Docs_and_Epenses#Documents.csv,Document_Type_Code,database#cre_Docs_and_Epenses#Ref_Document_Types.csv,Document_Type_Code
database#cre_Docs_and_Epenses#Documents.csv,Project_ID,database#cre_Docs_and_Epenses#Projects.csv,Project_ID
database#cre_Docs_and_Epenses#Statements.csv,Statement_ID,database#cre_Docs_and_Epenses#Documents.csv,Document_ID
database#cre_Docs_and_Epenses#Documents_with_Expenses.csv,Budget_Type_Code,database#cre_Docs_and_Epenses#Ref_Budget_Codes.csv,Budget_Type_Code
database#cre_Docs_and_Epenses#Documents_with_Expenses.csv,Document_ID,database#cre_Docs_and_Epenses#Documents.csv,Document_ID
database#cre_Docs_and_Epenses#Accounts.csv,Statement_ID,database#cre_Docs_and_Epenses#Statements.csv,Statement_ID
database#cre_Drama_Workshop_Groups#Clients.csv,Address_ID,database#cre_Drama_Workshop_Groups#Addresses.csv,Address_ID
database#cre_Drama_Workshop_Groups#Drama_Workshop_Groups.csv,Address_ID,database#cre_Drama_Workshop_Groups#Addresses.csv,Address_ID
database#cre_Drama_Workshop_Groups#Performers.csv,Address_ID,database#cre_Drama_Workshop_Groups#Addresses.csv,Address_ID
database#cre_Drama_Workshop_Groups#Customers.csv,Address_ID,database#cre_Drama_Workshop_Groups#Addresses.csv,Address_ID
database#cre_Drama_Workshop_Groups#Stores.csv,Address_ID,database#cre_Drama_Workshop_Groups#Addresses.csv,Address_ID
database#cre_Drama_Workshop_Groups#Stores.csv,Marketing_Region_Code,database#cre_Drama_Workshop_Groups#Marketing_Regions.csv,Marketing_Region_Code
database#cre_Drama_Workshop_Groups#Bookings.csv,Customer_ID,database#cre_Drama_Workshop_Groups#Clients.csv,Client_ID
database#cre_Drama_Workshop_Groups#Bookings.csv,Workshop_Group_ID,database#cre_Drama_Workshop_Groups#Drama_Workshop_Groups.csv,Workshop_Group_ID
database#cre_Drama_Workshop_Groups#Performers_in_Bookings.csv,Performer_ID,database#cre_Drama_Workshop_Groups#Performers.csv,Performer_ID
database#cre_Drama_Workshop_Groups#Performers_in_Bookings.csv,Order_ID,database#cre_Drama_Workshop_Groups#Bookings.csv,Booking_ID
database#cre_Drama_Workshop_Groups#Customer_Orders.csv,Customer_ID,database#cre_Drama_Workshop_Groups#Customers.csv,Customer_ID
database#cre_Drama_Workshop_Groups#Customer_Orders.csv,Store_ID,database#cre_Drama_Workshop_Groups#Stores.csv,Store_ID
database#cre_Drama_Workshop_Groups#Order_Items.csv,Order_ID,database#cre_Drama_Workshop_Groups#Customer_Orders.csv,Order_ID
database#cre_Drama_Workshop_Groups#Order_Items.csv,Product_ID,database#cre_Drama_Workshop_Groups#Products.csv,Product_ID
database#cre_Drama_Workshop_Groups#Invoices.csv,Order_ID,database#cre_Drama_Workshop_Groups#Customer_Orders.csv,Order_ID
database#cre_Drama_Workshop_Groups#Invoices.csv,Order_ID,database#cre_Drama_Workshop_Groups#Bookings.csv,Booking_ID
database#cre_Drama_Workshop_Groups#Invoices.csv,payment_method_code,database#cre_Drama_Workshop_Groups#Ref_Payment_Methods.csv,payment_method_code
database#cre_Drama_Workshop_Groups#Services.csv,Workshop_Group_ID,database#cre_Drama_Workshop_Groups#Drama_Workshop_Groups.csv,Workshop_Group_ID
database#cre_Drama_Workshop_Groups#Services.csv,Service_Type_Code,database#cre_Drama_Workshop_Groups#Ref_Service_Types.csv,Service_Type_Code
database#cre_Drama_Workshop_Groups#Bookings_Services.csv,Order_ID,database#cre_Drama_Workshop_Groups#Bookings.csv,Booking_ID
database#cre_Drama_Workshop_Groups#Bookings_Services.csv,Product_ID,database#cre_Drama_Workshop_Groups#Services.csv,Service_ID
database#cre_Drama_Workshop_Groups#Invoice_Items.csv,Order_Item_ID,database#cre_Drama_Workshop_Groups#Order_Items.csv,Order_Item_ID
database#cre_Drama_Workshop_Groups#Invoice_Items.csv,Invoice_ID,database#cre_Drama_Workshop_Groups#Invoices.csv,Invoice_ID
database#cre_Theme_park#Hotels.csv,star_rating_code,database#cre_Theme_park#Ref_Hotel_Star_Ratings.csv,star_rating_code
database#cre_Theme_park#Tourist_Attractions.csv,Location_ID,database#cre_Theme_park#Locations.csv,Location_ID
database#cre_Theme_park#Tourist_Attractions.csv,Attraction_Type_Code,database#cre_Theme_park#Ref_Attraction_Types.csv,Attraction_Type_Code
database#cre_Theme_park#Street_Markets.csv,Market_ID,database#cre_Theme_park#Tourist_Attractions.csv,Tourist_Attraction_ID
database#cre_Theme_park#Shops.csv,Shop_ID,database#cre_Theme_park#Tourist_Attractions.csv,Tourist_Attraction_ID
database#cre_Theme_park#Museums.csv,Museum_ID,database#cre_Theme_park#Tourist_Attractions.csv,Tourist_Attraction_ID
database#cre_Theme_park#Royal_Family.csv,Royal_Family_ID,database#cre_Theme_park#Tourist_Attractions.csv,Tourist_Attraction_ID
database#cre_Theme_park#Theme_Parks.csv,Theme_Park_ID,database#cre_Theme_park#Tourist_Attractions.csv,Tourist_Attraction_ID
database#cre_Theme_park#Visits.csv,Tourist_Attraction_ID,database#cre_Theme_park#Tourist_Attractions.csv,Tourist_Attraction_ID
database#cre_Theme_park#Visits.csv,Tourist_ID,database#cre_Theme_park#Visitors.csv,Tourist_ID
database#cre_Theme_park#Photos.csv,Tourist_Attraction_ID,database#cre_Theme_park#Tourist_Attractions.csv,Tourist_Attraction_ID
database#cre_Theme_park#Staff.csv,Tourist_Attraction_ID,database#cre_Theme_park#Tourist_Attractions.csv,Tourist_Attraction_ID
database#cre_Theme_park#Tourist_Attraction_Features.csv,Tourist_Attraction_ID,database#cre_Theme_park#Tourist_Attractions.csv,Tourist_Attraction_ID
database#cre_Theme_park#Tourist_Attraction_Features.csv,Feature_ID,database#cre_Theme_park#Features.csv,Feature_ID
database#csu_1#csu_fees.csv,Campus,database#csu_1#Campuses.csv,Id
database#csu_1#degrees.csv,Campus,database#csu_1#Campuses.csv,Id
database#csu_1#discipline_enrollments.csv,Campus,database#csu_1#Campuses.csv,Id
database#csu_1#enrollments.csv,Campus,database#csu_1#Campuses.csv,Id
database#csu_1#faculty.csv,Campus,database#csu_1#Campuses.csv,Id
database#culture_company#culture_company.csv,book_club_id,database#culture_company#book_club.csv,book_club_id
database#culture_company#culture_company.csv,movie_id,database#culture_company#movie.csv,movie_id
database#customer_complaints#Complaints.csv,staff_id,database#customer_complaints#Staff.csv,staff_id
database#customer_complaints#Complaints.csv,product_id,database#customer_complaints#Products.csv,product_id
database#customer_complaints#Complaints.csv,customer_id,database#customer_complaints#Customers.csv,customer_id
database#customer_deliveries#Regular_Orders.csv,distributer_id,database#customer_deliveries#Customers.csv,customer_id
database#customer_deliveries#Regular_Order_Products.csv,product_id,database#customer_deliveries#Products.csv,product_id
database#customer_deliveries#Regular_Order_Products.csv,regular_order_id,database#customer_deliveries#Regular_Orders.csv,regular_order_id
database#customer_deliveries#Actual_Orders.csv,regular_order_id,database#customer_deliveries#Regular_Orders.csv,regular_order_id
database#customer_deliveries#Actual_Order_Products.csv,product_id,database#customer_deliveries#Products.csv,product_id
database#customer_deliveries#Actual_Order_Products.csv,actual_order_id,database#customer_deliveries#Actual_Orders.csv,actual_order_id
database#customer_deliveries#Customer_Addresses.csv,customer_id,database#customer_deliveries#Customers.csv,customer_id
database#customer_deliveries#Customer_Addresses.csv,address_id,database#customer_deliveries#Addresses.csv,address_id
database#customer_deliveries#Delivery_Route_Locations.csv,location_address_id,database#customer_deliveries#Addresses.csv,address_id
database#customer_deliveries#Delivery_Route_Locations.csv,route_id,database#customer_deliveries#Delivery_Routes.csv,route_id
database#customer_deliveries#Employees.csv,employee_address_id,database#customer_deliveries#Addresses.csv,address_id
database#customer_deliveries#Order_Deliveries.csv,truck_id,database#customer_deliveries#Trucks.csv,truck_id
database#customer_deliveries#Order_Deliveries.csv,actual_order_id,database#customer_deliveries#Actual_Orders.csv,actual_order_id
database#customer_deliveries#Order_Deliveries.csv,location_code,database#customer_deliveries#Delivery_Route_Locations.csv,location_code
database#customer_deliveries#Order_Deliveries.csv,driver_employee_id,database#customer_deliveries#Employees.csv,employee_id
database#customers_and_addresses#Customer_Addresses.csv,address_id,database#customers_and_addresses#Addresses.csv,address_id
database#customers_and_addresses#Customer_Addresses.csv,customer_id,database#customers_and_addresses#Customers.csv,customer_id
database#customers_and_addresses#Customer_Contact_Channels.csv,customer_id,database#customers_and_addresses#Customers.csv,customer_id
database#customers_and_addresses#Customer_Orders.csv,customer_id,database#customers_and_addresses#Customers.csv,customer_id
database#customers_and_addresses#Order_Items.csv,product_id,database#customers_and_addresses#Products.csv,product_id
database#customers_and_addresses#Order_Items.csv,order_id,database#customers_and_addresses#Customer_Orders.csv,order_id
database#customers_and_invoices#Orders.csv,customer_id,database#customers_and_invoices#Customers.csv,customer_id
database#customers_and_invoices#Invoices.csv,order_id,database#customers_and_invoices#Orders.csv,order_id
database#customers_and_invoices#Accounts.csv,customer_id,database#customers_and_invoices#Customers.csv,customer_id
database#customers_and_invoices#Products.csv,production_type_code,database#customers_and_invoices#Product_Categories.csv,production_type_code
database#customers_and_invoices#Financial_Transactions.csv,invoice_number,database#customers_and_invoices#Invoices.csv,invoice_number
database#customers_and_invoices#Financial_Transactions.csv,account_id,database#customers_and_invoices#Accounts.csv,account_id
database#customers_and_invoices#Order_Items.csv,product_id,database#customers_and_invoices#Products.csv,product_id
database#customers_and_invoices#Order_Items.csv,order_id,database#customers_and_invoices#Orders.csv,order_id
database#customers_and_invoices#Invoice_Line_Items.csv,order_item_id,database#customers_and_invoices#Order_Items.csv,order_item_id
database#customers_and_invoices#Invoice_Line_Items.csv,invoice_number,database#customers_and_invoices#Invoices.csv,invoice_number
database#customers_and_invoices#Invoice_Line_Items.csv,product_id,database#customers_and_invoices#Products.csv,product_id
database#customers_and_products_contacts#Customer_Address_History.csv,customer_id,database#customers_and_products_contacts#Customers.csv,customer_id
database#customers_and_products_contacts#Customer_Address_History.csv,address_id,database#customers_and_products_contacts#Addresses.csv,address_id
database#customers_and_products_contacts#Customer_Orders.csv,customer_id,database#customers_and_products_contacts#Customers.csv,customer_id
database#customers_and_products_contacts#Order_Items.csv,product_id,database#customers_and_products_contacts#Products.csv,product_id
database#customers_and_products_contacts#Order_Items.csv,order_id,database#customers_and_products_contacts#Customer_Orders.csv,order_id
database#customers_campaigns_ecommerce#Customer_Addresses.csv,premise_id,database#customers_campaigns_ecommerce#Premises.csv,premise_id
database#customers_campaigns_ecommerce#Customer_Addresses.csv,customer_id,database#customers_campaigns_ecommerce#Customers.csv,customer_id
database#customers_campaigns_ecommerce#Customer_Orders.csv,customer_id,database#customers_campaigns_ecommerce#Customers.csv,customer_id
database#customers_campaigns_ecommerce#Mailshot_Customers.csv,customer_id,database#customers_campaigns_ecommerce#Customers.csv,customer_id
database#customers_campaigns_ecommerce#Mailshot_Customers.csv,mailshot_id,database#customers_campaigns_ecommerce#Mailshot_Campaigns.csv,mailshot_id
database#customers_campaigns_ecommerce#Order_Items.csv,product_id,database#customers_campaigns_ecommerce#Products.csv,product_id
database#customers_campaigns_ecommerce#Order_Items.csv,order_id,database#customers_campaigns_ecommerce#Customer_Orders.csv,order_id
database#customers_card_transactions#Financial_Transactions.csv,card_id,database#customers_card_transactions#Customers_Cards.csv,card_id
database#customers_card_transactions#Financial_Transactions.csv,account_id,database#customers_card_transactions#Accounts.csv,account_id
database#debate#debate_people.csv,Debate_ID,database#debate#debate.csv,Debate_ID
database#debate#debate_people.csv,Affirmative,database#debate#people.csv,People_ID
database#debate#debate_people.csv,Negative,database#debate#people.csv,People_ID
database#decoration_competition#member.csv,College_ID,database#decoration_competition#college.csv,College_ID
database#decoration_competition#round.csv,Member_ID,database#decoration_competition#member.csv,Member_ID
database#department_management#management.csv,Department_ID,database#department_management#department.csv,Department_ID
database#department_management#management.csv,head_ID,database#department_management#head.csv,head_ID
database#department_store#Supplier_Addresses.csv,address_id,database#department_store#Addresses.csv,address_id
database#department_store#Supplier_Addresses.csv,supplier_id,database#department_store#Suppliers.csv,supplier_id
database#department_store#Customer_Addresses.csv,address_id,database#department_store#Addresses.csv,address_id
database#department_store#Customer_Addresses.csv,customer_id,database#department_store#Customers.csv,customer_id
database#department_store#Customer_Orders.csv,customer_id,database#department_store#Customers.csv,customer_id
database#department_store#Department_Stores.csv,dept_store_chain_id,database#department_store#Department_Store_Chain.csv,dept_store_chain_id
database#department_store#Departments.csv,dept_store_id,database#department_store#Department_Stores.csv,dept_store_id
database#department_store#Order_Items.csv,order_id,database#department_store#Customer_Orders.csv,order_id
database#department_store#Order_Items.csv,product_id,database#department_store#Products.csv,product_id
database#department_store#Product_Suppliers.csv,supplier_id,database#department_store#Suppliers.csv,supplier_id
database#department_store#Product_Suppliers.csv,product_id,database#department_store#Products.csv,product_id
database#department_store#Staff_Department_Assignments.csv,department_id,database#department_store#Departments.csv,department_id
database#department_store#Staff_Department_Assignments.csv,staff_id,database#department_store#Staff.csv,staff_id
database#device#stock.csv,Shop_ID,database#device#shop.csv,Shop_ID
database#device#stock.csv,Device_ID,database#device#device.csv,Device_ID
database#document_management#Users.csv,role_code,database#document_management#Roles.csv,role_code
database#document_management#Documents.csv,document_structure_code,database#document_management#Document_Structures.csv,document_structure_code
database#document_management#Document_Functional_Areas.csv,document_code,database#document_management#Documents.csv,document_code
database#document_management#Document_Functional_Areas.csv,functional_area_code,database#document_management#Functional_Areas.csv,functional_area_code
database#document_management#Document_Sections.csv,document_code,database#document_management#Documents.csv,document_code
database#document_management#Document_Sections_Images.csv,section_id,database#document_management#Document_Sections.csv,section_id
database#document_management#Document_Sections_Images.csv,image_id,database#document_management#Images.csv,image_id
database#dog_kennels#Dogs.csv,breed_code,database#dog_kennels#Breeds.csv,breed_code
database#dog_kennels#Dogs.csv,size_code,database#dog_kennels#Sizes.csv,size_code
database#dog_kennels#Dogs.csv,owner_id,database#dog_kennels#Owners.csv,owner_id
database#dog_kennels#Dogs.csv,owner_id,database#dog_kennels#Owners.csv,owner_id
database#dog_kennels#Treatments.csv,treatment_type_code,database#dog_kennels#Treatment_Types.csv,treatment_type_code
database#dog_kennels#Treatments.csv,professional_id,database#dog_kennels#Professionals.csv,professional_id
database#dog_kennels#Treatments.csv,dog_id,database#dog_kennels#Dogs.csv,dog_id
database#dorm_1#Has_amenity.csv,dormid,database#dorm_1#Dorm.csv,dormid
database#dorm_1#Has_amenity.csv,amenid,database#dorm_1#Dorm_amenity.csv,amenid
database#dorm_1#Lives_in.csv,stuid,database#dorm_1#Student.csv,StuID
database#dorm_1#Lives_in.csv,dormid,database#dorm_1#Dorm.csv,dormid
database#driving_school#Staff.csv,staff_address_id,database#driving_school#Addresses.csv,address_id
database#driving_school#Customers.csv,customer_address_id,database#driving_school#Addresses.csv,address_id
database#driving_school#Customer_Payments.csv,customer_id,database#driving_school#Customers.csv,customer_id
database#driving_school#Lessons.csv,vehicle_id,database#driving_school#Vehicles.csv,vehicle_id
database#driving_school#Lessons.csv,staff_id,database#driving_school#Staff.csv,staff_id
database#driving_school#Lessons.csv,customer_id,database#driving_school#Customers.csv,customer_id
database#e_government#Forms.csv,service_id,database#e_government#Services.csv,service_id
database#e_government#Organization_Contact_Individuals.csv,organization_id,database#e_government#Organizations.csv,organization_id
database#e_government#Organization_Contact_Individuals.csv,individual_id,database#e_government#Individuals.csv,individual_id
database#e_government#Party_Addresses.csv,address_id,database#e_government#Addresses.csv,address_id
database#e_government#Party_Addresses.csv,party_id,database#e_government#Parties.csv,party_id
database#e_government#Party_Forms.csv,party_id,database#e_government#Parties.csv,party_id
database#e_government#Party_Forms.csv,form_id,database#e_government#Forms.csv,form_id
database#e_government#Party_Services.csv,service_id,database#e_government#Services.csv,service_id
database#e_government#Party_Services.csv,customer_id,database#e_government#Parties.csv,party_id
database#e_learning#Courses.csv,author_id,database#e_learning#Course_Authors_and_Tutors.csv,author_id
database#e_learning#Courses.csv,subject_id,database#e_learning#Subjects.csv,subject_id
database#e_learning#Student_Course_Enrolment.csv,course_id,database#e_learning#Courses.csv,course_id
database#e_learning#Student_Course_Enrolment.csv,student_id,database#e_learning#Students.csv,student_id
database#e_learning#Student_Tests_Taken.csv,registration_id,database#e_learning#Student_Course_Enrolment.csv,registration_id
database#election#election.csv,Party,database#election#party.csv,Party_ID
database#election#election.csv,District,database#election#county.csv,County_Id
database#election_representative#election.csv,Representative_ID,database#election_representative#representative.csv,Representative_ID
database#employee_hire_evaluation#hiring.csv,Shop_ID,database#employee_hire_evaluation#shop.csv,Shop_ID
database#employee_hire_evaluation#hiring.csv,Employee_ID,database#employee_hire_evaluation#employee.csv,Employee_ID
database#employee_hire_evaluation#evaluation.csv,Employee_ID,database#employee_hire_evaluation#employee.csv,Employee_ID
database#entertainment_awards#nomination.csv,Artwork_ID,database#entertainment_awards#artwork.csv,Artwork_ID
database#entertainment_awards#nomination.csv,Festival_ID,database#entertainment_awards#festival_detail.csv,Festival_ID
database#entrepreneur#entrepreneur.csv,People_ID,database#entrepreneur#people.csv,People_ID
database#farm#farm_competition.csv,Host_city_ID,database#farm#city.csv,City_ID
database#farm#competition_record.csv,Competition_ID,database#farm#farm_competition.csv,Competition_ID
database#farm#competition_record.csv,Farm_ID,database#farm#farm.csv,Farm_ID
database#film_rank#film_market_estimation.csv,Film_ID,database#film_rank#film.csv,Film_ID
database#film_rank#film_market_estimation.csv,Market_ID,database#film_rank#market.csv,Market_ID
database#flight_1#flight.csv,aid,database#flight_1#aircraft.csv,aid
database#flight_1#certificate.csv,eid,database#flight_1#employee.csv,eid
database#flight_1#certificate.csv,aid,database#flight_1#aircraft.csv,aid
database#flight_2#flights.csv,SourceAirport,database#flight_2#airports.csv,AirportCode
database#flight_2#flights.csv,DestAirport,database#flight_2#airports.csv,AirportCode
database#flight_company#flight.csv,airport_id,database#flight_company#airport.csv,id
database#flight_company#flight.csv,company_id,database#flight_company#operate_company.csv,id
database#formula_1#races.csv,circuitId,database#formula_1#circuits.csv,circuitId
database#formula_1#constructorStandings.csv,constructorId,database#formula_1#constructors.csv,constructorId
database#formula_1#constructorStandings.csv,raceId,database#formula_1#races.csv,raceId
database#formula_1#results.csv,constructorId,database#formula_1#constructors.csv,constructorId
database#formula_1#results.csv,raceId,database#formula_1#races.csv,raceId
database#formula_1#results.csv,driverId,database#formula_1#drivers.csv,driverId
database#formula_1#driverStandings.csv,raceId,database#formula_1#races.csv,raceId
database#formula_1#driverStandings.csv,driverId,database#formula_1#drivers.csv,driverId
database#formula_1#constructorResults.csv,constructorId,database#formula_1#constructors.csv,constructorId
database#formula_1#constructorResults.csv,raceId,database#formula_1#races.csv,raceId
database#formula_1#qualifying.csv,constructorId,database#formula_1#constructors.csv,constructorId
database#formula_1#qualifying.csv,raceId,database#formula_1#races.csv,raceId
database#formula_1#qualifying.csv,driverId,database#formula_1#drivers.csv,driverId
database#formula_1#pitStops.csv,raceId,database#formula_1#races.csv,raceId
database#formula_1#pitStops.csv,driverId,database#formula_1#drivers.csv,driverId
database#formula_1#lapTimes.csv,raceId,database#formula_1#races.csv,raceId
database#formula_1#lapTimes.csv,driverId,database#formula_1#drivers.csv,driverId
database#game_1#Plays_Games.csv,GameID,database#game_1#Video_Games.csv,GameID
database#game_1#Plays_Games.csv,StuID,database#game_1#Student.csv,StuID
database#game_1#SportsInfo.csv,StuID,database#game_1#Student.csv,StuID
database#game_injury#game.csv,stadium_id,database#game_injury#stadium.csv,id
database#game_injury#injury_accident.csv,game_id,database#game_injury#game.csv,id
database#gas_company#station_company.csv,Station_ID,database#gas_company#gas_station.csv,Station_ID
database#gas_company#station_company.csv,Company_ID,database#gas_company#company.csv,Company_ID
database#geo#city.csv,state_name,database#geo#state.csv,state_name
database#geo#border_info.csv,state_name,database#geo#state.csv,state_name
database#geo#border_info.csv,border,database#geo#state.csv,state_name
database#geo#highlow.csv,state_name,database#geo#state.csv,state_name
database#geo#mountain.csv,state_name,database#geo#state.csv,state_name
database#geo#river.csv,traverse,database#geo#state.csv,state_name
database#gymnast#gymnast.csv,Gymnast_ID,database#gymnast#people.csv,People_ID
database#hospital_1#Department.csv,Head,database#hospital_1#Physician.csv,EmployeeID
database#hospital_1#Affiliated_With.csv,Physician,database#hospital_1#Physician.csv,EmployeeID
database#hospital_1#Affiliated_With.csv,Department,database#hospital_1#Department.csv,DepartmentID
database#hospital_1#Trained_In.csv,Physician,database#hospital_1#Physician.csv,EmployeeID
database#hospital_1#Trained_In.csv,Treatment,database#hospital_1#Procedures.csv,Code
database#hospital_1#Patient.csv,PCP,database#hospital_1#Physician.csv,EmployeeID
database#hospital_1#Appointment.csv,Patient,database#hospital_1#Patient.csv,SSN
database#hospital_1#Appointment.csv,PrepNurse,database#hospital_1#Nurse.csv,EmployeeID
database#hospital_1#Appointment.csv,Physician,database#hospital_1#Physician.csv,EmployeeID
database#hospital_1#Prescribes.csv,Physician,database#hospital_1#Physician.csv,EmployeeID
database#hospital_1#Prescribes.csv,Patient,database#hospital_1#Patient.csv,SSN
database#hospital_1#Prescribes.csv,Medication,database#hospital_1#Medication.csv,Code
database#hospital_1#Prescribes.csv,Appointment,database#hospital_1#Appointment.csv,AppointmentID
database#hospital_1#On_Call.csv,Nurse,database#hospital_1#Nurse.csv,EmployeeID
database#hospital_1#Stay.csv,Patient,database#hospital_1#Patient.csv,SSN
database#hospital_1#Stay.csv,Room,database#hospital_1#Room.csv,RoomNumber
database#hospital_1#Undergoes.csv,Patient,database#hospital_1#Patient.csv,SSN
database#hospital_1#Undergoes.csv,Procedures,database#hospital_1#Procedures.csv,Code
database#hospital_1#Undergoes.csv,Stay,database#hospital_1#Stay.csv,StayID
database#hospital_1#Undergoes.csv,Physician,database#hospital_1#Physician.csv,EmployeeID
database#hospital_1#Undergoes.csv,AssistingNurse,database#hospital_1#Nurse.csv,EmployeeID
database#hr_1#countries.csv,REGION_ID,database#hr_1#regions.csv,REGION_ID
database#hr_1#employees.csv,DEPARTMENT_ID,database#hr_1#departments.csv,DEPARTMENT_ID
database#hr_1#employees.csv,JOB_ID,database#hr_1#jobs.csv,JOB_ID
database#hr_1#job_history.csv,EMPLOYEE_ID,database#hr_1#employees.csv,EMPLOYEE_ID
database#hr_1#job_history.csv,DEPARTMENT_ID,database#hr_1#departments.csv,DEPARTMENT_ID
database#hr_1#job_history.csv,JOB_ID,database#hr_1#jobs.csv,JOB_ID
database#hr_1#locations.csv,COUNTRY_ID,database#hr_1#countries.csv,COUNTRY_ID
database#imdb#cast.csv,aid,database#imdb#actor.csv,aid
database#imdb#cast.csv,msid,database#imdb#copyright.csv,msid
database#imdb#classification.csv,gid,database#imdb#genre.csv,gid
database#imdb#classification.csv,msid,database#imdb#copyright.csv,msid
database#imdb#directed_by.csv,msid,database#imdb#copyright.csv,msid
database#imdb#directed_by.csv,did,database#imdb#director.csv,did
database#imdb#made_by.csv,msid,database#imdb#copyright.csv,msid
database#imdb#made_by.csv,pid,database#imdb#producer.csv,pid
database#imdb#tags.csv,msid,database#imdb#copyright.csv,msid
database#imdb#tags.csv,kid,database#imdb#keyword.csv,kid
database#imdb#written_by.csv,msid,database#imdb#copyright.csv,msid
database#imdb#written_by.csv,wid,database#imdb#writer.csv,wid
database#inn_1#Reservations.csv,Room,database#inn_1#Rooms.csv,RoomId
database#insurance_and_eClaims#Policies.csv,Customer_ID,database#insurance_and_eClaims#Customers.csv,Customer_ID
database#insurance_and_eClaims#Claim_Headers.csv,Policy_ID,database#insurance_and_eClaims#Policies.csv,Policy_ID
database#insurance_and_eClaims#Claims_Documents.csv,Claim_ID,database#insurance_and_eClaims#Claim_Headers.csv,Claim_Header_ID
database#insurance_and_eClaims#Claims_Documents.csv,Created_by_Staff_ID,database#insurance_and_eClaims#Staff.csv,Staff_ID
database#insurance_and_eClaims#Claims_Processing.csv,Claim_ID,database#insurance_and_eClaims#Claim_Headers.csv,Claim_Header_ID
database#insurance_and_eClaims#Claims_Processing.csv,Staff_ID,database#insurance_and_eClaims#Staff.csv,Staff_ID
database#insurance_fnol#Customers_Policies.csv,Customer_ID,database#insurance_fnol#Customers.csv,Customer_ID
database#insurance_fnol#Customers_Policies.csv,Policy_ID,database#insurance_fnol#Available_Policies.csv,Policy_ID
database#insurance_fnol#First_Notification_of_Loss.csv,Service_ID,database#insurance_fnol#Services.csv,Service_ID
database#insurance_fnol#Claims.csv,FNOL_ID,database#insurance_fnol#First_Notification_of_Loss.csv,FNOL_ID
database#insurance_fnol#Settlements.csv,Claim_ID,database#insurance_fnol#Claims.csv,Claim_ID
database#insurance_policies#Customer_Policies.csv,Customer_ID,database#insurance_policies#Customers.csv,Customer_ID
database#insurance_policies#Claims.csv,Policy_ID,database#insurance_policies#Customer_Policies.csv,Policy_ID
database#insurance_policies#Settlements.csv,Claim_ID,database#insurance_policies#Claims.csv,Claim_ID
database#insurance_policies#Payments.csv,Settlement_ID,database#insurance_policies#Settlements.csv,Settlement_ID
database#journal_committee#journal_committee.csv,Editor_ID,database#journal_committee#editor.csv,Editor_ID
database#journal_committee#journal_committee.csv,Journal_ID,database#journal_committee#journal.csv,Journal_ID
database#loan_1#customer.csv,branch_ID,database#loan_1#bank.csv,branch_ID
database#loan_1#loan.csv,branch_ID,database#loan_1#bank.csv,branch_ID
database#loan_1#loan.csv,Cust_ID,database#loan_1#customer.csv,Cust_ID
database#local_govt_and_lot#Residents.csv,property_id,database#local_govt_and_lot#Properties.csv,property_id
database#local_govt_and_lot#Services.csv,organization_id,database#local_govt_and_lot#Organizations.csv,organization_id
database#local_govt_and_lot#Residents_Services.csv,service_id,database#local_govt_and_lot#Services.csv,service_id
database#local_govt_and_lot#Things.csv,organization_id,database#local_govt_and_lot#Organizations.csv,organization_id
database#local_govt_and_lot#Customer_Events.csv,thing_id,database#local_govt_and_lot#Things.csv,thing_id
database#local_govt_and_lot#Customer_Events.csv,customer_id,database#local_govt_and_lot#Customers.csv,customer_id
database#local_govt_and_lot#Customer_Event_Notes.csv,Customer_Event_ID,database#local_govt_and_lot#Customer_Events.csv,Customer_Event_ID
database#local_govt_and_lot#Timed_Status_of_Things.csv,thing_id,database#local_govt_and_lot#Things.csv,thing_id
database#local_govt_and_lot#Timed_Locations_of_Things.csv,thing_id,database#local_govt_and_lot#Things.csv,thing_id
database#local_govt_in_alabama#Events.csv,Service_ID,database#local_govt_in_alabama#Services.csv,Service_ID
database#local_govt_in_alabama#Participants_in_Events.csv,Participant_ID,database#local_govt_in_alabama#Participants.csv,Participant_ID
database#local_govt_in_alabama#Participants_in_Events.csv,Event_ID,database#local_govt_in_alabama#Events.csv,Event_ID
database#local_govt_mdm#CMI_Cross_References.csv,master_customer_id,database#local_govt_mdm#Customer_Master_Index.csv,master_customer_id
database#local_govt_mdm#Council_Tax.csv,cmi_cross_ref_id,database#local_govt_mdm#CMI_Cross_References.csv,cmi_cross_ref_id
database#local_govt_mdm#Business_Rates.csv,cmi_cross_ref_id,database#local_govt_mdm#CMI_Cross_References.csv,cmi_cross_ref_id
database#local_govt_mdm#Benefits_Overpayments.csv,cmi_cross_ref_id,database#local_govt_mdm#CMI_Cross_References.csv,cmi_cross_ref_id
database#local_govt_mdm#Parking_Fines.csv,cmi_cross_ref_id,database#local_govt_mdm#CMI_Cross_References.csv,cmi_cross_ref_id
database#local_govt_mdm#Rent_Arrears.csv,cmi_cross_ref_id,database#local_govt_mdm#CMI_Cross_References.csv,cmi_cross_ref_id
database#local_govt_mdm#Electoral_Register.csv,cmi_cross_ref_id,database#local_govt_mdm#CMI_Cross_References.csv,cmi_cross_ref_id
database#machine_repair#repair_assignment.csv,technician_id,database#machine_repair#technician.csv,technician_id
database#machine_repair#repair_assignment.csv,repair_ID,database#machine_repair#repair.csv,repair_ID
database#machine_repair#repair_assignment.csv,Machine_ID,database#machine_repair#machine.csv,Machine_ID
database#manufactory_1#Products.csv,Manufacturer,database#manufactory_1#Manufacturers.csv,Code
database#manufacturer#furniture_manufacte.csv,Manufacturer_ID,database#manufacturer#manufacturer.csv,Manufacturer_ID
database#manufacturer#furniture_manufacte.csv,Furniture_ID,database#manufacturer#furniture.csv,Furniture_ID
database#match_season#match_season.csv,Country,database#match_season#country.csv,Country_id
database#match_season#match_season.csv,Team,database#match_season#team.csv,Team_id
database#match_season#player.csv,Team,database#match_season#team.csv,Team_id
database#medicine_enzyme_interaction#medicine_enzyme_interaction.csv,enzyme_id,database#medicine_enzyme_interaction#enzyme.csv,id
database#medicine_enzyme_interaction#medicine_enzyme_interaction.csv,medicine_id,database#medicine_enzyme_interaction#medicine.csv,id
database#mountain_photos#photos.csv,camera_lens_id,database#mountain_photos#camera_lens.csv,id
database#mountain_photos#photos.csv,mountain_id,database#mountain_photos#mountain.csv,id
database#movie_1#Rating.csv,mID,database#movie_1#Movie.csv,mID
database#movie_1#Rating.csv,rID,database#movie_1#Reviewer.csv,rID
database#museum_visit#visit.csv,Museum_ID,database#museum_visit#museum.csv,Museum_ID
database#museum_visit#visit.csv,visitor_ID,database#museum_visit#visitor.csv,ID
database#music_1#artist.csv,preferred_genre,database#music_1#genre.csv,g_name
database#music_1#files.csv,artist_name,database#music_1#artist.csv,artist_name
database#music_1#song.csv,artist_name,database#music_1#artist.csv,artist_name
database#music_1#song.csv,f_id,database#music_1#files.csv,f_id
database#music_1#song.csv,genre_is,database#music_1#genre.csv,g_name
database#music_2#Instruments.csv,SongId,database#music_2#Songs.csv,SongId
database#music_2#Instruments.csv,BandmateId,database#music_2#Band.csv,Id
database#music_2#Performance.csv,SongId,database#music_2#Songs.csv,SongId
database#music_2#Performance.csv,Bandmate,database#music_2#Band.csv,Id
database#music_2#Tracklists.csv,SongId,database#music_2#Songs.csv,SongId
database#music_2#Tracklists.csv,AlbumId,database#music_2#Albums.csv,AId
database#music_2#Vocals.csv,SongId,database#music_2#Songs.csv,SongId
database#music_2#Vocals.csv,Bandmate,database#music_2#Band.csv,Id
database#music_4#volume.csv,Artist_ID,database#music_4#artist.csv,Artist_ID
database#music_4#music_festival.csv,Volume,database#music_4#volume.csv,Volume_ID
database#musical#actor.csv,Musical_ID,database#musical#actor.csv,Actor_ID
database#network_1#Friend.csv,student_id,database#network_1#Highschooler.csv,ID
database#network_1#Friend.csv,friend_id,database#network_1#Highschooler.csv,ID
database#network_1#Likes.csv,liked_id,database#network_1#Highschooler.csv,ID
database#network_1#Likes.csv,student_id,database#network_1#Highschooler.csv,ID
database#network_2#PersonFriend.csv,name,database#network_2#Person.csv,name
database#network_2#PersonFriend.csv,friend,database#network_2#Person.csv,name
database#news_report#news_report.csv,journalist_ID,database#news_report#journalist.csv,journalist_ID
database#news_report#news_report.csv,Event_ID,database#news_report#event.csv,Event_ID
database#orchestra#orchestra.csv,Conductor_ID,database#orchestra#conductor.csv,Conductor_ID
database#orchestra#performance.csv,Orchestra_ID,database#orchestra#orchestra.csv,Orchestra_ID
database#orchestra#show.csv,Performance_ID,database#orchestra#performance.csv,Performance_ID
database#party_host#party_host.csv,Host_ID,database#party_host#host.csv,Host_ID
database#party_host#party_host.csv,Party_ID,database#party_host#party.csv,Party_ID
database#party_people#party.csv,Region_ID,database#party_people#region.csv,Region_ID
database#party_people#member.csv,Party_ID,database#party_people#party.csv,Party_ID
database#party_people#party_events.csv,Party_ID,database#party_people#party.csv,Party_ID
database#party_people#party_events.csv,Member_in_charge_ID,database#party_people#member.csv,Member_ID
database#performance_attendance#member_attendance.csv,Member_ID,database#performance_attendance#member.csv,Member_ID
database#performance_attendance#member_attendance.csv,Performance_ID,database#performance_attendance#performance.csv,Performance_ID
database#perpetrator#perpetrator.csv,People_ID,database#perpetrator#people.csv,People_ID
database#pets_1#Has_Pet.csv,PetID,database#pets_1#Pets.csv,PetID
database#pets_1#Has_Pet.csv,StuID,database#pets_1#Student.csv,StuID
database#phone_1#phone.csv,screen_mode,database#phone_1#screen_mode.csv,Graphics_mode
database#phone_1#phone.csv,chip_model,database#phone_1#chip_model.csv,Model_name
database#phone_market#phone_market.csv,Market_ID,database#phone_market#market.csv,Market_ID
database#phone_market#phone_market.csv,Phone_ID,database#phone_market#phone.csv,Phone_ID
database#pilot_record#pilot_record.csv,Pilot_ID,database#pilot_record#pilot.csv,Pilot_ID
database#pilot_record#pilot_record.csv,Aircraft_ID,database#pilot_record#aircraft.csv,Aircraft_ID
database#poker_player#poker_player.csv,People_ID,database#poker_player#people.csv,People_ID
database#product_catalog#Catalog_Structure.csv,catalog_id,database#product_catalog#Catalogs.csv,catalog_id
database#product_catalog#Catalog_Contents.csv,catalog_level_number,database#product_catalog#Catalog_Structure.csv,catalog_level_number
database#product_catalog#Catalog_Contents_Additional_Attributes.csv,catalog_entry_id,database#product_catalog#Catalog_Contents.csv,catalog_entry_id
database#product_catalog#Catalog_Contents_Additional_Attributes.csv,catalog_level_number,database#product_catalog#Catalog_Structure.csv,catalog_level_number
database#products_for_hire#Customers.csv,coupon_id,database#products_for_hire#Discount_Coupons.csv,coupon_id
database#products_for_hire#Bookings.csv,customer_id,database#products_for_hire#Customers.csv,customer_id
database#products_for_hire#Payments.csv,booking_id,database#products_for_hire#Bookings.csv,booking_id
database#products_for_hire#Payments.csv,customer_id,database#products_for_hire#Customers.csv,customer_id
database#products_for_hire#Products_Booked.csv,booking_id,database#products_for_hire#Bookings.csv,booking_id
database#products_for_hire#Products_Booked.csv,product_id,database#products_for_hire#Products_for_Hire.csv,product_id
database#products_for_hire#View_Product_Availability.csv,booking_id,database#products_for_hire#Bookings.csv,booking_id
database#products_for_hire#View_Product_Availability.csv,product_id,database#products_for_hire#Products_for_Hire.csv,product_id
database#products_gen_characteristics#Characteristics.csv,characteristic_type_code,database#products_gen_characteristics#Ref_Characteristic_Types.csv,characteristic_type_code
database#products_gen_characteristics#Products.csv,product_category_code,database#products_gen_characteristics#Ref_Product_Categories.csv,product_category_code
database#products_gen_characteristics#Product_Characteristics.csv,characteristic_id,database#products_gen_characteristics#Characteristics.csv,characteristic_id
database#products_gen_characteristics#Product_Characteristics.csv,product_id,database#products_gen_characteristics#Products.csv,product_id
database#program_share#broadcast.csv,Channel_ID,database#program_share#channel.csv,Channel_ID
database#program_share#broadcast.csv,Program_ID,database#program_share#program.csv,Program_ID
database#program_share#broadcast_share.csv,Channel_ID,database#program_share#channel.csv,Channel_ID
database#program_share#broadcast_share.csv,Program_ID,database#program_share#program.csv,Program_ID
database#protein_institute#protein.csv,Institution_id,database#protein_institute#Institution.csv,Institution_id
database#race_track#race.csv,Track_ID,database#race_track#track.csv,Track_ID
database#railway#train.csv,Railway_ID,database#railway#railway.csv,Railway_ID
database#railway#railway_manage.csv,Manager_ID,database#railway#manager.csv,Manager_ID
database#railway#railway_manage.csv,Railway_ID,database#railway#railway.csv,Railway_ID
database#real_estate_properties#Other_Available_Features.csv,feature_type_code,database#real_estate_properties#Ref_Feature_Types.csv,feature_type_code
database#real_estate_properties#Properties.csv,property_type_code,database#real_estate_properties#Ref_Property_Types.csv,property_type_code
database#real_estate_properties#Other_Property_Features.csv,feature_id,database#real_estate_properties#Other_Available_Features.csv,feature_id
database#real_estate_properties#Other_Property_Features.csv,property_id,database#real_estate_properties#Properties.csv,property_id
database#restaurant_1#Type_Of_Restaurant.csv,ResID,database#restaurant_1#Restaurant.csv,ResID
database#restaurant_1#Type_Of_Restaurant.csv,ResTypeID,database#restaurant_1#Restaurant_Type.csv,ResTypeID
database#restaurant_1#Visits_Restaurant.csv,StuID,database#restaurant_1#Student.csv,StuID
database#restaurant_1#Visits_Restaurant.csv,ResID,database#restaurant_1#Restaurant.csv,ResID
database#restaurants#RESTAURANT.csv,CITY_NAME,database#restaurants#GEOGRAPHIC.csv,CITY_NAME
database#restaurants#LOCATION.csv,CITY_NAME,database#restaurants#GEOGRAPHIC.csv,CITY_NAME
database#restaurants#LOCATION.csv,RESTAURANT_ID,database#restaurants#RESTAURANT.csv,RESTAURANT_ID
database#riding_club#coach.csv,Club_ID,database#riding_club#club.csv,Club_ID
database#riding_club#player_coach.csv,Player_ID,database#riding_club#player.csv,Player_ID
database#riding_club#player_coach.csv,Coach_ID,database#riding_club#coach.csv,Coach_ID
database#riding_club#match_result.csv,Club_ID,database#riding_club#club.csv,Club_ID
database#roller_coaster#roller_coaster.csv,Country_ID,database#roller_coaster#country.csv,Country_ID
database#sakila_1#address.csv,city_id,database#sakila_1#city.csv,city_id
database#sakila_1#city.csv,country_id,database#sakila_1#country.csv,country_id
database#sakila_1#customer.csv,address_id,database#sakila_1#address.csv,address_id
database#sakila_1#customer.csv,store_id,database#sakila_1#store.csv,store_id
database#sakila_1#film.csv,language_id,database#sakila_1#language.csv,language_id
database#sakila_1#film.csv,original_language_id,database#sakila_1#language.csv,language_id
database#sakila_1#film_actor.csv,actor_id,database#sakila_1#actor.csv,actor_id
database#sakila_1#film_actor.csv,film_id,database#sakila_1#film.csv,film_id
database#sakila_1#film_category.csv,film_id,database#sakila_1#film.csv,film_id
database#sakila_1#film_category.csv,category_id,database#sakila_1#category.csv,category_id
database#sakila_1#inventory.csv,store_id,database#sakila_1#store.csv,store_id
database#sakila_1#inventory.csv,film_id,database#sakila_1#film.csv,film_id
database#sakila_1#payment.csv,rental_id,database#sakila_1#rental.csv,rental_id
database#sakila_1#payment.csv,customer_id,database#sakila_1#customer.csv,customer_id
database#sakila_1#payment.csv,staff_id,database#sakila_1#staff.csv,staff_id
database#sakila_1#rental.csv,staff_id,database#sakila_1#staff.csv,staff_id
database#sakila_1#rental.csv,inventory_id,database#sakila_1#inventory.csv,inventory_id
database#sakila_1#rental.csv,customer_id,database#sakila_1#customer.csv,customer_id
database#sakila_1#staff.csv,store_id,database#sakila_1#store.csv,store_id
database#sakila_1#staff.csv,address_id,database#sakila_1#address.csv,address_id
database#sakila_1#store.csv,manager_staff_id,database#sakila_1#staff.csv,staff_id
database#sakila_1#store.csv,address_id,database#sakila_1#address.csv,address_id
database#scholar#paper.csv,journalId,database#scholar#journal.csv,journalId
database#scholar#paper.csv,venueId,database#scholar#venue.csv,venueId
database#scholar#cite.csv,citedpaperId,database#scholar#paper.csv,paperId
database#scholar#cite.csv,citingpaperId,database#scholar#paper.csv,paperId
database#scholar#paperKeyphrase.csv,paperId,database#scholar#paper.csv,paperId
database#scholar#paperKeyphrase.csv,keyphraseId,database#scholar#keyphrase.csv,keyphraseId
database#scholar#writes.csv,paperId,database#scholar#paper.csv,paperId
database#scholar#writes.csv,authorId,database#scholar#author.csv,authorId
database#school_bus#school_bus.csv,School_ID,database#school_bus#school.csv,School_ID
database#school_bus#school_bus.csv,Driver_ID,database#school_bus#driver.csv,Driver_ID
database#school_finance#budget.csv,School_id,database#school_finance#School.csv,School_id
database#school_finance#endowment.csv,School_id,database#school_finance#School.csv,School_id
database#school_player#school_details.csv,School_ID,database#school_player#school.csv,School_ID
database#school_player#school_performance.csv,School_ID,database#school_player#school.csv,School_ID
database#school_player#player.csv,School_ID,database#school_player#school.csv,School_ID
database#scientist_1#AssignedTo.csv,Scientist,database#scientist_1#Scientists.csv,SSN
database#scientist_1#AssignedTo.csv,Project,database#scientist_1#Projects.csv,Code
database#ship_1#captain.csv,Ship_ID,database#ship_1#Ship.csv,Ship_ID
database#ship_mission#mission.csv,Ship_ID,database#ship_mission#ship.csv,Ship_ID
database#shop_membership#membership_register_branch.csv,Member_ID,database#shop_membership#member.csv,Member_ID
database#shop_membership#membership_register_branch.csv,Branch_ID,database#shop_membership#branch.csv,Branch_ID
database#shop_membership#purchase.csv,Member_ID,database#shop_membership#member.csv,Member_ID
database#shop_membership#purchase.csv,Branch_ID,database#shop_membership#branch.csv,Branch_ID
database#singer#song.csv,Singer_ID,database#singer#singer.csv,Singer_ID
database#soccer_1#Player_Attributes.csv,player_fifa_api_id,database#soccer_1#Player.csv,player_fifa_api_id
database#soccer_1#Player_Attributes.csv,player_api_id,database#soccer_1#Player.csv,player_api_id
database#soccer_1#Match.csv,country_id,database#soccer_1#Country.csv,id
database#soccer_1#Match.csv,league_id,database#soccer_1#League.csv,id
database#soccer_1#Match.csv,home_team_api_id,database#soccer_1#Team.csv,team_api_id
database#soccer_1#Match.csv,away_team_api_id,database#soccer_1#Team.csv,team_api_id
database#soccer_1#Match.csv,home_player_1,database#soccer_1#Player.csv,player_api_id
database#soccer_1#Match.csv,home_player_2,database#soccer_1#Player.csv,player_api_id
database#soccer_1#Match.csv,home_player_3,database#soccer_1#Player.csv,player_api_id
database#soccer_1#Match.csv,home_player_4,database#soccer_1#Player.csv,player_api_id
database#soccer_1#Match.csv,home_player_5,database#soccer_1#Player.csv,player_api_id
database#soccer_1#Match.csv,home_player_6,database#soccer_1#Player.csv,player_api_id
database#soccer_1#Match.csv,home_player_7,database#soccer_1#Player.csv,player_api_id
database#soccer_1#Match.csv,home_player_8,database#soccer_1#Player.csv,player_api_id
database#soccer_1#Match.csv,home_player_9,database#soccer_1#Player.csv,player_api_id
database#soccer_1#Match.csv,home_player_10,database#soccer_1#Player.csv,player_api_id
database#soccer_1#Match.csv,home_player_11,database#soccer_1#Player.csv,player_api_id
database#soccer_1#Match.csv,away_player_1,database#soccer_1#Player.csv,player_api_id
database#soccer_1#Match.csv,away_player_2,database#soccer_1#Player.csv,player_api_id
database#soccer_1#Match.csv,away_player_3,database#soccer_1#Player.csv,player_api_id
database#soccer_1#Match.csv,away_player_4,database#soccer_1#Player.csv,player_api_id
database#soccer_1#Match.csv,away_player_5,database#soccer_1#Player.csv,player_api_id
database#soccer_1#Match.csv,away_player_6,database#soccer_1#Player.csv,player_api_id
database#soccer_1#Match.csv,away_player_7,database#soccer_1#Player.csv,player_api_id
database#soccer_1#Match.csv,away_player_8,database#soccer_1#Player.csv,player_api_id
database#soccer_1#Match.csv,away_player_9,database#soccer_1#Player.csv,player_api_id
database#soccer_1#Match.csv,away_player_10,database#soccer_1#Player.csv,player_api_id
database#soccer_1#Match.csv,away_player_11,database#soccer_1#Player.csv,player_api_id
database#soccer_1#League.csv,country_id,database#soccer_1#Country.csv,id
database#soccer_1#Team_Attributes.csv,team_fifa_api_id,database#soccer_1#Team.csv,team_fifa_api_id
database#soccer_1#Team_Attributes.csv,team_api_id,database#soccer_1#Team.csv,team_api_id
database#soccer_2#Tryout.csv,pID,database#soccer_2#Player.csv,pID
database#soccer_2#Tryout.csv,cName,database#soccer_2#College.csv,cName
database#solvency_ii#Events.csv,Location_ID,database#solvency_ii#Locations.csv,Location_ID
database#solvency_ii#Events.csv,Address_ID,database#solvency_ii#Addresses.csv,Address_ID
database#solvency_ii#Events.csv,Finance_ID,database#solvency_ii#Finances.csv,Finance_ID
database#solvency_ii#Products_in_Events.csv,Event_ID,database#solvency_ii#Events.csv,Event_ID
database#solvency_ii#Products_in_Events.csv,Product_ID,database#solvency_ii#Products.csv,Product_ID
database#solvency_ii#Parties_in_Events.csv,Party_ID,database#solvency_ii#Parties.csv,Party_ID
database#solvency_ii#Parties_in_Events.csv,Event_ID,database#solvency_ii#Events.csv,Event_ID
database#solvency_ii#Agreements.csv,Event_ID,database#solvency_ii#Events.csv,Event_ID
database#solvency_ii#Assets_in_Events.csv,Event_ID,database#solvency_ii#Events.csv,Event_ID
database#solvency_ii#Assets_in_Events.csv,Event_ID,database#solvency_ii#Events.csv,Event_ID
database#sports_competition#club_rank.csv,Club_ID,database#sports_competition#club.csv,Club_ID
database#sports_competition#player.csv,Club_ID,database#sports_competition#club.csv,Club_ID
database#sports_competition#competition_result.csv,Club_ID_1,database#sports_competition#club.csv,Club_ID
database#sports_competition#competition_result.csv,Club_ID_2,database#sports_competition#club.csv,Club_ID
database#sports_competition#competition_result.csv,Competition_ID,database#sports_competition#competition.csv,Competition_ID
database#station_weather#route.csv,train_id,database#station_weather#train.csv,id
database#station_weather#route.csv,station_id,database#station_weather#station.csv,id
database#station_weather#weekly_weather.csv,station_id,database#station_weather#station.csv,id
database#store_1#albums.csv,artist_id,database#store_1#artists.csv,id
database#store_1#employees.csv,reports_to,database#store_1#employees.csv,id
database#store_1#customers.csv,support_rep_id,database#store_1#employees.csv,id
database#store_1#invoices.csv,customer_id,database#store_1#customers.csv,id
database#store_1#tracks.csv,album_id,database#store_1#albums.csv,id
database#store_1#tracks.csv,genre_id,database#store_1#genres.csv,id
database#store_1#tracks.csv,media_type_id,database#store_1#media_types.csv,id
database#store_1#invoice_lines.csv,invoice_id,database#store_1#invoices.csv,id
database#store_1#invoice_lines.csv,track_id,database#store_1#tracks.csv,id
database#store_1#playlist_tracks.csv,playlist_id,database#store_1#playlists.csv,id
database#store_1#playlist_tracks.csv,track_id,database#store_1#tracks.csv,id
database#store_product#store_product.csv,Store_ID,database#store_product#store.csv,Store_ID
database#store_product#store_product.csv,Product_ID,database#store_product#product.csv,Product_ID
database#store_product#store_district.csv,Store_ID,database#store_product#store.csv,Store_ID
database#store_product#store_district.csv,District_ID,database#store_product#district.csv,District_ID
database#storm_record#affected_region.csv,Region_id,database#storm_record#region.csv,Region_id
database#storm_record#affected_region.csv,Storm_ID,database#storm_record#storm.csv,Storm_ID
database#student_assessment#Students.csv,student_id,database#student_assessment#People.csv,person_id
database#student_assessment#People_Addresses.csv,person_id,database#student_assessment#People.csv,person_id
database#student_assessment#People_Addresses.csv,address_id,database#student_assessment#Addresses.csv,address_id
database#student_assessment#Student_Course_Registrations.csv,student_id,database#student_assessment#Students.csv,student_id
database#student_assessment#Student_Course_Registrations.csv,course_id,database#student_assessment#Courses.csv,course_id
database#student_assessment#Candidates.csv,candidate_id,database#student_assessment#People.csv,person_id
database#student_assessment#Candidate_Assessments.csv,candidate_id,database#student_assessment#Candidates.csv,candidate_id
database#student_transcripts_tracking#Degree_Programs.csv,department_id,database#student_transcripts_tracking#Departments.csv,department_id
database#student_transcripts_tracking#Sections.csv,course_id,database#student_transcripts_tracking#Courses.csv,course_id
database#student_transcripts_tracking#Students.csv,current_address_id,database#student_transcripts_tracking#Addresses.csv,address_id
database#student_transcripts_tracking#Students.csv,permanent_address_id,database#student_transcripts_tracking#Addresses.csv,address_id
database#student_transcripts_tracking#Student_Enrolment.csv,degree_program_id,database#student_transcripts_tracking#Degree_Programs.csv,degree_program_id
database#student_transcripts_tracking#Student_Enrolment.csv,semester_id,database#student_transcripts_tracking#Semesters.csv,semester_id
database#student_transcripts_tracking#Student_Enrolment.csv,student_id,database#student_transcripts_tracking#Students.csv,student_id
database#student_transcripts_tracking#Student_Enrolment_Courses.csv,course_id,database#student_transcripts_tracking#Courses.csv,course_id
database#student_transcripts_tracking#Student_Enrolment_Courses.csv,student_enrolment_id,database#student_transcripts_tracking#Student_Enrolment.csv,student_enrolment_id
database#student_transcripts_tracking#Transcript_Contents.csv,student_course_id,database#student_transcripts_tracking#Student_Enrolment_Courses.csv,student_course_id
database#student_transcripts_tracking#Transcript_Contents.csv,transcript_id,database#student_transcripts_tracking#Transcripts.csv,transcript_id
database#swimming#event.csv,Stadium_ID,database#swimming#stadium.csv,ID
database#swimming#record.csv,Event_ID,database#swimming#event.csv,ID
database#swimming#record.csv,Swimmer_ID,database#swimming#swimmer.csv,ID
database#theme_gallery#exhibition.csv,Artist_ID,database#theme_gallery#artist.csv,Artist_ID
database#theme_gallery#exhibition_record.csv,Exhibition_ID,database#theme_gallery#exhibition.csv,Exhibition_ID
database#tracking_grants_for_research#Documents.csv,document_type_code,database#tracking_grants_for_research#Document_Types.csv,document_type_code
database#tracking_grants_for_research#Documents.csv,grant_id,database#tracking_grants_for_research#Grants.csv,grant_id
database#tracking_grants_for_research#Grants.csv,organisation_id,database#tracking_grants_for_research#Organisations.csv,organisation_id
database#tracking_grants_for_research#Organisations.csv,organisation_type,database#tracking_grants_for_research#Organisation_Types.csv,organisation_type
database#tracking_grants_for_research#Project_Outcomes.csv,project_id,database#tracking_grants_for_research#Projects.csv,project_id
database#tracking_grants_for_research#Project_Staff.csv,project_id,database#tracking_grants_for_research#Projects.csv,project_id
database#tracking_grants_for_research#Projects.csv,organisation_id,database#tracking_grants_for_research#Organisations.csv,organisation_id
database#tracking_grants_for_research#Research_Staff.csv,employer_organisation_id,database#tracking_grants_for_research#Organisations.csv,organisation_id
database#tracking_grants_for_research#Tasks.csv,project_id,database#tracking_grants_for_research#Projects.csv,project_id
database#tracking_orders#Orders.csv,customer_id,database#tracking_orders#Customers.csv,customer_id
database#tracking_orders#Order_Items.csv,order_id,database#tracking_orders#Orders.csv,order_id
database#tracking_orders#Order_Items.csv,product_id,database#tracking_orders#Products.csv,product_id
database#tracking_orders#Shipments.csv,order_id,database#tracking_orders#Orders.csv,order_id
database#tracking_orders#Shipments.csv,invoice_number,database#tracking_orders#Invoices.csv,invoice_number
database#tracking_orders#Shipment_Items.csv,order_item_id,database#tracking_orders#Order_Items.csv,order_item_id
database#tracking_orders#Shipment_Items.csv,shipment_id,database#tracking_orders#Shipments.csv,shipment_id
database#tracking_share_transactions#Lots.csv,investor_id,database#tracking_share_transactions#Investors.csv,investor_id
database#tracking_share_transactions#Transactions.csv,investor_id,database#tracking_share_transactions#Investors.csv,investor_id
database#tracking_share_transactions#Sales.csv,sales_transaction_id,database#tracking_share_transactions#Transactions.csv,transaction_id
database#tracking_share_transactions#Purchases.csv,purchase_transaction_id,database#tracking_share_transactions#Transactions.csv,transaction_id
database#tracking_share_transactions#Transactions_Lots.csv,lot_id,database#tracking_share_transactions#Lots.csv,lot_id
database#tracking_share_transactions#Transactions_Lots.csv,transaction_id,database#tracking_share_transactions#Transactions.csv,transaction_id
database#tracking_software_problems#Problem_Log.csv,problem_category_code,database#tracking_software_problems#Problem_Category_Codes.csv,problem_category_code
database#tracking_software_problems#Problems.csv,closure_authorised_by_staff_id,database#tracking_software_problems#Staff.csv,staff_id
database#tracking_software_problems#Problems.csv,product_id,database#tracking_software_problems#Product.csv,product_id
database#tracking_software_problems#Problems.csv,reported_by_staff_id,database#tracking_software_problems#Staff.csv,staff_id
database#train_station#train_station.csv,Train_ID,database#train_station#train.csv,Train_ID
database#train_station#train_station.csv,Station_ID,database#train_station#station.csv,Station_ID
database#tvshow#TV_series.csv,Channel,database#tvshow#TV_Channel.csv,id
database#tvshow#Cartoon.csv,Channel,database#tvshow#TV_Channel.csv,id
database#university_basketball#basketball_match.csv,School_ID,database#university_basketball#university.csv,School_ID
database#voter_2#Voting_record.csv,StuID,database#voter_2#Student.csv,StuID
database#voter_2#Voting_record.csv,President_Vote,database#voter_2#Student.csv,StuID
database#voter_2#Voting_record.csv,Vice_President_Vote,database#voter_2#Student.csv,StuID
database#voter_2#Voting_record.csv,Secretary_Vote,database#voter_2#Student.csv,StuID
database#voter_2#Voting_record.csv,Treasurer_Vote,database#voter_2#Student.csv,StuID
database#voter_2#Voting_record.csv,Class_President_Vote,database#voter_2#Student.csv,StuID
database#voter_2#Voting_record.csv,Class_Senator_Vote,database#voter_2#Student.csv,StuID
database#wedding#wedding.csv,Church_ID,database#wedding#church.csv,Church_ID
database#wedding#wedding.csv,Male_ID,database#wedding#people.csv,People_ID
database#wedding#wedding.csv,Female_ID,database#wedding#people.csv,People_ID
database#wine_1#wine.csv,Grape,database#wine_1#grapes.csv,Grape
database#wine_1#wine.csv,Appelation,database#wine_1#appellations.csv,Appelation
database#workshop_paper#Acceptance.csv,Submission_ID,database#workshop_paper#submission.csv,Submission_ID
database#workshop_paper#Acceptance.csv,Workshop_ID,database#workshop_paper#workshop.csv,Workshop_ID
database#wrestler#Elimination.csv,Wrestler_ID,database#wrestler#wrestler.csv,Wrestler_ID
database#wta_1#matches.csv,loser_id,database#wta_1#players.csv,player_id
database#wta_1#matches.csv,winner_id,database#wta_1#players.csv,player_id
database#wta_1#qualifying_matches.csv,loser_id,database#wta_1#players.csv,player_id
database#wta_1#qualifying_matches.csv,winner_id,database#wta_1#players.csv,player_id
database#wta_1#rankings.csv,player_id,database#wta_1#players.csv,player_id
database#yelp#category.csv,business_id,database#yelp#business.csv,business_id
database#yelp#checkin.csv,business_id,database#yelp#business.csv,business_id
database#yelp#neighbourhood.csv,business_id,database#yelp#business.csv,business_id
database#yelp#review.csv,business_id,database#yelp#business.csv,business_id
database#yelp#review.csv,user_id,database#yelp#user.csv,user_id
database#yelp#tip.csv,business_id,database#yelp#business.csv,business_id
database#yelp#tip.csv,user_id,database#yelp#user.csv,user_id
test_database#aan_1#Author_list.csv,paper_id,test_database#aan_1#Paper.csv,paper_id
test_database#aan_1#Author_list.csv,author_id,test_database#aan_1#Author.csv,author_id
test_database#aan_1#Author_list.csv,affiliation_id,test_database#aan_1#Affiliation.csv,affiliation_id
test_database#aan_1#Citation.csv,paper_id,test_database#aan_1#Paper.csv,paper_id
test_database#aan_1#Citation.csv,cited_paper_id,test_database#aan_1#Paper.csv,paper_id
test_database#academic#domain_author.csv,aid,test_database#academic#author.csv,aid
test_database#academic#domain_author.csv,did,test_database#academic#domain.csv,did
test_database#academic#domain_conference.csv,cid,test_database#academic#conference.csv,cid
test_database#academic#domain_conference.csv,did,test_database#academic#domain.csv,did
test_database#academic#domain_journal.csv,jid,test_database#academic#journal.csv,jid
test_database#academic#domain_journal.csv,did,test_database#academic#domain.csv,did
test_database#academic#domain_keyword.csv,kid,test_database#academic#keyword.csv,kid
test_database#academic#domain_keyword.csv,did,test_database#academic#domain.csv,did
test_database#academic#publication.csv,jid,test_database#academic#journal.csv,jid
test_database#academic#publication.csv,cid,test_database#academic#conference.csv,cid
test_database#academic#domain_publication.csv,pid,test_database#academic#publication.csv,pid
test_database#academic#domain_publication.csv,did,test_database#academic#domain.csv,did
test_database#academic#publication_keyword.csv,pid,test_database#academic#publication.csv,pid
test_database#academic#publication_keyword.csv,kid,test_database#academic#keyword.csv,kid
test_database#academic#writes.csv,pid,test_database#academic#publication.csv,pid
test_database#academic#writes.csv,aid,test_database#academic#author.csv,aid
test_database#academic#cite.csv,cited,test_database#academic#publication.csv,pid
test_database#academic#cite.csv,citing,test_database#academic#publication.csv,pid
test_database#activity_1#Participates_in.csv,stuid,test_database#activity_1#Student.csv,StuID
test_database#activity_1#Participates_in.csv,actid,test_database#activity_1#Activity.csv,actid
test_database#activity_1#Faculty_Participates_in.csv,FacID,test_database#activity_1#Faculty.csv,FacID
test_database#activity_1#Faculty_Participates_in.csv,actid,test_database#activity_1#Activity.csv,actid
test_database#address_1#Student.csv,city_code,test_database#address_1#City.csv,city_code
test_database#address_1#Direct_distance.csv,city1_code,test_database#address_1#City.csv,city_code
test_database#address_1#Direct_distance.csv,city2_code,test_database#address_1#City.csv,city_code
test_database#advertising_agencies#Clients.csv,agency_id,test_database#advertising_agencies#Agencies.csv,agency_id
test_database#advertising_agencies#Invoices.csv,client_id,test_database#advertising_agencies#Clients.csv,client_id
test_database#advertising_agencies#Meetings.csv,client_id,test_database#advertising_agencies#Clients.csv,client_id
test_database#advertising_agencies#Payments.csv,invoice_id,test_database#advertising_agencies#Invoices.csv,invoice_id
test_database#advertising_agencies#Staff_in_Meetings.csv,meeting_id,test_database#advertising_agencies#Meetings.csv,meeting_id
test_database#advertising_agencies#Staff_in_Meetings.csv,staff_id,test_database#advertising_agencies#Staff.csv,staff_id
test_database#aircraft#match.csv,Winning_Aircraft,test_database#aircraft#aircraft.csv,Aircraft_ID
test_database#aircraft#match.csv,Winning_Pilot,test_database#aircraft#pilot.csv,Pilot_Id
test_database#aircraft#airport_aircraft.csv,Airport_ID,test_database#aircraft#airport.csv,Airport_ID
test_database#aircraft#airport_aircraft.csv,Aircraft_ID,test_database#aircraft#aircraft.csv,Aircraft_ID
test_database#allergy_1#Has_Allergy.csv,StuID,test_database#allergy_1#Student.csv,StuID
test_database#allergy_1#Has_Allergy.csv,Allergy,test_database#allergy_1#Allergy_Type.csv,Allergy
test_database#apartment_rentals#Apartments.csv,building_id,test_database#apartment_rentals#Apartment_Buildings.csv,building_id
test_database#apartment_rentals#Apartment_Facilities.csv,apt_id,test_database#apartment_rentals#Apartments.csv,apt_id
test_database#apartment_rentals#Apartment_Bookings.csv,apt_id,test_database#apartment_rentals#Apartments.csv,apt_id
test_database#apartment_rentals#Apartment_Bookings.csv,guest_id,test_database#apartment_rentals#Guests.csv,guest_id
test_database#apartment_rentals#View_Unit_Status.csv,apt_id,test_database#apartment_rentals#Apartments.csv,apt_id
test_database#apartment_rentals#View_Unit_Status.csv,apt_booking_id,test_database#apartment_rentals#Apartment_Bookings.csv,apt_booking_id
test_database#architecture#bridge.csv,architect_id,test_database#architecture#architect.csv,id
test_database#architecture#mill.csv,architect_id,test_database#architecture#architect.csv,id
test_database#assets_maintenance#Maintenance_Contracts.csv,maintenance_contract_company_id,test_database#assets_maintenance#Third_Party_Companies.csv,company_id
test_database#assets_maintenance#Assets.csv,supplier_company_id,test_database#assets_maintenance#Third_Party_Companies.csv,company_id
test_database#assets_maintenance#Asset_Parts.csv,part_id,test_database#assets_maintenance#Parts.csv,part_id
test_database#assets_maintenance#Asset_Parts.csv,asset_id,test_database#assets_maintenance#Assets.csv,asset_id
test_database#assets_maintenance#Maintenance_Engineers.csv,company_id,test_database#assets_maintenance#Third_Party_Companies.csv,company_id
test_database#assets_maintenance#Engineer_Skills.csv,engineer_id,test_database#assets_maintenance#Maintenance_Engineers.csv,engineer_id
test_database#assets_maintenance#Engineer_Skills.csv,skill_id,test_database#assets_maintenance#Skills.csv,skill_id
test_database#assets_maintenance#Fault_Log.csv,asset_id,test_database#assets_maintenance#Assets.csv,asset_id
test_database#assets_maintenance#Fault_Log.csv,recorded_by_staff_id,test_database#assets_maintenance#Staff.csv,staff_id
test_database#assets_maintenance#Engineer_Visits.csv,fault_log_entry_id,test_database#assets_maintenance#Fault_Log.csv,fault_log_entry_id
test_database#assets_maintenance#Engineer_Visits.csv,engineer_id,test_database#assets_maintenance#Maintenance_Engineers.csv,engineer_id
test_database#assets_maintenance#Engineer_Visits.csv,contact_staff_id,test_database#assets_maintenance#Staff.csv,staff_id
test_database#assets_maintenance#Part_Faults.csv,part_id,test_database#assets_maintenance#Parts.csv,part_id
test_database#assets_maintenance#Fault_Log_Parts.csv,part_fault_id,test_database#assets_maintenance#Part_Faults.csv,part_fault_id
test_database#assets_maintenance#Fault_Log_Parts.csv,fault_log_entry_id,test_database#assets_maintenance#Fault_Log.csv,fault_log_entry_id
test_database#assets_maintenance#Skills_Required_To_Fix.csv,part_fault_id,test_database#assets_maintenance#Part_Faults.csv,part_fault_id
test_database#assets_maintenance#Skills_Required_To_Fix.csv,skill_id,test_database#assets_maintenance#Skills.csv,skill_id
test_database#bakery_1#items.csv,Item,test_database#bakery_1#goods.csv,Id
test_database#bakery_1#items.csv,Receipt,test_database#bakery_1#receipts.csv,ReceiptNumber
test_database#bakery_1#receipts.csv,CustomerId,test_database#bakery_1#customers.csv,Id
test_database#baseball_1#all_star.csv,player_id,test_database#baseball_1#player.csv,player_id
test_database#baseball_1#appearances.csv,team_id,test_database#baseball_1#team.csv,team_id
test_database#baseball_1#appearances.csv,player_id,test_database#baseball_1#player.csv,player_id
test_database#baseball_1#manager_award.csv,player_id,test_database#baseball_1#player.csv,player_id
test_database#baseball_1#player_award.csv,player_id,test_database#baseball_1#player.csv,player_id
test_database#baseball_1#player_award_vote.csv,player_id,test_database#baseball_1#player.csv,player_id
test_database#baseball_1#batting.csv,player_id,test_database#baseball_1#player.csv,player_id
test_database#baseball_1#batting_postseason.csv,player_id,test_database#baseball_1#player.csv,player_id
test_database#baseball_1#batting_postseason.csv,team_id,test_database#baseball_1#team.csv,team_id
test_database#baseball_1#player_college.csv,player_id,test_database#baseball_1#player.csv,player_id
test_database#baseball_1#player_college.csv,college_id,test_database#baseball_1#college.csv,college_id
test_database#baseball_1#fielding.csv,player_id,test_database#baseball_1#player.csv,player_id
test_database#baseball_1#fielding_outfield.csv,player_id,test_database#baseball_1#player.csv,player_id
test_database#baseball_1#fielding_postseason.csv,player_id,test_database#baseball_1#player.csv,player_id
test_database#baseball_1#fielding_postseason.csv,team_id,test_database#baseball_1#player.csv,team_id
test_database#baseball_1#hall_of_fame.csv,player_id,test_database#baseball_1#player.csv,player_id
test_database#baseball_1#home_game.csv,team_id,test_database#baseball_1#team.csv,team_id
test_database#baseball_1#home_game.csv,park_id,test_database#baseball_1#park.csv,park_id
test_database#baseball_1#manager.csv,team_id,test_database#baseball_1#team.csv,team_id
test_database#baseball_1#manager_half.csv,team_id,test_database#baseball_1#team.csv,team_id
test_database#battle_death#ship.csv,lost_in_battle,test_database#battle_death#battle.csv,id
test_database#battle_death#death.csv,caused_by_ship_id,test_database#battle_death#ship.csv,id
test_database#bbc_channels#program.csv,Director_ID,test_database#bbc_channels#director.csv,Director_ID
test_database#bbc_channels#program.csv,Channel_ID,test_database#bbc_channels#channel.csv,Channel_ID
test_database#bbc_channels#director_admin.csv,Director_ID,test_database#bbc_channels#director.csv,Director_ID
test_database#bbc_channels#director_admin.csv,Channel_ID,test_database#bbc_channels#channel.csv,Channel_ID
test_database#behavior_monitoring#Students.csv,address_id,test_database#behavior_monitoring#Addresses.csv,address_id
test_database#behavior_monitoring#Teachers.csv,address_id,test_database#behavior_monitoring#Addresses.csv,address_id
test_database#behavior_monitoring#Assessment_Notes.csv,student_id,test_database#behavior_monitoring#Students.csv,student_id
test_database#behavior_monitoring#Assessment_Notes.csv,teacher_id,test_database#behavior_monitoring#Teachers.csv,teacher_id
test_database#behavior_monitoring#Behavior_Incident.csv,incident_type_code,test_database#behavior_monitoring#Ref_Incident_Type.csv,incident_type_code
test_database#behavior_monitoring#Behavior_Incident.csv,student_id,test_database#behavior_monitoring#Students.csv,student_id
test_database#behavior_monitoring#Detention.csv,detention_type_code,test_database#behavior_monitoring#Ref_Detention_Type.csv,detention_type_code
test_database#behavior_monitoring#Detention.csv,teacher_id,test_database#behavior_monitoring#Teachers.csv,teacher_id
test_database#behavior_monitoring#Student_Addresses.csv,address_id,test_database#behavior_monitoring#Addresses.csv,address_id
test_database#behavior_monitoring#Student_Addresses.csv,student_id,test_database#behavior_monitoring#Students.csv,student_id
test_database#behavior_monitoring#Students_in_Detention.csv,incident_id,test_database#behavior_monitoring#Behavior_Incident.csv,incident_id
test_database#behavior_monitoring#Students_in_Detention.csv,detention_id,test_database#behavior_monitoring#Detention.csv,detention_id
test_database#behavior_monitoring#Students_in_Detention.csv,student_id,test_database#behavior_monitoring#Students.csv,student_id
test_database#bike_1#status.csv,station_id,test_database#bike_1#station.csv,id
test_database#bike_racing#weather.csv,cyclist_id,test_database#bike_racing#cyclist.csv,id
test_database#bike_racing#weather.csv,bike_id,test_database#bike_racing#bike.csv,id
test_database#boat_1#Reserves.csv,sid,test_database#boat_1#Sailors.csv,sid
test_database#boat_1#Reserves.csv,bid,test_database#boat_1#Boats.csv,bid
test_database#body_builder#body_builder.csv,People_ID,test_database#body_builder#people.csv,People_ID
test_database#book_1#Author_Book.csv,ISBN,test_database#book_1#Book.csv,ISBN
test_database#book_1#Author_Book.csv,Author,test_database#book_1#Author.csv,idAuthorA
test_database#book_1#Books_Order.csv,ISBN,test_database#book_1#Book.csv,ISBN
test_database#book_1#Books_Order.csv,IdOrder,test_database#book_1#Orders.csv,IdOrder
test_database#book_2#publication.csv,Book_ID,test_database#book_2#book.csv,Book_ID
test_database#book_press#book.csv,Author_ID,test_database#book_press#author.csv,Author_ID
test_database#book_press#book.csv,Press_ID,test_database#book_press#press.csv,Press_ID
test_database#book_review#review.csv,Book_ID,test_database#book_review#book.csv,Book_ID
test_database#browser_web#accelerator_compatible_browser.csv,accelerator_id,test_database#browser_web#Web_client_accelerator.csv,id
test_database#browser_web#accelerator_compatible_browser.csv,browser_id,test_database#browser_web#browser.csv,id
test_database#candidate_poll#candidate.csv,People_ID,test_database#candidate_poll#people.csv,People_ID
test_database#car_1#countries.csv,Continent,test_database#car_1#continents.csv,ContId
test_database#car_1#car_makers.csv,Country,test_database#car_1#countries.csv,CountryId
test_database#car_1#model_list.csv,Maker,test_database#car_1#car_makers.csv,Id
test_database#car_1#car_names.csv,Model,test_database#car_1#model_list.csv,Model
test_database#car_1#cars_data.csv,Id,test_database#car_1#car_names.csv,MakeId
test_database#car_racing#driver.csv,Country,test_database#car_racing#country.csv,Country_ID
test_database#car_racing#team_driver.csv,Team_ID,test_database#car_racing#team.csv,Team_ID
test_database#car_racing#team_driver.csv,Driver_ID,test_database#car_racing#driver.csv,Driver_ID
test_database#car_road_race#race.csv,Driver_ID,test_database#car_road_race#driver.csv,Driver_ID
test_database#cinema#schedule.csv,Film_ID,test_database#cinema#film.csv,Film_ID
test_database#cinema#schedule.csv,Cinema_ID,test_database#cinema#cinema.csv,Cinema_ID
test_database#city_record#temperature.csv,City_ID,test_database#city_record#city.csv,City_ID
test_database#city_record#hosting_city.csv,Host_City,test_database#city_record#city.csv,City_ID
test_database#city_record#hosting_city.csv,Match_ID,test_database#city_record#match.csv,Match_ID
test_database#climbing#climber.csv,Mountain_ID,test_database#climbing#mountain.csv,Mountain_ID
test_database#club_1#Member_of_club.csv,StuID,test_database#club_1#Student.csv,StuID
test_database#club_1#Member_of_club.csv,ClubID,test_database#club_1#Club.csv,ClubID
test_database#club_leader#club_leader.csv,Club_ID,test_database#club_leader#club.csv,Club_ID
test_database#club_leader#club_leader.csv,Member_ID,test_database#club_leader#member.csv,Member_ID
test_database#coffee_shop#happy_hour.csv,Shop_ID,test_database#coffee_shop#shop.csv,Shop_ID
test_database#coffee_shop#happy_hour_member.csv,Member_ID,test_database#coffee_shop#member.csv,Member_ID
test_database#college_1#CLASS.csv,CRS_CODE,test_database#college_1#COURSE.csv,CRS_CODE
test_database#college_1#CLASS.csv,PROF_NUM,test_database#college_1#EMPLOYEE.csv,EMP_NUM
test_database#college_1#COURSE.csv,DEPT_CODE,test_database#college_1#DEPARTMENT.csv,DEPT_CODE
test_database#college_1#DEPARTMENT.csv,EMP_NUM,test_database#college_1#EMPLOYEE.csv,EMP_NUM
test_database#college_1#ENROLL.csv,CLASS_CODE,test_database#college_1#CLASS.csv,CLASS_CODE
test_database#college_1#ENROLL.csv,STU_NUM,test_database#college_1#STUDENT.csv,STU_NUM
test_database#college_1#PROFESSOR.csv,EMP_NUM,test_database#college_1#EMPLOYEE.csv,EMP_NUM
test_database#college_1#PROFESSOR.csv,DEPT_CODE,test_database#college_1#DEPARTMENT.csv,DEPT_CODE
test_database#college_1#STUDENT.csv,DEPT_CODE,test_database#college_1#DEPARTMENT.csv,DEPT_CODE
test_database#college_2#instructor.csv,dept_name,test_database#college_2#department.csv,dept_name
test_database#college_2#section.csv,course_id,test_database#college_2#course.csv,course_id
test_database#college_2#teaches.csv,ID,test_database#college_2#instructor.csv,ID
test_database#college_2#student.csv,dept_name,test_database#college_2#department.csv,dept_name
test_database#college_2#takes.csv,ID,test_database#college_2#student.csv,ID
test_database#college_2#advisor.csv,i_ID,test_database#college_2#instructor.csv,ID
test_database#college_2#advisor.csv,s_ID,test_database#college_2#student.csv,ID
test_database#college_2#prereq.csv,course_id,test_database#college_2#course.csv,course_id
test_database#college_2#prereq.csv,prereq_id,test_database#college_2#course.csv,course_id
test_database#college_3#Member_of.csv,FacID,test_database#college_3#Faculty.csv,FacID
test_database#college_3#Member_of.csv,DNO,test_database#college_3#Department.csv,DNO
test_database#college_3#Course.csv,Instructor,test_database#college_3#Faculty.csv,FacID
test_database#college_3#Course.csv,DNO,test_database#college_3#Department.csv,DNO
test_database#college_3#Minor_in.csv,StuID,test_database#college_3#Student.csv,StuID
test_database#college_3#Minor_in.csv,DNO,test_database#college_3#Department.csv,DNO
test_database#college_3#Enrolled_in.csv,StuID,test_database#college_3#Student.csv,StuID
test_database#college_3#Enrolled_in.csv,CID,test_database#college_3#Course.csv,CID
test_database#college_3#Enrolled_in.csv,Grade,test_database#college_3#Gradeconversion.csv,lettergrade
test_database#company_employee#employment.csv,Company_ID,test_database#company_employee#company.csv,Company_ID
test_database#company_employee#employment.csv,People_ID,test_database#company_employee#people.csv,People_ID
test_database#company_office#Office_locations.csv,building_id,test_database#company_office#buildings.csv,id
test_database#company_office#Office_locations.csv,company_id,test_database#company_office#Companies.csv,id
test_database#concert_singer#concert.csv,Stadium_ID,test_database#concert_singer#stadium.csv,Stadium_ID
test_database#concert_singer#singer_in_concert.csv,concert_ID,test_database#concert_singer#concert.csv,concert_ID
test_database#concert_singer#singer_in_concert.csv,Singer_ID,test_database#concert_singer#singer.csv,Singer_ID
test_database#conference#staff.csv,Institution_ID,test_database#conference#institution.csv,Institution_ID
test_database#conference#conference_participation.csv,staff_ID,test_database#conference#staff.csv,staff_ID
test_database#conference#conference_participation.csv,Conference_ID,test_database#conference#conference.csv,Conference_ID
test_database#country_language#official_languages.csv,language_id,test_database#country_language#languages.csv,id
test_database#country_language#official_languages.csv,country_id,test_database#country_language#countries.csv,id
test_database#county_public_safety#city.csv,County_ID,test_database#county_public_safety#county_public_safety.csv,County_ID
test_database#course_teach#course_arrange.csv,Course_ID,test_database#course_teach#course.csv,Course_ID
test_database#course_teach#course_arrange.csv,Teacher_ID,test_database#course_teach#teacher.csv,Teacher_ID
test_database#cre_Doc_Control_Systems#Documents.csv,document_type_code,test_database#cre_Doc_Control_Systems#Ref_Document_Types.csv,document_type_code
test_database#cre_Doc_Control_Systems#Documents.csv,document_status_code,test_database#cre_Doc_Control_Systems#Ref_Document_Status.csv,document_status_code
test_database#cre_Doc_Control_Systems#Documents.csv,shipping_agent_code,test_database#cre_Doc_Control_Systems#Ref_Shipping_Agents.csv,shipping_agent_code
test_database#cre_Doc_Control_Systems#Employees.csv,role_code,test_database#cre_Doc_Control_Systems#Roles.csv,role_code
test_database#cre_Doc_Control_Systems#Document_Drafts.csv,document_id,test_database#cre_Doc_Control_Systems#Documents.csv,document_id
test_database#cre_Doc_Control_Systems#Circulation_History.csv,employee_id,test_database#cre_Doc_Control_Systems#Employees.csv,employee_id
test_database#cre_Doc_Control_Systems#Documents_Mailed.csv,document_id,test_database#cre_Doc_Control_Systems#Documents.csv,document_id
test_database#cre_Doc_Control_Systems#Documents_Mailed.csv,mailed_to_address_id,test_database#cre_Doc_Control_Systems#Addresses.csv,address_id
test_database#cre_Doc_Template_Mgt#Templates.csv,Template_Type_Code,test_database#cre_Doc_Template_Mgt#Ref_Template_Types.csv,Template_Type_Code
test_database#cre_Doc_Template_Mgt#Documents.csv,Template_ID,test_database#cre_Doc_Template_Mgt#Templates.csv,Template_ID
test_database#cre_Doc_Template_Mgt#Paragraphs.csv,Document_ID,test_database#cre_Doc_Template_Mgt#Documents.csv,Document_ID
test_database#cre_Doc_Tracking_DB#All_Documents.csv,Document_Type_Code,test_database#cre_Doc_Tracking_DB#Ref_Document_Types.csv,Document_Type_Code
test_database#cre_Doc_Tracking_DB#All_Documents.csv,Date_Stored,test_database#cre_Doc_Tracking_DB#Ref_Calendar.csv,Calendar_Date
test_database#cre_Doc_Tracking_DB#Employees.csv,Role_Code,test_database#cre_Doc_Tracking_DB#Roles.csv,Role_Code
test_database#cre_Doc_Tracking_DB#Document_Locations.csv,Location_Code,test_database#cre_Doc_Tracking_DB#Ref_Locations.csv,Location_Code
test_database#cre_Doc_Tracking_DB#Document_Locations.csv,Date_in_Location_From,test_database#cre_Doc_Tracking_DB#Ref_Calendar.csv,Calendar_Date
test_database#cre_Doc_Tracking_DB#Document_Locations.csv,Date_in_Locaton_To,test_database#cre_Doc_Tracking_DB#Ref_Calendar.csv,Calendar_Date
test_database#cre_Doc_Tracking_DB#Document_Locations.csv,Document_ID,test_database#cre_Doc_Tracking_DB#All_Documents.csv,Document_ID
test_database#cre_Doc_Tracking_DB#Documents_to_be_Destroyed.csv,Destroyed_by_Employee_ID,test_database#cre_Doc_Tracking_DB#Employees.csv,Employee_ID
test_database#cre_Doc_Tracking_DB#Documents_to_be_Destroyed.csv,Destruction_Authorised_by_Employee_ID,test_database#cre_Doc_Tracking_DB#Employees.csv,Employee_ID
test_database#cre_Doc_Tracking_DB#Documents_to_be_Destroyed.csv,Planned_Destruction_Date,test_database#cre_Doc_Tracking_DB#Ref_Calendar.csv,Calendar_Date
test_database#cre_Doc_Tracking_DB#Documents_to_be_Destroyed.csv,Actual_Destruction_Date,test_database#cre_Doc_Tracking_DB#Ref_Calendar.csv,Calendar_Date
test_database#cre_Doc_Tracking_DB#Documents_to_be_Destroyed.csv,Document_ID,test_database#cre_Doc_Tracking_DB#All_Documents.csv,Document_ID
test_database#cre_Doc_Workflow#Documents.csv,author_name,test_database#cre_Doc_Workflow#Authors.csv,author_name
test_database#cre_Doc_Workflow#Documents_Processes.csv,document_id,test_database#cre_Doc_Workflow#Documents.csv,document_id
test_database#cre_Doc_Workflow#Documents_Processes.csv,process_id,test_database#cre_Doc_Workflow#Business_Processes.csv,process_id
test_database#cre_Doc_Workflow#Documents_Processes.csv,process_outcome_code,test_database#cre_Doc_Workflow#Process_Outcomes.csv,process_outcome_code
test_database#cre_Doc_Workflow#Documents_Processes.csv,process_status_code,test_database#cre_Doc_Workflow#Process_Status.csv,process_status_code
test_database#cre_Doc_Workflow#Staff_in_Processes.csv,staff_id,test_database#cre_Doc_Workflow#Staff.csv,staff_id
test_database#cre_Doc_Workflow#Staff_in_Processes.csv,staff_role_code,test_database#cre_Doc_Workflow#Ref_Staff_Roles.csv,staff_role_code
test_database#cre_Doc_and_collections#Documents_in_Collections.csv,Document_Object_ID,test_database#cre_Doc_and_collections#Document_Objects.csv,Document_Object_ID
test_database#cre_Doc_and_collections#Documents_in_Collections.csv,Collection_ID,test_database#cre_Doc_and_collections#Collections.csv,Collection_ID
test_database#cre_Doc_and_collections#Document_Subset_Members.csv,Document_Object_ID,test_database#cre_Doc_and_collections#Document_Objects.csv,Document_Object_ID
test_database#cre_Doc_and_collections#Document_Subset_Members.csv,Document_Subset_ID,test_database#cre_Doc_and_collections#Document_Subsets.csv,Document_Subset_ID
test_database#cre_Doc_and_collections#Collection_Subset_Members.csv,Collection_ID,test_database#cre_Doc_and_collections#Collections.csv,Collection_ID
test_database#cre_Doc_and_collections#Collection_Subset_Members.csv,Related_Collection_ID,test_database#cre_Doc_and_collections#Collections.csv,Collection_ID
test_database#cre_Doc_and_collections#Collection_Subset_Members.csv,Collection_Subset_ID,test_database#cre_Doc_and_collections#Collection_Subsets.csv,Collection_Subset_ID
test_database#cre_Docs_and_Epenses#Documents.csv,Document_Type_Code,test_database#cre_Docs_and_Epenses#Ref_Document_Types.csv,Document_Type_Code
test_database#cre_Docs_and_Epenses#Documents.csv,Project_ID,test_database#cre_Docs_and_Epenses#Projects.csv,Project_ID
test_database#cre_Docs_and_Epenses#Statements.csv,Statement_ID,test_database#cre_Docs_and_Epenses#Documents.csv,Document_ID
test_database#cre_Docs_and_Epenses#Documents_with_Expenses.csv,Budget_Type_Code,test_database#cre_Docs_and_Epenses#Ref_Budget_Codes.csv,Budget_Type_Code
test_database#cre_Docs_and_Epenses#Documents_with_Expenses.csv,Document_ID,test_database#cre_Docs_and_Epenses#Documents.csv,Document_ID
test_database#cre_Docs_and_Epenses#Accounts.csv,Statement_ID,test_database#cre_Docs_and_Epenses#Statements.csv,Statement_ID
test_database#cre_Drama_Workshop_Groups#Clients.csv,Address_ID,test_database#cre_Drama_Workshop_Groups#Addresses.csv,Address_ID
test_database#cre_Drama_Workshop_Groups#Drama_Workshop_Groups.csv,Address_ID,test_database#cre_Drama_Workshop_Groups#Addresses.csv,Address_ID
test_database#cre_Drama_Workshop_Groups#Performers.csv,Address_ID,test_database#cre_Drama_Workshop_Groups#Addresses.csv,Address_ID
test_database#cre_Drama_Workshop_Groups#Customers.csv,Address_ID,test_database#cre_Drama_Workshop_Groups#Addresses.csv,Address_ID
test_database#cre_Drama_Workshop_Groups#Stores.csv,Address_ID,test_database#cre_Drama_Workshop_Groups#Addresses.csv,Address_ID
test_database#cre_Drama_Workshop_Groups#Stores.csv,Marketing_Region_Code,test_database#cre_Drama_Workshop_Groups#Marketing_Regions.csv,Marketing_Region_Code
test_database#cre_Drama_Workshop_Groups#Bookings.csv,Customer_ID,test_database#cre_Drama_Workshop_Groups#Clients.csv,Client_ID
test_database#cre_Drama_Workshop_Groups#Bookings.csv,Workshop_Group_ID,test_database#cre_Drama_Workshop_Groups#Drama_Workshop_Groups.csv,Workshop_Group_ID
test_database#cre_Drama_Workshop_Groups#Performers_in_Bookings.csv,Performer_ID,test_database#cre_Drama_Workshop_Groups#Performers.csv,Performer_ID
test_database#cre_Drama_Workshop_Groups#Performers_in_Bookings.csv,Order_ID,test_database#cre_Drama_Workshop_Groups#Bookings.csv,Booking_ID
test_database#cre_Drama_Workshop_Groups#Customer_Orders.csv,Customer_ID,test_database#cre_Drama_Workshop_Groups#Customers.csv,Customer_ID
test_database#cre_Drama_Workshop_Groups#Customer_Orders.csv,Store_ID,test_database#cre_Drama_Workshop_Groups#Stores.csv,Store_ID
test_database#cre_Drama_Workshop_Groups#Order_Items.csv,Order_ID,test_database#cre_Drama_Workshop_Groups#Customer_Orders.csv,Order_ID
test_database#cre_Drama_Workshop_Groups#Order_Items.csv,Product_ID,test_database#cre_Drama_Workshop_Groups#Products.csv,Product_ID
test_database#cre_Drama_Workshop_Groups#Invoices.csv,Order_ID,test_database#cre_Drama_Workshop_Groups#Customer_Orders.csv,Order_ID
test_database#cre_Drama_Workshop_Groups#Invoices.csv,Order_ID,test_database#cre_Drama_Workshop_Groups#Bookings.csv,Booking_ID
test_database#cre_Drama_Workshop_Groups#Invoices.csv,payment_method_code,test_database#cre_Drama_Workshop_Groups#Ref_Payment_Methods.csv,payment_method_code
test_database#cre_Drama_Workshop_Groups#Services.csv,Workshop_Group_ID,test_database#cre_Drama_Workshop_Groups#Drama_Workshop_Groups.csv,Workshop_Group_ID
test_database#cre_Drama_Workshop_Groups#Services.csv,Service_Type_Code,test_database#cre_Drama_Workshop_Groups#Ref_Service_Types.csv,Service_Type_Code
test_database#cre_Drama_Workshop_Groups#Bookings_Services.csv,Order_ID,test_database#cre_Drama_Workshop_Groups#Bookings.csv,Booking_ID
test_database#cre_Drama_Workshop_Groups#Bookings_Services.csv,Product_ID,test_database#cre_Drama_Workshop_Groups#Services.csv,Service_ID
test_database#cre_Drama_Workshop_Groups#Invoice_Items.csv,Order_Item_ID,test_database#cre_Drama_Workshop_Groups#Order_Items.csv,Order_Item_ID
test_database#cre_Drama_Workshop_Groups#Invoice_Items.csv,Invoice_ID,test_database#cre_Drama_Workshop_Groups#Invoices.csv,Invoice_ID
test_database#cre_Students_Information_Systems#Transcripts.csv,student_id,test_database#cre_Students_Information_Systems#Students.csv,student_id
test_database#cre_Students_Information_Systems#Behaviour_Monitoring.csv,student_id,test_database#cre_Students_Information_Systems#Students.csv,student_id
test_database#cre_Students_Information_Systems#Student_Events.csv,student_id,test_database#cre_Students_Information_Systems#Students.csv,student_id
test_database#cre_Students_Information_Systems#Student_Events.csv,event_type_code,test_database#cre_Students_Information_Systems#Ref_Event_Types.csv,event_type_code
test_database#cre_Students_Information_Systems#Student_Loans.csv,student_id,test_database#cre_Students_Information_Systems#Students.csv,student_id
test_database#cre_Students_Information_Systems#Classes.csv,student_id,test_database#cre_Students_Information_Systems#Students.csv,student_id
test_database#cre_Students_Information_Systems#Classes.csv,teacher_id,test_database#cre_Students_Information_Systems#Teachers.csv,teacher_id
test_database#cre_Students_Information_Systems#Students_Addresses.csv,student_id,test_database#cre_Students_Information_Systems#Students.csv,student_id
test_database#cre_Students_Information_Systems#Students_Addresses.csv,address_id,test_database#cre_Students_Information_Systems#Addresses.csv,address_id
test_database#cre_Students_Information_Systems#Students_Addresses.csv,address_type_code,test_database#cre_Students_Information_Systems#Ref_Address_Types.csv,address_type_code
test_database#cre_Students_Information_Systems#Detention.csv,student_id,test_database#cre_Students_Information_Systems#Students.csv,student_id
test_database#cre_Students_Information_Systems#Detention.csv,detention_type_code,test_database#cre_Students_Information_Systems#Ref_Detention_Type.csv,detention_type_code
test_database#cre_Students_Information_Systems#Achievements.csv,student_id,test_database#cre_Students_Information_Systems#Students.csv,student_id
test_database#cre_Students_Information_Systems#Achievements.csv,achievement_type_code,test_database#cre_Students_Information_Systems#Ref_Achievement_Type.csv,achievement_type_code
test_database#cre_Theme_park#Hotels.csv,star_rating_code,test_database#cre_Theme_park#Ref_Hotel_Star_Ratings.csv,star_rating_code
test_database#cre_Theme_park#Tourist_Attractions.csv,Location_ID,test_database#cre_Theme_park#Locations.csv,Location_ID
test_database#cre_Theme_park#Tourist_Attractions.csv,Attraction_Type_Code,test_database#cre_Theme_park#Ref_Attraction_Types.csv,Attraction_Type_Code
test_database#cre_Theme_park#Street_Markets.csv,Market_ID,test_database#cre_Theme_park#Tourist_Attractions.csv,Tourist_Attraction_ID
test_database#cre_Theme_park#Shops.csv,Shop_ID,test_database#cre_Theme_park#Tourist_Attractions.csv,Tourist_Attraction_ID
test_database#cre_Theme_park#Museums.csv,Museum_ID,test_database#cre_Theme_park#Tourist_Attractions.csv,Tourist_Attraction_ID
test_database#cre_Theme_park#Royal_Family.csv,Royal_Family_ID,test_database#cre_Theme_park#Tourist_Attractions.csv,Tourist_Attraction_ID
test_database#cre_Theme_park#Theme_Parks.csv,Theme_Park_ID,test_database#cre_Theme_park#Tourist_Attractions.csv,Tourist_Attraction_ID
test_database#cre_Theme_park#Visits.csv,Tourist_Attraction_ID,test_database#cre_Theme_park#Tourist_Attractions.csv,Tourist_Attraction_ID
test_database#cre_Theme_park#Visits.csv,Tourist_ID,test_database#cre_Theme_park#Visitors.csv,Tourist_ID
test_database#cre_Theme_park#Photos.csv,Tourist_Attraction_ID,test_database#cre_Theme_park#Tourist_Attractions.csv,Tourist_Attraction_ID
test_database#cre_Theme_park#Staff.csv,Tourist_Attraction_ID,test_database#cre_Theme_park#Tourist_Attractions.csv,Tourist_Attraction_ID
test_database#cre_Theme_park#Tourist_Attraction_Features.csv,Tourist_Attraction_ID,test_database#cre_Theme_park#Tourist_Attractions.csv,Tourist_Attraction_ID
test_database#cre_Theme_park#Tourist_Attraction_Features.csv,Feature_ID,test_database#cre_Theme_park#Features.csv,Feature_ID
test_database#csu_1#csu_fees.csv,Campus,test_database#csu_1#Campuses.csv,Id
test_database#csu_1#degrees.csv,Campus,test_database#csu_1#Campuses.csv,Id
test_database#csu_1#discipline_enrollments.csv,Campus,test_database#csu_1#Campuses.csv,Id
test_database#csu_1#enrollments.csv,Campus,test_database#csu_1#Campuses.csv,Id
test_database#csu_1#faculty.csv,Campus,test_database#csu_1#Campuses.csv,Id
test_database#culture_company#culture_company.csv,book_club_id,test_database#culture_company#book_club.csv,book_club_id
test_database#culture_company#culture_company.csv,movie_id,test_database#culture_company#movie.csv,movie_id
test_database#customer_complaints#Complaints.csv,staff_id,test_database#customer_complaints#Staff.csv,staff_id
test_database#customer_complaints#Complaints.csv,product_id,test_database#customer_complaints#Products.csv,product_id
test_database#customer_complaints#Complaints.csv,customer_id,test_database#customer_complaints#Customers.csv,customer_id
test_database#customer_deliveries#Regular_Orders.csv,distributer_id,test_database#customer_deliveries#Customers.csv,customer_id
test_database#customer_deliveries#Regular_Order_Products.csv,product_id,test_database#customer_deliveries#Products.csv,product_id
test_database#customer_deliveries#Regular_Order_Products.csv,regular_order_id,test_database#customer_deliveries#Regular_Orders.csv,regular_order_id
test_database#customer_deliveries#Actual_Orders.csv,regular_order_id,test_database#customer_deliveries#Regular_Orders.csv,regular_order_id
test_database#customer_deliveries#Actual_Order_Products.csv,product_id,test_database#customer_deliveries#Products.csv,product_id
test_database#customer_deliveries#Actual_Order_Products.csv,actual_order_id,test_database#customer_deliveries#Actual_Orders.csv,actual_order_id
test_database#customer_deliveries#Customer_Addresses.csv,customer_id,test_database#customer_deliveries#Customers.csv,customer_id
test_database#customer_deliveries#Customer_Addresses.csv,address_id,test_database#customer_deliveries#Addresses.csv,address_id
test_database#customer_deliveries#Delivery_Route_Locations.csv,location_address_id,test_database#customer_deliveries#Addresses.csv,address_id
test_database#customer_deliveries#Delivery_Route_Locations.csv,route_id,test_database#customer_deliveries#Delivery_Routes.csv,route_id
test_database#customer_deliveries#Employees.csv,employee_address_id,test_database#customer_deliveries#Addresses.csv,address_id
test_database#customer_deliveries#Order_Deliveries.csv,truck_id,test_database#customer_deliveries#Trucks.csv,truck_id
test_database#customer_deliveries#Order_Deliveries.csv,actual_order_id,test_database#customer_deliveries#Actual_Orders.csv,actual_order_id
test_database#customer_deliveries#Order_Deliveries.csv,location_code,test_database#customer_deliveries#Delivery_Route_Locations.csv,location_code
test_database#customer_deliveries#Order_Deliveries.csv,driver_employee_id,test_database#customer_deliveries#Employees.csv,employee_id
test_database#customers_and_addresses#Customer_Addresses.csv,address_id,test_database#customers_and_addresses#Addresses.csv,address_id
test_database#customers_and_addresses#Customer_Addresses.csv,customer_id,test_database#customers_and_addresses#Customers.csv,customer_id
test_database#customers_and_addresses#Customer_Contact_Channels.csv,customer_id,test_database#customers_and_addresses#Customers.csv,customer_id
test_database#customers_and_addresses#Customer_Orders.csv,customer_id,test_database#customers_and_addresses#Customers.csv,customer_id
test_database#customers_and_addresses#Order_Items.csv,product_id,test_database#customers_and_addresses#Products.csv,product_id
test_database#customers_and_addresses#Order_Items.csv,order_id,test_database#customers_and_addresses#Customer_Orders.csv,order_id
test_database#customers_and_invoices#Orders.csv,customer_id,test_database#customers_and_invoices#Customers.csv,customer_id
test_database#customers_and_invoices#Invoices.csv,order_id,test_database#customers_and_invoices#Orders.csv,order_id
test_database#customers_and_invoices#Accounts.csv,customer_id,test_database#customers_and_invoices#Customers.csv,customer_id
test_database#customers_and_invoices#Products.csv,production_type_code,test_database#customers_and_invoices#Product_Categories.csv,production_type_code
test_database#customers_and_invoices#Financial_Transactions.csv,invoice_number,test_database#customers_and_invoices#Invoices.csv,invoice_number
test_database#customers_and_invoices#Financial_Transactions.csv,account_id,test_database#customers_and_invoices#Accounts.csv,account_id
test_database#customers_and_invoices#Order_Items.csv,product_id,test_database#customers_and_invoices#Products.csv,product_id
test_database#customers_and_invoices#Order_Items.csv,order_id,test_database#customers_and_invoices#Orders.csv,order_id
test_database#customers_and_invoices#Invoice_Line_Items.csv,order_item_id,test_database#customers_and_invoices#Order_Items.csv,order_item_id
test_database#customers_and_invoices#Invoice_Line_Items.csv,invoice_number,test_database#customers_and_invoices#Invoices.csv,invoice_number
test_database#customers_and_invoices#Invoice_Line_Items.csv,product_id,test_database#customers_and_invoices#Products.csv,product_id
test_database#customers_and_orders#Customer_Orders.csv,customer_id,test_database#customers_and_orders#Customers.csv,customer_id
test_database#customers_and_orders#Order_Items.csv,order_id,test_database#customers_and_orders#Customer_Orders.csv,order_id
test_database#customers_and_orders#Order_Items.csv,product_id,test_database#customers_and_orders#Products.csv,product_id
test_database#customers_and_products_contacts#Customer_Address_History.csv,customer_id,test_database#customers_and_products_contacts#Customers.csv,customer_id
test_database#customers_and_products_contacts#Customer_Address_History.csv,address_id,test_database#customers_and_products_contacts#Addresses.csv,address_id
test_database#customers_and_products_contacts#Customer_Orders.csv,customer_id,test_database#customers_and_products_contacts#Customers.csv,customer_id
test_database#customers_and_products_contacts#Order_Items.csv,product_id,test_database#customers_and_products_contacts#Products.csv,product_id
test_database#customers_and_products_contacts#Order_Items.csv,order_id,test_database#customers_and_products_contacts#Customer_Orders.csv,order_id
test_database#customers_campaigns_ecommerce#Customer_Addresses.csv,premise_id,test_database#customers_campaigns_ecommerce#Premises.csv,premise_id
test_database#customers_campaigns_ecommerce#Customer_Addresses.csv,customer_id,test_database#customers_campaigns_ecommerce#Customers.csv,customer_id
test_database#customers_campaigns_ecommerce#Customer_Orders.csv,customer_id,test_database#customers_campaigns_ecommerce#Customers.csv,customer_id
test_database#customers_campaigns_ecommerce#Mailshot_Customers.csv,customer_id,test_database#customers_campaigns_ecommerce#Customers.csv,customer_id
test_database#customers_campaigns_ecommerce#Mailshot_Customers.csv,mailshot_id,test_database#customers_campaigns_ecommerce#Mailshot_Campaigns.csv,mailshot_id
test_database#customers_campaigns_ecommerce#Order_Items.csv,product_id,test_database#customers_campaigns_ecommerce#Products.csv,product_id
test_database#customers_campaigns_ecommerce#Order_Items.csv,order_id,test_database#customers_campaigns_ecommerce#Customer_Orders.csv,order_id
test_database#customers_card_transactions#Financial_Transactions.csv,card_id,test_database#customers_card_transactions#Customers_Cards.csv,card_id
test_database#customers_card_transactions#Financial_Transactions.csv,account_id,test_database#customers_card_transactions#Accounts.csv,account_id
test_database#debate#debate_people.csv,Debate_ID,test_database#debate#debate.csv,Debate_ID
test_database#debate#debate_people.csv,Affirmative,test_database#debate#people.csv,People_ID
test_database#debate#debate_people.csv,Negative,test_database#debate#people.csv,People_ID
test_database#decoration_competition#member.csv,College_ID,test_database#decoration_competition#college.csv,College_ID
test_database#decoration_competition#round.csv,Member_ID,test_database#decoration_competition#member.csv,Member_ID
test_database#department_management#management.csv,Department_ID,test_database#department_management#department.csv,Department_ID
test_database#department_management#management.csv,head_ID,test_database#department_management#head.csv,head_ID
test_database#department_store#Supplier_Addresses.csv,address_id,test_database#department_store#Addresses.csv,address_id
test_database#department_store#Supplier_Addresses.csv,supplier_id,test_database#department_store#Suppliers.csv,supplier_id
test_database#department_store#Customer_Addresses.csv,address_id,test_database#department_store#Addresses.csv,address_id
test_database#department_store#Customer_Addresses.csv,customer_id,test_database#department_store#Customers.csv,customer_id
test_database#department_store#Customer_Orders.csv,customer_id,test_database#department_store#Customers.csv,customer_id
test_database#department_store#Department_Stores.csv,dept_store_chain_id,test_database#department_store#Department_Store_Chain.csv,dept_store_chain_id
test_database#department_store#Departments.csv,dept_store_id,test_database#department_store#Department_Stores.csv,dept_store_id
test_database#department_store#Order_Items.csv,order_id,test_database#department_store#Customer_Orders.csv,order_id
test_database#department_store#Order_Items.csv,product_id,test_database#department_store#Products.csv,product_id
test_database#department_store#Product_Suppliers.csv,supplier_id,test_database#department_store#Suppliers.csv,supplier_id
test_database#department_store#Product_Suppliers.csv,product_id,test_database#department_store#Products.csv,product_id
test_database#department_store#Staff_Department_Assignments.csv,department_id,test_database#department_store#Departments.csv,department_id
test_database#department_store#Staff_Department_Assignments.csv,staff_id,test_database#department_store#Staff.csv,staff_id
test_database#device#stock.csv,Shop_ID,test_database#device#shop.csv,Shop_ID
test_database#device#stock.csv,Device_ID,test_database#device#device.csv,Device_ID
test_database#district_spokesman#spokesman_district.csv,Spokesman_ID,test_database#district_spokesman#spokesman.csv,Spokesman_ID
test_database#district_spokesman#spokesman_district.csv,District_ID,test_database#district_spokesman#district.csv,District_ID
test_database#document_management#Users.csv,role_code,test_database#document_management#Roles.csv,role_code
test_database#document_management#Documents.csv,document_structure_code,test_database#document_management#Document_Structures.csv,document_structure_code
test_database#document_management#Document_Functional_Areas.csv,document_code,test_database#document_management#Documents.csv,document_code
test_database#document_management#Document_Functional_Areas.csv,functional_area_code,test_database#document_management#Functional_Areas.csv,functional_area_code
test_database#document_management#Document_Sections.csv,document_code,test_database#document_management#Documents.csv,document_code
test_database#document_management#Document_Sections_Images.csv,section_id,test_database#document_management#Document_Sections.csv,section_id
test_database#document_management#Document_Sections_Images.csv,image_id,test_database#document_management#Images.csv,image_id
test_database#dog_kennels#Dogs.csv,breed_code,test_database#dog_kennels#Breeds.csv,breed_code
test_database#dog_kennels#Dogs.csv,size_code,test_database#dog_kennels#Sizes.csv,size_code
test_database#dog_kennels#Dogs.csv,owner_id,test_database#dog_kennels#Owners.csv,owner_id
test_database#dog_kennels#Dogs.csv,owner_id,test_database#dog_kennels#Owners.csv,owner_id
test_database#dog_kennels#Treatments.csv,treatment_type_code,test_database#dog_kennels#Treatment_Types.csv,treatment_type_code
test_database#dog_kennels#Treatments.csv,professional_id,test_database#dog_kennels#Professionals.csv,professional_id
test_database#dog_kennels#Treatments.csv,dog_id,test_database#dog_kennels#Dogs.csv,dog_id
test_database#dorm_1#Has_amenity.csv,dormid,test_database#dorm_1#Dorm.csv,dormid
test_database#dorm_1#Has_amenity.csv,amenid,test_database#dorm_1#Dorm_amenity.csv,amenid
test_database#dorm_1#Lives_in.csv,stuid,test_database#dorm_1#Student.csv,StuID
test_database#dorm_1#Lives_in.csv,dormid,test_database#dorm_1#Dorm.csv,dormid
test_database#driving_school#Staff.csv,staff_address_id,test_database#driving_school#Addresses.csv,address_id
test_database#driving_school#Customers.csv,customer_address_id,test_database#driving_school#Addresses.csv,address_id
test_database#driving_school#Customer_Payments.csv,customer_id,test_database#driving_school#Customers.csv,customer_id
test_database#driving_school#Lessons.csv,vehicle_id,test_database#driving_school#Vehicles.csv,vehicle_id
test_database#driving_school#Lessons.csv,staff_id,test_database#driving_school#Staff.csv,staff_id
test_database#driving_school#Lessons.csv,customer_id,test_database#driving_school#Customers.csv,customer_id
test_database#e_commerce#Customer_Payment_Methods.csv,customer_id,test_database#e_commerce#Customers.csv,customer_id
test_database#e_commerce#Orders.csv,customer_id,test_database#e_commerce#Customers.csv,customer_id
test_database#e_commerce#Order_Items.csv,product_id,test_database#e_commerce#Products.csv,product_id
test_database#e_commerce#Order_Items.csv,order_id,test_database#e_commerce#Orders.csv,order_id
test_database#e_commerce#Shipments.csv,invoice_number,test_database#e_commerce#Invoices.csv,invoice_number
test_database#e_commerce#Shipments.csv,order_id,test_database#e_commerce#Orders.csv,order_id
test_database#e_commerce#Shipment_Items.csv,shipment_id,test_database#e_commerce#Shipments.csv,shipment_id
test_database#e_commerce#Shipment_Items.csv,order_item_id,test_database#e_commerce#Order_Items.csv,order_item_id
test_database#e_government#Forms.csv,service_id,test_database#e_government#Services.csv,service_id
test_database#e_government#Organization_Contact_Individuals.csv,organization_id,test_database#e_government#Organizations.csv,organization_id
test_database#e_government#Organization_Contact_Individuals.csv,individual_id,test_database#e_government#Individuals.csv,individual_id
test_database#e_government#Party_Addresses.csv,address_id,test_database#e_government#Addresses.csv,address_id
test_database#e_government#Party_Addresses.csv,party_id,test_database#e_government#Parties.csv,party_id
test_database#e_government#Party_Forms.csv,party_id,test_database#e_government#Parties.csv,party_id
test_database#e_government#Party_Forms.csv,form_id,test_database#e_government#Forms.csv,form_id
test_database#e_government#Party_Services.csv,service_id,test_database#e_government#Services.csv,service_id
test_database#e_government#Party_Services.csv,customer_id,test_database#e_government#Parties.csv,party_id
test_database#e_learning#Courses.csv,author_id,test_database#e_learning#Course_Authors_and_Tutors.csv,author_id
test_database#e_learning#Courses.csv,subject_id,test_database#e_learning#Subjects.csv,subject_id
test_database#e_learning#Student_Course_Enrolment.csv,course_id,test_database#e_learning#Courses.csv,course_id
test_database#e_learning#Student_Course_Enrolment.csv,student_id,test_database#e_learning#Students.csv,student_id
test_database#e_learning#Student_Tests_Taken.csv,registration_id,test_database#e_learning#Student_Course_Enrolment.csv,registration_id
test_database#election#election.csv,Party,test_database#election#party.csv,Party_ID
test_database#election#election.csv,District,test_database#election#county.csv,County_Id
test_database#election_representative#election.csv,Representative_ID,test_database#election_representative#representative.csv,Representative_ID
test_database#employee_hire_evaluation#hiring.csv,Shop_ID,test_database#employee_hire_evaluation#shop.csv,Shop_ID
test_database#employee_hire_evaluation#hiring.csv,Employee_ID,test_database#employee_hire_evaluation#employee.csv,Employee_ID
test_database#employee_hire_evaluation#evaluation.csv,Employee_ID,test_database#employee_hire_evaluation#employee.csv,Employee_ID
test_database#entertainment_awards#nomination.csv,Artwork_ID,test_database#entertainment_awards#artwork.csv,Artwork_ID
test_database#entertainment_awards#nomination.csv,Festival_ID,test_database#entertainment_awards#festival_detail.csv,Festival_ID
test_database#entrepreneur#entrepreneur.csv,People_ID,test_database#entrepreneur#people.csv,People_ID
test_database#farm#farm_competition.csv,Host_city_ID,test_database#farm#city.csv,City_ID
test_database#farm#competition_record.csv,Competition_ID,test_database#farm#farm_competition.csv,Competition_ID
test_database#farm#competition_record.csv,Farm_ID,test_database#farm#farm.csv,Farm_ID
test_database#film_rank#film_market_estimation.csv,Film_ID,test_database#film_rank#film.csv,Film_ID
test_database#film_rank#film_market_estimation.csv,Market_ID,test_database#film_rank#market.csv,Market_ID
test_database#flight_1#flight.csv,aid,test_database#flight_1#aircraft.csv,aid
test_database#flight_1#certificate.csv,eid,test_database#flight_1#employee.csv,eid
test_database#flight_1#certificate.csv,aid,test_database#flight_1#aircraft.csv,aid
test_database#flight_2#flights.csv,SourceAirport,test_database#flight_2#airports.csv,AirportCode
test_database#flight_2#flights.csv,DestAirport,test_database#flight_2#airports.csv,AirportCode
test_database#flight_company#flight.csv,airport_id,test_database#flight_company#airport.csv,id
test_database#flight_company#flight.csv,company_id,test_database#flight_company#operate_company.csv,id
test_database#formula_1#races.csv,circuitId,test_database#formula_1#circuits.csv,circuitId
test_database#formula_1#constructorStandings.csv,constructorId,test_database#formula_1#constructors.csv,constructorId
test_database#formula_1#constructorStandings.csv,raceId,test_database#formula_1#races.csv,raceId
test_database#formula_1#results.csv,constructorId,test_database#formula_1#constructors.csv,constructorId
test_database#formula_1#results.csv,raceId,test_database#formula_1#races.csv,raceId
test_database#formula_1#results.csv,driverId,test_database#formula_1#drivers.csv,driverId
test_database#formula_1#driverStandings.csv,raceId,test_database#formula_1#races.csv,raceId
test_database#formula_1#driverStandings.csv,driverId,test_database#formula_1#drivers.csv,driverId
test_database#formula_1#constructorResults.csv,constructorId,test_database#formula_1#constructors.csv,constructorId
test_database#formula_1#constructorResults.csv,raceId,test_database#formula_1#races.csv,raceId
test_database#formula_1#qualifying.csv,constructorId,test_database#formula_1#constructors.csv,constructorId
test_database#formula_1#qualifying.csv,raceId,test_database#formula_1#races.csv,raceId
test_database#formula_1#qualifying.csv,driverId,test_database#formula_1#drivers.csv,driverId
test_database#formula_1#pitStops.csv,raceId,test_database#formula_1#races.csv,raceId
test_database#formula_1#pitStops.csv,driverId,test_database#formula_1#drivers.csv,driverId
test_database#formula_1#lapTimes.csv,raceId,test_database#formula_1#races.csv,raceId
test_database#formula_1#lapTimes.csv,driverId,test_database#formula_1#drivers.csv,driverId
test_database#game_1#Plays_Games.csv,GameID,test_database#game_1#Video_Games.csv,GameID
test_database#game_1#Plays_Games.csv,StuID,test_database#game_1#Student.csv,StuID
test_database#game_1#SportsInfo.csv,StuID,test_database#game_1#Student.csv,StuID
test_database#game_injury#game.csv,stadium_id,test_database#game_injury#stadium.csv,id
test_database#game_injury#injury_accident.csv,game_id,test_database#game_injury#game.csv,id
test_database#gas_company#station_company.csv,Station_ID,test_database#gas_company#gas_station.csv,Station_ID
test_database#gas_company#station_company.csv,Company_ID,test_database#gas_company#company.csv,Company_ID
test_database#geo#city.csv,state_name,test_database#geo#state.csv,state_name
test_database#geo#border_info.csv,state_name,test_database#geo#state.csv,state_name
test_database#geo#border_info.csv,border,test_database#geo#state.csv,state_name
test_database#geo#highlow.csv,state_name,test_database#geo#state.csv,state_name
test_database#geo#mountain.csv,state_name,test_database#geo#state.csv,state_name
test_database#geo#river.csv,traverse,test_database#geo#state.csv,state_name
test_database#government_shift#Customers_and_Services.csv,Service_ID,test_database#government_shift#Services.csv,Service_ID
test_database#government_shift#Customers_and_Services.csv,Customer_ID,test_database#government_shift#Customers.csv,Customer_ID
test_database#government_shift#Customer_Interactions.csv,Service_ID,test_database#government_shift#Services.csv,Service_ID
test_database#government_shift#Customer_Interactions.csv,Channel_ID,test_database#government_shift#Channels.csv,Channel_ID
test_database#government_shift#Customer_Interactions.csv,Customer_ID,test_database#government_shift#Customers.csv,Customer_ID
test_database#government_shift#Integration_Platform.csv,Customer_Interaction_ID,test_database#government_shift#Customer_Interactions.csv,Customer_Interaction_ID
test_database#government_shift#Analytical_Layer.csv,Customers_and_Services_ID,test_database#government_shift#Customers_and_Services.csv,Customers_and_Services_ID
test_database#gymnast#gymnast.csv,Gymnast_ID,test_database#gymnast#people.csv,People_ID
test_database#headphone_store#stock.csv,Store_ID,test_database#headphone_store#store.csv,Store_ID
test_database#headphone_store#stock.csv,Headphone_ID,test_database#headphone_store#headphone.csv,Headphone_ID
test_database#hospital_1#Department.csv,Head,test_database#hospital_1#Physician.csv,EmployeeID
test_database#hospital_1#Affiliated_With.csv,Physician,test_database#hospital_1#Physician.csv,EmployeeID
test_database#hospital_1#Affiliated_With.csv,Department,test_database#hospital_1#Department.csv,DepartmentID
test_database#hospital_1#Trained_In.csv,Physician,test_database#hospital_1#Physician.csv,EmployeeID
test_database#hospital_1#Trained_In.csv,Treatment,test_database#hospital_1#Procedures.csv,Code
test_database#hospital_1#Patient.csv,PCP,test_database#hospital_1#Physician.csv,EmployeeID
test_database#hospital_1#Appointment.csv,Patient,test_database#hospital_1#Patient.csv,SSN
test_database#hospital_1#Appointment.csv,PrepNurse,test_database#hospital_1#Nurse.csv,EmployeeID
test_database#hospital_1#Appointment.csv,Physician,test_database#hospital_1#Physician.csv,EmployeeID
test_database#hospital_1#Prescribes.csv,Physician,test_database#hospital_1#Physician.csv,EmployeeID
test_database#hospital_1#Prescribes.csv,Patient,test_database#hospital_1#Patient.csv,SSN
test_database#hospital_1#Prescribes.csv,Medication,test_database#hospital_1#Medication.csv,Code
test_database#hospital_1#Prescribes.csv,Appointment,test_database#hospital_1#Appointment.csv,AppointmentID
test_database#hospital_1#On_Call.csv,Nurse,test_database#hospital_1#Nurse.csv,EmployeeID
test_database#hospital_1#Stay.csv,Patient,test_database#hospital_1#Patient.csv,SSN
test_database#hospital_1#Stay.csv,Room,test_database#hospital_1#Room.csv,RoomNumber
test_database#hospital_1#Undergoes.csv,Patient,test_database#hospital_1#Patient.csv,SSN
test_database#hospital_1#Undergoes.csv,Procedures,test_database#hospital_1#Procedures.csv,Code
test_database#hospital_1#Undergoes.csv,Stay,test_database#hospital_1#Stay.csv,StayID
test_database#hospital_1#Undergoes.csv,Physician,test_database#hospital_1#Physician.csv,EmployeeID
test_database#hospital_1#Undergoes.csv,AssistingNurse,test_database#hospital_1#Nurse.csv,EmployeeID
test_database#hr_1#countries.csv,REGION_ID,test_database#hr_1#regions.csv,REGION_ID
test_database#hr_1#employees.csv,DEPARTMENT_ID,test_database#hr_1#departments.csv,DEPARTMENT_ID
test_database#hr_1#employees.csv,JOB_ID,test_database#hr_1#jobs.csv,JOB_ID
test_database#hr_1#job_history.csv,EMPLOYEE_ID,test_database#hr_1#employees.csv,EMPLOYEE_ID
test_database#hr_1#job_history.csv,DEPARTMENT_ID,test_database#hr_1#departments.csv,DEPARTMENT_ID
test_database#hr_1#job_history.csv,JOB_ID,test_database#hr_1#jobs.csv,JOB_ID
test_database#hr_1#locations.csv,COUNTRY_ID,test_database#hr_1#countries.csv,COUNTRY_ID
test_database#imdb#cast.csv,aid,test_database#imdb#actor.csv,aid
test_database#imdb#cast.csv,msid,test_database#imdb#copyright.csv,msid
test_database#imdb#classification.csv,gid,test_database#imdb#genre.csv,gid
test_database#imdb#classification.csv,msid,test_database#imdb#copyright.csv,msid
test_database#imdb#directed_by.csv,msid,test_database#imdb#copyright.csv,msid
test_database#imdb#directed_by.csv,did,test_database#imdb#director.csv,did
test_database#imdb#made_by.csv,msid,test_database#imdb#copyright.csv,msid
test_database#imdb#made_by.csv,pid,test_database#imdb#producer.csv,pid
test_database#imdb#tags.csv,msid,test_database#imdb#copyright.csv,msid
test_database#imdb#tags.csv,kid,test_database#imdb#keyword.csv,kid
test_database#imdb#written_by.csv,msid,test_database#imdb#copyright.csv,msid
test_database#imdb#written_by.csv,wid,test_database#imdb#writer.csv,wid
test_database#inn_1#Reservations.csv,Room,test_database#inn_1#Rooms.csv,RoomId
test_database#institution_sports#Championship.csv,Institution_ID,test_database#institution_sports#institution.csv,Institution_ID
test_database#insurance_and_eClaims#Policies.csv,Customer_ID,test_database#insurance_and_eClaims#Customers.csv,Customer_ID
test_database#insurance_and_eClaims#Claim_Headers.csv,Policy_ID,test_database#insurance_and_eClaims#Policies.csv,Policy_ID
test_database#insurance_and_eClaims#Claims_Documents.csv,Claim_ID,test_database#insurance_and_eClaims#Claim_Headers.csv,Claim_Header_ID
test_database#insurance_and_eClaims#Claims_Documents.csv,Created_by_Staff_ID,test_database#insurance_and_eClaims#Staff.csv,Staff_ID
test_database#insurance_and_eClaims#Claims_Processing.csv,Claim_ID,test_database#insurance_and_eClaims#Claim_Headers.csv,Claim_Header_ID
test_database#insurance_and_eClaims#Claims_Processing.csv,Staff_ID,test_database#insurance_and_eClaims#Staff.csv,Staff_ID
test_database#insurance_fnol#Customers_Policies.csv,Customer_ID,test_database#insurance_fnol#Customers.csv,Customer_ID
test_database#insurance_fnol#Customers_Policies.csv,Policy_ID,test_database#insurance_fnol#Available_Policies.csv,Policy_ID
test_database#insurance_fnol#First_Notification_of_Loss.csv,Service_ID,test_database#insurance_fnol#Services.csv,Service_ID
test_database#insurance_fnol#Claims.csv,FNOL_ID,test_database#insurance_fnol#First_Notification_of_Loss.csv,FNOL_ID
test_database#insurance_fnol#Settlements.csv,Claim_ID,test_database#insurance_fnol#Claims.csv,Claim_ID
test_database#insurance_policies#Customer_Policies.csv,Customer_ID,test_database#insurance_policies#Customers.csv,Customer_ID
test_database#insurance_policies#Claims.csv,Policy_ID,test_database#insurance_policies#Customer_Policies.csv,Policy_ID
test_database#insurance_policies#Settlements.csv,Claim_ID,test_database#insurance_policies#Claims.csv,Claim_ID
test_database#insurance_policies#Payments.csv,Settlement_ID,test_database#insurance_policies#Settlements.csv,Settlement_ID
test_database#journal_committee#journal_committee.csv,Editor_ID,test_database#journal_committee#editor.csv,Editor_ID
test_database#journal_committee#journal_committee.csv,Journal_ID,test_database#journal_committee#journal.csv,Journal_ID
test_database#loan_1#customer.csv,branch_ID,test_database#loan_1#bank.csv,branch_ID
test_database#loan_1#loan.csv,branch_ID,test_database#loan_1#bank.csv,branch_ID
test_database#loan_1#loan.csv,Cust_ID,test_database#loan_1#customer.csv,Cust_ID
test_database#local_govt_and_lot#Residents.csv,property_id,test_database#local_govt_and_lot#Properties.csv,property_id
test_database#local_govt_and_lot#Services.csv,organization_id,test_database#local_govt_and_lot#Organizations.csv,organization_id
test_database#local_govt_and_lot#Residents_Services.csv,service_id,test_database#local_govt_and_lot#Services.csv,service_id
test_database#local_govt_and_lot#Things.csv,organization_id,test_database#local_govt_and_lot#Organizations.csv,organization_id
test_database#local_govt_and_lot#Customer_Events.csv,thing_id,test_database#local_govt_and_lot#Things.csv,thing_id
test_database#local_govt_and_lot#Customer_Events.csv,customer_id,test_database#local_govt_and_lot#Customers.csv,customer_id
test_database#local_govt_and_lot#Customer_Event_Notes.csv,Customer_Event_ID,test_database#local_govt_and_lot#Customer_Events.csv,Customer_Event_ID
test_database#local_govt_and_lot#Timed_Status_of_Things.csv,thing_id,test_database#local_govt_and_lot#Things.csv,thing_id
test_database#local_govt_and_lot#Timed_Locations_of_Things.csv,thing_id,test_database#local_govt_and_lot#Things.csv,thing_id
test_database#local_govt_in_alabama#Events.csv,Service_ID,test_database#local_govt_in_alabama#Services.csv,Service_ID
test_database#local_govt_in_alabama#Participants_in_Events.csv,Participant_ID,test_database#local_govt_in_alabama#Participants.csv,Participant_ID
test_database#local_govt_in_alabama#Participants_in_Events.csv,Event_ID,test_database#local_govt_in_alabama#Events.csv,Event_ID
test_database#local_govt_mdm#CMI_Cross_References.csv,master_customer_id,test_database#local_govt_mdm#Customer_Master_Index.csv,master_customer_id
test_database#local_govt_mdm#Council_Tax.csv,cmi_cross_ref_id,test_database#local_govt_mdm#CMI_Cross_References.csv,cmi_cross_ref_id
test_database#local_govt_mdm#Business_Rates.csv,cmi_cross_ref_id,test_database#local_govt_mdm#CMI_Cross_References.csv,cmi_cross_ref_id
test_database#local_govt_mdm#Benefits_Overpayments.csv,cmi_cross_ref_id,test_database#local_govt_mdm#CMI_Cross_References.csv,cmi_cross_ref_id
test_database#local_govt_mdm#Parking_Fines.csv,cmi_cross_ref_id,test_database#local_govt_mdm#CMI_Cross_References.csv,cmi_cross_ref_id
test_database#local_govt_mdm#Rent_Arrears.csv,cmi_cross_ref_id,test_database#local_govt_mdm#CMI_Cross_References.csv,cmi_cross_ref_id
test_database#local_govt_mdm#Electoral_Register.csv,cmi_cross_ref_id,test_database#local_govt_mdm#CMI_Cross_References.csv,cmi_cross_ref_id
test_database#machine_repair#repair_assignment.csv,technician_id,test_database#machine_repair#technician.csv,technician_id
test_database#machine_repair#repair_assignment.csv,repair_ID,test_database#machine_repair#repair.csv,repair_ID
test_database#machine_repair#repair_assignment.csv,Machine_ID,test_database#machine_repair#machine.csv,Machine_ID
test_database#manufactory_1#Products.csv,Manufacturer,test_database#manufactory_1#Manufacturers.csv,Code
test_database#manufacturer#furniture_manufacte.csv,Manufacturer_ID,test_database#manufacturer#manufacturer.csv,Manufacturer_ID
test_database#manufacturer#furniture_manufacte.csv,Furniture_ID,test_database#manufacturer#furniture.csv,Furniture_ID
test_database#match_season#match_season.csv,Country,test_database#match_season#country.csv,Country_id
test_database#match_season#match_season.csv,Team,test_database#match_season#team.csv,Team_id
test_database#match_season#player.csv,Team,test_database#match_season#team.csv,Team_id
test_database#medicine_enzyme_interaction#medicine_enzyme_interaction.csv,enzyme_id,test_database#medicine_enzyme_interaction#enzyme.csv,id
test_database#medicine_enzyme_interaction#medicine_enzyme_interaction.csv,medicine_id,test_database#medicine_enzyme_interaction#medicine.csv,id
test_database#mountain_photos#photos.csv,camera_lens_id,test_database#mountain_photos#camera_lens.csv,id
test_database#mountain_photos#photos.csv,mountain_id,test_database#mountain_photos#mountain.csv,id
test_database#movie_1#Rating.csv,mID,test_database#movie_1#Movie.csv,mID
test_database#movie_1#Rating.csv,rID,test_database#movie_1#Reviewer.csv,rID
test_database#movie_2#MovieTheaters.csv,Movie,test_database#movie_2#Movies.csv,Code
test_database#museum_visit#visit.csv,Museum_ID,test_database#museum_visit#museum.csv,Museum_ID
test_database#museum_visit#visit.csv,visitor_ID,test_database#museum_visit#visitor.csv,ID
test_database#music_1#artist.csv,preferred_genre,test_database#music_1#genre.csv,g_name
test_database#music_1#files.csv,artist_name,test_database#music_1#artist.csv,artist_name
test_database#music_1#song.csv,artist_name,test_database#music_1#artist.csv,artist_name
test_database#music_1#song.csv,f_id,test_database#music_1#files.csv,f_id
test_database#music_1#song.csv,genre_is,test_database#music_1#genre.csv,g_name
test_database#music_2#Instruments.csv,SongId,test_database#music_2#Songs.csv,SongId
test_database#music_2#Instruments.csv,BandmateId,test_database#music_2#Band.csv,Id
test_database#music_2#Performance.csv,SongId,test_database#music_2#Songs.csv,SongId
test_database#music_2#Performance.csv,Bandmate,test_database#music_2#Band.csv,Id
test_database#music_2#Tracklists.csv,SongId,test_database#music_2#Songs.csv,SongId
test_database#music_2#Tracklists.csv,AlbumId,test_database#music_2#Albums.csv,AId
test_database#music_2#Vocals.csv,SongId,test_database#music_2#Songs.csv,SongId
test_database#music_2#Vocals.csv,Bandmate,test_database#music_2#Band.csv,Id
test_database#music_4#volume.csv,Artist_ID,test_database#music_4#artist.csv,Artist_ID
test_database#music_4#music_festival.csv,Volume,test_database#music_4#volume.csv,Volume_ID
test_database#musical#actor.csv,Musical_ID,test_database#musical#actor.csv,Actor_ID
test_database#network_1#Friend.csv,student_id,test_database#network_1#Highschooler.csv,ID
test_database#network_1#Friend.csv,friend_id,test_database#network_1#Highschooler.csv,ID
test_database#network_1#Likes.csv,liked_id,test_database#network_1#Highschooler.csv,ID
test_database#network_1#Likes.csv,student_id,test_database#network_1#Highschooler.csv,ID
test_database#network_2#PersonFriend.csv,name,test_database#network_2#Person.csv,name
test_database#network_2#PersonFriend.csv,friend,test_database#network_2#Person.csv,name
test_database#news_report#news_report.csv,journalist_ID,test_database#news_report#journalist.csv,journalist_ID
test_database#news_report#news_report.csv,Event_ID,test_database#news_report#event.csv,Event_ID
test_database#online_exams#Questions_in_Exams.csv,Question_ID,test_database#online_exams#Questions.csv,Question_ID
test_database#online_exams#Questions_in_Exams.csv,Exam_ID,test_database#online_exams#Exams.csv,Exam_ID
test_database#online_exams#Valid_Answers.csv,Question_ID,test_database#online_exams#Questions.csv,Question_ID
test_database#online_exams#Student_Answers.csv,Student_ID,test_database#online_exams#Students.csv,Student_ID
test_database#online_exams#Student_Assessments.csv,Valid_Answer_ID,test_database#online_exams#Valid_Answers.csv,Valid_Answer_ID
test_database#orchestra#orchestra.csv,Conductor_ID,test_database#orchestra#conductor.csv,Conductor_ID
test_database#orchestra#performance.csv,Orchestra_ID,test_database#orchestra#orchestra.csv,Orchestra_ID
test_database#orchestra#show.csv,Performance_ID,test_database#orchestra#performance.csv,Performance_ID
test_database#party_host#party_host.csv,Host_ID,test_database#party_host#host.csv,Host_ID
test_database#party_host#party_host.csv,Party_ID,test_database#party_host#party.csv,Party_ID
test_database#party_people#party.csv,Region_ID,test_database#party_people#region.csv,Region_ID
test_database#party_people#member.csv,Party_ID,test_database#party_people#party.csv,Party_ID
test_database#party_people#party_events.csv,Party_ID,test_database#party_people#party.csv,Party_ID
test_database#party_people#party_events.csv,Member_in_charge_ID,test_database#party_people#member.csv,Member_ID
test_database#performance_attendance#member_attendance.csv,Member_ID,test_database#performance_attendance#member.csv,Member_ID
test_database#performance_attendance#member_attendance.csv,Performance_ID,test_database#performance_attendance#performance.csv,Performance_ID
test_database#perpetrator#perpetrator.csv,People_ID,test_database#perpetrator#people.csv,People_ID
test_database#pets_1#Has_Pet.csv,PetID,test_database#pets_1#Pets.csv,PetID
test_database#pets_1#Has_Pet.csv,StuID,test_database#pets_1#Student.csv,StuID
test_database#phone_1#phone.csv,screen_mode,test_database#phone_1#screen_mode.csv,Graphics_mode
test_database#phone_1#phone.csv,chip_model,test_database#phone_1#chip_model.csv,Model_name
test_database#phone_market#phone_market.csv,Market_ID,test_database#phone_market#market.csv,Market_ID
test_database#phone_market#phone_market.csv,Phone_ID,test_database#phone_market#phone.csv,Phone_ID
test_database#pilot_1#PilotSkills.csv,plane_name,test_database#pilot_1#Hangar.csv,plane_name
test_database#pilot_record#pilot_record.csv,Pilot_ID,test_database#pilot_record#pilot.csv,Pilot_ID
test_database#pilot_record#pilot_record.csv,Aircraft_ID,test_database#pilot_record#aircraft.csv,Aircraft_ID
test_database#planet_1#Shipment.csv,Manager,test_database#planet_1#Employee.csv,EmployeeID
test_database#planet_1#Shipment.csv,Planet,test_database#planet_1#Planet.csv,PlanetID
test_database#planet_1#Has_Clearance.csv,Employee,test_database#planet_1#Employee.csv,EmployeeID
test_database#planet_1#Has_Clearance.csv,Planet,test_database#planet_1#Planet.csv,PlanetID
test_database#planet_1#Package.csv,Shipment,test_database#planet_1#Shipment.csv,ShipmentID
test_database#planet_1#Package.csv,Sender,test_database#planet_1#Client.csv,AccountNumber
test_database#planet_1#Package.csv,Recipient,test_database#planet_1#Client.csv,AccountNumber
test_database#poker_player#poker_player.csv,People_ID,test_database#poker_player#people.csv,People_ID
test_database#product_catalog#Catalog_Structure.csv,catalog_id,test_database#product_catalog#Catalogs.csv,catalog_id
test_database#product_catalog#Catalog_Contents.csv,catalog_level_number,test_database#product_catalog#Catalog_Structure.csv,catalog_level_number
test_database#product_catalog#Catalog_Contents_Additional_Attributes.csv,catalog_entry_id,test_database#product_catalog#Catalog_Contents.csv,catalog_entry_id
test_database#product_catalog#Catalog_Contents_Additional_Attributes.csv,catalog_level_number,test_database#product_catalog#Catalog_Structure.csv,catalog_level_number
test_database#products_for_hire#Customers.csv,coupon_id,test_database#products_for_hire#Discount_Coupons.csv,coupon_id
test_database#products_for_hire#Bookings.csv,customer_id,test_database#products_for_hire#Customers.csv,customer_id
test_database#products_for_hire#Payments.csv,booking_id,test_database#products_for_hire#Bookings.csv,booking_id
test_database#products_for_hire#Payments.csv,customer_id,test_database#products_for_hire#Customers.csv,customer_id
test_database#products_for_hire#Products_Booked.csv,booking_id,test_database#products_for_hire#Bookings.csv,booking_id
test_database#products_for_hire#Products_Booked.csv,product_id,test_database#products_for_hire#Products_for_Hire.csv,product_id
test_database#products_for_hire#View_Product_Availability.csv,booking_id,test_database#products_for_hire#Bookings.csv,booking_id
test_database#products_for_hire#View_Product_Availability.csv,product_id,test_database#products_for_hire#Products_for_Hire.csv,product_id
test_database#products_gen_characteristics#Characteristics.csv,characteristic_type_code,test_database#products_gen_characteristics#Ref_Characteristic_Types.csv,characteristic_type_code
test_database#products_gen_characteristics#Products.csv,product_category_code,test_database#products_gen_characteristics#Ref_Product_Categories.csv,product_category_code
test_database#products_gen_characteristics#Product_Characteristics.csv,characteristic_id,test_database#products_gen_characteristics#Characteristics.csv,characteristic_id
test_database#products_gen_characteristics#Product_Characteristics.csv,product_id,test_database#products_gen_characteristics#Products.csv,product_id
test_database#program_share#broadcast.csv,Channel_ID,test_database#program_share#channel.csv,Channel_ID
test_database#program_share#broadcast.csv,Program_ID,test_database#program_share#program.csv,Program_ID
test_database#program_share#broadcast_share.csv,Channel_ID,test_database#program_share#channel.csv,Channel_ID
test_database#program_share#broadcast_share.csv,Program_ID,test_database#program_share#program.csv,Program_ID
test_database#protein_institute#protein.csv,Institution_id,test_database#protein_institute#Institution.csv,Institution_id
test_database#race_track#race.csv,Track_ID,test_database#race_track#track.csv,Track_ID
test_database#railway#train.csv,Railway_ID,test_database#railway#railway.csv,Railway_ID
test_database#railway#railway_manage.csv,Manager_ID,test_database#railway#manager.csv,Manager_ID
test_database#railway#railway_manage.csv,Railway_ID,test_database#railway#railway.csv,Railway_ID
test_database#real_estate_properties#Other_Available_Features.csv,feature_type_code,test_database#real_estate_properties#Ref_Feature_Types.csv,feature_type_code
test_database#real_estate_properties#Properties.csv,property_type_code,test_database#real_estate_properties#Ref_Property_Types.csv,property_type_code
test_database#real_estate_properties#Other_Property_Features.csv,feature_id,test_database#real_estate_properties#Other_Available_Features.csv,feature_id
test_database#real_estate_properties#Other_Property_Features.csv,property_id,test_database#real_estate_properties#Properties.csv,property_id
test_database#real_estate_rentals#Properties.csv,owner_user_id,test_database#real_estate_rentals#Users.csv,user_id
test_database#real_estate_rentals#Properties.csv,property_address_id,test_database#real_estate_rentals#Addresses.csv,address_id
test_database#real_estate_rentals#Properties.csv,property_type_code,test_database#real_estate_rentals#Ref_Property_Types.csv,property_type_code
test_database#real_estate_rentals#Property_Features.csv,feature_id,test_database#real_estate_rentals#Features.csv,feature_id
test_database#real_estate_rentals#Property_Features.csv,property_id,test_database#real_estate_rentals#Properties.csv,property_id
test_database#real_estate_rentals#Property_Photos.csv,property_id,test_database#real_estate_rentals#Properties.csv,property_id
test_database#real_estate_rentals#Rooms.csv,property_id,test_database#real_estate_rentals#Properties.csv,property_id
test_database#real_estate_rentals#Rooms.csv,room_type_code,test_database#real_estate_rentals#Ref_Room_Types.csv,room_type_code
test_database#real_estate_rentals#User_Property_History.csv,user_id,test_database#real_estate_rentals#Users.csv,user_id
test_database#real_estate_rentals#User_Property_History.csv,property_id,test_database#real_estate_rentals#Properties.csv,property_id
test_database#real_estate_rentals#User_Searches.csv,user_id,test_database#real_estate_rentals#Users.csv,user_id
test_database#region_building#building.csv,Region_ID,test_database#region_building#region.csv,Region_ID
test_database#restaurant_1#Type_Of_Restaurant.csv,ResID,test_database#restaurant_1#Restaurant.csv,ResID
test_database#restaurant_1#Type_Of_Restaurant.csv,ResTypeID,test_database#restaurant_1#Restaurant_Type.csv,ResTypeID
test_database#restaurant_1#Visits_Restaurant.csv,StuID,test_database#restaurant_1#Student.csv,StuID
test_database#restaurant_1#Visits_Restaurant.csv,ResID,test_database#restaurant_1#Restaurant.csv,ResID
test_database#restaurant_bills#customer_order.csv,Customer_ID,test_database#restaurant_bills#customer.csv,Customer_ID
test_database#restaurant_bills#customer_order.csv,Branch_ID,test_database#restaurant_bills#branch.csv,Branch_ID
test_database#restaurants#RESTAURANT.csv,CITY_NAME,test_database#restaurants#GEOGRAPHIC.csv,CITY_NAME
test_database#restaurants#LOCATION.csv,CITY_NAME,test_database#restaurants#GEOGRAPHIC.csv,CITY_NAME
test_database#restaurants#LOCATION.csv,RESTAURANT_ID,test_database#restaurants#RESTAURANT.csv,RESTAURANT_ID
test_database#riding_club#coach.csv,Club_ID,test_database#riding_club#club.csv,Club_ID
test_database#riding_club#player_coach.csv,Player_ID,test_database#riding_club#player.csv,Player_ID
test_database#riding_club#player_coach.csv,Coach_ID,test_database#riding_club#coach.csv,Coach_ID
test_database#riding_club#match_result.csv,Club_ID,test_database#riding_club#club.csv,Club_ID
test_database#roller_coaster#roller_coaster.csv,Country_ID,test_database#roller_coaster#country.csv,Country_ID
test_database#sakila_1#address.csv,city_id,test_database#sakila_1#city.csv,city_id
test_database#sakila_1#city.csv,country_id,test_database#sakila_1#country.csv,country_id
test_database#sakila_1#customer.csv,address_id,test_database#sakila_1#address.csv,address_id
test_database#sakila_1#customer.csv,store_id,test_database#sakila_1#store.csv,store_id
test_database#sakila_1#film.csv,language_id,test_database#sakila_1#language.csv,language_id
test_database#sakila_1#film.csv,original_language_id,test_database#sakila_1#language.csv,language_id
test_database#sakila_1#film_actor.csv,actor_id,test_database#sakila_1#actor.csv,actor_id
test_database#sakila_1#film_actor.csv,film_id,test_database#sakila_1#film.csv,film_id
test_database#sakila_1#film_category.csv,film_id,test_database#sakila_1#film.csv,film_id
test_database#sakila_1#film_category.csv,category_id,test_database#sakila_1#category.csv,category_id
test_database#sakila_1#inventory.csv,store_id,test_database#sakila_1#store.csv,store_id
test_database#sakila_1#inventory.csv,film_id,test_database#sakila_1#film.csv,film_id
test_database#sakila_1#payment.csv,rental_id,test_database#sakila_1#rental.csv,rental_id
test_database#sakila_1#payment.csv,customer_id,test_database#sakila_1#customer.csv,customer_id
test_database#sakila_1#payment.csv,staff_id,test_database#sakila_1#staff.csv,staff_id
test_database#sakila_1#rental.csv,staff_id,test_database#sakila_1#staff.csv,staff_id
test_database#sakila_1#rental.csv,inventory_id,test_database#sakila_1#inventory.csv,inventory_id
test_database#sakila_1#rental.csv,customer_id,test_database#sakila_1#customer.csv,customer_id
test_database#sakila_1#staff.csv,store_id,test_database#sakila_1#store.csv,store_id
test_database#sakila_1#staff.csv,address_id,test_database#sakila_1#address.csv,address_id
test_database#sakila_1#store.csv,manager_staff_id,test_database#sakila_1#staff.csv,staff_id
test_database#sakila_1#store.csv,address_id,test_database#sakila_1#address.csv,address_id
test_database#scholar#paper.csv,journalId,test_database#scholar#journal.csv,journalId
test_database#scholar#paper.csv,venueId,test_database#scholar#venue.csv,venueId
test_database#scholar#cite.csv,citedpaperId,test_database#scholar#paper.csv,paperId
test_database#scholar#cite.csv,citingpaperId,test_database#scholar#paper.csv,paperId
test_database#scholar#paperKeyphrase.csv,paperId,test_database#scholar#paper.csv,paperId
test_database#scholar#paperKeyphrase.csv,keyphraseId,test_database#scholar#keyphrase.csv,keyphraseId
test_database#scholar#writes.csv,paperId,test_database#scholar#paper.csv,paperId
test_database#scholar#writes.csv,authorId,test_database#scholar#author.csv,authorId
test_database#school_bus#school_bus.csv,School_ID,test_database#school_bus#school.csv,School_ID
test_database#school_bus#school_bus.csv,Driver_ID,test_database#school_bus#driver.csv,Driver_ID
test_database#school_finance#budget.csv,School_id,test_database#school_finance#School.csv,School_id
test_database#school_finance#endowment.csv,School_id,test_database#school_finance#School.csv,School_id
test_database#school_player#school_details.csv,School_ID,test_database#school_player#school.csv,School_ID
test_database#school_player#school_performance.csv,School_ID,test_database#school_player#school.csv,School_ID
test_database#school_player#player.csv,School_ID,test_database#school_player#school.csv,School_ID
test_database#scientist_1#AssignedTo.csv,Scientist,test_database#scientist_1#Scientists.csv,SSN
test_database#scientist_1#AssignedTo.csv,Project,test_database#scientist_1#Projects.csv,Code
test_database#ship_1#captain.csv,Ship_ID,test_database#ship_1#Ship.csv,Ship_ID
test_database#ship_mission#mission.csv,Ship_ID,test_database#ship_mission#ship.csv,Ship_ID
test_database#shop_membership#membership_register_branch.csv,Member_ID,test_database#shop_membership#member.csv,Member_ID
test_database#shop_membership#membership_register_branch.csv,Branch_ID,test_database#shop_membership#branch.csv,Branch_ID
test_database#shop_membership#purchase.csv,Member_ID,test_database#shop_membership#member.csv,Member_ID
test_database#shop_membership#purchase.csv,Branch_ID,test_database#shop_membership#branch.csv,Branch_ID
test_database#sing_contest#performance_score.csv,participant_id,test_database#sing_contest#participants.csv,id
test_database#sing_contest#performance_score.csv,songs_id,test_database#sing_contest#songs.csv,id
test_database#singer#song.csv,Singer_ID,test_database#singer#singer.csv,Singer_ID
test_database#soccer_1#Player_Attributes.csv,player_fifa_api_id,test_database#soccer_1#Player.csv,player_fifa_api_id
test_database#soccer_1#Player_Attributes.csv,player_api_id,test_database#soccer_1#Player.csv,player_api_id
test_database#soccer_1#Match.csv,country_id,test_database#soccer_1#Country.csv,id
test_database#soccer_1#Match.csv,league_id,test_database#soccer_1#League.csv,id
test_database#soccer_1#Match.csv,home_team_api_id,test_database#soccer_1#Team.csv,team_api_id
test_database#soccer_1#Match.csv,away_team_api_id,test_database#soccer_1#Team.csv,team_api_id
test_database#soccer_1#Match.csv,home_player_1,test_database#soccer_1#Player.csv,player_api_id
test_database#soccer_1#Match.csv,home_player_2,test_database#soccer_1#Player.csv,player_api_id
test_database#soccer_1#Match.csv,home_player_3,test_database#soccer_1#Player.csv,player_api_id
test_database#soccer_1#Match.csv,home_player_4,test_database#soccer_1#Player.csv,player_api_id
test_database#soccer_1#Match.csv,home_player_5,test_database#soccer_1#Player.csv,player_api_id
test_database#soccer_1#Match.csv,home_player_6,test_database#soccer_1#Player.csv,player_api_id
test_database#soccer_1#Match.csv,home_player_7,test_database#soccer_1#Player.csv,player_api_id
test_database#soccer_1#Match.csv,home_player_8,test_database#soccer_1#Player.csv,player_api_id
test_database#soccer_1#Match.csv,home_player_9,test_database#soccer_1#Player.csv,player_api_id
test_database#soccer_1#Match.csv,home_player_10,test_database#soccer_1#Player.csv,player_api_id
test_database#soccer_1#Match.csv,home_player_11,test_database#soccer_1#Player.csv,player_api_id
test_database#soccer_1#Match.csv,away_player_1,test_database#soccer_1#Player.csv,player_api_id
test_database#soccer_1#Match.csv,away_player_2,test_database#soccer_1#Player.csv,player_api_id
test_database#soccer_1#Match.csv,away_player_3,test_database#soccer_1#Player.csv,player_api_id
test_database#soccer_1#Match.csv,away_player_4,test_database#soccer_1#Player.csv,player_api_id
test_database#soccer_1#Match.csv,away_player_5,test_database#soccer_1#Player.csv,player_api_id
test_database#soccer_1#Match.csv,away_player_6,test_database#soccer_1#Player.csv,player_api_id
test_database#soccer_1#Match.csv,away_player_7,test_database#soccer_1#Player.csv,player_api_id
test_database#soccer_1#Match.csv,away_player_8,test_database#soccer_1#Player.csv,player_api_id
test_database#soccer_1#Match.csv,away_player_9,test_database#soccer_1#Player.csv,player_api_id
test_database#soccer_1#Match.csv,away_player_10,test_database#soccer_1#Player.csv,player_api_id
test_database#soccer_1#Match.csv,away_player_11,test_database#soccer_1#Player.csv,player_api_id
test_database#soccer_1#League.csv,country_id,test_database#soccer_1#Country.csv,id
test_database#soccer_1#Team_Attributes.csv,team_fifa_api_id,test_database#soccer_1#Team.csv,team_fifa_api_id
test_database#soccer_1#Team_Attributes.csv,team_api_id,test_database#soccer_1#Team.csv,team_api_id
test_database#soccer_2#Tryout.csv,pID,test_database#soccer_2#Player.csv,pID
test_database#soccer_2#Tryout.csv,cName,test_database#soccer_2#College.csv,cName
test_database#soccer_3#player.csv,Club_ID,test_database#soccer_3#club.csv,Club_ID
test_database#solvency_ii#Events.csv,Location_ID,test_database#solvency_ii#Locations.csv,Location_ID
test_database#solvency_ii#Events.csv,Address_ID,test_database#solvency_ii#Addresses.csv,Address_ID
test_database#solvency_ii#Events.csv,Finance_ID,test_database#solvency_ii#Finances.csv,Finance_ID
test_database#solvency_ii#Products_in_Events.csv,Event_ID,test_database#solvency_ii#Events.csv,Event_ID
test_database#solvency_ii#Products_in_Events.csv,Product_ID,test_database#solvency_ii#Products.csv,Product_ID
test_database#solvency_ii#Parties_in_Events.csv,Party_ID,test_database#solvency_ii#Parties.csv,Party_ID
test_database#solvency_ii#Parties_in_Events.csv,Event_ID,test_database#solvency_ii#Events.csv,Event_ID
test_database#solvency_ii#Agreements.csv,Event_ID,test_database#solvency_ii#Events.csv,Event_ID
test_database#solvency_ii#Assets_in_Events.csv,Event_ID,test_database#solvency_ii#Events.csv,Event_ID
test_database#solvency_ii#Assets_in_Events.csv,Event_ID,test_database#solvency_ii#Events.csv,Event_ID
test_database#sports_competition#club_rank.csv,Club_ID,test_database#sports_competition#club.csv,Club_ID
test_database#sports_competition#player.csv,Club_ID,test_database#sports_competition#club.csv,Club_ID
test_database#sports_competition#competition_result.csv,Club_ID_1,test_database#sports_competition#club.csv,Club_ID
test_database#sports_competition#competition_result.csv,Club_ID_2,test_database#sports_competition#club.csv,Club_ID
test_database#sports_competition#competition_result.csv,Competition_ID,test_database#sports_competition#competition.csv,Competition_ID
test_database#station_weather#route.csv,train_id,test_database#station_weather#train.csv,id
test_database#station_weather#route.csv,station_id,test_database#station_weather#station.csv,id
test_database#station_weather#weekly_weather.csv,station_id,test_database#station_weather#station.csv,id
test_database#store_1#albums.csv,artist_id,test_database#store_1#artists.csv,id
test_database#store_1#employees.csv,reports_to,test_database#store_1#employees.csv,id
test_database#store_1#customers.csv,support_rep_id,test_database#store_1#employees.csv,id
test_database#store_1#invoices.csv,customer_id,test_database#store_1#customers.csv,id
test_database#store_1#tracks.csv,album_id,test_database#store_1#albums.csv,id
test_database#store_1#tracks.csv,genre_id,test_database#store_1#genres.csv,id
test_database#store_1#tracks.csv,media_type_id,test_database#store_1#media_types.csv,id
test_database#store_1#invoice_lines.csv,invoice_id,test_database#store_1#invoices.csv,id
test_database#store_1#invoice_lines.csv,track_id,test_database#store_1#tracks.csv,id
test_database#store_1#playlist_tracks.csv,playlist_id,test_database#store_1#playlists.csv,id
test_database#store_1#playlist_tracks.csv,track_id,test_database#store_1#tracks.csv,id
test_database#store_product#store_product.csv,Store_ID,test_database#store_product#store.csv,Store_ID
test_database#store_product#store_product.csv,Product_ID,test_database#store_product#product.csv,Product_ID
test_database#store_product#store_district.csv,Store_ID,test_database#store_product#store.csv,Store_ID
test_database#store_product#store_district.csv,District_ID,test_database#store_product#district.csv,District_ID
test_database#storm_record#affected_region.csv,Region_id,test_database#storm_record#region.csv,Region_id
test_database#storm_record#affected_region.csv,Storm_ID,test_database#storm_record#storm.csv,Storm_ID
test_database#student_assessment#Students.csv,student_id,test_database#student_assessment#People.csv,person_id
test_database#student_assessment#People_Addresses.csv,person_id,test_database#student_assessment#People.csv,person_id
test_database#student_assessment#People_Addresses.csv,address_id,test_database#student_assessment#Addresses.csv,address_id
test_database#student_assessment#Student_Course_Registrations.csv,student_id,test_database#student_assessment#Students.csv,student_id
test_database#student_assessment#Student_Course_Registrations.csv,course_id,test_database#student_assessment#Courses.csv,course_id
test_database#student_assessment#Candidates.csv,candidate_id,test_database#student_assessment#People.csv,person_id
test_database#student_assessment#Candidate_Assessments.csv,candidate_id,test_database#student_assessment#Candidates.csv,candidate_id
test_database#student_transcripts_tracking#Degree_Programs.csv,department_id,test_database#student_transcripts_tracking#Departments.csv,department_id
test_database#student_transcripts_tracking#Sections.csv,course_id,test_database#student_transcripts_tracking#Courses.csv,course_id
test_database#student_transcripts_tracking#Students.csv,current_address_id,test_database#student_transcripts_tracking#Addresses.csv,address_id
test_database#student_transcripts_tracking#Students.csv,permanent_address_id,test_database#student_transcripts_tracking#Addresses.csv,address_id
test_database#student_transcripts_tracking#Student_Enrolment.csv,degree_program_id,test_database#student_transcripts_tracking#Degree_Programs.csv,degree_program_id
test_database#student_transcripts_tracking#Student_Enrolment.csv,semester_id,test_database#student_transcripts_tracking#Semesters.csv,semester_id
test_database#student_transcripts_tracking#Student_Enrolment.csv,student_id,test_database#student_transcripts_tracking#Students.csv,student_id
test_database#student_transcripts_tracking#Student_Enrolment_Courses.csv,course_id,test_database#student_transcripts_tracking#Courses.csv,course_id
test_database#student_transcripts_tracking#Student_Enrolment_Courses.csv,student_enrolment_id,test_database#student_transcripts_tracking#Student_Enrolment.csv,student_enrolment_id
test_database#student_transcripts_tracking#Transcript_Contents.csv,student_course_id,test_database#student_transcripts_tracking#Student_Enrolment_Courses.csv,student_course_id
test_database#student_transcripts_tracking#Transcript_Contents.csv,transcript_id,test_database#student_transcripts_tracking#Transcripts.csv,transcript_id
test_database#swimming#event.csv,Stadium_ID,test_database#swimming#stadium.csv,ID
test_database#swimming#record.csv,Event_ID,test_database#swimming#event.csv,ID
test_database#swimming#record.csv,Swimmer_ID,test_database#swimming#swimmer.csv,ID
test_database#theme_gallery#exhibition.csv,Artist_ID,test_database#theme_gallery#artist.csv,Artist_ID
test_database#theme_gallery#exhibition_record.csv,Exhibition_ID,test_database#theme_gallery#exhibition.csv,Exhibition_ID
test_database#tracking_grants_for_research#Documents.csv,document_type_code,test_database#tracking_grants_for_research#Document_Types.csv,document_type_code
test_database#tracking_grants_for_research#Documents.csv,grant_id,test_database#tracking_grants_for_research#Grants.csv,grant_id
test_database#tracking_grants_for_research#Grants.csv,organisation_id,test_database#tracking_grants_for_research#Organisations.csv,organisation_id
test_database#tracking_grants_for_research#Organisations.csv,organisation_type,test_database#tracking_grants_for_research#Organisation_Types.csv,organisation_type
test_database#tracking_grants_for_research#Project_Outcomes.csv,project_id,test_database#tracking_grants_for_research#Projects.csv,project_id
test_database#tracking_grants_for_research#Project_Staff.csv,project_id,test_database#tracking_grants_for_research#Projects.csv,project_id
test_database#tracking_grants_for_research#Projects.csv,organisation_id,test_database#tracking_grants_for_research#Organisations.csv,organisation_id
test_database#tracking_grants_for_research#Research_Staff.csv,employer_organisation_id,test_database#tracking_grants_for_research#Organisations.csv,organisation_id
test_database#tracking_grants_for_research#Tasks.csv,project_id,test_database#tracking_grants_for_research#Projects.csv,project_id
test_database#tracking_orders#Orders.csv,customer_id,test_database#tracking_orders#Customers.csv,customer_id
test_database#tracking_orders#Order_Items.csv,order_id,test_database#tracking_orders#Orders.csv,order_id
test_database#tracking_orders#Order_Items.csv,product_id,test_database#tracking_orders#Products.csv,product_id
test_database#tracking_orders#Shipments.csv,order_id,test_database#tracking_orders#Orders.csv,order_id
test_database#tracking_orders#Shipments.csv,invoice_number,test_database#tracking_orders#Invoices.csv,invoice_number
test_database#tracking_orders#Shipment_Items.csv,order_item_id,test_database#tracking_orders#Order_Items.csv,order_item_id
test_database#tracking_orders#Shipment_Items.csv,shipment_id,test_database#tracking_orders#Shipments.csv,shipment_id
test_database#tracking_share_transactions#Lots.csv,investor_id,test_database#tracking_share_transactions#Investors.csv,investor_id
test_database#tracking_share_transactions#Transactions.csv,investor_id,test_database#tracking_share_transactions#Investors.csv,investor_id
test_database#tracking_share_transactions#Sales.csv,sales_transaction_id,test_database#tracking_share_transactions#Transactions.csv,transaction_id
test_database#tracking_share_transactions#Purchases.csv,purchase_transaction_id,test_database#tracking_share_transactions#Transactions.csv,transaction_id
test_database#tracking_share_transactions#Transactions_Lots.csv,lot_id,test_database#tracking_share_transactions#Lots.csv,lot_id
test_database#tracking_share_transactions#Transactions_Lots.csv,transaction_id,test_database#tracking_share_transactions#Transactions.csv,transaction_id
test_database#tracking_software_problems#Problem_Log.csv,problem_category_code,test_database#tracking_software_problems#Problem_Category_Codes.csv,problem_category_code
test_database#tracking_software_problems#Problems.csv,closure_authorised_by_staff_id,test_database#tracking_software_problems#Staff.csv,staff_id
test_database#tracking_software_problems#Problems.csv,product_id,test_database#tracking_software_problems#Product.csv,product_id
test_database#tracking_software_problems#Problems.csv,reported_by_staff_id,test_database#tracking_software_problems#Staff.csv,staff_id
test_database#train_station#train_station.csv,Train_ID,test_database#train_station#train.csv,Train_ID
test_database#train_station#train_station.csv,Station_ID,test_database#train_station#station.csv,Station_ID
test_database#tv_shows#city_channel_radio.csv,City_channel_ID,test_database#tv_shows#city_channel.csv,ID
test_database#tv_shows#city_channel_radio.csv,Radio_ID,test_database#tv_shows#radio.csv,Radio_ID
test_database#tv_shows#city_channel_tv_show.csv,City_channel_ID,test_database#tv_shows#city_channel.csv,ID
test_database#tv_shows#city_channel_tv_show.csv,tv_show_ID,test_database#tv_shows#tv_show.csv,tv_show_ID
test_database#tvshow#TV_series.csv,Channel,test_database#tvshow#TV_Channel.csv,id
test_database#tvshow#Cartoon.csv,Channel,test_database#tvshow#TV_Channel.csv,id
test_database#university_basketball#basketball_match.csv,School_ID,test_database#university_basketball#university.csv,School_ID
test_database#university_rank#overall_ranking.csv,University_ID,test_database#university_rank#university.csv,University_ID
test_database#university_rank#major_ranking.csv,University_ID,test_database#university_rank#university.csv,University_ID
test_database#university_rank#major_ranking.csv,Major_ID,test_database#university_rank#major.csv,Major_ID
test_database#vehicle_driver#vehicle_driver.csv,Driver_ID,test_database#vehicle_driver#driver.csv,Driver_ID
test_database#vehicle_driver#vehicle_driver.csv,Vehicle_ID,test_database#vehicle_driver#vehicle.csv,Vehicle_ID
test_database#vehicle_rent#Renting_history.csv,customer_id,test_database#vehicle_rent#Customers.csv,id
test_database#vehicle_rent#Renting_history.csv,vehicles_id,test_database#vehicle_rent#Vehicles.csv,id
test_database#vehicle_rent#Renting_history.csv,discount_id,test_database#vehicle_rent#Discount.csv,id
test_database#video_game#game.csv,Platform_ID,test_database#video_game#platform.csv,Platform_ID
test_database#video_game#game_player.csv,Player_ID,test_database#video_game#player.csv,Player_ID
test_database#video_game#game_player.csv,Game_ID,test_database#video_game#game.csv,Game_ID
test_database#voter_2#Voting_record.csv,StuID,test_database#voter_2#Student.csv,StuID
test_database#voter_2#Voting_record.csv,President_Vote,test_database#voter_2#Student.csv,StuID
test_database#voter_2#Voting_record.csv,Vice_President_Vote,test_database#voter_2#Student.csv,StuID
test_database#voter_2#Voting_record.csv,Secretary_Vote,test_database#voter_2#Student.csv,StuID
test_database#voter_2#Voting_record.csv,Treasurer_Vote,test_database#voter_2#Student.csv,StuID
test_database#voter_2#Voting_record.csv,Class_President_Vote,test_database#voter_2#Student.csv,StuID
test_database#voter_2#Voting_record.csv,Class_Senator_Vote,test_database#voter_2#Student.csv,StuID
test_database#warehouse_1#Boxes.csv,Warehouse,test_database#warehouse_1#Warehouses.csv,Code
test_database#wedding#wedding.csv,Church_ID,test_database#wedding#church.csv,Church_ID
test_database#wedding#wedding.csv,Male_ID,test_database#wedding#people.csv,People_ID
test_database#wedding#wedding.csv,Female_ID,test_database#wedding#people.csv,People_ID
test_database#wine_1#wine.csv,Grape,test_database#wine_1#grapes.csv,Grape
test_database#wine_1#wine.csv,Appelation,test_database#wine_1#appellations.csv,Appelation
test_database#workshop_paper#Acceptance.csv,Submission_ID,test_database#workshop_paper#submission.csv,Submission_ID
test_database#workshop_paper#Acceptance.csv,Workshop_ID,test_database#workshop_paper#workshop.csv,Workshop_ID
test_database#wrestler#Elimination.csv,Wrestler_ID,test_database#wrestler#wrestler.csv,Wrestler_ID
test_database#wta_1#matches.csv,loser_id,test_database#wta_1#players.csv,player_id
test_database#wta_1#matches.csv,winner_id,test_database#wta_1#players.csv,player_id
test_database#wta_1#qualifying_matches.csv,loser_id,test_database#wta_1#players.csv,player_id
test_database#wta_1#qualifying_matches.csv,winner_id,test_database#wta_1#players.csv,player_id
test_database#wta_1#rankings.csv,player_id,test_database#wta_1#players.csv,player_id
test_database#yelp#category.csv,business_id,test_database#yelp#business.csv,business_id
test_database#yelp#checkin.csv,business_id,test_database#yelp#business.csv,business_id
test_database#yelp#neighbourhood.csv,business_id,test_database#yelp#business.csv,business_id
test_database#yelp#review.csv,business_id,test_database#yelp#business.csv,business_id
test_database#yelp#review.csv,user_id,test_database#yelp#user.csv,user_id
test_database#yelp#tip.csv,business_id,test_database#yelp#business.csv,business_id
test_database#yelp#tip.csv,user_id,test_database#yelp#user.csv,user_id
